fighter_id,name,height_in,weight_lbs,reach_in,stance,dob,LEAK_record_raw,LEAK_record_wins,LEAK_record_losses,LEAK_record_draws,LEAK_record_nc,LEAK_slpm,LEAK_str_acc_pct,LEAK_sapm,LEAK_str_def_pct,LEAK_td_avg,LEAK_td_acc_pct,LEAK_td_def_pct,LEAK_sub_avg,reach_in_imputed,reach_imputed
001eb2ab0f30e7ea,Mark Choinski,68.0,155.0,69.0,Orthodox,1995-10-22,8-1-0,8,1,0,0,3.87,50.0,7.33,33.0,2.0,18.0,0.0,0.0,69.0,False
002ca196477ce572,Gabriel Silva,66.0,135.0,71.0,Orthodox,1994-08-26,8-2-0,8,2,0,0,1.3,34.0,3.47,45.0,1.5,25.0,38.0,0.5,71.0,False
003d82fa384ca1d0,Aalon Cruz,72.0,145.0,78.0,Switch,1989-09-20,8-4-0,8,4,0,0,7.58,39.0,8.88,58.0,0.0,0.0,0.0,0.0,78.0,False
0052de90691d4a93,Davi Ramos,66.0,155.0,70.0,Orthodox,1986-11-05,10-4-0,10,4,0,0,2.64,37.0,3.44,56.0,1.95,40.0,83.0,0.6,70.0,False
008dc37cca279def,Sean McCorkle,79.0,265.0,81.0,Orthodox,1976-07-17,17-7-0,17,7,0,0,0.85,44.0,2.48,52.0,2.12,40.0,33.0,4.2,81.0,False
008ea710276c9606,Jeff Molina,66.0,125.0,69.0,Orthodox,1997-07-17,11-2-0,11,2,0,0,7.25,48.0,5.04,55.0,0.0,0.0,66.0,0.0,69.0,False
009341ed974bad72,Jiri Prochazka,75.0,205.0,80.0,Orthodox,1992-10-14,32-6-1,32,6,1,0,5.61,55.0,5.67,45.0,0.49,60.0,68.0,0.2,80.0,False
009c4420727149ea,AJ Dobson,73.0,185.0,76.0,Orthodox,1992-01-18,7-3-0 (1 NC),7,3,0,1,4.29,46.0,5.31,46.0,1.67,75.0,65.0,0.3,76.0,False
00a3ff40c4b2cf21,Glaico Franca Moreira,72.0,155.0,77.0,Orthodox,1991-02-28,15-5-0,15,5,0,0,2.35,42.0,3.46,47.0,2.68,42.0,76.0,0.3,77.0,False
00debc804e2b1cd4,Dylan Andrews,73.0,185.0,74.0,Switch,1979-11-15,18-7-0 (1 NC),18,7,0,1,2.21,50.0,2.72,46.0,2.83,50.0,57.0,0.4,74.0,False
00e11b5c8b7bfeeb,Luke Rockhold,75.0,185.0,77.0,Southpaw,1984-10-17,16-6-0,16,6,0,0,4.1,49.0,2.68,53.0,0.7,29.0,65.0,1.0,77.0,False
010986ee359fb863,John Salter,73.0,185.0,74.0,Southpaw,1985-03-21,14-3-0,14,3,0,0,1.68,32.0,1.68,68.0,2.85,46.0,66.0,0.5,74.0,False
0112352cb32f5026,Denis Tiuliulin,73.0,185.0,77.0,Orthodox,1988-05-17,10-10-0 (1 NC),10,10,0,1,3.61,41.0,5.23,38.0,0.96,42.0,72.0,0.0,77.0,False
013da757877044a2,Joe Brammer,68.0,155.0,,Orthodox,1983-08-23,7-3-1,7,3,1,0,2.15,31.0,2.8,56.0,0.81,50.0,50.0,0.0,69.63809660827336,True
01641ba5df0c69b0,Gabriel Bonfim,73.0,170.0,72.0,Orthodox,1997-08-20,20-1-0,20,1,0,0,4.76,47.0,3.61,64.0,2.57,53.0,78.0,1.0,72.0,False
016a8d958883167c,Gina Mazany,66.0,125.0,68.0,Southpaw,1988-08-19,7-6-0,7,6,0,0,3.73,50.0,3.52,50.0,4.34,52.0,33.0,0.2,68.0,False
01784fbc27c68b14,Rachael Ostovich,63.0,125.0,62.0,Orthodox,1991-02-25,4-6-0,4,6,0,0,2.54,43.0,3.97,57.0,2.03,83.0,66.0,0.8,62.0,False
01afe0916a40c7c5,Shavkat Rakhmonov,73.0,170.0,77.0,Orthodox,1994-10-23,19-0-0,19,0,0,0,3.25,60.0,2.17,51.0,1.4,25.0,85.0,1.2,77.0,False
01b352b6a9074d5c,Chase Sherman,76.0,250.0,78.0,Orthodox,1989-11-16,16-12-0,16,12,0,0,6.04,45.0,6.65,52.0,0.09,50.0,74.0,0.0,78.0,False
01b39decaf0abf6a,Benji Radach,70.0,185.0,,Orthodox,1979-04-05,21-7-0 (1 NC),21,7,0,1,2.62,49.0,2.31,51.0,1.06,41.0,71.0,0.4,71.74879086719955,True
01c9e4013afce141,Michael Aswell Jr.,68.0,145.0,69.0,Orthodox,2000-09-27,11-5-0,11,5,0,0,7.6,42.0,7.03,52.0,0.24,25.0,55.0,0.0,69.0,False
01d2ed8c502e3828,Caros Fodor,69.0,155.0,74.0,Orthodox,1984-01-07,11-6-0,11,6,0,0,2.76,54.0,2.83,54.0,2.1,25.0,50.0,0.0,74.0,False
01daf32100ed7517,Koji Oishi,68.0,170.0,,Orthodox,1977-05-31,25-10-10,25,10,10,0,1.43,9.0,17.86,43.0,0.0,0.0,0.0,0.0,69.63809660827336,True
01f022fa494188e2,Josh Bryant,70.0,185.0,,Orthodox,1980-04-23,15-4-0,15,4,0,0,1.1,20.0,6.1,43.0,0.0,0.0,0.0,0.0,71.74879086719955,True
01fcef7e3d051722,Henry Briones,68.0,135.0,69.0,Orthodox,1980-10-22,16-8-1,16,8,1,0,3.47,42.0,4.68,53.0,0.0,0.0,52.0,0.6,69.0,False
01fed6f61ebea01f,Jay Perrin,67.0,135.0,67.0,Switch,1993-06-15,10-7-0,10,7,0,0,3.71,46.0,3.9,44.0,2.83,52.0,58.0,0.0,67.0,False
0232cabbc30a2372,Adrian Yanez,67.0,135.0,70.0,Orthodox,1993-11-29,18-6-1,18,6,1,0,5.95,41.0,5.22,56.0,0.0,0.0,76.0,0.0,70.0,False
02500fb9fd79a974,Jason Reinhardt,66.0,135.0,,Orthodox,1969-10-31,20-3-0,20,3,0,0,0.51,40.0,4.07,43.0,1.91,12.0,50.0,0.0,67.52740234934717,True
025f0b1b58fbad01,Darko Stosic,72.0,205.0,76.0,Orthodox,1992-02-09,13-4-0,13,4,0,0,2.61,45.0,4.04,58.0,3.42,50.0,83.0,0.0,76.0,False
029880cdbf5ca089,Sean Sherk,66.0,155.0,67.0,Orthodox,1973-08-05,36-4-1,36,4,1,0,2.17,35.0,2.71,55.0,4.09,46.0,56.0,0.4,67.0,False
029afd138865d20a,Rafael Alves,68.0,155.0,68.0,Orthodox,1990-11-14,20-12-0,20,12,0,0,1.85,48.0,3.3,58.0,0.29,25.0,44.0,1.5,68.0,False
029e1293e609fd74,Abubakar Nurmagomedov,71.0,170.0,72.0,Orthodox,1989-11-13,17-4-1,17,4,1,0,2.78,53.0,2.61,65.0,1.25,22.0,88.0,0.0,72.0,False
029eaff01e6bb8f0,Dustin Poirier,69.0,155.0,72.0,Southpaw,1989-01-19,30-10-0 (1 NC),30,10,0,1,5.24,50.0,4.57,52.0,1.15,35.0,64.0,1.2,72.0,False
02bb48869eb7ac8f,Rayanne dos Santos,62.0,115.0,62.0,Orthodox,1995-06-08,14-9-0,14,9,0,0,4.57,40.0,6.47,59.0,0.5,14.0,80.0,0.0,62.0,False
02d276b7d62b3472,Rudyard Moncayo,70.0,195.0,,Orthodox,1973-05-17,0-3-0,0,3,0,0,0.0,0.0,0.0,0.0,0.0,0.0,0.0,0.0,71.74879086719955,True
02e52b3a595f0786,Kevin Jordan,75.0,245.0,,Orthodox,1970-12-31,11-9-0,11,9,0,0,2.0,40.0,1.91,55.0,0.0,0.0,77.0,0.6,77.02552651451502,True
02f2a9702ba3d167,Artem Lobov,69.0,145.0,65.0,Southpaw,1986-08-11,13-15-1 (1 NC),13,15,1,1,3.52,41.0,4.82,50.0,0.39,25.0,52.0,0.0,65.0,False
02f484417a6fa69d,Uran Satybaldiev,76.0,205.0,79.0,Orthodox,1994-08-10,9-1-0,9,1,0,0,2.14,25.0,3.66,44.0,0.0,0.0,50.0,1.7,79.0,False
02f8fedc18cbd26c,Emily Ducote,62.0,115.0,63.0,Orthodox,1994-01-01,13-9-0,13,9,0,0,7.45,52.0,7.84,57.0,0.2,14.0,94.0,0.0,63.0,False
02fc8f50f56eb307,Trent Jenkins,74.0,185.0,,,,0-4-0,0,4,0,0,0.0,0.0,0.0,0.0,0.0,0.0,0.0,0.0,75.97017938505194,True
030f08370fd1c2bb,Kerry Schall,74.0,265.0,,Orthodox,1971-08-09,24-13-0 (1 NC),24,13,0,1,0.94,11.0,4.84,63.0,0.0,0.0,0.0,0.0,75.97017938505194,True
032cc3922d871c7f,Khabib Nurmagomedov,70.0,155.0,70.0,Orthodox,1988-09-20,29-0-0,29,0,0,0,4.1,48.0,1.75,65.0,5.32,48.0,84.0,0.8,70.0,False
0359313549d230a1,Pete Sell,71.0,170.0,75.0,Orthodox,1982-08-05,10-7-0,10,7,0,0,2.6,42.0,3.65,51.0,0.91,21.0,47.0,0.9,75.0,False
03688dc3c3af3ac1,Bas Rutten,73.0,205.0,,Orthodox,1965-02-24,28-4-1,28,4,1,0,5.59,61.0,2.06,79.0,0.0,0.0,0.0,0.0,74.91483225558883,True
036e96c1c12b8a59,Nick Fiore,70.0,155.0,72.0,Orthodox,1997-12-10,6-2-0,6,2,0,0,2.83,46.0,7.93,42.0,2.5,45.0,71.0,0.0,72.0,False
03c9994c5b8958ec,John Cholish,71.0,155.0,74.0,Orthodox,1983-12-17,8-3-0,8,3,0,0,2.65,49.0,2.29,73.0,1.82,31.0,78.0,0.4,74.0,False
03dee485905dbc9f,Zachary Scroggin,75.0,170.0,74.0,Orthodox,1996-03-09,7-1-0,7,1,0,0,2.4,37.0,8.8,68.0,0.0,0.0,0.0,0.0,74.0,False
03f982ca3735070c,Walt Harris,77.0,250.0,77.0,Southpaw,1983-06-10,13-10-0 (1 NC),13,10,0,1,3.05,39.0,3.33,54.0,0.29,28.0,70.0,0.1,77.0,False
040426baba8a45e8,Nate Schroeder,73.0,230.0,,,1973-06-02,11-10-0,11,10,0,0,0.0,0.0,0.0,0.0,0.0,0.0,0.0,0.0,74.91483225558883,True
040a74bb0a465c54,Arnold Allen,68.0,145.0,70.0,Southpaw,1994-01-22,21-4-0,21,4,0,0,3.52,43.0,3.15,60.0,1.24,60.0,73.0,0.3,70.0,False
045f25b3a4c08e81,Jack Marshman,72.0,185.0,73.0,Orthodox,1989-12-19,23-10-0,23,10,0,0,2.74,25.0,4.19,56.0,0.0,0.0,20.0,0.0,73.0,False
04643fd03d9159cc,Marcus Aurelio,70.0,155.0,74.0,Orthodox,1973-08-18,22-10-0,22,10,0,0,1.42,33.0,2.27,59.0,1.69,27.0,27.0,1.3,74.0,False
047a91d3d9c79b05,Collin Anglin,69.0,145.0,71.0,Orthodox,1993-02-20,8-3-0,8,3,0,0,4.59,48.0,5.54,51.0,2.28,66.0,100.0,0.0,71.0,False
04835018f90b118c,Casey O'Neill,66.0,125.0,69.0,Orthodox,1997-10-07,11-2-0,11,2,0,0,7.89,52.0,5.53,57.0,1.4,34.0,70.0,0.7,69.0,False
049d698d773eb3e1,Matt Horwich,73.0,185.0,,Orthodox,1978-10-02,30-25-1,30,25,1,0,1.11,62.0,2.16,38.0,0.33,9.0,28.0,2.7,74.91483225558883,True
04b39f4e8eb59d7c,Oluwale Bamgbose,71.0,185.0,78.0,Switch,1987-08-04,6-4-0,6,4,0,0,2.45,48.0,2.7,55.0,0.94,33.0,37.0,0.0,78.0,False
04c15b52c3cc1cab,Nate Mohr,69.0,155.0,72.0,Orthodox,1983-03-03,9-7-0,9,7,0,0,3.79,41.0,2.5,74.0,0.45,50.0,71.0,0.0,72.0,False
04c8b08b16a5b99e,Tanner Boser,74.0,205.0,75.0,Orthodox,1991-08-02,22-11-1,22,11,1,0,4.82,53.0,3.0,57.0,0.0,0.0,69.0,0.0,75.0,False
04d5718ed2661e8c,Jorge Gurgel,67.0,155.0,69.0,Orthodox,1977-01-25,14-10-0,14,10,0,0,3.37,32.0,3.62,62.0,0.81,23.0,60.0,0.5,69.0,False
04f9fe830cf13482,Gerald Strebendt,69.0,155.0,,Orthodox,1979-03-01,9-7-0,9,7,0,0,0.0,0.0,4.0,38.0,0.0,0.0,0.0,16.4,70.69344373773646,True
052ceb8976695342,Chase Gormley,75.0,265.0,,Orthodox,1983-08-11,14-6-0 (1 NC),14,6,0,1,3.6,42.0,6.03,44.0,3.12,42.0,0.0,1.0,77.02552651451502,True
05339613bf8e9808,Rob Font,68.0,135.0,71.0,Orthodox,1987-06-25,22-10-0,22,10,0,0,5.11,45.0,3.53,57.0,0.7,29.0,37.0,0.3,71.0,False
0541480fbf719d86,Houston Alexander,72.0,205.0,72.0,Orthodox,1972-03-22,17-15-1 (2 NC),17,15,1,2,3.06,54.0,3.2,52.0,1.19,57.0,33.0,0.0,72.0,False
054defd5420a551f,Rob Kimmons,70.0,185.0,73.0,Orthodox,1981-01-30,25-9-0,25,9,0,0,1.86,48.0,4.79,38.0,2.08,46.0,25.0,2.4,73.0,False
05560764359161e4,Constantinos Philippou,71.0,185.0,73.0,Orthodox,1979-11-29,13-5-0 (1 NC),13,5,0,1,2.19,35.0,2.73,54.0,0.4,42.0,65.0,0.3,73.0,False
056c493bbd76a918,Henry Cejudo,64.0,135.0,64.0,Orthodox,1987-02-09,16-6-0,16,6,0,0,3.83,47.0,3.84,57.0,1.78,29.0,72.0,0.1,64.0,False
0577808d22dfe79c,Jon Olav Einemo,78.0,253.0,,Orthodox,1975-12-10,6-3-0,6,3,0,0,2.15,52.0,3.05,52.0,1.73,55.0,43.0,0.0,80.19156790290431,True
05866d8c3a321856,Marvin Eastman,69.0,185.0,73.0,Orthodox,1971-06-08,18-15-1,18,15,1,0,2.21,35.0,3.92,42.0,1.38,33.0,81.0,0.0,73.0,False
058e4e08a1ad8aba,Dale Hartt,70.0,155.0,69.0,Orthodox,1979-04-04,6-3-0,6,3,0,0,1.14,35.0,1.55,66.0,1.22,100.0,25.0,2.5,69.0,False
0597a4528ebd1307,Chris Price,74.0,185.0,,Southpaw,1982-11-09,19-4-0,19,4,0,0,1.44,66.0,2.59,48.0,0.0,0.0,33.0,2.2,75.97017938505194,True
05b43e0ead3df345,Kailin Curran,64.0,115.0,65.0,Orthodox,1991-04-11,4-5-0,4,5,0,0,3.89,43.0,4.75,53.0,2.0,57.0,61.0,0.6,65.0,False
05fa626cb33d15b8,Andrea Lee,66.0,125.0,69.0,Orthodox,1989-02-11,13-11-0,13,11,0,0,4.62,45.0,3.91,61.0,1.65,52.0,53.0,0.6,69.0,False
0641c21bec209472,Mike Jackson,74.0,170.0,74.0,Orthodox,1985-03-22,1-2-0 (1 NC),1,2,0,1,4.49,57.0,3.73,62.0,0.71,33.0,88.0,0.0,74.0,False
064b7dc68d786254,Cain Carrizosa,68.0,155.0,,Orthodox,1986-07-22,10-3-0,10,3,0,0,2.72,42.0,5.8,51.0,0.0,0.0,14.0,0.0,69.63809660827336,True
065eb44700e641a4,Devin Powell,72.0,155.0,73.0,Orthodox,1988-03-01,9-4-0,9,4,0,0,2.88,41.0,3.67,51.0,0.0,0.0,0.0,0.6,73.0,False
06626b6287e1ae1e,Chris Padilla,69.0,155.0,74.0,Orthodox,1995-09-14,17-6-1,17,6,1,0,6.19,54.0,4.88,49.0,1.13,28.0,80.0,0.3,74.0,False
06734ca9d88dec3a,Shara Magomedov,74.0,185.0,73.0,Orthodox,1994-05-16,17-1-0,17,1,0,0,5.55,62.0,3.62,45.0,0.0,0.0,73.0,0.0,73.0,False
06827d70c53ff0d9,Scott Askham,75.0,185.0,75.0,Southpaw,1988-05-20,14-4-0,14,4,0,0,3.03,46.0,3.52,52.0,0.44,18.0,65.0,0.7,75.0,False
068f8a189a47fea6,Maurice Greene,79.0,258.0,80.0,Orthodox,1986-07-05,9-7-0,9,7,0,0,3.28,45.0,3.61,45.0,0.0,0.0,27.0,0.4,80.0,False
06a80a685ea98573,Irwin Rivera,66.0,135.0,67.0,Southpaw,1989-02-14,10-6-0,10,6,0,0,3.36,44.0,5.07,57.0,1.0,16.0,70.0,0.0,67.0,False
06e4245d16fc5315,Ailin Perez,65.0,135.0,66.0,Switch,1994-10-05,13-2-0,13,2,0,0,2.88,56.0,1.58,56.0,4.9,49.0,72.0,0.2,66.0,False
06f0ffa6446c5b6d,Branden Lee Hinkle,75.0,235.0,,Orthodox,1973-07-29,17-11-0 (1 NC),17,11,0,1,2.61,69.0,3.91,26.0,4.34,57.0,66.0,4.3,77.02552651451502,True
06f36cf4bd97ec77,Ed Herman,73.0,205.0,77.0,Orthodox,1980-10-02,27-16-0 (1 NC),27,16,0,1,3.31,48.0,3.71,42.0,1.96,47.0,59.0,1.0,77.0,False
07047eb7d17fb0a2,Daria Zhelezniakova,69.0,135.0,68.0,Orthodox,1996-01-23,10-3-0,10,3,0,0,4.13,40.0,3.38,64.0,0.31,100.0,50.0,0.0,68.0,False
07225ba28ae309b6,Charles Oliveira,70.0,155.0,74.0,Orthodox,1989-10-17,37-11-0 (1 NC),37,11,0,1,3.23,55.0,3.05,48.0,2.29,39.0,54.0,2.6,74.0,False
072a10e85f7d4bff,Milana Dudieva,63.0,135.0,,Orthodox,1989-08-04,11-6-0,11,6,0,0,0.87,31.0,3.43,58.0,2.34,45.0,0.0,0.0,64.36136096095788,True
0749d968e932df53,Tarec Saffiedine,70.0,170.0,70.0,Switch,1986-09-06,16-7-0,16,7,0,0,4.05,47.0,3.06,62.0,0.52,36.0,84.0,0.1,70.0,False
0778f94eb5d588a5,Joey Gomez,70.0,135.0,73.0,Orthodox,1986-07-21,6-2-0,6,2,0,0,2.44,28.0,4.46,55.0,0.62,100.0,50.0,0.0,73.0,False
07797f10b9569cfc,Angel Pacheco,68.0,135.0,70.0,Orthodox,1992-01-13,7-4-0,7,4,0,0,7.58,36.0,10.56,41.0,0.33,50.0,16.0,0.0,70.0,False
077e3ace32b72be9,CJ Vergara,66.0,125.0,68.0,Orthodox,1991-06-18,12-7-1,12,7,1,0,5.02,56.0,4.69,53.0,0.0,0.0,60.0,0.2,68.0,False
078695e385ec2f57,Victor Valenzuela,69.0,170.0,71.0,Orthodox,1994-02-09,14-4-0,14,4,0,0,3.47,40.0,4.81,51.0,0.63,33.0,55.0,0.0,71.0,False
07a18ae55dfc3cd9,Paul Varelans,80.0,300.0,,Orthodox,1969-09-17,9-9-0,9,9,0,0,0.0,0.0,0.0,0.0,0.0,0.0,0.0,0.0,82.3022621618305,True
07a2bdaa0afdd831,Rogerio Bontorin,65.0,125.0,67.0,Orthodox,1992-04-25,16-4-0 (2 NC),16,4,0,2,2.63,52.0,3.27,50.0,2.9,60.0,51.0,1.0,67.0,False
07a74004d964c7f4,Billy Elekana,75.0,205.0,77.0,Southpaw,1995-05-28,10-2-0,10,2,0,0,2.71,56.0,3.59,46.0,0.85,22.0,0.0,0.8,77.0,False
07bc580bdf3eb9c8,Lance Gibson Jr.,69.0,155.0,72.0,Switch,1995-02-02,10-2-0,10,2,0,0,2.4,45.0,4.24,56.0,1.67,66.0,75.0,0.0,72.0,False
07f72a2a7591b409,Jon Jones,76.0,248.0,84.0,Orthodox,1987-07-19,28-1-0 (1 NC),28,1,0,1,4.38,58.0,2.24,64.0,1.89,45.0,95.0,0.5,84.0,False
07f959e6596307bb,Carlos Vera,66.0,135.0,69.0,Orthodox,1987-11-05,12-4-0,12,4,0,0,1.53,57.0,2.79,49.0,0.0,0.0,25.0,1.6,69.0,False
082eba4cd80f736f,Jarno Errens,71.0,145.0,73.0,Orthodox,1994-11-17,14-6-1,14,6,1,0,3.29,44.0,3.29,61.0,0.0,0.0,33.0,0.3,73.0,False
084532da3d25f3b8,Cezary Oleksiejczuk,75.0,185.0,75.0,Southpaw,2000-01-06,17-3-0,17,3,0,0,1.99,86.0,0.77,47.0,5.77,85.0,100.0,0.0,75.0,False
0845c81e37d3bcb3,Volkan Oezdemir,74.0,205.0,75.0,Orthodox,1989-09-19,21-8-0,21,8,0,0,4.99,48.0,4.19,55.0,0.5,29.0,80.0,0.1,75.0,False
0859524157a19045,Ty Miller,74.0,170.0,77.0,Orthodox,2000-06-04,7-0-0 (1 NC),7,0,0,1,7.16,38.0,4.65,64.0,0.0,0.0,75.0,0.0,77.0,False
0871254cd790c250,Tommy Hayden,69.0,145.0,,Southpaw,1986-03-11,11-3-0,11,3,0,0,1.48,27.0,2.05,55.0,3.42,33.0,66.0,0.0,70.69344373773646,True
0876d21328cf4a45,Dave Galera,71.0,135.0,,Orthodox,1978-01-12,5-1-0,5,1,0,0,1.67,69.0,0.53,33.0,0.0,0.0,14.0,2.0,72.80413799666265,True
08a7080ff5904661,Rafael Carino,80.0,245.0,,Orthodox,,2-1-1,2,1,1,0,0.0,0.0,0.0,0.0,0.0,0.0,0.0,0.0,82.3022621618305,True
08ae5cd9aef7ddd3,Kimo Leopoldo,75.0,235.0,,Orthodox,1968-01-05,10-7-1,10,7,1,0,0.76,83.0,2.12,30.0,4.55,100.0,0.0,2.3,77.02552651451502,True
08af939f41b5a57b,Beneil Dariush,70.0,155.0,72.0,Southpaw,1989-05-06,23-8-1,23,8,1,0,3.74,49.0,2.63,57.0,2.21,38.0,82.0,0.8,72.0,False
08e908ed6d18d6a0,Myles Jury,70.0,145.0,73.0,Orthodox,1988-10-31,17-4-0,17,4,0,0,2.94,42.0,2.16,66.0,2.16,55.0,50.0,0.3,73.0,False
093e1f5bb73850be,Anthony Hernandez,72.0,185.0,75.0,Orthodox,1993-10-18,15-3-0 (1 NC),15,3,0,1,4.57,60.0,3.1,51.0,5.88,48.0,68.0,1.6,75.0,False
0941df56f6ac954b,Johny Hendricks,69.0,185.0,69.0,Southpaw,1983-09-12,18-8-0,18,8,0,0,3.49,45.0,3.99,53.0,3.83,46.0,63.0,0.3,69.0,False
095854a135e6db55,Marcus Buchecha,74.0,255.0,77.0,Orthodox,1990-01-08,5-3-1,5,3,1,0,1.59,50.0,2.15,50.0,2.02,16.0,0.0,0.4,77.0,False
0978385b2bd9ef9b,Nick Aguirre,69.0,135.0,74.0,Southpaw,1996-01-15,7-2-0,7,2,0,0,0.73,33.0,2.89,45.0,1.16,20.0,33.0,0.6,74.0,False
09a4447655fd4b7b,Rafael Cerqueira,75.0,205.0,76.0,Southpaw,1990-03-15,11-4-0,11,4,0,0,1.56,43.0,5.05,36.0,0.0,0.0,36.0,0.0,76.0,False
09c44b317c98bf96,David Velasquez,65.0,145.0,,Orthodox,1966-10-19,10-10-0,10,10,0,0,0.0,0.0,0.0,0.0,0.0,0.0,0.0,0.0,66.47205521988408,True
09e62c450e754913,Jimmy Flick,67.0,125.0,68.0,Orthodox,1990-09-07,17-9-0,17,9,0,0,1.67,50.0,4.7,43.0,2.36,33.0,0.0,3.5,68.0,False
09f579be4520394a,Diego Rivas,68.0,145.0,69.0,Orthodox,1991-11-11,10-2-0,10,2,0,0,1.37,40.0,2.14,52.0,1.79,60.0,64.0,0.9,69.0,False
0a1942069c9ad6b6,Jack Hermansson,73.0,170.0,77.0,Orthodox,1988-06-10,24-10-0,24,10,0,0,5.15,45.0,3.72,56.0,1.48,29.0,80.0,0.4,77.0,False
0a73acff6325c1e2,Shayilan Nuerdanbieke,68.0,145.0,69.0,Orthodox,1994-05-04,39-12-0,39,12,0,0,1.95,45.0,2.64,50.0,3.3,35.0,28.0,0.2,69.0,False
0a95c474e61a6c44,Adam Yandiev,69.0,185.0,74.0,Orthodox,1988-08-07,9-1-0,9,1,0,0,0.18,8.0,6.14,36.0,0.0,0.0,25.0,0.0,74.0,False
0a97691039c4bbfb,Mark Hominick,68.0,145.0,68.0,Orthodox,1982-07-22,20-12-0,20,12,0,0,4.08,42.0,4.18,69.0,0.25,66.0,71.0,0.9,68.0,False
0aa92558424ced9e,Randy Couture,73.0,205.0,75.0,Orthodox,1963-06-22,19-11-0,19,11,0,0,2.85,57.0,1.53,59.0,2.78,46.0,58.0,0.5,75.0,False
0abcf6bc47191219,Bruno Lopes,74.0,205.0,74.0,Orthodox,1993-04-24,14-3-0,14,3,0,0,2.88,43.0,4.21,54.0,1.93,21.0,100.0,0.0,74.0,False
0b31f87be71ebbb1,Ben Askren,71.0,170.0,73.0,Orthodox,1984-07-18,19-2-0 (1 NC),19,2,0,1,3.64,49.0,5.66,36.0,4.33,55.0,0.0,0.9,73.0,False
0b362247806341e5,JP Buys,65.0,135.0,67.0,Orthodox,1996-04-30,9-6-0,9,6,0,0,1.88,39.0,3.02,40.0,1.55,25.0,25.0,2.3,67.0,False
0b5b6876c2a4723f,Steve Steinbeiss,75.0,185.0,75.0,Orthodox,1981-05-05,9-4-0,9,4,0,0,3.92,55.0,1.86,49.0,0.44,50.0,58.0,0.0,75.0,False
0b64d0fed453ef7f,Scott Jorgensen,65.0,135.0,66.0,Orthodox,1982-09-17,15-12-0,15,12,0,0,3.37,40.0,3.41,65.0,2.61,45.0,59.0,0.7,66.0,False
0b8d512c79b4baf3,Matt Bessette,70.0,145.0,70.0,Orthodox,1984-12-28,22-9-0 (1 NC),22,9,0,1,4.36,41.0,4.45,58.0,0.64,28.0,61.0,0.3,70.0,False
0bc697c5936a2d0a,Trevor Peek,69.0,145.0,70.0,Switch,1995-01-09,9-3-0 (1 NC),9,3,0,1,4.39,53.0,3.88,43.0,1.45,50.0,52.0,0.0,70.0,False
0bc7e61d204f2137,Fabiano Scherner,75.0,257.0,,Orthodox,1972-06-30,11-10-0 (3 NC),11,10,0,3,1.31,31.0,3.2,38.0,1.09,33.0,40.0,0.0,77.02552651451502,True
0bcfe2513cb3bc39,Tom DeBlass,72.0,185.0,,Orthodox,1982-05-14,9-2-0,9,2,0,0,1.5,35.0,4.43,37.0,1.0,50.0,28.0,0.5,73.85948512612573,True
0be6776db31d98ec,Mitch Raposo,65.0,125.0,64.0,Switch,1998-10-16,11-3-0,11,3,0,0,1.91,38.0,2.92,60.0,1.98,36.0,68.0,0.0,64.0,False
0c258d1d8e16e5f1,Kevin Natividad,66.0,135.0,70.0,Orthodox,1993-04-02,9-4-0,9,4,0,0,2.68,34.0,4.29,47.0,3.66,50.0,83.0,0.0,70.0,False
0c25d0a5e8cdbf19,Lukasz Brzeski,75.0,236.0,78.0,Orthodox,1992-05-17,9-7-1 (1 NC),9,7,1,1,4.9,50.0,3.65,54.0,0.41,33.0,35.0,0.4,78.0,False
0c5c66ddd1886b83,Caio Magalhaes,73.0,185.0,73.0,Orthodox,1987-12-14,10-3-0,10,3,0,0,2.27,40.0,2.78,56.0,1.05,15.0,58.0,1.6,73.0,False
0c670b443c3d269f,Jim Wallhead,70.0,170.0,,Orthodox,1984-03-14,29-11-0,29,11,0,0,3.19,26.0,6.65,49.0,0.0,0.0,100.0,0.0,71.74879086719955,True
0c6d9ea8306c029e,Brad Tavares,73.0,185.0,74.0,Orthodox,1987-12-21,21-13-0,21,13,0,0,3.41,43.0,3.32,54.0,0.7,26.0,80.0,0.0,74.0,False
0c9c0a43d3f3f49d,Marcelo Guimaraes,72.0,185.0,73.0,Orthodox,1983-06-25,9-2-1,9,2,1,0,4.67,51.0,4.41,62.0,1.99,13.0,0.0,0.0,73.0,False
0ccab7c889ede9ea,Fredy Serrano,63.0,125.0,65.0,Orthodox,1979-09-22,3-2-0,3,2,0,0,1.58,26.0,1.89,61.0,2.84,25.0,84.0,0.0,65.0,False
0cd0456d6029cec2,Robert Valentin,74.0,185.0,77.0,Orthodox,1995-03-31,12-6-0 (1 NC),12,6,0,1,1.3,55.0,2.72,33.0,0.59,50.0,55.0,1.8,77.0,False
0cf935519d439ba6,Enson Inoue,70.0,210.0,,Orthodox,1967-04-15,12-8-0,12,8,0,0,1.7,63.0,1.88,30.0,0.0,0.0,33.0,0.0,71.74879086719955,True
0d0351c20169a499,Jon Delos Reyes,66.0,125.0,67.0,Orthodox,1987-08-19,8-5-0,8,5,0,0,2.99,38.0,4.14,51.0,3.2,83.0,55.0,1.9,67.0,False
0d1c163b206e8c5f,Rocky Lee,69.0,145.0,,Orthodox,1987-04-08,3-2-0,3,2,0,0,2.47,51.0,5.33,44.0,1.0,10.0,33.0,0.0,70.69344373773646,True
0d506315895efffc,Sean Pierson,72.0,170.0,76.0,Southpaw,1976-03-10,14-6-0,14,6,0,0,3.84,39.0,3.73,64.0,0.39,18.0,66.0,0.4,76.0,False
0d5cc0170c1a7e71,Mick Parkin,76.0,265.0,79.0,Orthodox,1995-10-02,10-1-0,10,1,0,0,4.7,50.0,4.13,58.0,1.38,46.0,50.0,0.2,79.0,False
0d62719b1dcf7c40,Sheymon Moraes,68.0,145.0,72.0,Orthodox,1990-10-11,11-4-0,11,4,0,0,3.0,42.0,3.64,63.0,0.0,0.0,53.0,0.0,72.0,False
0d65c432720accb9,Michal Oleksiejczuk,72.0,185.0,74.0,Southpaw,1995-02-22,22-10-0 (1 NC),22,10,0,1,5.73,52.0,4.45,60.0,0.99,42.0,52.0,0.0,74.0,False
0d7b51c9d2649a6e,Dricus Du Plessis,73.0,185.0,76.0,Switch,1994-01-14,23-3-0,23,3,0,0,5.18,48.0,4.33,52.0,2.22,51.0,34.0,0.7,76.0,False
0d8011111be000b2,Sean Strickland,73.0,185.0,76.0,Orthodox,1991-02-27,31-7-0,31,7,0,0,5.98,42.0,4.53,60.0,0.66,62.0,68.0,0.1,76.0,False
0d980975001ae3d8,Shamil Gamzatov,74.0,205.0,76.0,Orthodox,1990-08-09,14-1-0,14,1,0,0,5.35,48.0,3.46,51.0,0.0,0.0,50.0,0.0,76.0,False
0db70ca89e1c7374,Dieusel Berto,69.0,200.0,,,,0-3-0,0,3,0,0,0.0,0.0,0.0,0.0,0.0,0.0,0.0,0.0,70.69344373773646,True
0dba4df5f34d5ff0,Rafael Natal,72.0,185.0,77.0,Orthodox,1982-12-25,21-9-1,21,9,1,0,3.1,47.0,2.48,57.0,2.55,34.0,77.0,0.5,77.0,False
0de720c0f1d4ab9c,Danny Chavez,68.0,145.0,67.0,Orthodox,1987-03-14,11-5-1,11,5,1,0,2.86,38.0,3.83,50.0,1.95,60.0,87.0,0.0,67.0,False
0e041d43a47d2e4b,Matt Lindland,72.0,185.0,74.0,Southpaw,1970-05-17,22-9-0,22,9,0,0,2.62,50.0,1.56,52.0,3.01,48.0,60.0,1.3,74.0,False
0e21976afc92e4d1,Magnus Cedenblad,77.0,185.0,79.0,Orthodox,1982-04-10,14-5-0,14,5,0,0,2.38,51.0,3.02,40.0,2.87,64.0,66.0,1.0,79.0,False
0e31bfd26cc8c503,Chris Liguori,69.0,185.0,,Orthodox,,15-10-0,15,10,0,0,0.29,33.0,1.44,0.0,0.0,0.0,50.0,0.0,70.69344373773646,True
0e46690e55a8df75,Timmy Cuamba,69.0,135.0,71.0,Orthodox,1999-02-08,10-4-0,10,4,0,0,2.88,42.0,3.72,55.0,1.18,31.0,71.0,0.0,71.0,False
0e5c4e72237461bb,Bruno Souza,70.0,145.0,70.0,Orthodox,1996-03-07,10-3-0,10,3,0,0,3.73,39.0,5.3,45.0,0.5,16.0,60.0,0.0,70.0,False
0e6b611451a9a7d8,Mark Vologdin,63.0,135.0,65.0,Orthodox,2000-04-18,12-4-2,12,4,2,0,6.93,47.0,10.0,40.0,0.5,14.0,57.0,0.0,65.0,False
0e9869d712e81f8f,Sam Adkins,75.0,225.0,,Orthodox,1965-04-26,7-20-2,7,20,2,0,0.0,0.0,0.0,0.0,0.0,0.0,0.0,0.0,77.02552651451502,True
0ec821423baa26bd,Scott Fiedler,76.0,235.0,,Orthodox,,0-1-0,0,1,0,0,0.0,0.0,0.0,0.0,0.0,0.0,0.0,0.0,78.08087364397812,True
0ee783aa00e468f0,Vitor Belfort,72.0,185.0,74.0,Southpaw,1977-04-01,26-14-0 (1 NC),26,14,0,1,1.59,46.0,2.83,50.0,1.02,60.0,53.0,0.6,74.0,False
0f1efce7d2571d10,Nikolay Veretennikov,73.0,170.0,74.0,Orthodox,1989-12-22,14-8-0,14,8,0,0,2.74,56.0,3.43,47.0,0.4,16.0,62.0,0.4,74.0,False
0f3a990526c5e706,Sean Sharaf,75.0,252.0,77.0,Orthodox,1993-07-11,4-2-0,4,2,0,0,7.41,43.0,15.0,42.0,0.93,11.0,0.0,0.0,77.0,False
0f6528b461e47462,Joao Roque,66.0,155.0,,Orthodox,1971-07-22,7-2-4,7,2,4,0,0.0,0.0,0.0,0.0,0.0,0.0,0.0,0.0,67.52740234934717,True
0fb1e2694a39a02f,Yuri Villefort,72.0,170.0,73.0,Orthodox,1991-03-23,10-5-0,10,5,0,0,3.18,43.0,5.42,55.0,2.0,35.0,40.0,0.3,73.0,False
0fd5f4b838e890cc,Said Nurmagomedov,68.0,135.0,70.0,Orthodox,1992-04-05,18-5-0,18,5,0,0,3.08,48.0,2.05,55.0,0.86,15.0,63.0,1.1,70.0,False
0ff11cc094e887bc,Cain Velasquez,73.0,240.0,77.0,Orthodox,1982-07-28,14-3-0,14,3,0,0,6.37,57.0,2.33,57.0,5.13,45.0,85.0,0.4,77.0,False
102a8fdf8cbf7467,Kleydson Rodrigues,65.0,135.0,67.0,Orthodox,1995-10-22,8-4-0,8,4,0,0,4.58,57.0,2.29,53.0,0.6,22.0,53.0,0.6,67.0,False
103b06d8707895a9,Emil Meek,71.0,170.0,74.0,Switch,1988-08-20,9-5-1 (1 NC),9,5,1,1,2.52,39.0,2.53,38.0,0.25,33.0,47.0,1.0,74.0,False
103e2e33a60683e1,Irina Alekseeva,68.0,135.0,67.0,Orthodox,1990-06-27,5-4-0,5,4,0,0,3.42,38.0,5.02,45.0,0.38,20.0,50.0,0.4,67.0,False
10559c53de0b950e,Joey Gambino,67.0,145.0,,Orthodox,1988-10-26,9-2-0,9,2,0,0,2.47,35.0,2.53,51.0,0.0,0.0,42.0,0.8,68.58274947881027,True
10657c60ce349e0f,Shunichi Shimizu,65.0,135.0,,Orthodox,1985-01-31,30-18-11 (1 NC),30,18,11,1,0.14,33.0,4.68,30.0,0.0,0.0,0.0,0.0,66.47205521988408,True
108afe61a26bcbf4,Igor Zinoviev,73.0,199.0,,Orthodox,1966-05-23,4-1-2,4,1,2,0,0.0,0.0,0.0,0.0,0.0,0.0,0.0,0.0,74.91483225558883,True
1091d4d957141094,Nikita Krylov,75.0,205.0,77.0,Orthodox,1992-03-07,31-12-0,31,12,0,0,4.38,54.0,2.75,48.0,2.19,38.0,53.0,1.1,77.0,False
10f3ba6cd2f44a97,Dominick Cruz,68.0,135.0,68.0,Orthodox,1985-03-09,24-4-0,24,4,0,0,3.91,33.0,2.61,70.0,2.82,42.0,83.0,0.1,68.0,False
113df4fde64735c6,Davey Grant,68.0,135.0,69.0,Orthodox,1985-12-18,18-8-0,18,8,0,0,5.58,45.0,4.04,54.0,0.95,38.0,65.0,0.2,69.0,False
11583163f45c7b31,Lucas Alexander,71.0,145.0,73.0,Orthodox,1995-07-28,8-5-0,8,5,0,0,4.69,57.0,2.87,56.0,0.0,0.0,60.0,0.0,73.0,False
117a06469813e4ef,ChangHo Lee,68.0,135.0,69.0,Orthodox,1994-05-09,11-2-0,11,2,0,0,3.88,66.0,2.13,37.0,3.2,34.0,40.0,0.3,69.0,False
11f8860028b68fcf,Aaron Rosa,76.0,205.0,77.0,Orthodox,1983-05-28,18-6-0,18,6,0,0,4.03,47.0,4.41,45.0,0.36,33.0,85.0,0.4,77.0,False
1208ffc5be6e31ad,Samy Schiavo,68.0,155.0,,Orthodox,1975-12-24,10-6-0,10,6,0,0,1.68,34.0,2.62,38.0,0.94,50.0,66.0,0.9,69.63809660827336,True
1209b5134401ca53,Mario Neto,72.0,229.0,,Orthodox,,13-5-0,13,5,0,0,1.89,50.0,1.89,70.0,2.84,100.0,0.0,0.0,73.85948512612573,True
122ac9b816d8b71c,Shana Dobson,66.0,125.0,69.0,Orthodox,1989-03-30,4-5-0,4,5,0,0,3.34,37.0,5.2,50.0,0.84,50.0,14.0,0.0,69.0,False
1235b31de15d0c6e,Montserrat Conejo Ruiz,60.0,115.0,61.0,Southpaw,1993-02-03,10-5-0,10,5,0,0,2.21,29.0,6.19,44.0,1.75,50.0,44.0,0.6,61.0,False
12458872d6afae1b,Vernon White,72.0,205.0,,Southpaw,1971-12-03,26-33-2,26,33,2,0,2.11,38.0,2.2,54.0,0.88,28.0,44.0,0.0,73.85948512612573,True
12585614e0ed2626,Nick Maximov,72.0,185.0,76.0,Southpaw,1997-12-23,8-2-0,8,2,0,0,1.93,45.0,2.64,46.0,4.16,45.0,35.0,0.2,76.0,False
1291edf2d566a71a,Julio Arce,67.0,145.0,70.0,Southpaw,1989-10-27,19-6-0,19,6,0,0,4.36,36.0,3.05,68.0,0.46,28.0,96.0,0.3,70.0,False
129537073431e52e,Garett Whiteley,72.0,155.0,72.0,Orthodox,1980-12-13,7-3-0,7,3,0,0,3.72,48.0,4.04,46.0,0.0,0.0,27.0,0.9,72.0,False
12e0fdc606f7e274,Luis Saldana,71.0,145.0,73.0,Orthodox,1991-01-27,16-7-1,16,7,1,0,5.16,50.0,3.65,60.0,0.64,17.0,44.0,0.2,73.0,False
12ebd7d157e91701,Bruno Silva,72.0,185.0,74.0,Orthodox,1989-07-13,23-13-0,23,13,0,0,3.86,48.0,5.35,41.0,0.77,22.0,74.0,0.0,74.0,False
12f1b140e248bdb9,Jerrod Sanders,68.0,135.0,72.0,Orthodox,1979-10-01,16-3-0 (1 NC),16,3,0,1,0.88,64.0,1.14,46.0,2.2,33.0,50.0,1.6,72.0,False
12f91bfa8f1f723b,Joanne Wood,66.0,125.0,65.0,Orthodox,1985-12-23,17-8-0,17,8,0,0,7.1,51.0,4.89,51.0,1.52,55.0,58.0,0.3,65.0,False
132505067f08c54d,Bubba Bush,72.0,185.0,,Orthodox,1985-07-24,8-3-0 (1 NC),8,3,0,1,0.63,55.0,7.01,25.0,2.82,50.0,60.0,0.0,73.85948512612573,True
132deb59abae64b1,Valentina Shevchenko,65.0,125.0,66.0,Southpaw,1988-03-07,26-4-1,26,4,1,0,3.04,52.0,2.0,63.0,2.65,61.0,76.0,0.3,66.0,False
132f860d02953f4c,Goran Reljic,75.0,205.0,81.0,Southpaw,1984-03-20,15-8-0,15,8,0,0,1.69,37.0,2.69,59.0,1.69,50.0,33.0,1.1,81.0,False
1338e2c7480bdf9e,Israel Adesanya,76.0,185.0,80.0,Switch,1989-07-22,24-6-0,24,6,0,0,4.03,48.0,3.22,55.0,0.05,9.0,76.0,0.1,80.0,False
135d124172a0bea3,Damir Ismagulov,70.0,155.0,74.0,Orthodox,1991-02-03,24-3-0,24,3,0,0,3.36,42.0,2.44,61.0,1.0,28.0,70.0,0.0,74.0,False
13a0275fa13c4d26,Jared Cannonier,71.0,185.0,77.0,Switch,1984-03-16,18-9-0,18,9,0,0,4.42,49.0,4.35,56.0,0.54,40.0,64.0,0.0,77.0,False
13b2f59210dda9cc,Kevin Jackson,70.0,199.0,,Switch,1964-11-25,4-2-0,4,2,0,0,0.0,0.0,0.0,0.0,0.0,0.0,0.0,0.0,71.74879086719955,True
13c4313ed0f744f3,Brad Kohler,69.0,220.0,,Orthodox,1964-05-26,12-15-0,12,15,0,0,0.0,0.0,0.0,0.0,0.0,0.0,0.0,0.0,70.69344373773646,True
13e62d766b709aa6,Steve Nelmark,72.0,240.0,,Orthodox,,2-1-0,2,1,0,0,0.0,0.0,0.0,0.0,0.0,0.0,0.0,0.0,73.85948512612573,True
140567899d98978a,Robelis Despaigne,79.0,265.0,84.0,Orthodox,1988-09-09,5-2-0,5,2,0,0,2.11,59.0,2.54,46.0,0.0,0.0,50.0,0.0,84.0,False
140745cbbcb023ac,Mauricio Rua,73.0,205.0,76.0,Orthodox,1981-11-25,27-14-1,27,14,1,0,3.57,50.0,2.79,54.0,2.01,48.0,49.0,0.7,76.0,False
1411c630ba711b64,Tommy Speer,70.0,170.0,71.0,Orthodox,1984-08-20,21-7-0,21,7,0,0,2.56,51.0,5.12,35.0,2.02,33.0,33.0,0.0,71.0,False
147e70aa6cc48cfc,Tresean Gore,72.0,185.0,75.0,Switch,1994-06-21,7-4-0,7,4,0,0,3.41,49.0,7.0,40.0,1.91,72.0,83.0,1.0,75.0,False
148bb103cfbf123e,Toshiomi Kazama,67.0,135.0,69.0,Orthodox,1997-05-15,11-5-0,11,5,0,0,1.49,53.0,4.56,38.0,1.94,16.0,66.0,1.0,69.0,False
1497e735d9f2560a,Ange Loosa,70.0,170.0,74.0,Orthodox,1993-03-18,10-5-0 (1 NC),10,5,0,1,5.46,46.0,6.59,52.0,2.53,39.0,83.0,0.2,74.0,False
14aa21bc82cac57d,Iliarde Santos,65.0,125.0,67.0,Orthodox,1980-09-25,30-13-1 (1 NC),30,13,1,1,3.0,30.0,6.1,57.0,1.66,23.0,83.0,0.0,67.0,False
14ff46596ad80609,Norman Parke,71.0,155.0,70.0,Southpaw,1986-12-22,23-6-1,23,6,1,0,3.06,35.0,2.88,64.0,1.98,26.0,77.0,0.0,70.0,False
150ff4cc642270b9,Max Holloway,71.0,155.0,69.0,Orthodox,1991-12-04,28-9-0,28,9,0,0,6.92,48.0,4.6,58.0,0.22,53.0,81.0,0.3,69.0,False
1536a25e16fc299b,Anna Elmose,63.0,115.0,,Orthodox,1984-10-06,3-2-0,3,2,0,0,3.68,49.0,4.64,56.0,0.0,0.0,33.0,0.0,64.36136096095788,True
155bfc7ed36622df,Solomon Hutcherson,71.0,185.0,,Southpaw,1972-08-31,11-7-0 (1 NC),11,7,0,1,2.59,39.0,2.59,64.0,3.53,100.0,0.0,0.0,72.80413799666265,True
1562b12763cc8d67,Alex Andrade,71.0,200.0,,Orthodox,1974-05-14,10-5-0,10,5,0,0,0.2,36.0,2.6,53.0,0.0,0.0,25.0,0.8,72.80413799666265,True
1588b787bda7b540,Tom Breese,75.0,185.0,73.0,Southpaw,1991-09-26,12-3-0,12,3,0,0,3.34,50.0,2.81,60.0,0.0,0.0,70.0,1.1,73.0,False
159da492e000afbf,Leandro Silva,69.0,155.0,72.0,Orthodox,1985-11-11,20-6-1 (1 NC),20,6,1,1,2.39,48.0,2.08,63.0,1.76,37.0,65.0,0.4,72.0,False
15b1b21cd743d652,Rafaello Oliveira,68.0,155.0,71.0,Orthodox,1982-01-26,17-8-0,17,8,0,0,2.19,33.0,3.38,59.0,2.49,36.0,11.0,1.6,71.0,False
15df64c02b6b0fde,Danny Abbadi,71.0,155.0,,Orthodox,1983-07-03,4-6-0,4,6,0,0,3.29,38.0,4.41,57.0,0.0,0.0,77.0,0.0,72.80413799666265,True
15ea371202eb25e1,Roberto Romero,68.0,145.0,70.0,Orthodox,2000-01-30,8-5-1,8,5,1,0,4.56,49.0,6.44,44.0,0.0,0.0,71.0,0.0,70.0,False
15ec018d144710db,Nathan Coy,70.0,170.0,69.0,Southpaw,1978-07-24,15-7-0,15,7,0,0,3.88,52.0,2.4,61.0,3.17,47.0,50.0,0.0,69.0,False
15edcf67ccf5be84,Brian Geraghty,67.0,155.0,,Orthodox,1980-11-04,26-18-1,26,18,1,0,0.47,25.0,9.77,36.0,0.0,0.0,50.0,0.0,68.58274947881027,True
1641ef250e9de19b,Sarah Frota,66.0,125.0,69.0,Southpaw,1987-04-14,9-2-0,9,2,0,0,4.52,52.0,2.57,55.0,0.0,0.0,53.0,0.0,69.0,False
1652f3213655b935,Phil Baroni,69.0,170.0,72.0,Orthodox,1976-04-16,15-18-0,15,18,0,0,2.77,45.0,3.93,40.0,1.46,47.0,60.0,0.5,72.0,False
165c244bcca3ed26,Seo Hee Ham,62.0,115.0,62.0,Southpaw,1987-03-08,17-8-0,17,8,0,0,4.2,39.0,5.15,61.0,0.0,0.0,66.0,0.2,62.0,False
16690d100f995f8f,Omari Akhmedov,72.0,185.0,73.0,Orthodox,1987-10-12,21-6-1,21,6,1,0,2.97,34.0,2.84,55.0,2.58,45.0,65.0,0.2,73.0,False
16a64f93f6678b7b,Martin Sano,71.0,170.0,75.0,Orthodox,1991-05-30,4-3-1,4,3,1,0,4.0,33.0,12.0,40.0,0.0,0.0,0.0,0.0,75.0,False
16af2d5a6f28bee2,Quinn Mulhern,75.0,155.0,,Orthodox,1984-09-20,18-4-0,18,4,0,0,1.48,28.0,2.09,51.0,1.36,20.0,33.0,0.0,77.02552651451502,True
16b89be2f5c16fba,Larissa Pacheco,67.0,135.0,,Orthodox,1994-09-07,10-2-0,10,2,0,0,1.21,19.0,4.14,55.0,0.0,0.0,0.0,0.0,68.58274947881027,True
16bf6a73bdd302cd,Collin Hart,73.0,185.0,,Orthodox,1989-10-12,6-3-1,6,3,1,0,6.33,44.0,7.53,51.0,2.0,16.0,50.0,0.0,74.91483225558883,True
172c2135e70f87b7,Luke Barnatt,78.0,185.0,77.0,Orthodox,1988-04-13,13-4-0,13,4,0,0,4.43,36.0,3.87,59.0,0.63,42.0,63.0,0.4,77.0,False
173acb3f920082b8,Roland Delorme,69.0,135.0,71.0,Orthodox,1983-12-18,9-5-0 (1 NC),9,5,0,1,2.28,44.0,4.32,40.0,2.51,34.0,42.0,1.6,71.0,False
175852708cb55776,Cristina Stanciu,63.0,115.0,,Orthodox,1994-03-29,5-2-0,5,2,0,0,2.5,50.0,3.07,52.0,0.85,100.0,40.0,1.7,64.36136096095788,True
17734443a833cdf7,Quillan Salkilld,72.0,155.0,75.0,Orthodox,1999-12-28,12-1-0,12,1,0,0,5.01,57.0,3.03,45.0,7.25,35.0,80.0,0.8,75.0,False
1788eee370f077b7,Blagoy Ivanov,71.0,250.0,73.0,Southpaw,1986-10-09,19-6-0 (1 NC),19,6,0,1,3.25,40.0,4.2,53.0,0.69,40.0,61.0,0.1,73.0,False
17923f676f100e16,Tallison Teixeira,79.0,258.0,83.0,Orthodox,1999-12-07,9-2-0,9,2,0,0,4.85,62.0,4.1,41.0,2.4,30.0,0.0,0.0,83.0,False
179f1948dc234f1f,Mark Munoz,72.0,185.0,71.0,Orthodox,1978-02-09,14-6-0,14,6,0,0,3.12,51.0,2.26,57.0,3.17,29.0,57.0,0.6,71.0,False
17cb6d8e8187f304,Nyamjargal Tumendemberel,67.0,125.0,71.0,Orthodox,1998-03-22,10-1-0,10,1,0,0,2.72,42.0,2.47,53.0,3.37,50.0,56.0,2.1,71.0,False
17e97649403ba428,Joshua Van,65.0,125.0,65.0,Orthodox,2001-10-10,17-2-0,17,2,0,0,8.43,57.0,5.82,58.0,0.82,61.0,75.0,0.2,65.0,False
182f2b78582de3d8,Marcus LeVesseur,69.0,155.0,70.0,Southpaw,1982-07-17,22-7-0,22,7,0,0,2.55,64.0,3.7,37.0,3.89,36.0,83.0,0.6,70.0,False
184b955181bdef52,Wes Albritton,70.0,188.0,,Orthodox,,0-1-0,0,1,0,0,0.0,0.0,0.0,0.0,0.0,0.0,0.0,0.0,71.74879086719955,True
18524b46c570730b,Mark Hall,72.0,190.0,,Orthodox,1961-01-26,5-6-0,5,6,0,0,0.0,0.0,0.0,0.0,0.0,0.0,0.0,0.0,73.85948512612573,True
185fb0200a4605e6,Steve Kennedy,71.0,170.0,,Orthodox,1983-03-07,24-8-0,24,8,0,0,2.28,35.0,5.52,45.0,2.51,33.0,0.0,0.0,72.80413799666265,True
18968f97ad34f15c,Jeremy Stephens,69.0,155.0,71.0,Orthodox,1986-05-25,29-23-0 (1 NC),29,23,0,1,3.13,40.0,3.25,57.0,1.1,38.0,61.0,0.4,71.0,False
1897b7b913736a7c,Alatengheili,65.0,135.0,66.0,Orthodox,1991-12-14,17-10-2,17,10,2,0,2.82,32.0,5.12,57.0,1.74,43.0,75.0,0.0,66.0,False
18aecaf50f52e4c3,Phillip Miller,71.0,185.0,,Orthodox,1979-02-20,16-0-0,16,0,0,0,1.61,54.0,1.93,50.0,3.62,25.0,100.0,0.6,72.80413799666265,True
18b602842a24f7c5,Mike Rodriguez,76.0,205.0,82.0,Southpaw,1988-11-28,11-7-0 (1 NC),11,7,0,1,4.35,53.0,4.24,41.0,0.0,0.0,37.0,0.0,82.0,False
18d01f7f8338ae72,Vinicius Oliveira,69.0,145.0,70.0,Switch,1995-11-30,24-4-0,24,4,0,0,5.44,47.0,2.86,58.0,1.27,43.0,71.0,0.2,70.0,False
18e8b7070228e728,Darrell Horcher,70.0,155.0,70.0,Southpaw,1987-07-28,13-4-0,13,4,0,0,2.05,44.0,4.21,39.0,0.35,50.0,47.0,0.7,70.0,False
192520689012c7e4,Suman Mokhtarian,68.0,145.0,72.0,Orthodox,1992-06-13,8-5-0,8,5,0,0,2.21,43.0,6.85,48.0,0.0,0.0,0.0,0.0,72.0,False
193b9d1858bc4df3,Dan Hooker,72.0,155.0,75.0,Switch,1990-02-13,24-14-0,24,14,0,0,4.82,48.0,4.94,49.0,0.68,33.0,77.0,0.6,75.0,False
196ed28337adc630,Pat Audinwood,72.0,155.0,,Orthodox,1986-04-16,11-2-1,11,2,1,0,1.17,12.0,4.31,41.0,0.8,50.0,0.0,0.0,73.85948512612573,True
1971869b7e054261,Mike de la Torre,71.0,145.0,71.0,Orthodox,1986-09-22,14-7-0 (1 NC),14,7,0,1,3.21,39.0,4.75,51.0,0.36,16.0,83.0,0.0,71.0,False
1975c2272ba40e71,Nick Serra,69.0,170.0,,Orthodox,1978-03-27,7-3-0,7,3,0,0,0.0,0.0,1.73,43.0,1.0,10.0,0.0,2.0,70.69344373773646,True
198994b47f395af0,Carlo Pedersoli Jr.,71.0,170.0,75.0,Southpaw,1993-06-08,11-3-0,11,3,0,0,4.17,37.0,4.12,61.0,2.91,44.0,0.0,0.0,75.0,False
1999ffb5cebc314f,Brian Camozzi,74.0,170.0,78.0,Orthodox,1991-06-24,7-5-0,7,5,0,0,3.15,26.0,6.39,54.0,0.0,0.0,0.0,0.7,78.0,False
199eb7cf6ae90294,Naoki Inoue,69.0,125.0,71.0,Orthodox,1997-06-14,11-1-0,11,1,0,0,3.67,35.0,3.37,60.0,0.0,0.0,60.0,2.5,71.0,False
19a8cce18a1cef9e,James Head,73.0,170.0,73.0,Orthodox,1984-02-09,9-4-0,9,4,0,0,2.75,48.0,3.11,49.0,0.41,100.0,66.0,0.8,73.0,False
19b7738321cfae42,Mallory Martin,64.0,115.0,63.0,Orthodox,1994-01-29,7-5-0,7,5,0,0,4.42,48.0,6.64,55.0,2.28,43.0,25.0,0.3,63.0,False
19c591115a58982c,Viacheslav Borshchev,71.0,155.0,69.0,Orthodox,1992-01-08,8-7-1,8,7,1,0,5.1,50.0,4.46,57.0,0.0,0.0,43.0,0.1,69.0,False
19db7ac26308178f,Ivan Jorge,69.0,155.0,73.0,Orthodox,1980-11-07,27-7-0,27,7,0,0,3.41,49.0,2.91,59.0,1.56,16.0,75.0,0.6,73.0,False
19f8a2f6eecd92ac,Puja Tomar,61.0,115.0,59.0,Southpaw,1993-12-05,9-6-0,9,6,0,0,5.27,49.0,5.42,46.0,0.0,0.0,75.0,0.0,59.0,False
19ffeb5e3fffd6d5,Joe Charles,73.0,260.0,,Southpaw,,6-13-0,6,13,0,0,0.0,0.0,0.0,0.0,0.0,0.0,0.0,0.0,74.91483225558883,True
1a08b01fdabb6ae2,Tony Kelley,69.0,135.0,70.0,Switch,1987-01-21,8-3-0,8,3,0,0,5.55,47.0,4.85,45.0,0.0,0.0,52.0,1.4,70.0,False
1a1a4d7a29041d77,Colin Robinson,76.0,243.0,,Orthodox,1968-11-27,10-12-0,10,12,0,0,6.19,69.0,7.91,37.0,2.58,100.0,50.0,5.2,78.08087364397812,True
1a225f04aa6e0739,Kelly Dullanty,68.0,155.0,,Orthodox,1977-11-04,4-2-0,4,2,0,0,0.0,0.0,0.67,75.0,0.0,0.0,66.0,0.0,69.63809660827336,True
1a2bf44edb8055b6,Serhiy Sidey,71.0,135.0,72.0,Switch,1996-07-04,12-2-0,12,2,0,0,4.49,39.0,4.26,54.0,1.58,25.0,20.0,1.3,72.0,False
1a31ef98efce7a79,Matheus Nicolau,66.0,125.0,66.0,Orthodox,1993-01-06,19-6-1,19,6,1,0,3.31,51.0,2.98,65.0,1.22,43.0,90.0,0.8,66.0,False
1a49e0670dfaca31,Jim Mullen,73.0,215.0,,Southpaw,,0-2-0,0,2,0,0,0.0,0.0,0.0,0.0,0.0,0.0,0.0,0.0,74.91483225558883,True
1a54231796e24a3f,Liudvik Sholinian,70.0,135.0,71.0,Orthodox,1990-01-20,9-4-1,9,4,1,0,2.5,30.0,5.67,55.0,0.0,0.0,66.0,0.0,71.0,False
1a7745388839e52b,John Maguire,69.0,155.0,69.0,Southpaw,1983-05-19,24-9-0,24,9,0,0,1.41,41.0,2.44,65.0,2.8,46.0,77.0,1.1,69.0,False
1a9480fc288e55d7,Don'Tale Mayes,78.0,260.0,81.0,Orthodox,1992-01-16,11-9-0 (1 NC),11,9,0,1,3.22,43.0,3.61,46.0,0.59,38.0,46.0,0.0,81.0,False
1a97a3ef4c758fae,Gokhan Saricam,75.0,265.0,75.0,Orthodox,1991-02-28,12-2-0,12,2,0,0,5.87,47.0,6.18,38.0,0.0,0.0,100.0,0.0,75.0,False
1a98c9dbb7fc3959,Jocelyn Jones-Lybarger,67.0,115.0,64.0,Orthodox,1985-10-04,6-4-0,6,4,0,0,2.96,31.0,4.83,56.0,0.34,25.0,81.0,0.0,64.0,False
1abfb658cd4f8533,Nandor Guelmino,75.0,230.0,,,1975-12-20,11-5-1,11,5,1,0,3.62,56.0,3.16,33.0,0.0,0.0,42.0,0.0,77.02552651451502,True
1ad381c8994c4e5b,Ben Wall,70.0,155.0,,Orthodox,1989-03-25,8-7-1,8,7,1,0,1.47,29.0,8.53,29.0,0.0,0.0,100.0,0.0,71.74879086719955,True
1ae8f3c723aacff4,Ricardo Ramos,69.0,145.0,72.0,Orthodox,1995-08-01,17-8-0,17,8,0,0,2.91,36.0,3.97,54.0,2.51,57.0,67.0,1.0,72.0,False
1af1170ed937cba7,Kayla Harrison,68.0,135.0,66.0,Southpaw,1990-07-02,19-1-0,19,1,0,0,4.29,62.0,1.1,66.0,2.84,37.0,100.0,0.9,66.0,False
1b35af4d1529adf6,Stephanie Luciano,66.0,115.0,65.0,Orthodox,1999-12-16,7-2-1,7,2,1,0,5.2,42.0,3.04,64.0,1.3,71.0,80.0,0.3,65.0,False
1b38a2b897f6209c,Felipe Silva,72.0,155.0,77.0,Orthodox,1984-05-08,8-2-0,8,2,0,0,5.4,50.0,1.8,59.0,1.0,100.0,71.0,0.0,77.0,False
1bcaac2d99b90fce,Sergio Moraes,72.0,170.0,72.0,Orthodox,1982-07-23,14-6-1,14,6,1,0,2.42,42.0,3.73,59.0,1.2,38.0,75.0,0.4,72.0,False
1c061eb6e29eaa0a,Bob Cook,69.0,170.0,,Orthodox,,5-0-0,5,0,0,0,0.0,0.0,0.0,0.0,0.0,0.0,0.0,0.0,70.69344373773646,True
1c23ec2f1b71be40,Iwo Baraniewski,72.0,205.0,73.0,Orthodox,1998-11-20,9-0-0,9,0,0,0,11.35,57.0,8.65,52.0,0.0,0.0,100.0,0.0,73.0,False
1c2f2571b18791b6,Laverne Clark,71.0,170.0,,Orthodox,1973-12-02,27-21-1,27,21,1,0,0.0,0.0,0.0,0.0,0.0,0.0,0.0,0.0,72.80413799666265,True
1c3f5e85b59ec710,Brian Johnston,75.0,230.0,,Orthodox,1968-07-28,5-5-0,5,5,0,0,0.0,0.0,0.0,0.0,0.0,0.0,0.0,0.0,77.02552651451502,True
1c86754617d9813a,Roan Carneiro,71.0,170.0,76.0,Orthodox,1978-06-02,21-11-0,21,11,0,0,1.46,46.0,1.82,62.0,3.05,42.0,83.0,1.4,76.0,False
1ccf4e7caff270df,Dan Henderson,71.0,185.0,74.0,Orthodox,1970-08-24,32-15-0,32,15,0,0,2.44,47.0,2.7,51.0,1.52,52.0,57.0,0.3,74.0,False
1cecc8fe6748a532,Stephen Bass,69.0,145.0,,Orthodox,1982-11-14,11-2-0,11,2,0,0,4.87,52.0,5.87,55.0,0.0,0.0,0.0,0.0,70.69344373773646,True
1cf1310684a841f5,Mostapha Al-Turk,74.0,245.0,77.0,Orthodox,1973-07-14,6-6-0,6,6,0,0,1.36,19.0,3.61,53.0,0.0,0.0,0.0,0.0,77.0,False
1cf7ccf64a5bf24e,Oskar Piechota,72.0,185.0,76.0,Southpaw,1990-01-24,11-3-1 (1 NC),11,3,1,1,3.3,52.0,3.93,51.0,0.61,40.0,38.0,1.5,76.0,False
1d00756835ca67c9,Donald Cerrone,73.0,155.0,73.0,Orthodox,1983-03-29,36-17-0 (2 NC),36,17,0,2,4.41,46.0,4.48,53.0,1.16,33.0,73.0,1.2,73.0,False
1d147d4163a6989b,Nick Sanzo,69.0,190.0,,,1963-01-16,1-1-0,1,1,0,0,0.0,0.0,0.0,0.0,0.0,0.0,0.0,0.0,70.69344373773646,True
1d1b85389a05df69,Chris Tickle,69.0,155.0,,,1982-02-01,9-9-0,9,9,0,0,1.07,40.0,1.13,43.0,1.0,25.0,20.0,2.0,70.69344373773646,True
1d239d571e342453,Germaine de Randamie,69.0,135.0,71.0,Orthodox,1984-04-24,10-5-0,10,5,0,0,2.57,46.0,2.0,65.0,0.0,0.0,65.0,0.4,71.0,False
1d2d98ddd05b38fb,Axel Sola,72.0,155.0,74.0,Southpaw,1997-09-17,11-1-1,11,1,1,0,4.07,45.0,5.29,61.0,2.22,36.0,0.0,0.0,74.0,False
1d36f1ac66cf689d,Josh Shockley,73.0,155.0,,Orthodox,1989-11-15,11-4-0,11,4,0,0,1.4,33.0,1.75,60.0,0.0,0.0,61.0,0.8,74.91483225558883,True
1d4bbaabd8b60173,Stanislav Nedkov,71.0,205.0,71.0,Orthodox,1981-12-09,12-2-0 (1 NC),12,2,0,1,3.33,43.0,5.39,43.0,2.77,41.0,0.0,0.0,71.0,False
1dab0d1d81dd06db,Tra Telligman,74.0,233.0,,Orthodox,1965-02-07,7-5-1,7,5,1,0,1.83,35.0,3.02,56.0,0.87,100.0,80.0,0.0,75.97017938505194,True
1dafccb62a0f98ec,Robert Whiteford,69.0,145.0,69.0,Southpaw,1983-04-12,14-4-0,14,4,0,0,2.33,46.0,1.99,62.0,1.9,30.0,45.0,0.0,69.0,False
1dc56b59cb28425d,Oleg Taktarov,72.0,210.0,,Orthodox,1967-08-26,17-5-2,17,5,2,0,0.0,0.0,0.0,0.0,0.0,0.0,0.0,0.0,73.85948512612573,True
1dd1a3aacde66f72,Sulangrangbo,69.0,135.0,66.0,Southpaw,2005-07-17,10-4-0,10,4,0,0,3.96,48.0,3.2,62.0,0.0,0.0,72.0,0.0,66.0,False
1ddb480b601cefb1,Chance Rencountre,74.0,170.0,75.0,Southpaw,1986-12-31,14-4-0,14,4,0,0,1.1,20.0,3.62,49.0,1.35,26.0,16.0,0.3,75.0,False
1de9ad94de18eeaf,Nicco Montano,65.0,135.0,65.0,Southpaw,1988-12-16,5-3-0,5,3,0,0,5.6,41.0,4.43,64.0,2.25,54.0,69.0,0.4,65.0,False
1e1dbd1cc5a7469e,Jimi Manuwa,73.0,205.0,79.0,Orthodox,1980-02-18,17-6-0,17,6,0,0,3.43,54.0,3.97,49.0,0.53,18.0,70.0,0.4,79.0,False
1e327b281ef6a745,Adlan Amagov,74.0,170.0,76.0,Orthodox,1986-10-30,14-2-1,14,2,1,0,3.29,47.0,0.82,78.0,5.84,56.0,100.0,0.0,76.0,False
1e35aa8955794580,Ulysses Gomez,66.0,125.0,,Orthodox,1983-05-25,9-5-0,9,5,0,0,2.72,25.0,3.57,68.0,0.0,0.0,0.0,0.0,67.52740234934717,True
1e38bba6738b7b10,Alfonso Alcarez,63.0,145.0,,,1970-06-10,1-3-1,1,3,1,0,0.0,0.0,0.0,0.0,0.0,0.0,0.0,0.0,64.36136096095788,True
1e4f273069fb9e85,Fares Ziam,73.0,155.0,75.0,Orthodox,1997-03-21,18-5-0,18,5,0,0,2.68,52.0,1.58,63.0,1.86,42.0,70.0,0.5,75.0,False
1e719d4b676dc19a,Brunno Ferreira,70.0,185.0,72.0,Orthodox,1992-11-04,15-4-0,15,4,0,0,3.27,49.0,3.75,51.0,1.0,22.0,50.0,0.6,72.0,False
1e7483dbff40b84b,Vik Grujic,71.0,170.0,73.0,Orthodox,1977-02-06,6-6-0,6,6,0,0,2.24,48.0,3.39,41.0,1.18,33.0,26.0,0.4,73.0,False
1ea8df62b3f8fea6,Justin James,70.0,155.0,,Orthodox,1976-11-08,13-7-0,13,7,0,0,1.34,36.0,2.68,50.0,0.0,0.0,50.0,1.6,71.74879086719955,True
1eacf73d6a0055dc,Cheick Kongo,76.0,240.0,82.0,Orthodox,1975-05-17,27-10-2,27,10,2,0,3.33,56.0,1.28,54.0,2.3,56.0,52.0,0.2,82.0,False
1ebdcb7488d0ebee,Pearl Gonzalez,64.0,115.0,,Orthodox,1986-08-12,6-3-0,6,3,0,0,2.23,37.0,4.07,57.0,1.04,11.0,0.0,0.5,65.41670809042098,True
1ebe20ebbfa15e29,Zhang Weili,64.0,115.0,63.0,Switch,1989-08-13,26-4-0,26,4,0,0,4.66,52.0,2.63,53.0,1.96,44.0,63.0,0.5,63.0,False
1ed32eaaba9ffe10,Jumabieke Tuerxun,67.0,135.0,,Orthodox,1986-04-17,19-4-1,19,4,1,0,1.6,28.0,3.08,59.0,0.47,11.0,66.0,0.9,68.58274947881027,True
1efa064872f089d0,David Bielkheden,70.0,155.0,71.0,Orthodox,1979-06-06,24-12-0,24,12,0,0,1.11,57.0,1.64,54.0,2.65,63.0,14.0,0.0,71.0,False
1eff7bc0f815b270,Yorgan De Castro,72.0,250.0,74.0,Orthodox,1986-12-19,6-3-0,6,3,0,0,2.46,43.0,3.85,53.0,0.0,0.0,77.0,0.0,74.0,False
1effd880e1f1bb30,Garrett Armfield,66.0,135.0,70.0,Orthodox,1996-10-09,10-5-0,10,5,0,0,5.35,53.0,3.64,56.0,1.1,50.0,64.0,0.6,70.0,False
1f454354805b6f75,Anderson Silva,74.0,185.0,77.0,Southpaw,1975-04-14,34-11-0 (1 NC),34,11,0,1,3.05,61.0,2.05,60.0,0.5,77.0,69.0,0.8,77.0,False
1f4b04a926ef1287,Johnny Case,70.0,155.0,72.0,Orthodox,1989-06-28,22-6-0,22,6,0,0,3.95,38.0,2.66,61.0,1.7,45.0,72.0,0.2,72.0,False
1f5f75658551f2d3,Sam Fulton,,,,,,0-2-0,0,2,0,0,0.0,0.0,0.0,0.0,0.0,0.0,0.0,0.0,,False
1f77fce698e80488,James Hammortree,75.0,185.0,,Orthodox,1983-11-29,6-3-0,6,3,0,0,1.93,30.0,4.13,44.0,2.0,50.0,100.0,1.0,77.02552651451502,True
1f9c371c93dfd3a9,Ryan McGillivray,71.0,170.0,,,1986-09-27,12-0-1,12,0,1,0,1.27,20.0,2.2,52.0,0.0,0.0,44.0,0.0,72.80413799666265,True
1fb80f46d3c105d9,Fabio Maldonado,73.0,205.0,75.0,Orthodox,1980-03-17,23-11-0,23,11,0,0,5.29,58.0,4.31,53.0,0.44,57.0,61.0,0.6,75.0,False
1fc64507a0cb38cf,Rostem Akman,70.0,170.0,72.0,Switch,1991-12-19,6-2-0,6,2,0,0,1.8,25.0,3.97,57.0,1.0,40.0,87.0,0.0,72.0,False
1fcfc3709fe58151,Peter Sobotta,72.0,170.0,75.0,Southpaw,1987-01-11,17-7-1,17,7,1,0,2.14,40.0,2.9,58.0,1.53,32.0,77.0,0.5,75.0,False
1fd4fbdcc67de844,Drew McFedries,72.0,185.0,72.0,Southpaw,1978-07-27,12-7-0,12,7,0,0,5.13,51.0,4.56,52.0,1.42,100.0,56.0,0.7,72.0,False
1fe7adb23b3eedfb,Yuki Kondo,71.0,183.0,,Southpaw,1975-07-17,60-33-9,60,33,9,0,1.14,42.0,2.57,51.0,0.76,41.0,37.0,0.5,72.80413799666265,True
1ff9589f9065a9ed,Frank Mir,75.0,264.0,79.0,Southpaw,1979-05-24,18-11-0,18,11,0,0,2.18,47.0,3.84,38.0,2.02,40.0,54.0,2.0,79.0,False
1ffc38f67785797b,Lowell Anderson,66.0,160.0,,Orthodox,,0-1-0,0,1,0,0,0.0,0.0,0.0,0.0,0.0,0.0,0.0,0.0,67.52740234934717,True
20205040232ed0f3,Tyson Griffin,66.0,145.0,68.0,Orthodox,1984-04-20,16-8-0,16,8,0,0,3.71,41.0,2.3,65.0,1.87,46.0,59.0,0.9,68.0,False
202b0467521c9d6f,Viktor Pesta,75.0,240.0,77.0,Orthodox,1990-07-15,10-4-0,10,4,0,0,1.58,36.0,2.54,56.0,3.29,28.0,100.0,0.0,77.0,False
203c957eac95dd87,Hyun Gyu Lim,75.0,170.0,77.0,Orthodox,1985-01-16,13-7-1,13,7,1,0,4.45,41.0,5.07,51.0,0.23,100.0,73.0,0.2,77.0,False
2067a177a2842fbf,Sammy Morgan,70.0,170.0,,Orthodox,1981-09-28,18-12-0,18,12,0,0,1.05,22.0,3.74,40.0,1.43,20.0,0.0,0.5,71.74879086719955,True
207773daeb4afa7b,Devonte Smith,69.0,155.0,76.0,Orthodox,1993-07-30,11-4-0,11,4,0,0,4.55,53.0,3.91,49.0,0.35,25.0,85.0,0.3,76.0,False
20999e27ddd94bda,Ryan Benoit,65.0,125.0,68.0,Orthodox,1989-08-25,10-8-0,10,8,0,0,2.88,39.0,3.65,58.0,0.28,22.0,72.0,0.4,68.0,False
20a0e4cc5227c117,Jose Souza,75.0,170.0,79.0,Orthodox,2002-05-23,9-1-0,9,1,0,0,4.24,45.0,4.86,49.0,0.0,0.0,0.0,0.0,79.0,False
20bcc9966affb19c,Jake O'Brien,75.0,205.0,76.0,Orthodox,1984-09-25,15-4-0,15,4,0,0,1.31,31.0,1.92,69.0,6.39,54.0,25.0,0.2,76.0,False
20bccc9bb4ceb23e,Melquizael Costa,70.0,145.0,71.0,Southpaw,1996-09-14,26-8-0,26,8,0,0,4.29,47.0,3.19,50.0,1.53,35.0,50.0,0.8,71.0,False
20bd6c3e03c46ee6,Townsend Saunders,65.0,170.0,,Orthodox,,0-2-0,0,2,0,0,0.0,0.0,0.0,0.0,0.0,0.0,0.0,0.0,66.47205521988408,True
20d37922ba85e6fc,Artur Minev,69.0,155.0,69.0,Orthodox,2003-09-27,7-1-0,7,1,0,0,1.02,61.0,3.57,26.0,0.0,0.0,64.0,0.0,69.0,False
20ec0061400178ca,Roberto Traven,75.0,227.0,,Orthodox,1968-09-16,6-4-1,6,4,1,0,0.92,50.0,2.77,57.0,0.0,0.0,0.0,0.0,77.02552651451502,True
210935fd21670f6d,Rich Attonito,70.0,170.0,72.0,Orthodox,1977-06-16,10-5-0,10,5,0,0,2.28,47.0,2.13,59.0,0.74,37.0,75.0,0.0,72.0,False
21321cdfba797c52,Derrick Noble,69.0,170.0,,Southpaw,1978-08-14,27-15-1,27,15,1,0,6.21,40.0,3.79,59.0,0.0,0.0,0.0,0.0,70.69344373773646,True
2153a7f8396a46cc,Luiz Dutra,71.0,170.0,,Orthodox,1982-05-06,13-6-1,13,6,1,0,3.92,50.0,4.8,41.0,0.0,0.0,100.0,0.0,72.80413799666265,True
215a70f073a7b726,Jordan Espinosa,66.0,125.0,69.0,Orthodox,1989-11-08,15-9-0 (1 NC),15,9,0,1,4.22,52.0,2.94,57.0,0.75,28.0,70.0,0.2,69.0,False
219a254e15d60135,Tim Hague,76.0,260.0,76.0,Orthodox,1983-05-09,21-13-0,21,13,0,0,2.79,47.0,4.14,46.0,1.72,33.0,85.0,0.9,76.0,False
21b1132949f2a9b0,Steve Berger,71.0,170.0,,Orthodox,1973-05-20,21-23-2 (1 NC),21,23,2,1,1.0,27.0,3.26,36.0,0.84,40.0,16.0,1.7,72.80413799666265,True
21b5c82c1b89dab1,Yusaku Kinoshita,72.0,170.0,71.0,Southpaw,2000-08-21,6-3-0,6,3,0,0,4.65,50.0,5.12,51.0,0.0,0.0,50.0,0.0,71.0,False
21b813b919776d90,Erik Silva,69.0,145.0,71.0,Orthodox,1987-03-16,9-4-0,9,4,0,0,2.06,67.0,1.52,40.0,3.26,80.0,60.0,0.0,71.0,False
21b8a0f5c231096f,Mark Coleman,73.0,205.0,75.0,Orthodox,1964-12-20,16-10-0,16,10,0,0,1.88,52.0,2.62,40.0,3.89,40.0,50.0,0.8,75.0,False
21f2974fd08085e3,Saeed Hosseini,,,,,,0-1-0,0,1,0,0,0.0,0.0,0.0,0.0,0.0,0.0,0.0,0.0,,False
22061ff217907c78,Konstantin Erokhin,71.0,230.0,,Orthodox,1983-01-31,9-3-0,9,3,0,0,1.07,36.0,1.83,47.0,0.0,0.0,70.0,0.0,72.80413799666265,True
2244d9a2b64b8c3b,Hannah Cifers,61.0,115.0,62.0,Orthodox,1992-06-26,10-7-0,10,7,0,0,4.99,44.0,5.39,52.0,0.26,100.0,64.0,0.3,62.0,False
225def29ecfe0fc1,Carlos Huachin,64.0,135.0,67.0,Southpaw,1996-06-04,10-5-1,10,5,1,0,2.1,21.0,4.8,50.0,0.0,0.0,66.0,0.0,67.0,False
2284092f8b63273b,Luke Zachrich,74.0,185.0,74.0,Orthodox,1981-12-19,14-4-0,14,4,0,0,4.56,32.0,4.46,62.0,0.74,33.0,80.0,0.0,74.0,False
2296125b6c362355,Wulijiburen,69.0,135.0,69.0,Orthodox,1989-03-01,20-9-0,20,9,0,0,1.61,42.0,3.02,56.0,3.28,42.0,77.0,0.4,69.0,False
2299605af59fd309,Emmanuel Yarborough,80.0,770.0,,Open Stance,1960-09-05,1-2-0,1,2,0,0,0.0,0.0,0.0,0.0,0.0,0.0,0.0,0.0,82.3022621618305,True
22a92d7f62195791,Tony Ferguson,71.0,170.0,76.0,Orthodox,1984-02-12,26-11-0,26,11,0,0,4.91,45.0,4.37,55.0,0.39,35.0,66.0,0.9,76.0,False
22aa91e402d0fe1f,Ramsey Nijem,71.0,155.0,75.0,Orthodox,1988-04-01,9-6-0,9,6,0,0,3.05,44.0,1.62,62.0,5.32,62.0,55.0,1.1,75.0,False
22d1e00e1aabb7c9,Mike Whitehead,73.0,205.0,,Orthodox,1981-06-29,27-8-0,27,8,0,0,1.62,33.0,2.36,59.0,3.59,43.0,77.0,0.3,74.91483225558883,True
22e07d3da1aa3475,Andrey Pulyaev,76.0,185.0,78.0,Southpaw,1997-09-10,10-5-0,10,5,0,0,3.6,55.0,2.94,55.0,0.27,16.0,56.0,0.0,78.0,False
22e47b53e4ceb27c,David Loiseau,72.0,185.0,76.0,Orthodox,1979-12-17,23-11-0,23,11,0,0,1.59,44.0,3.64,43.0,0.43,42.0,36.0,0.1,76.0,False
22edaf53ad59a967,Daniel Roberts,70.0,170.0,74.0,Southpaw,1980-08-05,15-7-0,15,7,0,0,0.73,20.0,2.27,46.0,2.46,44.0,40.0,2.5,74.0,False
22ee260735da0d58,Richard Crunkilton,67.0,155.0,,Orthodox,1979-11-25,19-4-0,19,4,0,0,1.72,41.0,1.45,58.0,4.08,61.0,65.0,1.3,68.58274947881027,True
23024fdfc966410a,Gilbert Burns,70.0,170.0,71.0,Orthodox,1986-07-20,22-10-0,22,10,0,0,3.16,48.0,3.68,52.0,2.04,35.0,53.0,0.4,71.0,False
231926533134ec1f,Justin Buchholz,72.0,155.0,73.0,Orthodox,1983-08-22,15-10-0,15,10,0,0,2.35,26.0,4.14,51.0,0.0,0.0,33.0,0.8,73.0,False
231cae8b77fbbcc1,Khalid Murtazaliev,72.0,185.0,76.0,Orthodox,1993-07-15,14-2-0,14,2,0,0,4.8,69.0,0.4,78.0,7.5,100.0,33.0,0.0,76.0,False
232c582f29f8f65e,Gegard Mousasi,74.0,185.0,76.0,Orthodox,1985-08-01,42-6-2,42,6,2,0,3.75,50.0,1.21,68.0,1.59,60.0,59.0,1.1,76.0,False
23459ee7e373b98f,Jared Hamman,75.0,185.0,75.0,Orthodox,1982-03-07,14-6-0,14,6,0,0,5.15,42.0,3.93,55.0,1.57,46.0,30.0,0.0,75.0,False
234f3767ff0e5701,Kendall Grove,78.0,185.0,79.0,Orthodox,1982-11-12,23-17-0 (1 NC),23,17,0,1,2.31,41.0,2.4,54.0,0.49,45.0,56.0,1.7,79.0,False
236a37d96d476164,Mike Pierce,68.0,170.0,71.0,Orthodox,1980-09-01,17-7-0,17,7,0,0,2.62,42.0,2.36,62.0,3.08,42.0,71.0,0.2,71.0,False
237187ed9f419285,Jack McGlaughlin,,,,Orthodox,,1-4-0,1,4,0,0,0.0,0.0,0.0,0.0,0.0,0.0,0.0,0.0,,False
23725c826c481e7f,Paul Daley,69.0,170.0,76.0,Orthodox,1983-02-21,39-15-2,39,15,2,0,3.14,47.0,2.37,60.0,0.91,40.0,64.0,0.0,76.0,False
239d8e5359022f3b,Kevin Vallejos,67.0,145.0,68.0,Switch,2001-12-08,18-1-0,18,1,0,0,6.12,48.0,4.41,57.0,0.66,28.0,84.0,0.0,68.0,False
23a16ebe733e3041,Rory Markham,72.0,170.0,71.0,Orthodox,1982-03-25,17-6-0,17,6,0,0,1.98,21.0,10.27,45.0,0.0,0.0,0.0,0.0,71.0,False
23a6e307077c6ccc,Enrique Marin,70.0,170.0,,,1986-09-02,10-4-0,10,4,0,0,1.43,33.0,3.0,50.0,2.5,38.0,60.0,1.0,71.74879086719955,True
23ab42947c1990e3,Ron van Clief,70.0,190.0,,Orthodox,1943-01-25,0-1-0,0,1,0,0,0.0,0.0,0.0,0.0,0.0,0.0,0.0,0.0,71.74879086719955,True
23dec7c47cb418f8,Zach Reese,76.0,185.0,77.0,Switch,1994-03-24,10-4-0 (1 NC),10,4,0,1,4.47,54.0,4.0,43.0,2.74,61.0,52.0,1.2,77.0,False
24174a3f44ce8e03,Chan-Mi Jeon,65.0,115.0,,Orthodox,1997-08-28,5-2-0,5,2,0,0,6.23,31.0,7.77,55.0,0.0,0.0,0.0,0.0,66.47205521988408,True
242d36d241b43c12,Kron Gracie,69.0,145.0,70.0,Southpaw,1988-07-11,5-3-0,5,3,0,0,2.95,42.0,5.73,51.0,0.35,25.0,0.0,0.7,70.0,False
24656ef4d605c96f,Aiemann Zahabi,68.0,135.0,68.0,Orthodox,1987-11-19,14-3-0,14,3,0,0,4.47,48.0,4.11,68.0,0.12,14.0,83.0,0.0,68.0,False
24b033b3daf1c9df,Luiz Cane,74.0,185.0,77.0,Southpaw,1981-04-24,17-7-0 (1 NC),17,7,0,1,4.79,41.0,5.0,60.0,0.56,28.0,100.0,0.3,77.0,False
2525a853486ee670,Sirwan Kakai,65.0,135.0,,Orthodox,1989-10-03,12-5-0,12,5,0,0,3.57,41.0,4.63,62.0,4.0,42.0,83.0,0.0,66.47205521988408,True
2526be54e6a0e62a,Denys Bondar,66.0,125.0,69.0,Orthodox,1992-06-27,14-5-0,14,5,0,0,4.59,50.0,5.16,56.0,3.99,58.0,62.0,0.0,69.0,False
253076a23d03dcd0,Allan Nascimento,68.0,125.0,69.0,Orthodox,1991-09-11,22-7-0,22,7,0,0,3.2,51.0,2.53,53.0,1.04,20.0,41.0,0.9,69.0,False
253de74457bd6374,Tony Fryklund,72.0,185.0,,Orthodox,1971-03-26,14-9-1,14,9,1,0,3.49,39.0,6.5,43.0,0.0,0.0,66.0,0.5,73.85948512612573,True
25433871e4eee0f4,Alberto Crane,65.0,155.0,,Orthodox,1976-07-14,15-5-0,15,5,0,0,0.43,25.0,2.61,57.0,0.0,0.0,50.0,4.0,66.47205521988408,True
2549d63da9c456cb,Rick Davis,69.0,155.0,,Orthodox,,3-1-1,3,1,1,0,3.09,50.0,6.19,64.0,0.0,0.0,0.0,0.0,70.69344373773646,True
2558ae2e5671e318,Khaos Williams,72.0,170.0,77.0,Orthodox,1994-03-30,16-5-0,16,5,0,0,4.97,39.0,5.34,41.0,0.0,0.0,51.0,0.0,77.0,False
257b0c8d6f199895,Impa Kasanganay,71.0,170.0,75.0,Orthodox,1994-01-17,9-2-0,9,2,0,0,4.96,48.0,3.66,58.0,1.75,58.0,66.0,0.2,75.0,False
25af5e832f17b474,Jesus Pinedo,70.0,155.0,,Southpaw,1996-06-22,16-5-1,16,5,1,0,3.23,38.0,4.37,52.0,2.5,100.0,100.0,0.0,71.74879086719955,True
25f9a5f3e8a52618,Jhonata Diniz,76.0,254.0,79.0,Orthodox,1991-06-23,9-2-0,9,2,0,0,3.89,56.0,3.62,56.0,0.0,0.0,70.0,0.0,79.0,False
260bd4cef10b033f,Ihor Potieria,75.0,185.0,75.0,Southpaw,1996-05-29,20-8-0,20,8,0,0,4.44,50.0,4.96,50.0,0.73,18.0,66.0,0.0,75.0,False
260e9e0d4954aea6,Rodolfo Vieira,72.0,185.0,73.0,Orthodox,1989-09-25,11-5-0,11,5,0,0,3.43,54.0,4.28,49.0,2.87,22.0,60.0,0.9,73.0,False
2620f3eb21c79614,Scott Adams,72.0,225.0,,Southpaw,,8-1-0,8,1,0,0,0.0,0.0,0.0,0.0,0.0,0.0,0.0,0.0,73.85948512612573,True
262a7d06203657e6,Alexander Hernandez,69.0,155.0,72.0,Orthodox,1992-10-01,18-9-0,18,9,0,0,4.23,40.0,4.45,59.0,1.05,35.0,68.0,0.1,72.0,False
262d32ebda89efc4,Natalia Silva,64.0,125.0,65.0,Southpaw,1997-02-03,20-5-1,20,5,1,0,4.81,45.0,2.36,66.0,0.43,30.0,90.0,0.0,65.0,False
263ebd4a669e1e98,Fabiano Iha,68.0,155.0,,Orthodox,1970-07-28,9-5-0,9,5,0,0,1.73,47.0,2.49,42.0,2.88,40.0,50.0,2.9,69.63809660827336,True
2650e2f846a30f64,Amir Sadollah,70.0,170.0,75.0,Orthodox,1980-08-27,6-5-0,6,5,0,0,4.71,46.0,3.55,60.0,0.57,27.0,60.0,0.3,75.0,False
265589bdd93e7ce5,Lodune Sincaid,69.0,185.0,,Orthodox,1973-05-07,15-9-0,15,9,0,0,2.72,42.0,6.17,57.0,0.0,0.0,75.0,0.0,70.69344373773646,True
2676b28836a5a836,Benson Henderson,69.0,170.0,70.0,Southpaw,1983-11-16,24-7-0,24,7,0,0,2.93,45.0,1.79,63.0,2.4,45.0,63.0,0.8,70.0,False
267f4a6568abe245,Landon Quinones,69.0,155.0,70.0,Southpaw,1995-11-21,7-3-1,7,3,1,0,6.77,40.0,7.7,55.0,0.5,33.0,100.0,0.0,70.0,False
26b63bc5c0c1f65d,Alex Chambers,63.0,115.0,63.0,Southpaw,1978-10-25,5-5-0,5,5,0,0,2.97,54.0,5.1,50.0,2.31,41.0,53.0,1.0,63.0,False
26e3f3928b1891d9,Hannah Goldy,64.0,115.0,61.0,Orthodox,1992-05-18,6-4-0,6,4,0,0,5.19,47.0,4.67,50.0,0.66,12.0,54.0,0.2,61.0,False
26eddcda9d6b2ffe,Paul Rodriguez,67.0,155.0,,Orthodox,1975-05-18,10-9-2,10,9,2,0,0.84,100.0,1.68,68.0,0.0,0.0,50.0,0.0,68.58274947881027,True
270b89c00ef0c55c,Gabriel Gonzaga,74.0,242.0,76.0,Orthodox,1979-05-18,17-11-0,17,11,0,0,2.12,45.0,2.94,57.0,2.8,39.0,66.0,1.1,76.0,False
271fe91f4ba9d2c5,Don Frye,73.0,219.0,,Orthodox,1965-11-23,20-9-1 (1 NC),20,9,1,1,2.87,64.0,3.57,37.0,0.91,57.0,45.0,0.7,74.91483225558883,True
2721bb808bb2523c,Curt Warburton,72.0,155.0,73.0,Orthodox,,13-6-0,13,6,0,0,2.13,42.0,3.44,43.0,2.35,50.0,83.0,0.9,73.0,False
2747c60e42d9d75f,David Teymur,69.0,155.0,73.0,Southpaw,1989-05-01,8-2-0,8,2,0,0,4.69,43.0,3.53,55.0,0.94,33.0,77.0,0.0,73.0,False
27541033b97c076d,Kevin Ferguson,74.0,235.0,77.0,Orthodox,1974-02-08,5-2-0 (1 NC),5,2,0,1,2.3,50.0,3.41,38.0,3.1,72.0,36.0,1.2,77.0,False
275aca31f61ba28c,Islam Makhachev,70.0,170.0,70.0,Southpaw,1991-10-27,28-1-0,28,1,0,0,2.45,58.0,1.45,61.0,3.1,56.0,91.0,1.0,70.0,False
275cafc9de131c83,Dave Menne,70.0,170.0,,Orthodox,1974-07-29,45-17-2,45,17,2,0,1.84,44.0,1.99,42.0,0.46,50.0,57.0,2.5,71.74879086719955,True
276c60b14b571dd4,Takenori Sato,70.0,170.0,,Southpaw,1985-06-08,19-11-7 (1 NC),19,11,7,1,0.46,33.0,12.92,9.0,0.0,0.0,0.0,0.0,71.74879086719955,True
279566840aa55bf2,Alexander Volkov,79.0,250.0,80.0,Orthodox,1988-10-24,40-11-0,40,11,0,0,4.84,57.0,2.9,54.0,0.54,62.0,68.0,0.2,80.0,False
27b164b0d1833df0,Kalindra Faria,67.0,125.0,,Switch,1986-07-23,18-8-1,18,8,1,0,2.23,56.0,1.44,45.0,1.31,66.0,20.0,0.7,68.58274947881027,True
27b388f0aab49780,Dione Barbosa,66.0,125.0,66.0,Orthodox,1992-05-08,9-4-0,9,4,0,0,2.21,45.0,2.4,64.0,2.4,44.0,63.0,1.7,66.0,False
27d65e9d0fba61ea,Roger Hollett,71.0,205.0,,Orthodox,1978-10-08,13-5-0,13,5,0,0,1.83,47.0,6.47,34.0,1.0,28.0,30.0,0.0,72.80413799666265,True
27fc9218a3653e3c,Justin Eilers,73.0,235.0,,Orthodox,1978-06-28,19-7-1,19,7,1,0,2.86,43.0,5.66,49.0,0.82,25.0,50.0,0.0,74.91483225558883,True
2804ce8dadab5770,Marcelo Rojo,68.0,145.0,71.0,Orthodox,1988-07-02,16-10-0,16,10,0,0,4.92,39.0,6.42,55.0,0.46,50.0,66.0,0.0,71.0,False
2816ced060a21be3,Nick Hein,66.0,155.0,66.0,Southpaw,1984-04-24,14-5-0 (1 NC),14,5,0,1,2.65,35.0,3.61,59.0,0.86,33.0,83.0,0.0,66.0,False
282fa667ff9c51ed,Cole Miller,73.0,145.0,73.0,Orthodox,1984-04-26,21-11-0 (1 NC),21,11,0,1,3.0,33.0,3.88,59.0,0.6,36.0,38.0,1.8,73.0,False
2844b047183a1adb,Luis Pena,75.0,155.0,75.0,Southpaw,1993-07-05,9-3-0,9,3,0,0,3.66,46.0,3.12,51.0,1.17,33.0,48.0,1.2,75.0,False
285ae0b4a68221f4,JunYong Park,70.0,185.0,73.0,Orthodox,1991-02-27,19-7-0,19,7,0,0,4.64,51.0,3.82,51.0,1.69,42.0,54.0,0.8,73.0,False
288aaa8f82040e02,Dante Rivera,73.0,185.0,,Southpaw,1974-12-08,16-7-0,16,7,0,0,2.27,53.0,4.0,25.0,0.0,0.0,16.0,0.0,74.91483225558883,True
28ba5f27e473420c,Alexandre Ferreira,67.0,205.0,,Orthodox,1979-04-25,18-6-0,18,6,0,0,2.57,60.0,8.14,42.0,0.0,0.0,0.0,0.0,68.58274947881027,True
28c55b4087a6f136,Elvis Mutapcic,72.0,185.0,72.0,Orthodox,1986-07-19,15-6-1,15,6,1,0,3.41,40.0,4.27,38.0,0.0,0.0,81.0,0.0,72.0,False
28d421729451c8ca,Carlos Leal,71.0,170.0,74.0,Orthodox,1994-05-04,23-7-0,23,7,0,0,8.75,47.0,7.78,48.0,0.43,11.0,90.0,0.0,74.0,False
28f3c2258a1d8874,John Hathaway,73.0,170.0,75.0,Orthodox,1987-07-23,17-2-0,17,2,0,0,3.4,40.0,1.8,62.0,2.61,43.0,60.0,0.9,75.0,False
28f62d866c59c709,Waylon Lowe,67.0,145.0,,Southpaw,1980-10-31,16-7-0 (2 NC),16,7,0,2,1.88,55.0,2.4,53.0,4.47,55.0,83.0,0.3,68.58274947881027,True
29162be25ebef5f0,Luis Gurule,65.0,125.0,64.0,Orthodox,1993-11-16,11-4-0,11,4,0,0,5.44,43.0,5.35,57.0,0.64,15.0,60.0,0.2,64.0,False
2924886ee9c4c527,Thiago Silva,74.0,205.0,74.0,Orthodox,1982-11-12,19-6-0 (2 NC),19,6,0,2,3.92,50.0,2.55,67.0,1.03,47.0,70.0,0.7,74.0,False
2937cb502dda0808,Anistavio Medeiros,66.0,145.0,,Orthodox,1988-05-01,19-10-0,19,10,0,0,3.64,44.0,5.0,47.0,0.0,0.0,0.0,0.0,67.52740234934717,True
294aa73dbf37d281,Bruno Silva,64.0,125.0,65.0,Orthodox,1990-03-16,15-9-2 (1 NC),15,9,2,1,3.95,51.0,4.72,51.0,1.94,24.0,72.0,0.2,65.0,False
2961be02cfb0d2c1,Roman Mitichyan,70.0,170.0,,Orthodox,1978-09-04,8-3-0,8,3,0,0,0.26,16.0,2.7,43.0,1.93,100.0,25.0,1.9,71.74879086719955,True
296a120cb880477b,Kiru Sahota,70.0,125.0,73.0,Orthodox,1995-05-28,12-3-0,12,3,0,0,4.05,52.0,2.64,41.0,0.92,33.0,50.0,0.5,73.0,False
2975297f505e9447,Jonny Parsons,69.0,170.0,69.0,Orthodox,1991-09-06,9-3-0,9,3,0,0,4.65,44.0,4.89,60.0,0.0,0.0,66.0,0.0,69.0,False
297a2b35444c245b,Mandy Bohm,67.0,125.0,71.0,Orthodox,1989-07-30,8-2-0 (1 NC),8,2,0,1,2.51,45.0,3.24,60.0,0.72,18.0,75.0,0.7,71.0,False
2997e7fe3c9d3d4a,Wang Cong,66.0,125.0,65.0,Southpaw,1992-05-15,10-1-0,10,1,0,0,6.82,58.0,2.73,60.0,0.62,75.0,85.0,0.6,65.0,False
29af297d9f1de0f8,Damon Jackson,71.0,155.0,71.0,Switch,1988-08-08,23-8-1 (1 NC),23,8,1,1,2.96,42.0,3.47,49.0,2.3,32.0,37.0,1.2,71.0,False
29f935654825331b,Chris Sanford,71.0,185.0,,Orthodox,1968-03-12,5-1-0,5,1,0,0,0.23,50.0,3.22,17.0,0.0,0.0,0.0,3.5,72.80413799666265,True
2a4200ead401a9ce,Carls John De Tomas,65.0,125.0,71.0,Southpaw,1996-08-28,6-2-0,6,2,0,0,1.74,37.0,3.93,44.0,1.37,33.0,66.0,0.0,71.0,False
2a542ee8a8b83559,Tim Sylvia,80.0,265.0,80.0,Orthodox,1976-03-05,31-10-0 (1 NC),31,10,0,1,4.23,41.0,2.61,61.0,0.11,100.0,75.0,0.1,80.0,False
2a6f8136da1e52c0,Koji Kitao,79.0,350.0,,Southpaw,1963-10-12,1-2-0,1,2,0,0,0.0,0.0,0.0,0.0,0.0,0.0,0.0,0.0,81.2469150323674,True
2a7afe14b3a0a058,Asbel Cancio,70.0,225.0,,,,0-1-0,0,1,0,0,0.0,0.0,0.0,0.0,0.0,0.0,0.0,0.0,71.74879086719955,True
2a8502954f49e682,Vinicius Queiroz,79.0,220.0,,Orthodox,1983-08-29,8-4-0,8,4,0,0,3.67,51.0,4.1,41.0,5.07,70.0,100.0,0.7,81.2469150323674,True
2aa49b3766a59bcd,Jordan Mein,72.0,170.0,73.0,Orthodox,1989-10-10,31-12-0,31,12,0,0,3.35,44.0,2.55,69.0,1.56,58.0,66.0,0.2,73.0,False
2ac4628c08ec5125,Markus Perez,73.0,185.0,73.0,Orthodox,1988-06-22,12-5-0,12,5,0,0,2.6,47.0,3.72,52.0,0.81,25.0,77.0,1.0,73.0,False
2adb11835acd815b,Tom Blackledge,,205.0,,Orthodox,,10-7-0,10,7,0,0,2.91,61.0,2.55,46.0,0.0,0.0,75.0,0.0,,False
2af2f2e26c4c0402,Hunter Azure,68.0,145.0,69.0,Orthodox,1992-03-02,9-2-0,9,2,0,0,3.92,53.0,2.08,58.0,1.97,34.0,67.0,1.3,69.0,False
2b06b6ad5db63348,Brandon Melendez,71.0,155.0,,Southpaw,1983-03-24,25-25-0,25,25,0,0,0.84,26.0,0.56,63.0,0.0,0.0,25.0,0.0,72.80413799666265,True
2b074403b7c6cdb4,Thomas Almeida,67.0,145.0,70.0,Southpaw,1991-07-31,22-5-0,22,5,0,0,4.84,43.0,4.93,61.0,0.17,14.0,75.0,0.0,70.0,False
2b1587a3376ab743,Ernie Verdicia,71.0,199.0,,Orthodox,,0-1-0,0,1,0,0,0.0,0.0,0.0,0.0,0.0,0.0,0.0,0.0,72.80413799666265,True
2b266e623e20737a,Rodrigo Vera,68.0,145.0,68.0,Orthodox,1995-10-18,22-1-1,22,1,1,0,9.27,58.0,3.82,50.0,8.18,100.0,0.0,0.0,68.0,False
2b4faacc16d66898,Eiji Mitsuoka,67.0,145.0,,Southpaw,1976-01-01,18-9-2,18,9,2,0,1.49,49.0,2.26,45.0,2.3,36.0,20.0,1.6,68.58274947881027,True
2b68d9f125d07b42,Jared Vanderaa,76.0,265.0,80.0,Orthodox,1992-05-12,12-10-0,12,10,0,0,4.96,44.0,5.67,45.0,0.18,50.0,20.0,0.0,80.0,False
2b6d855c6e280fb1,Alex Nicholson,76.0,185.0,77.0,Orthodox,1990-05-02,7-4-0,7,4,0,0,4.12,43.0,4.65,47.0,0.0,0.0,50.0,0.5,77.0,False
2b6fc1c02736833d,Umar Nurmagomedov,68.0,135.0,69.0,Orthodox,1996-01-03,20-1-0,20,1,0,0,3.86,56.0,1.86,61.0,4.03,46.0,79.0,0.2,69.0,False
2b93ebd9f5417ad2,Michael Bisping,73.0,185.0,75.0,Orthodox,1979-02-28,30-9-0,30,9,0,0,4.33,38.0,2.71,65.0,1.05,43.0,63.0,0.3,75.0,False
2bd98ab77a8daa75,Stewart Nicoll,65.0,125.0,65.0,Orthodox,1994-11-04,8-3-0,8,3,0,0,3.63,39.0,5.84,49.0,1.63,11.0,28.0,0.0,65.0,False
2be6596a9db33bf5,Jason MacDonald,75.0,185.0,80.0,Orthodox,1975-06-03,25-16-0,25,16,0,0,1.55,52.0,2.7,46.0,1.43,16.0,35.0,2.0,80.0,False
2c010b26a3306969,Orion Cosce,71.0,170.0,71.0,Switch,1994-07-15,8-2-0,8,2,0,0,2.77,53.0,4.02,44.0,1.92,40.0,61.0,0.0,71.0,False
2c1170b825f58e57,Guangyou Ning,64.0,145.0,64.0,Southpaw,1981-12-15,5-4-1,5,4,1,0,2.66,41.0,1.91,61.0,1.09,50.0,62.0,0.3,64.0,False
2c2caf2f2bab9df5,Humberto Bandenay,71.0,145.0,71.0,Southpaw,1994-09-04,14-7-0 (1 NC),14,7,0,1,2.22,41.0,4.79,41.0,2.9,46.0,62.0,0.5,71.0,False
2c483cf443f38ece,Vanessa Demopoulos,62.0,125.0,59.0,Orthodox,1988-09-22,11-8-0,11,8,0,0,3.37,39.0,5.39,41.0,0.32,9.0,26.0,0.4,59.0,False
2c5a0b8317f8f27a,Roque Martinez,70.0,250.0,72.0,Orthodox,1986-03-04,15-8-2,15,8,2,0,3.28,53.0,4.9,56.0,0.38,50.0,53.0,0.4,72.0,False
2c5f5749569eef66,Tainara Lisboa,67.0,135.0,67.0,Orthodox,1991-03-02,7-4-0,7,4,0,0,2.01,44.0,2.88,45.0,1.67,31.0,53.0,0.3,67.0,False
2c64c035485906aa,Nah-Shon Burrell,71.0,170.0,,Orthodox,1990-02-05,15-7-0 (1 NC),15,7,0,1,4.83,47.0,3.45,56.0,0.0,0.0,52.0,0.3,72.80413799666265,True
2c6e81426dd7573c,Jack May,80.0,255.0,,Switch,1981-04-14,9-3-0,9,3,0,0,1.52,38.0,3.29,33.0,0.91,33.0,20.0,0.0,82.3022621618305,True
2c99576fefe53c7c,Renan Barao,66.0,145.0,70.0,Orthodox,1987-01-31,34-9-0 (1 NC),34,9,0,1,3.78,36.0,3.9,57.0,1.49,41.0,91.0,0.5,70.0,False
2c9d00968f818270,Hakeem Dawodu,68.0,145.0,73.0,Orthodox,1991-07-02,13-4-1,13,4,1,0,5.45,50.0,3.37,56.0,0.0,0.0,65.0,0.0,73.0,False
2caf993f53541fa1,Andreas Gustafsson,73.0,170.0,73.0,Orthodox,1991-02-20,12-3-0,12,3,0,0,5.82,71.0,3.63,45.0,6.19,58.0,100.0,0.0,73.0,False
2cd428e9606856fd,Jairzinho Rozenstruik,74.0,242.0,78.0,Orthodox,1988-03-17,15-6-0,15,6,0,0,3.48,48.0,2.63,52.0,0.0,0.0,72.0,0.0,78.0,False
2cdb479a0ef0ee1d,Xiong Jingnan,64.0,115.0,63.0,Switch,1988-01-12,19-3-0,19,3,0,0,4.53,34.0,8.13,38.0,0.0,0.0,75.0,0.0,63.0,False
2cfba6c837c03ed0,Patchy Mix,71.0,135.0,70.0,Southpaw,1993-08-16,20-3-0,20,3,0,0,5.3,43.0,7.3,43.0,2.5,62.0,0.0,0.0,70.0,False
2d447cc91bdaa545,Joachim Christensen,75.0,205.0,76.0,Orthodox,1978-11-07,14-6-0,14,6,0,0,3.78,41.0,3.29,46.0,0.0,0.0,0.0,0.0,76.0,False
2db0c114414d4f06,Karine Gevorgyan,64.0,125.0,63.0,,1989-03-09,3-3-0,3,3,0,0,1.2,20.0,1.8,76.0,0.0,0.0,0.0,0.0,63.0,False
2db7fa8db6bc9632,Shane Nelson,69.0,155.0,70.0,Southpaw,1984-11-29,16-7-0,16,7,0,0,1.38,31.0,2.84,61.0,1.31,18.0,54.0,1.6,70.0,False
2dbc60c52de126d8,Harry Hardwick,68.0,145.0,71.0,Switch,1994-09-29,13-5-1,13,5,1,0,5.47,42.0,8.54,44.0,0.0,0.0,0.0,0.0,71.0,False
2dc1bc1a02961656,Manny Bermudez,70.0,145.0,71.0,Orthodox,1994-07-16,14-2-0,14,2,0,0,2.92,61.0,2.68,46.0,3.06,54.0,0.0,3.1,71.0,False
2de91c2244ad7e89,Dominic Waters,73.0,170.0,79.0,Orthodox,1989-04-11,9-5-0,9,5,0,0,0.48,23.0,2.53,39.0,4.07,52.0,28.0,0.0,79.0,False
2e04a3b4a2011b97,Roland Payne,69.0,205.0,,Orthodox,,0-1-0,0,1,0,0,0.0,0.0,0.0,0.0,0.0,0.0,0.0,0.0,70.69344373773646,True
2e19380f34871c6a,Dominick Reyes,76.0,205.0,77.0,Southpaw,1989-12-26,16-5-0,16,5,0,0,4.99,53.0,3.4,49.0,0.25,28.0,82.0,0.2,77.0,False
2e25c1d983c26311,Colton Smith,72.0,155.0,71.0,Orthodox,1987-08-14,7-4-0,7,4,0,0,1.64,41.0,2.3,51.0,4.09,36.0,25.0,1.4,71.0,False
2e45d08b3f2f02c8,Malcolm Wellmaker,70.0,135.0,71.0,Switch,1994-06-04,10-2-0,10,2,0,0,4.58,55.0,4.23,52.0,0.0,0.0,46.0,0.0,71.0,False
2e585c701f72fe55,Ian Heinisch,71.0,185.0,72.0,Orthodox,1988-08-05,14-5-0,14,5,0,0,3.25,50.0,2.98,59.0,1.02,17.0,59.0,0.7,72.0,False
2e5c2aa8e4ab9d82,Paulo Costa,73.0,205.0,72.0,Orthodox,1991-04-21,16-4-0,16,4,0,0,6.15,59.0,5.96,49.0,0.3,42.0,77.0,0.0,72.0,False
2e7878927067fdca,Manuel Torres,70.0,155.0,73.0,Switch,1995-03-25,17-4-0,17,4,0,0,6.57,56.0,4.24,50.0,1.32,66.0,76.0,0.7,73.0,False
2ebfbe72ed703925,Tristan Connelly,70.0,145.0,68.0,Orthodox,1985-12-12,14-8-0,14,8,0,0,3.31,51.0,2.96,50.0,0.33,14.0,60.0,0.3,68.0,False
2ee09ec2a0695eb9,Mike van Arsdale,74.0,205.0,,Switch,1965-06-20,8-5-0,8,5,0,0,1.52,41.0,1.91,41.0,1.06,14.0,37.0,0.0,75.97017938505194,True
2eeaefbfc7f9fcff,Lina Lansberg,67.0,135.0,65.0,Orthodox,1982-03-13,10-8-0,10,8,0,0,2.69,55.0,3.87,44.0,0.52,27.0,47.0,0.1,65.0,False
2efbc83a6b9b7f86,Tai Bowden,71.0,230.0,,,,1-1-0,1,1,0,0,0.0,0.0,0.0,0.0,0.0,0.0,0.0,0.0,72.80413799666265,True
2f13e4020cea5b38,Raphael Assuncao,65.0,135.0,66.0,Orthodox,1982-07-19,28-10-0,28,10,0,0,3.22,42.0,2.5,66.0,1.65,39.0,78.0,0.2,66.0,False
2f1700b3a4a09bc7,Paul Georgieff,74.0,170.0,,Orthodox,1982-09-22,6-2-0,6,2,0,0,2.55,40.0,2.34,35.0,0.0,0.0,0.0,0.0,75.97017938505194,True
2f181c0467965b98,Brendan Allen,74.0,185.0,75.0,Orthodox,1995-12-28,27-7-0,27,7,0,0,3.75,52.0,3.78,47.0,1.52,41.0,57.0,1.1,75.0,False
2f1a257d6777096d,Luigi Vendramini,68.0,155.0,73.0,Orthodox,1996-01-16,9-3-0,9,3,0,0,2.82,40.0,3.82,57.0,1.11,15.0,100.0,0.6,73.0,False
2f3f12002564bb55,Steve Bruno,70.0,170.0,,Orthodox,1981-11-03,15-6-0,15,6,0,0,0.96,52.0,3.38,36.0,1.94,25.0,46.0,0.4,71.74879086719955,True
2f43a3e82661fa99,Rei Tsuruya,66.0,125.0,68.0,Orthodox,2002-06-22,11-1-0,11,1,0,0,2.4,53.0,1.91,43.0,5.03,37.0,50.0,2.0,68.0,False
2f5cbecbbe18bac4,Shamil Abdurakhimov,75.0,235.0,76.0,Orthodox,1981-09-02,20-8-0,20,8,0,0,2.41,44.0,3.02,55.0,1.01,23.0,45.0,0.1,76.0,False
2f6a993c7f547c13,Sergey Morozov,66.0,135.0,67.0,Orthodox,1989-06-14,19-5-0,19,5,0,0,3.01,43.0,2.97,61.0,3.63,31.0,68.0,0.0,67.0,False
2f732dd9210d301f,Tito Ortiz,75.0,205.0,74.0,Orthodox,1975-01-23,19-12-1,19,12,1,0,2.59,46.0,2.88,60.0,2.47,35.0,54.0,0.6,74.0,False
2f815ed5f8278ba6,Ateba Gautier,76.0,185.0,81.0,Switch,2002-04-10,11-1-0,11,1,0,0,4.32,43.0,2.6,54.0,0.41,100.0,93.0,0.0,81.0,False
2f95a3c6d58b2aad,Iuri Alcantara,69.0,135.0,71.0,Southpaw,1980-08-04,35-10-0 (1 NC),35,10,0,1,2.72,45.0,2.79,49.0,1.44,62.0,60.0,0.8,71.0,False
2fc7e9701642ca38,Matthew Lopez,67.0,135.0,69.0,Southpaw,1987-01-21,10-4-0,10,4,0,0,3.13,50.0,3.73,55.0,3.32,60.0,71.0,1.3,69.0,False
2fe9032955c2e013,Joseph Morales,66.0,125.0,69.0,Switch,1994-08-22,15-2-0,15,2,0,0,2.0,40.0,2.05,57.0,1.14,42.0,26.0,3.0,69.0,False
2fee10d5cf86bfca,Maia Stevenson,64.0,115.0,62.0,Orthodox,1982-03-19,6-5-0,6,5,0,0,1.57,54.0,3.13,33.0,3.91,100.0,50.0,0.0,62.0,False
2ff2e6e5abea3e53,Lewis Gonzalez,70.0,170.0,,Orthodox,1987-09-19,11-3-0,11,3,0,0,1.4,37.0,1.87,41.0,2.0,33.0,62.0,0.0,71.74879086719955,True
3033c1c080672475,Dakota Bush,70.0,155.0,73.0,Orthodox,1994-06-09,8-4-0,8,4,0,0,2.77,38.0,4.42,41.0,2.4,33.0,0.0,0.0,73.0,False
303a05a7aa3ff761,Richard Walsh,72.0,170.0,73.0,Orthodox,1988-12-01,9-5-0,9,5,0,0,3.84,46.0,2.72,58.0,1.55,40.0,66.0,0.2,73.0,False
304a21d0595e1a08,Justin Jaynes,67.0,145.0,68.0,Orthodox,1989-08-10,16-8-0,16,8,0,0,3.34,44.0,5.33,62.0,0.75,40.0,20.0,1.1,68.0,False
304fcd812f12c589,Geza Kalman,73.0,200.0,,,,4-9-0,4,9,0,0,0.0,0.0,0.0,0.0,0.0,0.0,0.0,0.0,74.91483225558883,True
3058888c33149a53,Yusuke Kasuya,67.0,155.0,,Southpaw,1989-11-16,9-3-0,9,3,0,0,2.17,44.0,4.34,48.0,1.36,33.0,0.0,0.0,68.58274947881027,True
305d73ede05e31ad,Austin Lingo,70.0,145.0,70.0,Orthodox,1994-07-10,9-3-0,9,3,0,0,3.86,37.0,4.86,57.0,0.43,66.0,75.0,0.0,70.0,False
30a09e43f15f1d75,Paulo Thiago,71.0,170.0,74.0,Orthodox,1981-01-25,18-9-0,18,9,0,0,1.71,39.0,1.99,63.0,1.42,31.0,63.0,1.2,74.0,False
30b577b112bef42d,Vernon Ramos Ho,66.0,170.0,,Orthodox,1992-06-03,3-1-0,3,1,0,0,4.0,25.0,8.0,55.0,0.0,0.0,0.0,0.0,67.52740234934717,True
30cad5a751adcb48,Alibi Idiris,66.0,125.0,68.0,Orthodox,1994-10-22,11-1-0 (1 NC),11,1,0,1,2.51,44.0,2.64,60.0,3.25,31.0,66.0,0.0,68.0,False
30cd319d39ee689b,Gerry Harris,80.0,270.0,,Orthodox,,1-4-0,1,4,0,0,0.0,0.0,0.0,0.0,0.0,0.0,0.0,0.0,82.3022621618305,True
30ea504870f8597b,Josh Stansbury,74.0,205.0,74.0,Orthodox,1984-11-19,4-8-0,4,8,0,0,3.22,54.0,3.54,54.0,0.0,0.0,87.0,1.0,74.0,False
31123249b0bbf52e,Matt Brown,72.0,170.0,75.0,Orthodox,1981-01-10,26-19-0,26,19,0,0,3.76,55.0,2.92,55.0,1.68,46.0,63.0,1.3,75.0,False
312f47c3d2f83ffa,Houston Dorr,73.0,210.0,,Orthodox,,1-2-0,1,2,0,0,0.0,0.0,0.0,0.0,0.0,0.0,0.0,0.0,74.91483225558883,True
312f7d7b2b2f7de4,Djorden Santos,72.0,185.0,75.0,Orthodox,1997-08-01,11-3-0,11,3,0,0,6.64,42.0,6.35,48.0,0.51,28.0,85.0,0.0,75.0,False
3138fab619faf4d1,Brian Cobb,71.0,155.0,,Orthodox,1980-09-03,20-9-0,20,9,0,0,0.0,0.0,3.68,55.0,5.81,50.0,0.0,0.0,72.80413799666265,True
3143bf892608139a,Yana Santos,66.0,135.0,68.0,Orthodox,1989-11-11,17-8-0 (1 NC),17,8,0,1,4.41,57.0,3.12,52.0,0.78,47.0,51.0,0.1,68.0,False
31652c9267606d54,John Lober,71.0,199.0,,Orthodox,1968-02-26,5-9-4,5,9,4,0,0.0,0.0,0.0,0.0,0.0,0.0,0.0,0.0,72.80413799666265,True
318572f6f74b760d,Charlie Ontiveros,74.0,155.0,74.0,Switch,1991-07-04,11-9-0,11,9,0,0,1.89,41.0,5.86,31.0,0.0,0.0,30.0,0.0,74.0,False
318e629d1eb7aa49,Richie Hightower,68.0,170.0,,Orthodox,1974-11-26,8-4-0 (1 NC),8,4,0,1,4.62,35.0,6.92,21.0,3.46,100.0,100.0,0.0,69.63809660827336,True
319fa1bd3176bded,Johnny Rhodes,72.0,210.0,,Orthodox,,2-1-0,2,1,0,0,0.0,0.0,0.0,0.0,0.0,0.0,0.0,0.0,73.85948512612573,True
31a13532e724ca2b,Stevie Ray,70.0,155.0,70.0,Southpaw,1990-03-25,23-9-0,23,9,0,0,3.73,44.0,2.93,54.0,0.75,46.0,55.0,0.6,70.0,False
31bb0772f21cabd8,Daniel Lacerda,66.0,125.0,70.0,Switch,1996-06-05,11-6-0 (1 NC),11,6,0,1,3.95,45.0,8.28,34.0,2.32,50.0,0.0,1.2,70.0,False
31bbd39c0a075d4e,Pingyuan Liu,66.0,135.0,72.0,Orthodox,1993-02-13,13-7-0,13,7,0,0,2.36,33.0,2.99,54.0,0.25,20.0,56.0,1.0,72.0,False
31bbd46d57dfbcb7,John Campetella,69.0,235.0,,Orthodox,,0-1-0,0,1,0,0,0.0,0.0,0.0,0.0,0.0,0.0,0.0,0.0,70.69344373773646,True
31c01fbc2586a5eb,Dwayne Cason,70.0,212.0,,Orthodox,,1-1-0,1,1,0,0,0.0,0.0,0.0,0.0,0.0,0.0,0.0,0.0,71.74879086719955,True
31ceaf0e670c1578,Gil Castillo,69.0,170.0,,Southpaw,1965-10-21,8-5-0,8,5,0,0,0.6,45.0,2.22,44.0,3.33,45.0,50.0,0.0,70.69344373773646,True
31d7446b184e3305,Magomed Mustafaev,68.0,155.0,71.0,Orthodox,1988-08-02,14-4-0,14,4,0,0,2.59,58.0,2.68,41.0,3.31,50.0,23.0,0.4,71.0,False
31dbfbe4e7a6727c,Trey Waters,77.0,170.0,77.0,Orthodox,1995-02-21,9-2-0,9,2,0,0,6.39,44.0,5.83,55.0,0.4,33.0,85.0,0.8,77.0,False
31ee470ef5dc8d7f,Thiago Alves,69.0,170.0,70.0,Orthodox,1983-10-03,23-15-0,23,15,0,0,3.73,41.0,3.42,62.0,0.71,60.0,63.0,0.3,70.0,False
31ef8b67e13495b3,Tecia Pennington,61.0,115.0,60.0,Orthodox,1989-08-16,15-8-0,15,8,0,0,4.73,48.0,3.48,61.0,0.56,14.0,62.0,0.1,60.0,False
31f8081c7600da93,Kyle Nelson,71.0,155.0,71.0,Switch,1991-04-20,17-7-1,17,7,1,0,3.6,45.0,4.58,53.0,1.18,23.0,66.0,0.5,71.0,False
32016899d0a222a3,Lee Murray,75.0,185.0,,Orthodox,1977-09-12,8-2-1 (1 NC),8,2,1,1,0.36,15.0,3.28,32.0,0.9,100.0,42.0,1.8,77.02552651451502,True
320edfb0332b7073,Fredson Paixao,66.0,145.0,66.0,Orthodox,1979-05-13,10-5-0 (1 NC),10,5,0,1,1.71,54.0,2.31,62.0,0.62,11.0,10.0,2.2,66.0,False
322a56923b396b4d,DaMarques Johnson,73.0,170.0,75.0,Orthodox,1982-06-28,15-15-0,15,15,0,0,2.11,37.0,3.75,51.0,1.18,55.0,19.0,0.7,75.0,False
3236bf606fe9fa5b,Travis Browne,78.0,255.0,79.0,Orthodox,1982-07-17,18-7-1,18,7,1,0,2.93,41.0,4.31,42.0,1.21,68.0,75.0,0.2,79.0,False
323d4ca260dfa0ba,Esteban Ribovics,70.0,155.0,69.0,Orthodox,1996-04-27,15-3-0,15,3,0,0,7.27,43.0,5.83,54.0,0.35,66.0,66.0,0.2,69.0,False
32490e80ddab1e5a,Song Kenan,72.0,170.0,71.0,Orthodox,1990-03-10,22-9-0,22,9,0,0,4.49,46.0,5.82,51.0,0.42,30.0,73.0,0.0,71.0,False
3253b16d38ae087d,Julianna Pena,66.0,135.0,69.0,Orthodox,1989-08-19,13-6-0,13,6,0,0,3.1,44.0,2.56,57.0,1.7,54.0,24.0,0.8,69.0,False
325ad0dd9126d3df,Randy Costa,69.0,135.0,73.0,Switch,1994-07-06,6-4-0,6,4,0,0,6.53,46.0,7.58,58.0,0.0,0.0,50.0,0.0,73.0,False
3261aa79bf6caa64,Ben Johnston,76.0,185.0,76.0,Orthodox,1990-10-11,5-2-0,5,2,0,0,1.01,75.0,1.01,29.0,2.54,100.0,100.0,0.0,76.0,False
326a001926ffb7ec,Darian Weeks,71.0,170.0,72.0,Orthodox,1993-11-23,5-3-0,5,3,0,0,4.49,51.0,4.56,51.0,2.0,30.0,100.0,0.0,72.0,False
326f94d6cfb1bf25,Ben Sosoli,72.0,265.0,72.0,Southpaw,1989-12-10,7-3-0 (2 NC),7,3,0,2,2.31,31.0,4.3,47.0,0.0,0.0,0.0,0.0,72.0,False
327d5f279895110d,Roman Dolidze,74.0,185.0,76.0,Orthodox,1988-07-15,15-5-0,15,5,0,0,3.19,41.0,3.71,48.0,1.16,43.0,32.0,0.7,76.0,False
329e403448756217,Nathaniel Wood,66.0,145.0,69.0,Orthodox,1993-05-08,23-6-0,23,6,0,0,5.64,51.0,4.25,54.0,1.35,48.0,73.0,0.5,69.0,False
32a3025d5db456ae,Jon Hess,79.0,295.0,,,,1-1-0,1,1,0,0,0.0,0.0,0.0,0.0,0.0,0.0,0.0,0.0,81.2469150323674,True
32ab52e5de93092d,Steve Erceg,68.0,125.0,68.0,Orthodox,1995-07-27,14-4-0,14,4,0,0,4.64,47.0,4.07,55.0,1.13,28.0,67.0,0.4,68.0,False
32ba186f4b0e3267,Brian Ebersole,72.0,170.0,73.0,Southpaw,1980-11-27,51-18-1 (1 NC),51,18,1,1,2.32,49.0,2.14,56.0,1.7,23.0,61.0,0.1,73.0,False
32be4b7f7de1c905,Chico Camus,66.0,125.0,66.0,Orthodox,1985-01-26,17-7-0 (1 NC),17,7,0,1,2.58,41.0,2.46,64.0,0.77,40.0,72.0,0.4,66.0,False
32c03df3c9760069,Wendell Oliveira Marques,70.0,170.0,,Orthodox,1983-06-01,29-10-0,29,10,0,0,3.77,47.0,4.4,47.0,0.0,0.0,100.0,0.0,71.74879086719955,True
32c355b04fc57f3a,Marc Diakiese,70.0,155.0,73.0,Orthodox,1993-03-16,17-7-0,17,7,0,0,2.54,40.0,2.64,52.0,3.29,43.0,66.0,0.0,73.0,False
32c3ee378671a5d9,Austin Vanderford,71.0,170.0,74.0,Orthodox,1990-03-21,13-3-0,13,3,0,0,3.04,59.0,2.71,48.0,3.08,35.0,100.0,1.2,74.0,False
32feae6d9a1e5047,Quang Le,67.0,135.0,70.0,Orthodox,1991-10-18,9-3-0,9,3,0,0,2.82,38.0,4.59,49.0,2.9,33.0,100.0,0.4,70.0,False
33011768c3c4dc9a,Terry Etim,73.0,155.0,73.0,Orthodox,1986-01-11,16-5-0,16,5,0,0,2.16,35.0,2.53,67.0,0.43,30.0,39.0,1.4,73.0,False
330bafba312face4,Oliver Enkamp,72.0,170.0,77.0,Switch,1991-08-10,7-2-0,7,2,0,0,2.38,36.0,3.55,37.0,0.87,16.0,0.0,0.0,77.0,False
330ec26453c44a59,Mike Nickels,76.0,205.0,,Orthodox,1971-12-13,9-5-0,9,5,0,0,4.44,52.0,1.11,64.0,11.11,80.0,0.0,2.8,78.08087364397812,True
3329d692aea4dc28,Hamdy Abdelwahab,74.0,265.0,72.0,Southpaw,1993-01-22,7-1-0 (1 NC),7,1,0,1,4.27,55.0,3.67,51.0,3.25,65.0,100.0,0.0,72.0,False
333b9e5c723ac873,Aleksandar Rakic,76.0,205.0,78.0,Orthodox,1992-02-06,14-6-0,14,6,0,0,4.13,50.0,2.86,51.0,0.64,21.0,85.0,0.1,78.0,False
3351aa64aa83c4d9,Cory McKenna,63.0,115.0,58.0,Orthodox,1999-07-11,8-4-0,8,4,0,0,2.94,38.0,3.68,46.0,2.0,47.0,75.0,0.4,58.0,False
338a11d3674eb2d4,Aaron Wilkinson,70.0,155.0,,Orthodox,1987-01-31,11-7-0,11,7,0,0,0.0,0.0,0.0,100.0,7.32,100.0,0.0,0.0,71.74879086719955,True
33a331684283900f,Eddie Alvarez,69.0,155.0,69.0,Orthodox,1984-01-11,29-6-0 (1 NC),29,6,0,1,4.32,41.0,4.39,55.0,2.92,36.0,92.0,0.5,69.0,False
33a86e839ad202d8,Luis Felipe Dias,70.0,185.0,74.0,,1995-01-17,18-5-0,18,5,0,0,2.86,45.0,2.71,55.0,4.52,57.0,66.0,1.1,74.0,False
33a8708747b7f943,Lucas Brennan,70.0,155.0,72.0,Southpaw,2000-06-03,11-3-0,11,3,0,0,0.6,25.0,2.2,52.0,0.0,0.0,33.0,1.0,72.0,False
33b2f68ef95252e0,Miguel Torres,69.0,135.0,76.0,Orthodox,1981-01-18,44-9-0,44,9,0,0,3.98,43.0,1.86,74.0,0.0,0.0,17.0,1.6,76.0,False
33e00249ef08d3a4,Jake Lindsey,71.0,155.0,,Switch,1986-06-21,12-7-0,12,7,0,0,3.44,52.0,4.01,46.0,0.65,33.0,50.0,0.0,72.80413799666265,True
33e33d51f289d2a1,Maurice Smith,74.0,221.0,,Orthodox,1961-12-13,12-14-0,12,14,0,0,0.41,46.0,0.47,60.0,0.89,50.0,20.0,0.9,75.97017938505194,True
33efaf2d0941cfcf,Andre Fialho,72.0,170.0,74.0,Orthodox,1994-04-07,16-8-0 (1 NC),16,8,0,1,3.3,41.0,6.26,45.0,0.25,100.0,66.0,0.0,74.0,False
3410cf010558dc8b,Scott Smith,72.0,185.0,70.0,Orthodox,1979-05-21,18-11-0 (1 NC),18,11,0,1,1.9,27.0,5.87,50.0,0.12,6.0,58.0,0.5,70.0,False
3414b50b08a10600,Antonio McKee,68.0,155.0,,Southpaw,1970-03-12,29-6-2,29,6,2,0,1.37,45.0,0.74,74.0,1.47,33.0,57.0,0.0,69.63809660827336,True
34218661c44ed55d,Michel Batista,75.0,260.0,,Orthodox,1984-04-20,4-1-0 (1 NC),4,1,0,1,0.0,0.0,4.03,40.0,6.72,50.0,0.0,0.0,77.02552651451502,True
348dff4e03bd18c6,Stefan Sekulic,72.0,170.0,75.0,Southpaw,1992-02-12,12-4-0,12,4,0,0,1.83,50.0,2.83,64.0,2.0,33.0,25.0,0.5,75.0,False
349aaa3da11eb587,Karo Parisyan,70.0,170.0,72.0,Orthodox,1982-08-28,24-11-0 (1 NC),24,11,0,1,2.49,41.0,2.19,58.0,5.27,59.0,59.0,1.0,72.0,False
34b96d52db1d26e6,Kevin Borjas,65.0,125.0,68.0,Orthodox,1997-12-06,11-5-0,11,5,0,0,3.87,42.0,5.27,50.0,0.0,0.0,72.0,0.0,68.0,False
34c2b3656f88f7ef,Aaron Phillips,69.0,135.0,71.0,Southpaw,1989-08-05,12-5-0,12,5,0,0,1.51,53.0,3.66,43.0,0.86,50.0,44.0,0.6,71.0,False
34e516ab361afb1c,Darrick Minner,67.0,145.0,69.0,Orthodox,1990-04-28,26-14-0,26,14,0,0,2.63,65.0,2.28,35.0,2.4,72.0,66.0,2.7,69.0,False
34e552520a934063,Brad Scott,73.0,170.0,76.0,Orthodox,1989-06-24,11-6-0,11,6,0,0,3.52,41.0,4.31,57.0,0.32,15.0,63.0,0.7,76.0,False
34f88592c0ab7a54,Elias Theodorou,73.0,185.0,75.0,Orthodox,1988-05-31,16-3-0,16,3,0,0,4.19,42.0,2.39,53.0,1.27,28.0,59.0,0.0,75.0,False
34ff304266360297,Manon Fiorot,67.0,125.0,65.0,Orthodox,1990-02-17,13-2-0,13,2,0,0,5.66,42.0,3.58,66.0,1.05,29.0,87.0,0.0,65.0,False
351c4ec637380ad5,Karol Rosa,65.0,135.0,67.0,Orthodox,1994-12-30,19-8-0,19,8,0,0,5.47,55.0,4.28,49.0,1.08,48.0,72.0,0.1,67.0,False
353de740bb6c7e75,Mike Russow,73.0,255.0,73.0,Orthodox,1976-09-11,15-3-0 (1 NC),15,3,0,1,1.55,47.0,2.9,59.0,4.66,43.0,0.0,0.7,73.0,False
35673bf5204524ee,Bo Nickal,73.0,185.0,76.0,Southpaw,1996-01-14,9-1-0,9,1,0,0,3.36,61.0,1.93,60.0,3.12,57.0,100.0,2.3,76.0,False
3591d0d5d382a381,Francis Carmont,75.0,205.0,78.0,Orthodox,1981-10-11,25-12-0,25,12,0,0,2.22,42.0,1.64,59.0,1.79,36.0,73.0,0.6,78.0,False
35b3772629e27a49,Kevin Croom,71.0,135.0,73.0,Orthodox,1987-07-15,21-15-0 (1 NC),21,15,0,1,2.65,34.0,3.1,41.0,0.48,5.0,30.0,0.5,73.0,False
35dc6220b113b7ec,Ryan Roberts,66.0,155.0,,Orthodox,1978-07-16,21-12-1 (1 NC),21,12,1,1,0.0,0.0,22.5,45.0,0.0,0.0,0.0,0.0,67.52740234934717,True
35e1f9984ed64206,Ryan MacDonald,71.0,135.0,71.0,Switch,1993-03-18,10-2-0,10,2,0,0,2.28,29.0,6.49,45.0,0.0,0.0,0.0,0.0,71.0,False
35faad160d346839,Mizuto Hirota,67.0,155.0,67.0,Orthodox,1981-05-05,18-10-2,18,10,2,0,3.36,40.0,3.5,54.0,1.36,50.0,58.0,0.1,67.0,False
3618e0632ecdba9c,Keiichiro Nakamura,70.0,145.0,70.0,Southpaw,1998-12-02,8-1-0,8,1,0,0,4.48,41.0,4.28,63.0,0.0,0.0,78.0,0.0,70.0,False
361d49960a196976,Daniel Pineda,67.0,145.0,69.0,Orthodox,1985-08-06,28-17-0 (3 NC),28,17,0,3,2.85,49.0,3.26,45.0,1.42,24.0,54.0,1.5,69.0,False
36207c58e854cae5,Dashon Johnson,67.0,145.0,,Orthodox,1988-01-25,9-2-0,9,2,0,0,1.01,69.0,3.83,35.0,0.85,33.0,63.0,0.8,68.58274947881027,True
3623bd267a2eef2e,Yaotzin Meza,69.0,145.0,71.0,Orthodox,1981-02-04,21-11-0 (1 NC),21,11,0,1,1.43,41.0,1.62,64.0,1.06,20.0,18.0,1.4,71.0,False
36541f1e6c5d4955,Viviane Araujo,64.0,125.0,68.0,Orthodox,1986-11-21,13-7-0,13,7,0,0,3.84,47.0,4.83,55.0,1.72,43.0,75.0,0.6,68.0,False
36549928f90f1d36,Jose Quinonez,68.0,135.0,69.0,Southpaw,1990-07-28,9-5-0,9,5,0,0,3.6,45.0,3.0,64.0,2.7,47.0,42.0,0.6,69.0,False
365fee2da473b177,Anthony Johnson,74.0,205.0,78.0,Orthodox,1984-03-06,22-6-0,22,6,0,0,3.25,47.0,1.83,60.0,2.43,57.0,77.0,0.6,78.0,False
369e1ce458ef50a6,Ruslan Magomedov,75.0,242.0,78.0,Orthodox,1986-11-26,14-1-0,14,1,0,0,4.02,47.0,1.47,66.0,0.33,100.0,88.0,0.0,78.0,False
369ea36e450ae62a,Armen Petrosyan,75.0,185.0,71.0,Orthodox,1990-11-03,9-5-0,9,5,0,0,5.84,53.0,3.31,53.0,0.17,33.0,41.0,0.0,71.0,False
36a432f22144843e,Neil Grove,78.0,265.0,,Orthodox,1971-01-18,12-8-1,12,8,1,0,0.0,0.0,0.0,0.0,0.0,0.0,100.0,14.3,80.19156790290431,True
36b8f265bcd1b7a4,Abus Magomedov,74.0,185.0,78.0,Orthodox,1990-09-02,29-7-1,29,7,1,0,3.06,48.0,3.34,56.0,2.5,59.0,100.0,0.6,78.0,False
36df8e119aec6175,Sarah Kaufman,65.0,135.0,66.0,Orthodox,1985-09-20,18-4-0 (1 NC),18,4,0,1,6.65,46.0,4.0,62.0,0.38,57.0,81.0,0.0,66.0,False
36e78278a77006d4,Connor Matthews,68.0,145.0,71.0,Switch,1992-05-31,7-4-0,7,4,0,0,4.82,43.0,6.06,55.0,3.24,55.0,46.0,0.7,71.0,False
36fbaa49a09ff997,Brian Houston,74.0,185.0,,Orthodox,1981-04-26,4-6-0,4,6,0,0,1.9,35.0,3.67,53.0,0.95,100.0,87.0,0.0,75.97017938505194,True
37098a6e6c27fb66,Vince Morales,67.0,135.0,70.0,Orthodox,1990-11-12,16-11-0,16,11,0,0,3.54,37.0,3.91,54.0,0.71,47.0,63.0,0.5,70.0,False
3738e68d2261e60f,Andrei Arlovski,75.0,240.0,77.0,Orthodox,1979-02-04,34-24-0 (2 NC),34,24,0,2,3.82,45.0,3.22,57.0,0.37,35.0,76.0,0.2,77.0,False
3753714927f18437,Mohammad Yahya,69.0,145.0,73.0,Switch,1994-05-23,12-6-0,12,6,0,0,3.5,39.0,6.39,43.0,0.5,20.0,42.0,0.5,73.0,False
3795fca327cbcf23,Antonio Mendes,75.0,205.0,77.0,Southpaw,1981-04-19,18-13-0,18,13,0,0,1.34,47.0,6.85,22.0,2.51,50.0,100.0,0.0,77.0,False
37b1696e6d115957,Rolando Delgado,75.0,155.0,77.0,Orthodox,1981-11-22,11-6-1,11,6,1,0,1.56,40.0,1.83,62.0,1.17,22.0,0.0,3.5,77.0,False
37c5366d18ed6c05,Roosevelt Roberts,74.0,155.0,73.0,Orthodox,1994-02-11,12-6-0 (1 NC),12,6,0,1,2.84,43.0,3.1,52.0,1.18,26.0,50.0,0.7,73.0,False
37cc294027f55e4d,Austin Springer,68.0,145.0,71.0,Orthodox,1987-05-12,12-4-0,12,4,0,0,3.54,57.0,3.15,41.0,3.37,40.0,100.0,0.8,71.0,False
37d5b176d438d2a5,Karl Roberson,73.0,205.0,74.0,Southpaw,1990-10-04,9-6-0,9,6,0,0,2.57,51.0,2.42,57.0,0.72,40.0,40.0,0.5,74.0,False
37d752ec41ed84bb,Maria Oliveira,66.0,115.0,69.0,Orthodox,1996-12-12,13-7-0,13,7,0,0,5.03,38.0,5.76,44.0,0.95,44.0,47.0,0.0,69.0,False
37e03538c960bac6,Abdul-Kerim Edilov,74.0,205.0,,Orthodox,1991-11-25,17-4-0,17,4,0,0,10.22,61.0,0.13,92.0,3.98,100.0,0.0,2.0,75.97017938505194,True
37ed1ab2f8b819f4,Brad Riddell,67.0,155.0,71.0,Orthodox,1991-09-30,10-4-0,10,4,0,0,4.71,53.0,3.53,53.0,1.77,36.0,63.0,0.0,71.0,False
37f560436d745c18,Nikolas Motta,69.0,155.0,70.0,Orthodox,1993-02-08,15-6-0 (1 NC),15,6,0,1,4.13,38.0,5.28,52.0,0.0,0.0,83.0,0.0,70.0,False
388abbf8832b5adf,Jeff Joslin,72.0,170.0,,Orthodox,1975-04-30,5-3-0,5,3,0,0,2.17,39.0,1.57,65.0,0.5,33.0,64.0,0.5,73.85948512612573,True
38b50fd1e1b5b656,Razak Al-Hassan,74.0,205.0,,Orthodox,1982-05-14,13-5-0,13,5,0,0,3.27,39.0,3.14,60.0,0.65,14.0,57.0,0.0,75.97017938505194,True
38c5817ade8a8014,Ivana Petrovic,68.0,125.0,70.0,Southpaw,1994-06-11,7-3-0,7,3,0,0,1.91,41.0,2.05,56.0,2.12,38.0,61.0,0.8,70.0,False
38c626ca912c7bac,Damir Hadzovic,69.0,155.0,70.0,Orthodox,1986-08-08,14-8-0,14,8,0,0,3.34,47.0,3.74,59.0,0.91,54.0,34.0,0.1,70.0,False
38c7f72747f4f712,Gillian Robertson,65.0,115.0,63.0,Orthodox,1995-05-17,17-8-0,17,8,0,0,2.71,48.0,2.86,56.0,2.76,40.0,38.0,0.9,63.0,False
38ed5a2299230227,Filip Pejic,68.0,135.0,,Orthodox,1992-07-21,12-2-2,12,2,2,0,0.0,0.0,0.88,33.0,0.0,0.0,0.0,0.0,69.63809660827336,True
3920d0cc288f9b0d,Francisco Prado,70.0,170.0,69.0,Orthodox,2002-06-16,12-5-0,12,5,0,0,3.68,43.0,4.31,54.0,0.76,19.0,40.0,0.8,69.0,False
39330403ad27c2bb,Patrick Williams,68.0,135.0,73.0,Orthodox,1981-09-07,8-6-0,8,6,0,0,4.12,51.0,4.12,52.0,2.71,41.0,100.0,0.5,73.0,False
394f55ebca199124,Ivan Salaverry,72.0,185.0,,Orthodox,1971-01-11,14-9-0,14,9,0,0,3.01,47.0,1.19,76.0,0.49,18.0,36.0,2.5,73.85948512612573,True
3956bdc8ab2e54b3,John Gunther,69.0,155.0,72.0,Orthodox,1985-11-24,5-1-0,5,1,0,0,1.65,37.0,3.72,46.0,7.08,42.0,0.0,0.0,72.0,False
396fe87b84ac2e1c,Lerone Murphy,69.0,145.0,73.0,Orthodox,1991-07-22,17-1-1,17,1,1,0,4.34,51.0,2.65,60.0,1.2,54.0,44.0,0.5,73.0,False
3974fa35c917af1d,Ricardo Lamas,68.0,145.0,71.0,Orthodox,1982-05-21,20-8-0,20,8,0,0,3.13,47.0,2.87,57.0,1.84,33.0,46.0,0.9,71.0,False
399afbabc02376b5,Tom Aspinall,77.0,255.0,78.0,Orthodox,1993-04-11,15-3-0 (1 NC),15,3,0,1,7.63,67.0,3.62,56.0,2.62,80.0,100.0,1.3,78.0,False
39cc64bf0a269db9,Niklas Backstrom,73.0,145.0,,Orthodox,1989-08-22,11-3-0 (1 NC),11,3,0,1,1.12,41.0,3.65,40.0,2.92,80.0,72.0,2.2,74.91483225558883,True
39d309957c5c210d,Mario Pinto,77.0,265.0,79.0,Orthodox,1998-03-14,12-0-0,12,0,0,0,2.85,69.0,1.93,58.0,2.38,26.0,100.0,0.9,79.0,False
39d91e95949de3d9,Felicia Spencer,66.0,145.0,68.0,Orthodox,1990-11-29,9-3-0,9,3,0,0,3.21,48.0,4.54,45.0,1.18,18.0,27.0,0.2,68.0,False
3a12a2f096a6d975,Roger Narvaez,75.0,185.0,,Southpaw,1983-09-09,8-3-0,8,3,0,0,2.12,37.0,3.32,64.0,0.0,0.0,50.0,0.9,77.02552651451502,True
3a24769a4855040a,Diego Nunes,66.0,145.0,67.0,Orthodox,1982-11-30,19-7-0,19,7,0,0,2.72,43.0,2.59,58.0,1.18,44.0,65.0,0.6,67.0,False
3a314d9fa7c6825d,Douglas Silva de Andrade,67.0,145.0,68.0,Orthodox,1985-06-22,29-7-0 (1 NC),29,7,0,1,3.54,38.0,4.09,56.0,0.54,42.0,71.0,0.2,68.0,False
3a46b268013afede,Kevin Holland,75.0,170.0,81.0,Orthodox,1992-11-05,29-15-0 (1 NC),29,15,0,1,4.24,49.0,3.21,50.0,0.79,36.0,57.0,0.6,81.0,False
3a524c6700addc24,Tateki Matsuda,67.0,125.0,,Orthodox,1986-02-27,13-8-0,13,8,0,0,3.2,34.0,3.43,69.0,0.0,0.0,16.0,0.0,68.58274947881027,True
3a8176e15b9887c1,Chris Weidman,74.0,185.0,78.0,Orthodox,1984-06-17,16-8-0,16,8,0,0,3.11,45.0,3.37,51.0,3.27,42.0,72.0,0.8,78.0,False
3aa794cbe1e3484b,Josh Copeland,73.0,265.0,,Orthodox,1982-10-20,12-4-0,12,4,0,0,1.03,31.0,3.01,55.0,0.0,0.0,57.0,0.0,74.91483225558883,True
3ae10ac4df3df05c,Jesse Lennox,69.0,170.0,72.0,Orthodox,1982-03-10,14-4-0,14,4,0,0,2.69,32.0,3.2,64.0,1.22,66.0,63.0,0.3,72.0,False
3b0a516d2921e0d6,Batgerel Danaa,67.0,135.0,70.0,Orthodox,1989-07-04,12-5-0,12,5,0,0,5.38,36.0,4.21,47.0,0.52,50.0,62.0,0.0,70.0,False
3b9f723e2720a238,Roger Bowling,69.0,155.0,68.0,Orthodox,1982-12-05,12-6-0 (1 NC),12,6,0,1,3.9,47.0,3.86,51.0,3.09,43.0,27.0,0.9,68.0,False
3ba3b5cc94498437,Johnny Rees,72.0,170.0,,Orthodox,1982-10-21,13-5-0 (1 NC),13,5,0,1,3.29,64.0,0.84,47.0,1.15,25.0,50.0,0.0,73.85948512612573,True
3bad7ef643840f67,Joe Lauzon,70.0,155.0,71.0,Orthodox,1984-05-22,28-16-0,28,16,0,0,2.84,39.0,5.39,54.0,2.39,45.0,54.0,2.0,71.0,False
3bb2dc8e87b10a46,David Zawada,72.0,170.0,75.0,Orthodox,1990-08-01,17-7-0,17,7,0,0,3.84,41.0,4.54,55.0,0.97,33.0,57.0,1.7,75.0,False
3bbcd63a016d9715,Cameron Dollar,71.0,155.0,,Orthodox,1987-05-12,11-5-0,11,5,0,0,5.04,38.0,2.94,61.0,0.0,0.0,0.0,0.0,72.80413799666265,True
3bc3f60b21cddc6a,Azamat Bekoev,72.0,185.0,72.0,Orthodox,1995-12-30,20-5-0,20,5,0,0,4.57,52.0,6.83,31.0,3.48,43.0,62.0,0.0,72.0,False
3be081c29bf734d9,Takanori Gomi,67.0,155.0,70.0,Southpaw,1978-09-22,35-14-0 (1 NC),35,14,0,1,3.81,41.0,3.52,60.0,1.23,65.0,63.0,0.8,70.0,False
3be16d817b36098b,DongHun Choi,65.0,125.0,66.0,Switch,1999-01-02,9-0-0,9,0,0,0,4.54,66.0,3.13,58.0,0.46,14.0,81.0,0.0,66.0,False
3c0437fbeda06962,George Roop,73.0,135.0,72.0,Orthodox,1981-11-10,15-13-1,15,13,1,0,3.43,34.0,2.47,60.0,1.05,57.0,59.0,0.1,72.0,False
3c241737a6069b9f,Denis Kang,71.0,185.0,77.0,Orthodox,1977-09-17,35-16-2 (2 NC),35,16,2,2,2.27,35.0,1.65,67.0,2.51,65.0,38.0,1.2,77.0,False
3c26c420584d912d,Hailey Cowan,68.0,135.0,67.0,Southpaw,1992-02-12,7-5-0,7,5,0,0,2.66,43.0,2.92,40.0,1.95,42.0,80.0,0.0,67.0,False
3c48019bc387b80c,Billy Miles,70.0,170.0,,Orthodox,1978-04-28,2-2-0,2,2,0,0,0.0,0.0,1.25,33.0,0.0,0.0,0.0,0.0,71.74879086719955,True
3c5005b66696d790,Anthony Ivy,74.0,185.0,74.0,Orthodox,1990-01-23,8-4-0,8,4,0,0,2.5,42.0,4.57,51.0,4.69,20.0,100.0,0.0,74.0,False
3c660c90d48fc80d,Tim Kennedy,71.0,185.0,74.0,Orthodox,1979-09-01,18-6-0,18,6,0,0,2.78,47.0,1.84,62.0,2.58,35.0,70.0,0.7,74.0,False
3c6976f8182d9527,Alexander Gustafsson,77.0,205.0,79.0,Orthodox,1987-01-15,18-8-0,18,8,0,0,4.03,40.0,3.53,51.0,1.53,39.0,83.0,0.4,79.0,False
3c8a5200436e19f3,Cameron Saaiman,68.0,135.0,67.0,Southpaw,2000-12-20,9-3-0,9,3,0,0,5.3,46.0,4.14,51.0,0.89,28.0,47.0,0.7,67.0,False
3c921b1a30fdcbdd,Mike Ricci,72.0,155.0,76.0,Southpaw,1986-03-18,11-5-0,11,5,0,0,1.8,32.0,1.64,65.0,0.67,100.0,54.0,0.0,76.0,False
3cc506f115cbb9d5,Mantas Kondratavicius,74.0,185.0,75.0,Orthodox,1999-07-17,9-1-0,9,1,0,0,4.97,65.0,1.3,57.0,2.8,60.0,91.0,0.9,75.0,False
3cf18e01cb6cbde3,Sumudaerji,68.0,125.0,72.0,Southpaw,1996-01-20,19-7-0 (1 NC),19,7,0,1,4.4,50.0,2.29,63.0,0.76,37.0,73.0,0.5,72.0,False
3cf66c62d9069f43,Lucie Pudilova,68.0,125.0,67.0,Orthodox,1994-06-13,14-10-0,14,10,0,0,3.6,37.0,4.07,50.0,0.7,31.0,67.0,0.6,67.0,False
3d074044a33825e7,Ramiz Brahimaj,70.0,170.0,72.0,Orthodox,1992-11-17,13-6-0,13,6,0,0,2.29,48.0,3.27,47.0,1.99,34.0,44.0,1.6,72.0,False
3d5b1ce6097dbb49,Augusto Mendes,66.0,135.0,65.0,Orthodox,1983-03-03,6-2-0,6,2,0,0,2.42,34.0,3.91,56.0,1.75,33.0,80.0,0.0,65.0,False
3d6749c4267da18f,Joanna Jedrzejczyk,66.0,115.0,65.0,Orthodox,1987-08-18,16-5-0,16,5,0,0,6.28,48.0,3.25,62.0,0.27,62.0,80.0,0.1,65.0,False
3da19339ee7051d5,Justin Martin,72.0,185.0,,,,4-3-0,4,3,0,0,0.0,0.0,0.0,0.0,0.0,0.0,0.0,0.0,73.85948512612573,True
3dc3022232b79c7a,Brian Foster,69.0,170.0,71.0,Orthodox,1984-04-03,27-10-0,27,10,0,0,3.3,39.0,1.63,65.0,3.67,60.0,37.0,1.8,71.0,False
3dd92ff9fb0412b3,Ali Bagautinov,64.0,125.0,65.0,Orthodox,1985-06-10,15-6-0,15,6,0,0,2.85,42.0,3.09,52.0,2.51,36.0,65.0,0.3,65.0,False
3dd949593346dbc3,Craig White,74.0,170.0,76.0,Orthodox,1990-07-01,14-9-0,14,9,0,0,1.23,40.0,3.28,39.0,0.0,0.0,50.0,0.8,76.0,False
3df5493bb279226f,Amanda Lemos,64.0,115.0,65.0,Southpaw,1987-05-22,15-6-1,15,6,1,0,2.75,55.0,3.01,45.0,1.02,64.0,63.0,0.7,65.0,False
3e03cec9767d37e6,He-Man Gipson,,,,,,1-2-0,1,2,0,0,0.0,0.0,0.0,0.0,0.0,0.0,0.0,0.0,,False
3e514f437c51ce0a,Steven Graham,73.0,290.0,,Orthodox,,2-1-0,2,1,0,0,0.0,0.0,0.0,0.0,0.0,0.0,0.0,0.0,74.91483225558883,True
3e61082025db8137,Yosdenis Cedeno,68.0,155.0,69.0,Orthodox,1985-02-12,10-6-1,10,6,1,0,1.64,29.0,1.6,67.0,0.0,0.0,31.0,0.3,69.0,False
3e708ce33b6b18e6,Victor Martinez,67.0,155.0,70.0,Orthodox,1991-07-17,13-7-0,13,7,0,0,7.53,51.0,7.75,52.0,0.67,33.0,80.0,0.0,70.0,False
3e8118c1ab52f211,Tuco Tokkos,76.0,205.0,76.0,Orthodox,1990-06-30,11-6-0,11,6,0,0,2.59,41.0,3.7,46.0,2.87,36.0,33.0,0.6,76.0,False
3eb4dc9a7d4ac906,Ramona Pascual,67.0,135.0,66.0,Southpaw,1988-09-23,6-5-0,6,5,0,0,3.87,57.0,8.43,46.0,1.81,19.0,100.0,0.0,66.0,False
3ec1e4ba98c9c85a,JC Cottrell,69.0,155.0,,Orthodox,1989-11-04,17-5-0,17,5,0,0,0.79,25.0,2.75,45.0,0.79,100.0,50.0,0.0,70.69344373773646,True
3ecd936bd8814108,Cat Zingano,66.0,145.0,68.0,Southpaw,1982-07-01,10-4-0,10,4,0,0,2.57,61.0,1.63,47.0,2.77,65.0,42.0,0.8,68.0,False
3eeec2f53cebdf12,Jackson McVey,76.0,185.0,77.0,Southpaw,1999-03-25,7-2-0,7,2,0,0,6.51,69.0,3.37,23.0,0.0,0.0,0.0,1.2,77.0,False
3f11b5d4bd76a6d9,Damian Grabowski,73.0,241.0,75.0,Orthodox,1980-05-12,20-5-0,20,5,0,0,4.0,36.0,7.65,51.0,0.0,0.0,0.0,0.0,75.0,False
3f11fd1751fa83b1,Yizha,67.0,145.0,71.0,Orthodox,1997-01-08,26-6-0,26,6,0,0,3.25,47.0,2.88,49.0,3.42,33.0,64.0,0.9,71.0,False
3f1d23b01c552a13,Michael Graves,70.0,170.0,71.0,Orthodox,1991-01-08,6-0-1,6,0,1,0,1.25,54.0,1.47,58.0,4.8,52.0,66.0,0.4,71.0,False
3f24c96753dbd9f9,Scott Bessac,76.0,245.0,,,1965-10-05,4-6-0,4,6,0,0,0.0,0.0,0.0,0.0,0.0,0.0,0.0,0.0,78.08087364397812,True
3f4c3bc822bea45d,Melissa Martinez,62.0,115.0,66.0,Southpaw,1997-08-18,8-2-0,8,2,0,0,3.78,47.0,5.21,53.0,0.35,50.0,50.0,0.0,66.0,False
3f52ce18fb98008f,Akira Corassani,68.0,145.0,68.0,Orthodox,1982-08-27,12-6-0 (1 NC),12,6,0,1,3.25,45.0,4.91,50.0,0.7,28.0,86.0,0.0,68.0,False
3f56b99447f00607,Paul Redmond,70.0,145.0,,Orthodox,1986-10-20,12-7-0,12,7,0,0,0.72,34.0,2.99,41.0,0.0,0.0,50.0,0.0,71.74879086719955,True
3f7c14c7eca7195d,Roy Nelson,72.0,263.0,73.0,Orthodox,1976-06-20,22-14-0,22,14,0,0,2.18,36.0,4.79,46.0,1.14,27.0,65.0,0.1,73.0,False
3f7dab21b6c971bc,Dequan Townsend,75.0,205.0,79.0,Orthodox,1986-05-11,21-12-0,21,12,0,0,1.23,34.0,3.92,38.0,0.0,0.0,46.0,0.0,79.0,False
3fa7688bfe48a493,Yoshinori Horie,68.0,145.0,70.0,Orthodox,1995-05-10,8-2-0,8,2,0,0,2.76,49.0,5.65,48.0,0.0,0.0,0.0,0.0,70.0,False
3fa97913cfd205d3,Alessandro Costa,64.0,125.0,67.0,Orthodox,1996-01-28,17-5-0,17,5,0,0,3.77,46.0,3.71,57.0,0.7,26.0,87.0,0.7,67.0,False
3fed746acfd026dd,Todd Butler,73.0,200.0,,Southpaw,,1-4-0,1,4,0,0,0.0,0.0,0.0,0.0,0.0,0.0,0.0,0.0,74.91483225558883,True
40093d1d2d78394e,Charles Rosa,69.0,145.0,69.0,Switch,1986-08-24,14-8-0,14,8,0,0,3.08,36.0,3.86,47.0,1.67,35.0,38.0,1.0,69.0,False
404ecb2700844072,DeAnna Bennett,64.0,125.0,68.0,Orthodox,1984-11-18,8-3-1,8,3,1,0,3.13,58.0,3.27,58.0,0.0,0.0,0.0,1.0,68.0,False
40a456a25d52ee65,Rolando Bedoya,71.0,155.0,74.0,Orthodox,1997-01-13,14-5-0,14,5,0,0,6.23,47.0,5.5,52.0,0.0,0.0,75.0,0.2,74.0,False
40a604761ca7d64d,Din Thomas,69.0,155.0,,Orthodox,1976-09-28,26-9-0 (1 NC),26,9,0,1,1.85,37.0,2.6,59.0,1.38,52.0,76.0,1.2,70.69344373773646,True
40cb680ae1cd331f,Yazmin Jauregui,63.0,115.0,64.0,Orthodox,1999-02-28,11-2-0,11,2,0,0,6.64,39.0,5.25,54.0,0.0,0.0,100.0,0.0,64.0,False
40d8b74488743800,Carlton Minus,70.0,170.0,75.0,Orthodox,1993-04-26,10-3-0 (1 NC),10,3,0,1,3.5,40.0,4.97,50.0,0.0,0.0,58.0,0.0,75.0,False
40f3cb27fc7305a1,Themba Gorimbo,73.0,170.0,77.0,Orthodox,1991-01-23,14-7-0,14,7,0,0,2.7,56.0,1.75,51.0,4.52,62.0,73.0,0.4,77.0,False
40ff198adda94b9f,Mark Eddiva,68.0,145.0,68.0,Orthodox,1986-02-16,6-3-0,6,3,0,0,3.37,45.0,2.98,54.0,1.45,22.0,63.0,0.0,68.0,False
4100c7a09497ad41,Kay Hansen,62.0,115.0,63.0,Orthodox,1999-08-14,7-6-0,7,6,0,0,3.01,50.0,3.19,51.0,1.83,22.0,37.0,0.8,63.0,False
411539901068522f,Jodie Esquibel,61.0,115.0,64.0,Orthodox,1986-05-07,6-6-0,6,6,0,0,4.1,31.0,7.37,52.0,0.75,21.0,83.0,0.0,64.0,False
411d012af19ecb59,Chris Spang,74.0,170.0,,Orthodox,1987-11-26,6-3-0,6,3,0,0,1.83,36.0,1.95,60.0,0.0,0.0,50.0,0.9,75.97017938505194,True
4123fd4dcc1fe937,David Terrell,73.0,185.0,,Southpaw,1978-01-09,6-2-0,6,2,0,0,2.34,63.0,2.71,37.0,5.54,50.0,0.0,5.5,74.91483225558883,True
4126a78111c0855a,Caio Borralho,73.0,185.0,75.0,Southpaw,1993-01-16,18-2-0 (1 NC),18,2,0,1,3.47,56.0,2.61,60.0,1.25,50.0,76.0,0.4,75.0,False
4130a743d9d22163,Alan Belcher,74.0,185.0,75.0,Orthodox,1984-04-24,18-8-0,18,8,0,0,2.7,41.0,3.1,59.0,0.44,26.0,55.0,0.9,75.0,False
4144798612ef96e5,Edmen Shahbazyan,74.0,185.0,74.0,Orthodox,1997-11-20,16-6-0,16,6,0,0,4.06,48.0,3.87,50.0,1.43,36.0,66.0,0.4,74.0,False
4148802ae4a50768,Daniel Zellhuber,73.0,155.0,77.0,Switch,1999-07-07,15-4-0,15,4,0,0,5.45,38.0,6.17,54.0,0.14,25.0,81.0,0.3,77.0,False
41498c2d1a87b154,Zviad Lazishvili,66.0,135.0,69.0,Orthodox,1991-10-25,13-1-0,13,1,0,0,4.2,39.0,6.13,51.0,0.0,0.0,0.0,0.0,69.0,False
41cc71cbf210e0fe,Hyder Amil,69.0,145.0,70.0,Switch,1990-05-28,11-3-0,11,3,0,0,5.83,52.0,4.04,50.0,0.52,16.0,65.0,0.8,70.0,False
41e77dc504a192c6,Chris Condo,72.0,335.0,,Orthodox,,0-1-0,0,1,0,0,0.0,0.0,0.0,0.0,0.0,0.0,0.0,0.0,73.85948512612573,True
41e83a89929d1327,Jailton Almeida,75.0,225.0,79.0,Orthodox,1991-06-26,22-5-0,22,5,0,0,2.23,62.0,1.3,43.0,5.64,55.0,60.0,1.7,79.0,False
41f90012b86a11bf,Raphael Pessoa,75.0,262.0,78.0,Orthodox,1989-03-09,10-2-0,10,2,0,0,2.16,26.0,3.43,42.0,0.0,0.0,100.0,0.0,78.0,False
42078a86d3dd037b,Rob Yundt,73.0,185.0,,Orthodox,1980-05-05,9-5-0,9,5,0,0,1.37,41.0,2.55,31.0,2.94,100.0,0.0,0.0,74.91483225558883,True
4234f0097c83fa62,Sijara Eubanks,64.0,125.0,67.0,Orthodox,1985-04-27,8-7-0,8,7,0,0,4.3,43.0,3.43,57.0,1.9,44.0,66.0,0.3,67.0,False
427b5953ac8e3a27,Demian Maia,73.0,170.0,72.0,Southpaw,1977-11-06,28-11-0,28,11,0,0,1.8,43.0,2.07,63.0,2.49,24.0,61.0,1.0,72.0,False
429e7d3725852ce9,Royce Gracie,73.0,175.0,,Southpaw,1966-12-12,15-2-3,15,2,3,0,0.88,41.0,1.13,37.0,0.0,0.0,66.0,0.8,74.91483225558883,True
42a7e90605df3c8a,Damian Stasiak,65.0,135.0,70.0,Orthodox,1990-02-20,10-6-0,10,6,0,0,1.86,36.0,3.1,52.0,2.64,35.0,43.0,0.6,70.0,False
42ac4020cba261ad,Caolan Loughran,66.0,135.0,68.0,Orthodox,1996-05-18,10-2-0,10,2,0,0,4.73,42.0,5.2,52.0,3.0,34.0,87.0,0.0,68.0,False
4304992c2acc187b,Bart Palaszewski,69.0,145.0,70.0,Orthodox,1983-05-30,36-17-0,36,17,0,0,2.67,32.0,3.97,57.0,0.65,31.0,53.0,0.5,70.0,False
4333a8e70a672eb7,Brogan Walker,64.0,125.0,67.0,Switch,1988-08-02,8-5-0,8,5,0,0,1.84,32.0,3.32,47.0,1.02,75.0,11.0,0.0,67.0,False
43563a32c3f10e95,Cyrille Diabate,78.0,205.0,81.0,Southpaw,1973-10-06,19-10-1,19,10,1,0,4.06,71.0,1.78,60.0,1.17,83.0,53.0,0.2,81.0,False
43612456979e5d5e,Steve Byrnes,72.0,170.0,,Orthodox,1979-08-26,6-1-0,6,1,0,0,1.2,51.0,2.67,27.0,3.0,60.0,0.0,4.0,73.85948512612573,True
436f970c9ea9169c,Gabriel Benitez,68.0,155.0,71.0,Southpaw,1988-06-15,23-13-0,23,13,0,0,5.26,41.0,4.49,63.0,0.22,50.0,55.0,0.9,71.0,False
43a59ce3bb40449e,Mizuki,63.0,115.0,65.0,Orthodox,1994-08-19,16-6-0,16,6,0,0,4.45,52.0,4.65,49.0,0.75,33.0,80.0,0.0,65.0,False
440c9dbab63528fb,Paul Herrera,70.0,185.0,,Orthodox,1964-02-21,1-1-0,1,1,0,0,0.0,0.0,0.0,0.0,0.0,0.0,0.0,0.0,71.74879086719955,True
4417980b3e798abf,Reuben Duran,67.0,135.0,71.0,Orthodox,1983-07-02,11-7-1,11,7,1,0,3.19,49.0,2.61,50.0,0.98,23.0,25.0,0.7,71.0,False
441eacbe20e0e80b,Augusto Sakai,75.0,265.0,77.0,Orthodox,1991-05-09,16-5-1,16,5,1,0,4.6,49.0,3.83,48.0,0.23,40.0,56.0,0.0,77.0,False
44260175069b6276,Jens Pulver,67.0,145.0,70.0,Southpaw,1974-12-06,27-19-1,27,19,1,0,2.12,37.0,3.13,56.0,0.22,33.0,63.0,0.3,70.0,False
442c9011034ae1fd,Ian Machado Garry,75.0,170.0,74.0,Orthodox,1997-11-17,17-1-0,17,1,0,0,4.78,54.0,2.86,52.0,0.92,31.0,80.0,0.4,74.0,False
443f60bec7c3c3d5,Michael McBride,73.0,155.0,,Orthodox,1986-03-09,8-3-0,8,3,0,0,4.08,48.0,5.85,40.0,1.85,42.0,30.0,1.2,74.91483225558883,True
44470bfd9483c7ad,Katsunori Kikuno,68.0,145.0,66.0,Orthodox,1981-10-31,24-8-2,24,8,2,0,2.64,40.0,2.47,61.0,1.88,75.0,76.0,0.8,66.0,False
445a98acb8985970,Falaniko Vitale,70.0,185.0,,Orthodox,1974-07-14,30-11-0,30,11,0,0,1.88,49.0,3.68,47.0,0.72,33.0,86.0,0.0,71.74879086719955,True
4461d7e47375a895,Tatsuro Taira,67.0,125.0,70.0,Orthodox,2000-01-27,18-2-0,18,2,0,0,2.87,54.0,3.1,44.0,3.57,43.0,46.0,1.3,70.0,False
447f9858ae78f921,Muslim Salikhov,71.0,170.0,70.0,Orthodox,1984-06-09,22-6-0,22,6,0,0,3.37,49.0,2.96,62.0,1.07,32.0,72.0,0.0,70.0,False
4498b382c65a7faa,Roxanne Modafferi,67.0,125.0,69.0,Orthodox,1982-09-24,25-21-0,25,21,0,0,3.35,30.0,5.7,51.0,1.35,23.0,30.0,0.1,69.0,False
449c890bd90f3374,Hector Sandoval,62.0,125.0,64.0,Orthodox,1986-07-19,14-4-0,14,4,0,0,3.31,52.0,2.33,65.0,3.49,25.0,71.0,1.4,64.0,False
44aa652b181bcf68,Marcelo Aguiar,70.0,170.0,,Orthodox,1969-01-20,2-3-1,2,3,1,0,0.0,0.0,0.0,0.0,0.0,0.0,0.0,0.0,71.74879086719955,True
44bc27bfa76dcd9e,Renee Forte,67.0,155.0,71.0,Orthodox,1987-03-27,8-4-0,8,4,0,0,2.08,32.0,2.12,63.0,2.32,58.0,66.0,0.0,71.0,False
44f9c777fed7ca03,Frank Caracci,,,,,1970-02-16,2-3-0,2,3,0,0,0.0,0.0,0.0,0.0,0.0,0.0,0.0,0.0,,False
450bcab0968562c4,John Yannis,67.0,135.0,70.0,Southpaw,1994-07-07,10-5-0,10,5,0,0,3.56,49.0,4.07,62.0,0.0,0.0,80.0,0.0,70.0,False
45230be0641f3f53,Leonardo Morales,68.0,135.0,,Southpaw,1992-12-22,6-2-0,6,2,0,0,2.05,47.0,2.05,58.0,0.0,0.0,62.0,0.0,69.63809660827336,True
453ee00c3e1ae9dd,Ron Faircloth,69.0,205.0,,Orthodox,1979-08-16,33-20-0 (1 NC),33,20,0,1,0.39,40.0,8.9,42.0,0.0,0.0,0.0,0.0,70.69344373773646,True
4565d435005319c0,Minoki Ichihara,67.0,178.0,,Orthodox,1968-06-30,0-1-0,0,1,0,0,0.0,0.0,0.0,0.0,0.0,0.0,0.0,0.0,68.58274947881027,True
459e4dc69ec669b2,Jason Novelli,72.0,155.0,,Orthodox,1979-06-08,11-3-1,11,3,1,0,1.73,24.0,3.55,66.0,0.7,33.0,100.0,0.0,73.85948512612573,True
45bc8f98d62bd096,Jordan Radev,67.0,185.0,,Southpaw,1976-09-28,23-5-0,23,5,0,0,1.35,23.0,2.38,66.0,0.0,0.0,80.0,0.0,68.58274947881027,True
45e738622ea2c02c,Timur Valiev,66.0,135.0,67.0,Orthodox,1990-01-19,18-3-0 (1 NC),18,3,0,1,5.19,53.0,3.33,45.0,1.73,40.0,55.0,0.3,67.0,False
45f0cc9d18f35137,Chris Gutierrez,69.0,135.0,67.0,Orthodox,1991-04-22,22-7-2,22,7,2,0,4.4,57.0,2.65,63.0,0.3,30.0,67.0,0.1,67.0,False
45f7cb591c3ab00b,Sean Brady,70.0,170.0,72.0,Orthodox,1992-11-23,19-2-0,19,2,0,0,4.08,53.0,2.77,59.0,3.58,51.0,86.0,0.8,72.0,False
4604ab1de9058474,Mark Robinson,72.0,265.0,,Orthodox,,1-0-0 (1 NC),1,0,0,1,0.0,0.0,5.8,13.0,0.0,0.0,0.0,0.0,73.85948512612573,True
4638cc6479cc0afe,Masio Fullen,70.0,145.0,70.0,Orthodox,1986-10-06,11-7-0,11,7,0,0,2.46,32.0,3.5,54.0,0.47,33.0,69.0,0.0,70.0,False
4665cbf36b08193b,Chris Avila,70.0,145.0,,Orthodox,1993-01-16,5-4-0,5,4,0,0,2.37,30.0,4.17,48.0,0.0,0.0,46.0,0.0,71.74879086719955,True
4665f9f909cd7214,Shinsho Anzai,67.0,170.0,70.0,Orthodox,1985-12-01,10-3-0,10,3,0,0,3.23,58.0,3.75,45.0,1.83,16.0,75.0,0.0,70.0,False
4679a38cced7c64a,Yuri Vaulin,76.0,197.0,,Southpaw,1963-09-13,0-1-0,0,1,0,0,0.0,0.0,0.0,0.0,0.0,0.0,0.0,0.0,78.08087364397812,True
4682bc59d5f55145,Sean Woodson,74.0,145.0,78.0,Orthodox,1992-06-07,13-2-1,13,2,1,0,5.57,46.0,4.18,58.0,0.58,55.0,84.0,0.3,78.0,False
4690d47bf725fd98,Gokhan Saki,72.0,205.0,73.0,Orthodox,1983-10-19,1-2-0,1,2,0,0,7.09,58.0,4.57,53.0,0.0,0.0,100.0,0.0,73.0,False
46a2f24feb258ae0,Valerie Letourneau,67.0,115.0,68.0,Orthodox,1983-04-29,8-6-0,8,6,0,0,4.51,37.0,5.4,58.0,0.77,45.0,66.0,0.3,68.0,False
46baf0f57edfa4df,Joey Beltran,73.0,185.0,75.0,Orthodox,1981-12-08,17-14-0 (1 NC),17,14,0,1,4.92,36.0,5.27,54.0,0.48,18.0,75.0,0.0,75.0,False
46c8ec317aff28ac,Patrick Smith,74.0,225.0,,Orthodox,1963-08-28,20-17-0,20,17,0,0,0.0,0.0,0.0,0.0,0.0,0.0,0.0,0.0,75.97017938505194,True
46d0a888d87d91ac,Abu Azaitar,69.0,185.0,76.0,Orthodox,1986-03-10,14-4-1,14,4,1,0,4.38,43.0,4.32,51.0,1.0,37.0,42.0,0.0,76.0,False
46e0d677f91bacc0,Miles Johns,67.0,135.0,68.0,Orthodox,1994-03-30,15-5-0 (1 NC),15,5,0,1,3.36,44.0,2.99,65.0,1.22,26.0,77.0,0.0,68.0,False
46e2011d92463b7e,Oumar Sy,76.0,205.0,83.0,Orthodox,1995-11-21,12-2-0,12,2,0,0,3.41,48.0,1.87,66.0,2.45,35.0,66.0,0.3,83.0,False
46e2ca71fd5089cb,Reese Andy,72.0,205.0,,Orthodox,1973-03-31,7-3-0,7,3,0,0,2.87,50.0,3.5,58.0,0.67,20.0,40.0,0.0,73.85948512612573,True
46f11d15c0134fe3,Larry Cureton,74.0,240.0,,Orthodox,,0-2-0,0,2,0,0,0.0,0.0,0.0,0.0,0.0,0.0,0.0,0.0,75.97017938505194,True
46fd223e3ced39b3,Ryan Couture,70.0,155.0,73.0,Orthodox,1982-08-27,11-5-0,11,5,0,0,3.54,45.0,2.87,54.0,1.55,29.0,46.0,1.3,73.0,False
470fedbc8563ac47,Daniel Omielanczuk,72.0,247.0,74.0,Southpaw,1982-08-31,19-8-1 (1 NC),19,8,1,1,3.09,57.0,3.29,47.0,0.56,26.0,68.0,0.1,74.0,False
4729c93ba705a3bf,Kiefer Crosbie,71.0,170.0,70.0,Switch,1990-04-05,10-6-0,10,6,0,0,4.46,64.0,5.8,46.0,0.0,0.0,40.0,0.0,70.0,False
472f6f6e6d962f40,Barb Honchak,64.0,125.0,65.0,Orthodox,1979-08-30,10-4-0,10,4,0,0,4.04,30.0,4.67,66.0,0.0,0.0,0.0,1.3,65.0,False
473ce3aa581251a2,Dan Hardy,72.0,170.0,74.0,Orthodox,1982-05-17,25-10-0 (1 NC),25,10,0,1,2.46,35.0,3.44,51.0,0.73,35.0,35.0,0.4,74.0,False
476414d2f18cd059,Andy Wang,66.0,155.0,,Orthodox,1977-05-28,7-8-1 (1 NC),7,8,1,1,3.43,36.0,10.29,62.0,0.0,0.0,0.0,0.0,67.52740234934717,True
476fe566d2df676e,Modestas Bukauskas,75.0,205.0,76.0,Switch,1994-02-10,20-7-0,20,7,0,0,3.14,43.0,3.86,50.0,0.23,66.0,82.0,0.1,76.0,False
4798e823ada58fe9,Veronica Hardy,64.0,125.0,64.0,Southpaw,1995-10-30,10-5-1,10,5,1,0,3.06,45.0,3.24,50.0,0.82,41.0,51.0,0.3,64.0,False
47b63240018d5d86,Rose Namajunas,65.0,125.0,65.0,Orthodox,1992-06-29,15-8-0,15,8,0,0,3.5,41.0,3.38,63.0,1.47,48.0,62.0,0.3,65.0,False
47b9e0e7703a4868,Jorge Masvidal,71.0,170.0,74.0,Orthodox,1984-11-12,35-17-0,35,17,0,0,4.05,47.0,3.05,64.0,1.38,59.0,72.0,0.3,74.0,False
47cd337b86b1af92,Zak Ottow,71.0,170.0,72.0,Orthodox,1986-12-22,17-7-0,17,7,0,0,2.63,36.0,2.73,58.0,0.97,29.0,57.0,0.4,72.0,False
480779d7f9a424d3,Mairon Santos,67.0,145.0,72.0,Orthodox,2000-06-10,18-1-0,18,1,0,0,3.33,48.0,2.24,65.0,0.0,0.0,69.0,0.0,72.0,False
480b702debcb5433,Dan Cramer,74.0,170.0,,Orthodox,1985-10-31,11-4-0,11,4,0,0,0.97,30.0,2.1,31.0,0.0,0.0,66.0,0.5,75.97017938505194,True
4834ff149dc9542a,Norifumi Yamamoto,64.0,135.0,66.0,Southpaw,1977-03-15,18-6-0 (2 NC),18,6,0,2,2.09,45.0,2.01,57.0,0.41,22.0,45.0,0.0,66.0,False
483a953b18d73bb3,Deron Winn,66.0,185.0,70.0,Orthodox,1989-06-13,7-3-0,7,3,0,0,4.55,44.0,6.21,46.0,4.28,52.0,40.0,0.0,70.0,False
484acc7b0f856ce9,Ben Saunders,74.0,170.0,77.0,Orthodox,1983-04-13,22-13-2,22,13,2,0,3.23,50.0,3.58,51.0,0.2,40.0,66.0,1.3,77.0,False
48812daf291a4e23,Mateus Mendonca,66.0,125.0,71.0,Orthodox,1999-01-17,10-3-0,10,3,0,0,1.66,40.0,4.14,30.0,2.54,27.0,55.0,0.4,71.0,False
48a9a128784d53d1,Elves Brener,70.0,155.0,72.0,Orthodox,1997-09-27,16-6-0,16,6,0,0,4.76,47.0,5.86,50.0,0.99,16.0,76.0,0.0,72.0,False
48d1f690b763934c,Chael Sonnen,73.0,205.0,73.0,Southpaw,1977-04-03,29-15-1,29,15,1,0,3.08,43.0,1.1,62.0,3.81,59.0,66.0,0.4,73.0,False
48e093ea1f43a053,Takeya Mizugaki,67.0,135.0,69.0,Orthodox,1983-12-16,21-11-2,21,11,2,0,3.37,37.0,3.27,57.0,1.46,57.0,70.0,0.1,69.0,False
48e96d9cea6d4ab0,Josh Clopton,66.0,145.0,,Orthodox,1981-07-11,6-2-1,6,2,1,0,1.6,64.0,2.87,50.0,2.0,66.0,75.0,0.0,67.52740234934717,True
4908c5ee68a50ee5,Brad Imes,79.0,265.0,,Orthodox,1977-03-13,13-7-0,13,7,0,0,2.73,31.0,4.24,49.0,1.72,71.0,0.0,1.0,81.2469150323674,True
492b202d2064e7a9,Fabricio Werdum,76.0,231.0,77.0,Orthodox,1977-07-30,24-9-1,24,9,1,0,3.59,52.0,2.64,55.0,1.75,31.0,31.0,1.2,77.0,False
4948e412fa6ab67d,Ravena Oliveira,65.0,115.0,65.0,Orthodox,1997-02-20,7-4-1,7,4,1,0,1.91,30.0,3.72,46.0,0.88,50.0,46.0,0.0,65.0,False
494b0bfdbac74502,Brendan O'Reilly,67.0,170.0,69.0,Orthodox,1987-06-24,6-3-0 (1 NC),6,3,0,1,1.9,47.0,2.77,39.0,2.22,43.0,36.0,0.6,69.0,False
49590e0508b2c19f,David Levicki,77.0,275.0,,,,1-3-0,1,3,0,0,0.0,0.0,0.0,0.0,0.0,0.0,0.0,0.0,79.13622077344121,True
4959f10a62f3fec3,Cheyanne Vlismas,63.0,115.0,63.0,Switch,1995-06-25,7-3-0,7,3,0,0,4.93,50.0,2.57,64.0,0.25,33.0,66.0,0.2,63.0,False
497ba5b12a4bfc47,Jason Brilz,71.0,205.0,71.0,Orthodox,1975-07-07,22-6-1,22,6,1,0,2.66,40.0,1.78,65.0,2.37,25.0,25.0,1.3,71.0,False
4985113c0928aa62,Jackie Lee,,,,,,0-1-0,0,1,0,0,0.0,0.0,0.0,0.0,0.0,0.0,0.0,0.0,,False
49858bf46dabf6fb,Nordine Taleb,73.0,170.0,74.0,Orthodox,1981-06-10,15-7-0,15,7,0,0,3.66,51.0,2.62,66.0,1.94,76.0,73.0,0.0,74.0,False
49a74b9fb2e45fdf,Neil Seery,64.0,125.0,64.0,Orthodox,1979-08-30,16-13-0,16,13,0,0,3.56,41.0,3.79,58.0,0.78,27.0,53.0,1.6,64.0,False
49b130de1da2e1bf,Sarah Alpar,64.0,135.0,63.0,Southpaw,1991-06-01,9-6-0,9,6,0,0,2.36,44.0,6.06,38.0,1.61,26.0,20.0,0.4,63.0,False
49d2a08964c5eb11,Nursulton Ruziboev,77.0,185.0,76.0,Orthodox,1993-11-19,37-9-2 (2 NC),37,9,2,2,2.38,46.0,2.68,49.0,1.36,80.0,33.0,0.3,76.0,False
49e49b54e5901d0d,Eddie Mendez,70.0,185.0,,,1984-01-16,8-3-1 (1 NC),8,3,1,1,1.71,33.0,3.43,11.0,0.0,0.0,0.0,0.0,71.74879086719955,True
49e96ff8ab781589,Tyson Pedro,75.0,205.0,79.0,Orthodox,1991-09-17,10-5-0,10,5,0,0,2.9,59.0,2.39,56.0,0.76,30.0,50.0,0.8,79.0,False
49edd0d90f60fb7d,Brendson Ribeiro,75.0,205.0,81.0,Orthodox,1996-09-08,17-10-0 (1 NC),17,10,0,1,3.04,42.0,3.91,53.0,0.85,42.0,21.0,0.6,81.0,False
49ee5024966efc0d,Mounir Lazzez,73.0,170.0,76.0,Orthodox,1987-11-16,11-3-0,11,3,0,0,7.49,55.0,5.42,53.0,1.8,57.0,71.0,0.0,76.0,False
49efbdc6c9f650c4,Icho Larenas,75.0,235.0,,Orthodox,1980-03-12,6-5-0,6,5,0,0,0.17,15.0,2.5,28.0,0.0,0.0,14.0,0.0,77.02552651451502,True
49f4b511932f71e9,David Michaud,69.0,155.0,,Orthodox,1988-11-10,11-3-0,11,3,0,0,3.25,43.0,4.45,54.0,2.53,58.0,77.0,0.7,70.69344373773646,True
49f78022126bf4a4,Cesar Arzamendia,71.0,155.0,,Orthodox,1991-01-31,8-3-0,8,3,0,0,5.37,45.0,5.2,56.0,7.32,75.0,0.0,2.4,72.80413799666265,True
4a01dc8376736ef5,John Lewis,72.0,155.0,,Southpaw,,3-4-3,3,4,3,0,0.0,0.0,4.0,66.0,0.0,0.0,0.0,0.0,73.85948512612573,True
4a043165cf47cab2,Juancamilo Ronderos,63.0,125.0,64.0,Southpaw,1995-02-17,4-2-0,4,2,0,0,2.18,30.0,2.18,63.0,2.72,33.0,0.0,0.0,64.0,False
4a07b1988477502c,Seokhyeon Ko,70.0,170.0,71.0,Southpaw,1993-09-24,13-2-0,13,2,0,0,2.73,59.0,1.42,58.0,4.0,63.0,75.0,0.3,71.0,False
4a1329cc8eb0928a,Maximo Blanco,68.0,145.0,71.0,Orthodox,1983-10-16,12-8-1 (1 NC),12,8,1,1,4.11,44.0,3.19,66.0,1.85,36.0,63.0,0.3,71.0,False
4a28cb716c19157a,Stephen Thompson,72.0,170.0,75.0,Orthodox,1983-02-11,17-9-1,17,9,1,0,4.05,46.0,3.0,54.0,0.23,35.0,63.0,0.0,75.0,False
4a574b8512fc1b30,Javier Reyes,67.0,145.0,73.0,Orthodox,1993-10-13,23-6-0,23,6,0,0,6.28,47.0,3.06,41.0,1.27,50.0,50.0,0.0,73.0,False
4a57ebb14315b251,Randa Markos,64.0,115.0,63.0,Orthodox,1985-08-10,11-12-1,11,12,1,0,2.97,43.0,3.1,58.0,1.12,28.0,52.0,0.2,63.0,False
4a6dff1b260bcf61,Aleksandre Topuria,67.0,135.0,68.0,Orthodox,1996-01-28,7-1-0,7,1,0,0,2.93,55.0,2.57,68.0,1.5,33.0,100.0,0.0,68.0,False
4aa58269d0664b5b,Matthew Semelsberger,73.0,170.0,75.0,Switch,1992-11-23,11-8-0,11,8,0,0,3.77,42.0,4.24,54.0,1.01,57.0,45.0,0.4,75.0,False
4ac1ecf8ce59ef23,Jason Saggo,71.0,155.0,71.0,Orthodox,1985-11-23,12-4-0,12,4,0,0,2.5,39.0,2.94,52.0,2.33,40.0,23.0,0.0,71.0,False
4ae4049426e0161d,Alexis Dufresne,69.0,135.0,,Orthodox,1990-08-31,6-3-0,6,3,0,0,1.33,27.0,3.33,60.0,1.5,50.0,50.0,0.0,70.69344373773646,True
4b1d46a1b5c0fd11,Alberto Mina,72.0,170.0,77.0,Orthodox,1982-05-02,13-1-0,13,1,0,0,3.23,38.0,3.7,47.0,1.85,20.0,50.0,0.0,77.0,False
4b4753d19489297f,Anthony Perosh,75.0,205.0,75.0,Orthodox,1972-10-05,15-10-0,15,10,0,0,2.27,43.0,3.77,53.0,2.03,22.0,33.0,1.1,75.0,False
4b47e71384a9522f,Tim Means,74.0,170.0,75.0,Orthodox,1984-02-20,33-17-1 (1 NC),33,17,1,1,5.04,49.0,3.65,60.0,1.14,40.0,64.0,0.2,75.0,False
4b4fc3ddc307bc73,James Zikic,74.0,205.0,,Orthodox,1977-03-01,21-10-2,21,10,2,0,1.47,35.0,1.6,44.0,0.5,25.0,74.0,0.5,75.97017938505194,True
4b85abc5abbe657c,Jefferson Nascimento,68.0,170.0,70.0,Orthodox,1998-11-19,13-1-0,13,1,0,0,2.42,48.0,2.56,57.0,0.0,0.0,66.0,0.0,70.0,False
4b8fb0453a596b8e,Hector Urbina,71.0,170.0,73.0,Orthodox,1987-09-17,17-10-1,17,10,1,0,0.97,38.0,2.44,39.0,0.0,0.0,38.0,3.8,73.0,False
4b93a88f3b1de35b,Michael Chandler,68.0,155.0,71.0,Orthodox,1986-04-24,23-11-0,23,11,0,0,3.91,49.0,4.51,43.0,1.88,37.0,61.0,0.5,71.0,False
4ba8d454f762005d,Zak Cummings,72.0,205.0,75.0,Southpaw,1984-08-02,25-7-0,25,7,0,0,2.96,35.0,2.91,55.0,0.62,28.0,66.0,0.6,75.0,False
4bcb6eb12b4ad4aa,Vitor Miranda,73.0,185.0,77.0,Orthodox,1979-03-10,12-5-0,12,5,0,0,2.98,45.0,2.95,58.0,0.95,55.0,50.0,0.2,77.0,False
4bd6b4800070b069,Chas Skelly,71.0,145.0,72.0,Orthodox,1985-05-11,19-3-0 (1 NC),19,3,0,1,2.01,40.0,3.21,49.0,1.74,34.0,39.0,2.3,72.0,False
4bdedbdeedff7d1d,Bolaji Oki,70.0,155.0,73.0,Orthodox,1995-11-15,10-4-0,10,4,0,0,6.42,45.0,5.12,61.0,1.02,57.0,75.0,0.0,73.0,False
4bf6b225ff6099c4,Domingo Pilarte,72.0,135.0,73.0,Southpaw,1990-01-05,8-3-0 (1 NC),8,3,0,1,1.31,47.0,2.96,40.0,1.2,42.0,54.0,0.8,73.0,False
4c288a2b250bb576,Luke Jumeau,71.0,170.0,72.0,Orthodox,1988-02-12,13-5-0,13,5,0,0,2.93,43.0,3.17,58.0,0.25,100.0,86.0,0.0,72.0,False
4c2d90e335e6df19,Alexis Davis,66.0,135.0,68.0,Orthodox,1984-10-04,21-11-0,21,11,0,0,4.63,49.0,4.45,54.0,0.95,44.0,34.0,0.7,68.0,False
4c7781da8c6cae93,Ryan LaFlare,73.0,170.0,74.0,Southpaw,1983-10-01,14-3-0,14,3,0,0,2.89,40.0,1.86,63.0,2.13,44.0,58.0,0.2,74.0,False
4c805f5f58a75df0,Mikey Burnett,66.0,170.0,,Orthodox,1974-04-12,5-2-0,5,2,0,0,0.0,0.0,0.0,0.0,0.0,0.0,0.0,0.0,67.52740234934717,True
4c88a1db5a46c6a4,Jai Herbert,73.0,155.0,77.0,Orthodox,1988-05-13,14-6-1,14,6,1,0,3.19,41.0,3.34,52.0,0.42,21.0,66.0,0.0,77.0,False
4c8d6fde2dde07c4,Dan Lauzon,70.0,155.0,,Orthodox,1988-03-30,17-6-0,17,6,0,0,1.34,25.0,4.09,61.0,1.63,33.0,80.0,2.7,71.74879086719955,True
4cd8b03aee1d0138,Shane Young,68.0,145.0,72.0,Orthodox,1993-07-31,13-8-0,13,8,0,0,5.19,40.0,5.46,52.0,0.63,18.0,64.0,0.0,72.0,False
4d44f37107f01b9b,Tom Lawlor,72.0,205.0,74.0,Southpaw,1983-05-15,10-6-0 (1 NC),10,6,0,1,2.5,42.0,2.41,60.0,2.46,32.0,57.0,1.4,74.0,False
4d5197f331c47290,Paige VanZant,64.0,115.0,65.0,Orthodox,1994-03-26,8-5-0,8,5,0,0,3.35,52.0,2.62,42.0,1.27,33.0,34.0,1.0,65.0,False
4d74641fac830182,Brad Gumm,71.0,170.0,,Orthodox,,10-6-1 (1 NC),10,6,1,1,0.0,0.0,0.0,0.0,0.0,0.0,0.0,0.0,72.80413799666265,True
4d8fa64202cee4c1,Jalin Turner,75.0,155.0,77.0,Southpaw,1995-05-18,15-9-0,15,9,0,0,5.79,48.0,4.54,41.0,0.75,55.0,75.0,1.1,77.0,False
4dc496aa0cfc0d95,Harry Moskowitz,77.0,275.0,,Orthodox,,6-12-0,6,12,0,0,0.0,0.0,0.0,0.0,0.0,0.0,0.0,0.0,79.13622077344121,True
4dcfb28c011c11b2,Wellington Turman,72.0,170.0,72.0,Orthodox,1996-07-22,18-8-0,18,8,0,0,3.23,51.0,4.17,45.0,1.55,20.0,42.0,0.8,72.0,False
4e06913c91da5200,Krzysztof Jotko,73.0,185.0,77.0,Southpaw,1989-08-19,24-6-0,24,6,0,0,2.98,42.0,2.23,57.0,1.33,39.0,82.0,0.1,77.0,False
4e0692ad070976e4,Lyman Good,72.0,170.0,74.0,Orthodox,1985-05-26,21-6-0 (1 NC),21,6,0,1,5.34,48.0,4.01,63.0,0.27,100.0,75.0,0.0,74.0,False
4e30e4250cb08b61,Loma Lookboonmee,61.0,115.0,61.0,Orthodox,1996-01-18,10-5-0,10,5,0,0,3.58,55.0,2.45,53.0,1.76,50.0,70.0,0.1,61.0,False
4e6738062d469256,Sedriques Dumas,74.0,185.0,79.0,Orthodox,1995-08-06,10-5-0 (1 NC),10,5,0,1,1.97,44.0,2.64,53.0,1.3,31.0,33.0,0.2,79.0,False
4e9fb05d7e5e61b8,Wesley Correira,75.0,260.0,,Orthodox,1978-11-11,20-16-0,20,16,0,0,2.6,36.0,8.8,40.0,0.0,0.0,90.0,0.0,77.02552651451502,True
4f11e9ce318ffbcb,Anthony Christodoulou,69.0,155.0,,Orthodox,1987-07-30,12-7-0,12,7,0,0,2.19,26.0,5.9,45.0,0.0,0.0,40.0,0.0,70.69344373773646,True
4f140403000158b5,Herbert Burns,69.0,145.0,73.0,Orthodox,1988-02-02,11-6-0,11,6,0,0,1.86,36.0,5.17,41.0,2.94,34.0,66.0,1.8,73.0,False
4f2fcbefb668689d,Jake Rosholt,73.0,185.0,,Orthodox,1982-02-09,12-5-0 (1 NC),12,5,0,1,2.68,53.0,2.33,49.0,6.51,68.0,0.0,1.8,74.91483225558883,True
4f3064faf17aa711,Tamires Vidal,66.0,135.0,68.0,Orthodox,1998-07-27,7-4-0,7,4,0,0,2.91,53.0,4.46,49.0,0.0,0.0,35.0,0.7,68.0,False
4f4dac51adc1af4f,Diego Saraiva,66.0,155.0,,Orthodox,1982-04-23,22-20-1,22,20,1,0,1.64,32.0,3.58,62.0,1.33,40.0,0.0,0.7,67.52740234934717,True
4f732e58ed907eff,Ross Pearson,68.0,155.0,69.0,Orthodox,1984-09-26,20-16-0 (1 NC),20,16,0,1,3.68,40.0,4.09,62.0,0.74,35.0,75.0,0.0,69.0,False
4f736494fc733095,Carlos Eduardo Rocha,70.0,170.0,73.0,Orthodox,1981-07-12,9-4-0,9,4,0,0,1.24,34.0,1.85,55.0,0.0,0.0,52.0,1.4,73.0,False
4f74c8be51db8a37,Daiju Takase,72.0,170.0,,Southpaw,1978-04-20,12-15-2,12,15,2,0,0.49,30.0,1.64,47.0,0.84,17.0,21.0,1.2,73.85948512612573,True
4f853e98886283cf,Carlo Prater,71.0,155.0,72.0,Switch,1981-06-25,31-18-1,31,18,1,0,2.03,47.0,4.07,35.0,0.43,9.0,57.0,1.7,72.0,False
4f95f74620a6b7a4,David Heath,71.0,205.0,72.0,Orthodox,1976-02-10,18-7-0,18,7,0,0,1.48,30.0,5.16,49.0,0.33,50.0,57.0,1.0,72.0,False
4fcf6e0c4e0e6664,Izabela Badurek,65.0,115.0,,Orthodox,1991-07-11,6-3-0,6,3,0,0,3.74,71.0,4.9,32.0,1.75,12.0,100.0,0.0,66.47205521988408,True
501b07aec9b8fc2d,Sam Stout,69.0,155.0,70.0,Orthodox,1984-04-23,20-12-1,20,12,1,0,4.17,28.0,4.08,57.0,0.63,38.0,77.0,0.1,70.0,False
505934897b8b4824,Thaddeus Luster,75.0,210.0,,,,0-1-0,0,1,0,0,0.0,0.0,0.0,0.0,0.0,0.0,0.0,0.0,77.02552651451502,True
5078e1dacf9d25f4,Luana Santos,66.0,135.0,67.0,Orthodox,2000-04-16,11-2-0,11,2,0,0,2.53,53.0,2.45,64.0,2.14,37.0,85.0,1.0,67.0,False
5095b0920a3602aa,Blake Bilder,68.0,145.0,68.0,Switch,1990-07-12,8-2-1,8,2,1,0,3.81,48.0,4.15,53.0,0.31,7.0,71.0,0.6,68.0,False
50a28b9f8314e008,Saidyokub Kakhramonov,68.0,135.0,69.0,Orthodox,1995-11-14,10-3-0,10,3,0,0,2.05,51.0,0.88,58.0,6.63,48.0,83.0,1.9,69.0,False
50cc91ce2982785d,Ricco Rodriguez,76.0,265.0,,Orthodox,1977-08-19,53-25-0 (1 NC),53,25,0,1,1.85,51.0,1.15,61.0,2.3,39.0,40.0,1.0,78.08087364397812,True
50d2f0018bcf9eef,Pat Healy,72.0,155.0,72.0,Orthodox,1983-07-20,34-23-0 (1 NC),34,23,0,1,2.57,36.0,2.57,50.0,3.08,37.0,55.0,1.1,72.0,False
50db8711c70196cd,Ovince Saint Preux,75.0,205.0,80.0,Southpaw,1983-04-08,27-18-0,27,18,0,0,3.03,47.0,3.33,47.0,1.09,36.0,67.0,0.5,80.0,False
51018a31ddf31eb2,Molly McCann,64.0,115.0,62.0,Orthodox,1990-05-04,14-8-0,14,8,0,0,5.28,49.0,4.65,62.0,1.78,36.0,38.0,0.5,62.0,False
5114f1b5ad4cdf72,Shane Primm,75.0,205.0,,Orthodox,1984-07-30,5-5-0,5,5,0,0,0.83,26.0,2.25,62.0,1.78,20.0,0.0,0.0,77.02552651451502,True
511e82663651438d,Michael Johnson,70.0,155.0,73.0,Southpaw,1986-06-04,25-20-0,25,20,0,0,4.27,39.0,3.78,58.0,0.57,38.0,81.0,0.0,73.0,False
513c6f1715e547a8,Brock Lesnar,75.0,265.0,81.0,Orthodox,1977-07-12,5-3-0 (1 NC),5,3,0,1,3.53,72.0,2.11,50.0,3.9,55.0,60.0,0.5,81.0,False
5140122c3eecd307,Daichi Abe,71.0,170.0,71.0,Orthodox,1991-11-27,6-2-0,6,2,0,0,3.8,33.0,4.49,56.0,0.33,50.0,0.0,0.0,71.0,False
519e4fe37ce9ff75,Drew Dober,68.0,155.0,70.0,Southpaw,1988-10-19,29-15-0 (1 NC),29,15,0,1,4.48,41.0,4.33,53.0,0.61,16.0,58.0,0.1,70.0,False
51a0c09cbe9b8472,Liz Carmouche,66.0,125.0,66.0,Orthodox,1984-02-19,13-7-0,13,7,0,0,2.78,54.0,2.51,61.0,2.57,51.0,65.0,0.3,66.0,False
51b0bb73a1da34bc,Mike Ciesnolevicz,72.0,235.0,,Orthodox,1979-10-28,19-4-0 (1 NC),19,4,0,1,0.51,50.0,4.62,57.0,0.0,0.0,20.0,5.1,73.85948512612573,True
51b1e2fd9872005b,Mackens Semerzier,69.0,145.0,72.0,Orthodox,1980-11-03,8-4-0 (1 NC),8,4,0,1,2.91,45.0,3.48,46.0,2.14,50.0,50.0,2.1,72.0,False
51c655162e462ceb,Shannon Ross,66.0,125.0,66.0,Switch,1989-05-12,13-9-0,13,9,0,0,5.96,39.0,7.39,55.0,0.0,0.0,100.0,0.0,66.0,False
51e2f44a8dbf6984,Melissa Croden,69.0,135.0,68.0,Orthodox,1991-04-12,8-3-0,8,3,0,0,4.27,47.0,2.13,59.0,2.02,50.0,66.0,0.3,68.0,False
51e86de150ee8be6,Thibault Gouti,70.0,155.0,72.0,Orthodox,1987-02-27,12-5-0,12,5,0,0,3.68,34.0,5.64,50.0,1.23,80.0,83.0,0.3,72.0,False
51ec9dc3b4964f19,Gianni Vazquez,67.0,135.0,71.0,Orthodox,1994-07-17,13-5-1,13,5,1,0,1.6,22.0,3.93,39.0,0.0,0.0,62.0,2.0,71.0,False
523af801b3429015,Allan Zuniga,67.0,155.0,70.0,Orthodox,1992-04-04,13-1-0,13,1,0,0,3.93,52.0,1.8,61.0,0.0,0.0,57.0,1.0,70.0,False
523f6ad11dbe9b53,Hans Stringer,75.0,205.0,,Orthodox,1987-07-06,22-8-3,22,8,3,0,3.16,61.0,2.84,41.0,2.4,36.0,62.0,0.0,77.02552651451502,True
523fa774700d7d3f,Court McGee,71.0,170.0,75.0,Orthodox,1984-12-12,23-14-0,23,14,0,0,4.5,36.0,3.65,60.0,1.78,24.0,70.0,0.5,75.0,False
528b071cf3da7c56,Luana Carolina,66.0,135.0,69.0,Orthodox,1993-06-11,11-5-0,11,5,0,0,4.65,51.0,3.46,51.0,0.3,37.0,68.0,0.6,69.0,False
528c24b99fbaab79,Johnny Eduardo,67.0,135.0,71.0,Orthodox,1978-08-03,28-13-0,28,13,0,0,2.95,39.0,3.22,63.0,0.22,20.0,58.0,0.4,71.0,False
52b6bf4528130e86,Shem Rock,71.0,155.0,73.0,Southpaw,1993-11-05,12-3-1,12,3,1,0,3.03,39.0,4.4,49.0,1.0,13.0,88.0,0.0,73.0,False
52ba464d9068d871,Elias Silverio,71.0,155.0,73.0,Orthodox,1986-09-22,13-3-0,13,3,0,0,3.67,49.0,2.97,51.0,1.62,38.0,85.0,0.2,73.0,False
52c2ae6d2f2d2613,Youssef Zalal,70.0,145.0,72.0,Switch,1996-09-04,18-6-1,18,6,1,0,2.78,50.0,1.79,64.0,1.84,31.0,55.0,1.3,72.0,False
52cae54377b433b7,Nate Quarry,72.0,185.0,72.0,Open Stance,1972-03-18,12-4-0,12,4,0,0,4.96,44.0,2.8,66.0,0.25,33.0,60.0,0.0,72.0,False
52e76bb4b3e852f3,Antonio Carlos Junior,74.0,185.0,79.0,Orthodox,1990-03-16,11-5-0 (1 NC),11,5,0,1,1.95,42.0,2.14,52.0,3.42,39.0,53.0,0.8,79.0,False
52ef95b5860fb28c,Jean Silva,67.0,145.0,69.0,Orthodox,1996-12-27,17-3-0,17,3,0,0,4.82,51.0,4.5,53.0,1.2,60.0,78.0,0.6,69.0,False
530af2900b5a1693,Dom Mar Fan,71.0,155.0,75.0,Orthodox,2000-03-19,9-3-0,9,3,0,0,3.43,56.0,2.31,44.0,1.84,50.0,62.0,0.3,75.0,False
53278852bcd91e11,Igor Pokrajac,72.0,205.0,74.0,Orthodox,1979-01-02,28-13-0 (1 NC),28,13,0,1,2.25,45.0,4.26,40.0,0.87,29.0,51.0,0.2,74.0,False
5330fe7e4c3af81c,Floyd Sword,72.0,185.0,,Orthodox,1976-08-24,12-3-0,12,3,0,0,0.78,42.0,1.57,40.0,0.0,0.0,33.0,0.0,73.85948512612573,True
5331b25a60417ffb,Anthony Rocco Martin,72.0,170.0,73.0,Orthodox,1989-12-11,17-6-0,17,6,0,0,2.68,37.0,2.59,58.0,0.71,27.0,68.0,1.0,73.0,False
539ed332b3078821,Sarah Moras,67.0,135.0,67.0,Orthodox,1988-04-30,6-8-0,6,8,0,0,2.28,34.0,3.58,50.0,0.67,21.0,33.0,0.8,67.0,False
53bb0d40905b87c0,Jay Silva,74.0,185.0,,Southpaw,1981-05-25,10-11-1,10,11,1,0,1.13,34.0,3.07,40.0,0.0,0.0,38.0,1.0,75.97017938505194,True
53c10176e3bc7416,Felipe Bunes,67.0,125.0,69.0,Orthodox,1989-10-29,14-9-0,14,9,0,0,3.17,46.0,4.57,47.0,1.08,25.0,40.0,1.4,69.0,False
53c943c873cffe90,Philipe Lins,74.0,205.0,78.0,Orthodox,1985-08-17,18-5-0,18,5,0,0,3.8,49.0,3.59,46.0,1.65,33.0,100.0,0.0,78.0,False
53e533db1b8e9712,Jack Nilson,,,,,,2-6-0,2,6,0,0,0.0,0.0,0.0,0.0,0.0,0.0,0.0,0.0,,False
53ec9cb470e1a4ea,Jon Tuck,71.0,155.0,73.0,Orthodox,1984-08-28,10-5-0,10,5,0,0,3.0,40.0,3.74,60.0,0.42,33.0,50.0,1.0,73.0,False
53f84637dfffab7a,Eric Wisely,68.0,145.0,,Southpaw,1984-07-25,26-9-1,26,9,1,0,1.42,47.0,2.08,56.0,0.0,0.0,27.0,0.9,69.63809660827336,True
5431dccc09118234,Lance Benoist,71.0,170.0,72.0,Southpaw,1988-08-26,7-2-0,7,2,0,0,3.68,51.0,2.7,56.0,1.5,33.0,61.0,0.0,72.0,False
5442f1bc4b47eaf3,Chris Curtis,70.0,170.0,75.0,Orthodox,1987-07-15,32-13-0 (1 NC),32,13,0,1,5.52,50.0,5.75,54.0,0.0,0.0,64.0,0.0,75.0,False
5444c5a201d3ee5a,Jamahal Hill,76.0,205.0,79.0,Southpaw,1991-05-19,12-4-0 (1 NC),12,4,0,1,6.19,51.0,4.03,44.0,0.0,0.0,73.0,0.0,79.0,False
544d7460b3e44393,Albert Morales,69.0,135.0,72.0,Orthodox,1991-05-25,7-4-1,7,4,1,0,3.81,35.0,3.96,56.0,0.91,35.0,70.0,0.2,72.0,False
545092d13c67aa49,Alexia Thainara,64.0,115.0,67.0,Orthodox,1995-11-20,14-1-0,14,1,0,0,4.62,43.0,2.46,59.0,4.54,57.0,100.0,1.8,67.0,False
54578e5927adea53,Richie Vaculik,66.0,125.0,69.0,Orthodox,1983-06-19,10-4-0,10,4,0,0,3.69,46.0,4.09,57.0,3.0,45.0,31.0,1.0,69.0,False
546015aa2ad945fd,Rory Singer,74.0,185.0,77.0,Orthodox,1976-05-28,11-9-0,11,9,0,0,2.55,39.0,2.42,63.0,0.39,25.0,64.0,0.8,77.0,False
546f8599a63c29da,Robert Sanchez,66.0,125.0,66.0,Orthodox,1986-03-05,8-2-0,8,2,0,0,0.96,40.0,1.78,46.0,3.61,62.0,50.0,0.7,66.0,False
547afe1017e72dbe,Phil Hawes,72.0,185.0,77.0,Orthodox,1989-01-08,12-6-0,12,6,0,0,5.33,59.0,3.72,55.0,2.11,34.0,90.0,0.2,77.0,False
54ed8dc6f8c31207,Gilbert Smith,69.0,185.0,,Southpaw,1981-10-19,12-6-0,12,6,0,0,1.09,41.0,2.73,35.0,3.51,60.0,0.0,1.2,70.69344373773646,True
54f64b5e283b0ce7,Ilia Topuria,67.0,155.0,69.0,Orthodox,1997-01-21,17-1-0,17,1,0,0,4.82,50.0,3.97,62.0,1.73,57.0,95.0,0.9,69.0,False
5537efc6e496dd84,Aaron Pico,68.0,145.0,70.0,Orthodox,1996-09-23,14-5-0,14,5,0,0,6.16,53.0,3.11,45.0,6.54,50.0,0.0,0.0,70.0,False
5580771f383e141f,Jesse Ronson,70.0,155.0,70.0,Southpaw,1985-12-24,21-12-0 (1 NC),21,12,0,1,3.54,47.0,3.39,57.0,0.46,28.0,57.0,0.5,70.0,False
55a7b2d4e54ffac9,Ryo Chonan,69.0,170.0,70.0,Orthodox,1976-10-08,22-13-0,22,13,0,0,2.57,43.0,2.25,60.0,0.61,41.0,39.0,0.3,70.0,False
55ed59d541f8b90c,Rolando Dy,68.0,145.0,69.0,Orthodox,1990-08-11,9-7-1 (1 NC),9,7,1,1,3.04,37.0,4.47,52.0,0.3,20.0,68.0,0.0,69.0,False
55ee431411ccf07a,Olivier Aubin-Mercier,69.0,155.0,70.0,Southpaw,1989-02-23,11-5-0,11,5,0,0,2.48,51.0,2.97,55.0,2.36,33.0,70.0,0.5,70.0,False
55f446032177b119,Chris Beal,67.0,125.0,69.0,Orthodox,1985-08-06,10-5-0,10,5,0,0,3.45,35.0,3.18,61.0,1.6,58.0,78.0,0.2,69.0,False
55f80a8aeffcdb33,Dustin Pague,69.0,135.0,74.0,Orthodox,1987-08-05,12-11-0,12,11,0,0,1.65,53.0,2.96,41.0,1.03,44.0,55.0,2.6,74.0,False
55fa6ce3e522c8bb,Zhalgas Zhumagulov,64.0,125.0,66.0,Switch,1988-08-29,14-9-0,14,9,0,0,5.24,43.0,5.86,52.0,1.3,19.0,75.0,0.2,66.0,False
56116a79e4deed06,Claude Patrick,71.0,170.0,75.0,Orthodox,1980-06-14,14-2-0,14,2,0,0,1.8,55.0,0.89,69.0,2.32,53.0,84.0,1.7,75.0,False
563a1d42bb0e3cef,Tre'ston Vines,73.0,185.0,79.0,Orthodox,1996-06-18,10-4-0,10,4,0,0,0.0,0.0,3.56,50.0,0.0,0.0,0.0,0.0,79.0,False
564c2f5f9eb45d67,Mike King,75.0,185.0,,,1983-08-04,5-1-0,5,1,0,0,4.44,58.0,1.29,72.0,1.75,25.0,40.0,3.5,77.02552651451502,True
5669b828e7e11329,David Kaplan,67.0,155.0,,Orthodox,1979-11-16,3-4-0,3,4,0,0,2.88,46.0,4.32,67.0,4.88,43.0,0.0,0.7,68.58274947881027,True
56709e66f1c6008f,Cole Smith,71.0,135.0,67.0,Orthodox,1989-04-05,7-2-0,7,2,0,0,1.78,35.0,1.96,49.0,1.67,33.0,45.0,1.7,67.0,False
568bbad0eaced57c,Shanna Young,67.0,125.0,65.0,Orthodox,1991-02-20,9-6-0,9,6,0,0,3.18,47.0,4.88,43.0,0.0,0.0,53.0,0.6,65.0,False
56b8b24f65f9f057,Mike Kyle,76.0,205.0,77.0,Orthodox,1980-03-31,22-14-1 (2 NC),22,14,1,2,3.93,51.0,3.35,49.0,1.33,62.0,50.0,0.8,77.0,False
56bc9ccb609df534,Chuck O'Neil,74.0,170.0,,,1985-09-22,17-9-0,17,9,0,0,3.13,37.0,4.4,72.0,0.0,0.0,0.0,0.0,75.97017938505194,True
56c9acc4e86046a2,Chris Kelades,67.0,125.0,68.0,Orthodox,1981-02-21,9-3-0,9,3,0,0,2.4,43.0,2.64,48.0,1.04,18.0,53.0,0.3,68.0,False
56f4b81ec4db61af,Courtney Turner,74.0,170.0,,,,0-3-0,0,3,0,0,0.0,0.0,0.0,0.0,0.0,0.0,0.0,0.0,75.97017938505194,True
56f7d7ee06be4aab,Zac Pauga,74.0,205.0,76.0,Orthodox,1988-02-25,7-3-0,7,3,0,0,4.46,62.0,2.73,58.0,0.38,7.0,100.0,0.0,76.0,False
56fcb2c4d99f9d1b,Mike Grundy,67.0,145.0,72.0,Orthodox,1987-01-03,12-4-0,12,4,0,0,2.09,45.0,4.45,56.0,4.06,28.0,50.0,0.4,72.0,False
5713c1d2fac539ac,Cody East,75.0,245.0,,Orthodox,1988-06-29,12-3-0,12,3,0,0,4.15,43.0,7.32,40.0,3.97,100.0,16.0,0.0,77.02552651451502,True
57186c150c645200,Jeka Saragih,68.0,145.0,69.0,Orthodox,1995-01-01,14-5-0,14,5,0,0,2.75,50.0,2.82,40.0,2.17,80.0,66.0,0.5,69.0,False
5731cc327790b731,Matt Veach,71.0,155.0,,Orthodox,1981-05-31,17-5-0,17,5,0,0,1.12,28.0,4.91,44.0,3.64,38.0,100.0,1.5,72.80413799666265,True
575360be653ad6a6,Hernani Perpetuo,72.0,170.0,,Orthodox,1985-05-24,18-5-0 (1 NC),18,5,0,1,2.73,29.0,4.37,55.0,0.0,0.0,37.0,0.5,73.85948512612573,True
5755960ebd0b16f6,Ivan Menjivar,66.0,145.0,64.0,Orthodox,1982-05-30,25-12-0,25,12,0,0,2.78,37.0,2.76,65.0,0.56,28.0,38.0,1.0,64.0,False
577ec7e108b94be3,Rainy Martinez,72.0,199.0,,Orthodox,,0-2-0,0,2,0,0,0.0,0.0,0.0,0.0,0.0,0.0,0.0,0.0,73.85948512612573,True
57887765f831e228,Roldan Sangcha'an,64.0,125.0,,Orthodox,1990-12-04,4-2-0,4,2,0,0,2.71,46.0,2.15,51.0,1.94,60.0,68.0,0.0,65.41670809042098,True
578ef12674df1e6a,Irene Aldana,69.0,135.0,68.0,Orthodox,1988-03-26,15-8-0,15,8,0,0,5.19,39.0,6.64,56.0,0.15,50.0,77.0,0.2,68.0,False
579fcdfcabd23a7b,Brian Stann,73.0,205.0,74.0,Orthodox,1980-09-24,12-6-0,12,6,0,0,3.28,42.0,2.65,59.0,0.12,12.0,60.0,0.3,74.0,False
57ab4d7c0bc09a30,Zach Makovsky,64.0,125.0,64.0,Southpaw,1983-04-19,20-8-0,20,8,0,0,1.94,43.0,2.24,62.0,3.71,30.0,56.0,0.3,64.0,False
57b10fca4f9c9a7a,Alex Oliveira,71.0,170.0,76.0,Orthodox,1988-02-21,22-12-1 (2 NC),22,12,1,2,2.99,51.0,2.55,46.0,2.35,38.0,63.0,0.6,76.0,False
57bad6a84230f0c9,Tony Sims,71.0,155.0,70.0,Southpaw,1985-10-14,12-4-0,12,4,0,0,1.81,63.0,0.76,65.0,0.71,50.0,50.0,0.7,70.0,False
57bf89d42364d39e,Issei Tamura,65.0,135.0,63.0,Orthodox,1984-03-12,10-8-0,10,8,0,0,1.89,53.0,4.58,44.0,0.92,25.0,33.0,0.0,63.0,False
5823ceab56741617,Jonathan Meunier,75.0,170.0,,Switch,1987-08-04,8-1-0,8,1,0,0,3.47,50.0,1.43,69.0,0.58,33.0,58.0,0.0,77.02552651451502,True
583ee11abddfc581,Nate Landwehr,69.0,145.0,72.0,Orthodox,1988-06-06,18-8-0,18,8,0,0,5.55,45.0,5.96,51.0,0.73,41.0,71.0,0.7,72.0,False
5866fc86183a9fb8,Erick Silva,72.0,170.0,74.0,Orthodox,1984-06-21,19-9-0 (1 NC),19,9,0,1,2.5,48.0,4.18,49.0,0.85,35.0,56.0,1.4,74.0,False
5870c541798124ae,Manoel Sousa,69.0,155.0,70.0,Orthodox,1997-06-04,14-1-0,14,1,0,0,4.15,45.0,3.71,51.0,0.0,0.0,60.0,1.6,70.0,False
5898357a45a73674,Sione Latu,72.0,215.0,,,,1-0-0,1,0,0,0,0.0,0.0,0.0,0.0,0.0,0.0,0.0,0.0,73.85948512612573,True
58bbef3770bb2dfc,Joel Alvarez,75.0,170.0,77.0,Orthodox,1993-03-02,23-4-0,23,4,0,0,4.53,54.0,3.03,53.0,0.18,33.0,46.0,1.1,77.0,False
58bc81376286b3d3,Per Eklund,70.0,155.0,72.0,Orthodox,1980-11-12,14-5-1,14,5,1,0,2.07,61.0,2.38,67.0,2.07,11.0,50.0,3.6,72.0,False
5904b0b38dc6718d,Cody Pfister,70.0,155.0,73.0,Orthodox,1990-07-12,13-6-1,13,6,1,0,1.41,25.0,2.8,51.0,2.82,30.0,0.0,0.0,73.0,False
59279a7c978f7da0,Al Iaquinta,70.0,155.0,70.0,Orthodox,1987-04-30,14-7-1,14,7,1,0,4.06,40.0,4.53,61.0,0.63,18.0,74.0,0.2,70.0,False
59583ff832fe9d68,Krzysztof Soszynski,73.0,205.0,77.0,Open Stance,1977-08-02,26-12-1,26,12,1,0,3.37,39.0,3.13,58.0,0.52,25.0,71.0,1.0,77.0,False
595db60957de51d3,Michel Pereira,73.0,185.0,73.0,Orthodox,1993-10-06,32-15-0 (2 NC),32,15,0,2,4.28,51.0,4.32,50.0,1.11,52.0,75.0,0.6,73.0,False
597499ac7a5aac62,Abdul-Kareem Al-Selwady,68.0,155.0,69.0,Orthodox,1995-04-10,16-4-0,16,4,0,0,4.61,41.0,3.43,60.0,1.47,23.0,54.0,0.0,69.0,False
597db668b01c442c,Marco Ruas,73.0,210.0,,Orthodox,1961-01-23,9-4-2,9,4,2,0,0.0,0.0,0.0,0.0,0.0,0.0,0.0,0.0,74.91483225558883,True
5987b2458f4b5290,Ricky Simon,66.0,135.0,69.0,Orthodox,1992-08-31,22-7-1,22,7,1,0,3.03,42.0,3.9,61.0,4.49,41.0,76.0,0.3,69.0,False
598a58db87b890ee,Kevin Rosier,76.0,275.0,,Orthodox,,2-6-0,2,6,0,0,0.0,0.0,0.0,0.0,0.0,0.0,0.0,0.0,78.08087364397812,True
59a27d2e6d0802ac,Max Rohskopf,73.0,155.0,71.0,Orthodox,1994-09-27,5-1-0,5,1,0,0,1.7,31.0,5.8,42.0,3.0,33.0,0.0,1.5,71.0,False
59aaf2730b84698a,Jesse Sanders,72.0,170.0,,Orthodox,,23-7-0,23,7,0,0,0.0,0.0,6.45,35.0,0.0,0.0,50.0,0.0,73.85948512612573,True
59c438c81fbf3ece,Tereza Bleda,69.0,125.0,71.0,Orthodox,2001-11-30,7-2-0,7,2,0,0,2.92,51.0,2.14,43.0,1.72,22.0,83.0,0.7,71.0,False
5a558ba1ff5e9121,Darrill Schoonover,74.0,220.0,,Orthodox,1985-07-18,14-8-0,14,8,0,0,1.2,33.0,4.35,38.0,0.0,0.0,50.0,1.1,75.97017938505194,True
5a6e4d2f0c76a242,Manuel Rodriguez,69.0,170.0,,Orthodox,1985-04-25,11-5-0,11,5,0,0,0.81,33.0,3.23,38.0,9.09,75.0,0.0,0.0,70.69344373773646,True
5abf827d62f98fee,Clifford Starks,72.0,185.0,78.0,Orthodox,1981-04-25,13-3-0,13,3,0,0,1.94,33.0,2.49,58.0,1.94,100.0,60.0,0.0,78.0,False
5aedf14771ca82d2,Wilson Reis,64.0,125.0,65.0,Southpaw,1985-01-06,23-10-0,23,10,0,0,1.83,29.0,3.04,55.0,5.15,42.0,47.0,0.6,65.0,False
5af480a3b2e1726b,David Hood,72.0,200.0,,,,1-3-0,1,3,0,0,0.0,0.0,0.0,0.0,0.0,0.0,0.0,0.0,73.85948512612573,True
5b03b61f9d90125e,Morgan Charriere,68.0,145.0,69.0,Orthodox,1995-10-26,21-12-1,21,12,1,0,4.02,50.0,4.51,53.0,2.06,46.0,83.0,0.3,69.0,False
5b2325cd70dbe2ea,Talita Bernardo,64.0,135.0,68.0,Orthodox,1987-03-04,6-4-0,6,4,0,0,3.12,42.0,4.04,55.0,1.62,22.0,28.0,0.5,68.0,False
5b2d7906aa894274,Mike Massenzio,74.0,185.0,73.0,Southpaw,1982-11-01,13-9-0,13,9,0,0,2.08,45.0,3.59,54.0,2.74,24.0,50.0,1.4,73.0,False
5b407acfe0ef9b76,Nick Osipczak,74.0,170.0,76.0,Orthodox,1984-12-30,6-3-0,6,3,0,0,2.83,50.0,3.77,50.0,1.2,45.0,71.0,1.0,76.0,False
5b43d68174b6e2ab,Losene Keita,67.0,145.0,72.0,Orthodox,1997-12-30,16-2-0,16,2,0,0,3.47,43.0,4.47,62.0,0.0,0.0,100.0,0.0,72.0,False
5b5307450405abf0,Rick Story,69.0,170.0,71.0,Southpaw,1984-08-28,19-9-0,19,9,0,0,3.8,41.0,2.17,62.0,2.53,48.0,63.0,0.9,71.0,False
5b5b9c6f6f270369,Kristof Midoux,73.0,220.0,,Orthodox,1974-07-30,6-10-0,6,10,0,0,0.7,43.0,2.89,49.0,0.0,0.0,0.0,0.0,74.91483225558883,True
5b86d491d63890c5,Ludovit Klein,67.0,155.0,72.0,Southpaw,1995-02-22,24-5-1,24,5,1,0,3.76,53.0,3.48,53.0,1.37,51.0,76.0,0.0,72.0,False
5b8ba8f5512893b1,Matt Sayles,67.0,155.0,68.0,Orthodox,1994-02-21,8-4-0,8,4,0,0,4.83,41.0,2.81,61.0,0.36,16.0,81.0,0.7,68.0,False
5bb0a618ad03ac64,Jay Hieron,72.0,170.0,75.0,Orthodox,1976-07-29,23-7-0,23,7,0,0,1.66,32.0,1.89,61.0,4.05,60.0,66.0,1.0,75.0,False
5bd533d50c8e7b8a,Chris Haseman,71.0,205.0,,Orthodox,1969-06-02,20-17-0,20,17,0,0,0.93,70.0,4.67,28.0,0.0,0.0,40.0,2.0,72.80413799666265,True
5be86bb2f78fef2f,Jason Lambert,75.0,185.0,75.0,Orthodox,1975-06-03,26-13-0,26,13,0,0,3.21,58.0,1.84,50.0,1.35,36.0,28.0,2.4,75.0,False
5bf31a46becc1204,Michael Trizano,71.0,145.0,71.0,Orthodox,1991-12-31,11-3-0,11,3,0,0,3.63,53.0,4.4,50.0,0.36,66.0,72.0,0.5,71.0,False
5c10da56d712ac9c,Khusein Askhabov,68.0,145.0,69.0,Orthodox,1995-02-13,23-1-0,23,1,0,0,2.0,26.0,4.13,56.0,0.0,0.0,66.0,0.0,69.0,False
5c126c6aac3ef364,Poliana Botelho,68.0,125.0,67.0,Orthodox,1988-12-15,8-5-0,8,5,0,0,2.9,58.0,2.8,54.0,0.85,57.0,76.0,0.0,67.0,False
5c1ca0c72b599a3c,Rafael Cavalcante,73.0,205.0,74.0,Orthodox,1980-04-14,12-7-0 (1 NC),12,7,0,1,2.71,53.0,3.62,49.0,0.6,40.0,63.0,0.1,74.0,False
5c2ce761399dc9c5,Marcin Bandel,70.0,155.0,,Orthodox,1989-10-10,15-7-0,15,7,0,0,0.79,50.0,5.26,23.0,0.0,0.0,0.0,0.0,71.74879086719955,True
5c637af9472ae7cc,Jamey-Lyn Horth,67.0,125.0,66.0,Orthodox,1990-03-30,9-3-0,9,3,0,0,3.8,47.0,2.64,63.0,0.98,42.0,80.0,0.2,66.0,False
5c84f673b7bb7c15,Cameron Smotherman,69.0,135.0,69.0,Orthodox,1997-09-17,12-7-0,12,7,0,0,3.97,37.0,3.57,58.0,0.0,0.0,62.0,0.0,69.0,False
5ca158b1cc9cb242,Jason Godsey,74.0,230.0,,Orthodox,1964-01-01,16-16-0,16,16,0,0,0.0,0.0,0.0,0.0,0.0,0.0,0.0,0.0,75.97017938505194,True
5cafbc97dba2e797,Robert McDaniel,75.0,185.0,75.0,Southpaw,1983-05-03,28-10-0,28,10,0,0,1.64,44.0,1.98,56.0,0.93,50.0,50.0,1.4,75.0,False
5cdf5339728f580d,Felipe dos Santos,67.0,125.0,70.0,Orthodox,2000-09-11,8-3-0 (1 NC),8,3,0,1,3.75,39.0,3.8,41.0,0.0,0.0,20.0,0.5,70.0,False
5d1b7e3dd9e11074,Manel Kape,65.0,125.0,68.0,Southpaw,1993-11-14,23-7-0,23,7,0,0,4.68,55.0,3.88,57.0,0.36,30.0,78.0,0.2,68.0,False
5d495dec23d7c68e,Francis Marshall,69.0,155.0,72.0,Orthodox,1999-03-03,10-3-0,10,3,0,0,3.19,34.0,3.45,55.0,2.71,47.0,88.0,0.5,72.0,False
5d7bdab5e03e3216,CB Dollaway,74.0,185.0,76.0,Orthodox,1983-08-10,17-9-0,17,9,0,0,2.65,47.0,2.58,54.0,3.55,54.0,62.0,1.2,76.0,False
5d7c18191b8aa432,Zach Light,68.0,170.0,,Orthodox,1974-02-06,9-11-0,9,11,0,0,0.81,33.0,1.9,48.0,1.36,100.0,0.0,0.0,69.63809660827336,True
5d8006587d6a6711,Isaac Thomson,70.0,145.0,69.0,,2002-05-03,9-3-0,9,3,0,0,1.4,44.0,2.2,42.0,4.0,80.0,33.0,0.0,69.0,False
5da33b8fbfa5ee95,William Knight,70.0,205.0,73.0,Orthodox,1988-04-03,11-5-0,11,5,0,0,2.62,56.0,3.3,35.0,1.78,40.0,48.0,0.4,73.0,False
5dd180c8b3196786,Gloria de Paula,65.0,115.0,67.0,Orthodox,1995-06-10,6-5-0,6,5,0,0,4.89,53.0,3.77,66.0,0.74,37.0,65.0,0.5,67.0,False
5df17b3620145578,Cole Escovedo,67.0,135.0,72.0,Orthodox,1981-08-30,17-9-0,17,9,0,0,1.77,43.0,4.32,49.0,0.43,33.0,13.0,0.0,72.0,False
5dfe71ade71f3a4b,Rosi Sexton,63.0,135.0,,Orthodox,1977-07-16,13-5-0,13,5,0,0,3.31,39.0,7.42,41.0,0.75,10.0,80.0,0.0,64.36136096095788,True
5e4eec08896c9423,Corey Anderson,75.0,205.0,79.0,Orthodox,1989-09-22,14-5-0,14,5,0,0,4.43,46.0,2.22,59.0,4.89,50.0,83.0,0.0,79.0,False
5e6294b37bbef029,Stephanie Egger,66.0,135.0,68.0,Orthodox,1988-08-12,8-5-0,8,5,0,0,2.2,46.0,2.48,52.0,2.48,42.0,50.0,0.6,68.0,False
5e84a859c6a82288,Michel Quinones,70.0,155.0,73.0,Orthodox,1984-12-22,8-3-0,8,3,0,0,2.91,29.0,5.98,48.0,0.0,0.0,36.0,0.0,73.0,False
5e9ca8dd7d783a75,Alden Coria,68.0,125.0,67.0,Orthodox,1998-04-24,12-3-0 (1 NC),12,3,0,1,4.69,44.0,2.4,69.0,1.75,50.0,71.0,0.0,67.0,False
5ea918ea81b7dee2,Yao Zhikui,65.0,125.0,64.0,Orthodox,1991-02-07,2-4-0,2,4,0,0,1.44,21.0,2.82,48.0,0.66,16.0,58.0,0.0,64.0,False
5eb50529a8418b77,Gabe Green,70.0,155.0,73.0,Switch,1993-05-02,12-5-0,12,5,0,0,5.6,45.0,6.19,47.0,0.71,50.0,50.0,0.5,73.0,False
5ec591b78349ba7e,Christian Rodriguez,67.0,145.0,71.0,Orthodox,1997-12-17,13-4-0,13,4,0,0,3.9,50.0,2.94,56.0,1.81,40.0,67.0,1.1,71.0,False
5eedbf1e9601be35,Brock Larson,71.0,170.0,71.0,Southpaw,1977-08-23,42-10-0,42,10,0,0,1.39,46.0,1.5,55.0,2.67,34.0,43.0,2.0,71.0,False
5ef0088c1b19beeb,Bryan Caraway,68.0,135.0,68.0,Orthodox,1984-08-04,21-9-0,21,9,0,0,2.53,34.0,3.61,54.0,2.57,25.0,80.0,0.8,68.0,False
5ef94841c4bc3f86,Edgar Chairez,67.0,125.0,71.0,Orthodox,1996-01-27,14-6-0 (1 NC),14,6,0,1,3.76,46.0,4.71,46.0,0.0,0.0,47.0,1.4,71.0,False
5f04e3d58d9ce982,Yves Edwards,69.0,155.0,73.0,Southpaw,1976-09-30,42-22-1 (1 NC),42,22,1,1,2.91,42.0,2.34,66.0,0.76,53.0,69.0,0.7,73.0,False
5f179af5fffeb9f6,Cortney Casey,67.0,125.0,67.0,Orthodox,1987-05-05,10-10-0,10,10,0,0,4.29,39.0,4.0,55.0,0.39,31.0,39.0,0.5,67.0,False
5f2f0da6fd6a84fd,Andrei Semenov,72.0,185.0,,Orthodox,1977-06-17,34-9-2,34,9,2,0,0.78,15.0,2.44,60.0,1.74,80.0,55.0,0.4,73.85948512612573,True
5f3805dda9661cba,Jason Witt,70.0,170.0,70.0,Orthodox,1986-11-07,19-9-0,19,9,0,0,2.15,44.0,2.54,52.0,6.9,48.0,100.0,0.9,70.0,False
5f3da9a9610d8969,Cameron Else,69.0,135.0,71.0,Switch,1987-04-27,10-6-0,10,6,0,0,1.99,40.0,8.09,51.0,0.0,0.0,0.0,0.0,71.0,False
5f6038bcdb95e3e4,John Kolosci,71.0,185.0,,Orthodox,1974-11-26,15-9-0,15,9,0,0,0.21,20.0,0.85,50.0,0.0,0.0,0.0,0.0,72.80413799666265,True
5f61780fe5e9b6d0,Andre Petroski,72.0,185.0,73.0,Switch,1991-06-12,13-6-0,13,6,0,0,2.75,49.0,2.99,51.0,3.13,52.0,86.0,1.2,73.0,False
5f6f049d54728e88,Andre Ewell,68.0,145.0,75.0,Southpaw,1988-01-21,17-9-0,17,9,0,0,4.28,40.0,4.87,51.0,0.36,75.0,72.0,0.1,75.0,False
5f87a5c00b3d17ed,Dennis Siver,66.0,145.0,70.0,Orthodox,1979-01-13,23-11-0 (1 NC),23,11,0,1,3.87,32.0,2.67,65.0,0.87,32.0,65.0,0.3,70.0,False
5f99b2bafb10305f,Daron Cruickshank,68.0,155.0,72.0,Switch,1985-06-11,18-10-0 (1 NC),18,10,0,1,2.88,38.0,2.98,57.0,2.04,41.0,60.0,0.2,72.0,False
5fa2974cbd18e05c,John Castaneda,66.0,135.0,71.0,Switch,1991-12-18,21-8-1,21,8,1,0,4.95,51.0,5.07,54.0,1.49,37.0,75.0,0.1,71.0,False
5fceb45939fc0c8a,Tom Niinimaki,69.0,145.0,69.0,Orthodox,1982-07-25,22-8-1,22,8,1,0,1.91,54.0,2.31,58.0,2.97,46.0,33.0,0.5,69.0,False
60029bcf496bd707,Soa Palelei,76.0,265.0,81.0,Orthodox,1977-07-12,22-5-0,22,5,0,0,2.47,57.0,2.68,48.0,2.2,47.0,66.0,0.0,81.0,False
6014d25e73b669c9,Keiichiro Yamamiya,71.0,185.0,,Southpaw,1972-07-12,45-35-10,45,35,10,0,0.0,0.0,0.0,0.0,0.0,0.0,0.0,0.0,72.80413799666265,True
60193e707634e560,Montse Rendon,68.0,135.0,68.0,Orthodox,1989-03-16,7-2-0,7,2,0,0,2.95,27.0,3.65,57.0,1.91,37.0,85.0,0.3,68.0,False
601964f9654f911a,Tony Gravely,65.0,135.0,69.0,Orthodox,1991-09-28,23-9-0,23,9,0,0,3.82,48.0,4.47,44.0,5.4,41.0,52.0,0.3,69.0,False
601cf40c09090853,Josh Stuart,69.0,160.0,,,,1-4-0,1,4,0,0,0.0,0.0,0.0,0.0,0.0,0.0,0.0,0.0,70.69344373773646,True
60425d07ef4b91a7,Kyler Phillips,68.0,135.0,72.0,Orthodox,1995-06-12,12-5-0,12,5,0,0,4.75,43.0,3.83,58.0,2.82,47.0,75.0,0.3,72.0,False
6085ceb59087514b,Steve Lopez,71.0,155.0,,Orthodox,1984-07-30,13-6-1,13,6,1,0,1.39,24.0,2.69,62.0,0.0,0.0,37.0,0.0,72.80413799666265,True
60884f31ead1609c,Jonathan Wiezorek,75.0,250.0,,Southpaw,1978-02-10,11-2-0,11,2,0,0,1.27,58.0,5.47,31.0,1.91,20.0,0.0,0.0,77.02552651451502,True
60a42bf82447c919,Jake Hadley,67.0,135.0,70.0,Southpaw,1996-08-03,11-4-0,11,4,0,0,3.8,43.0,4.16,61.0,0.33,11.0,54.0,1.1,70.0,False
60ba33c3f555a7a3,Josh Grispi,71.0,145.0,74.0,Orthodox,1988-10-14,14-5-0,14,5,0,0,1.44,41.0,3.71,50.0,1.97,36.0,16.0,2.2,74.0,False
60c72f7459827881,Julio Paulino,72.0,170.0,,Orthodox,1975-12-04,23-5-0,23,5,0,0,0.97,27.0,1.87,48.0,0.0,0.0,37.0,0.5,73.85948512612573,True
6142edbd477d20c9,Dakota Hope,66.0,155.0,68.0,,1997-01-29,11-2-0,11,2,0,0,7.07,41.0,7.0,33.0,1.0,33.0,100.0,0.0,68.0,False
61fb8098ccf81c7f,Antonio Arroyo,75.0,185.0,73.0,Orthodox,1989-07-01,9-5-0,9,5,0,0,2.82,66.0,2.02,50.0,1.14,41.0,41.0,0.2,73.0,False
621a6c59f88a44fe,Matt Hughes,69.0,170.0,73.0,Switch,1973-10-13,45-9-0,45,9,0,0,2.14,53.0,1.36,53.0,2.95,50.0,35.0,1.2,73.0,False
6224e8d0a34264eb,Edward Faaloloto,,155.0,70.0,Orthodox,1984-07-15,2-5-0,2,5,0,0,2.28,32.0,6.25,44.0,1.01,25.0,33.0,0.0,70.0,False
622f015c81a9b13a,Travis Lutter,71.0,185.0,75.0,Orthodox,1973-05-12,10-6-0,10,6,0,0,0.41,32.0,2.42,42.0,1.95,24.0,30.0,0.7,75.0,False
6256b2b1562cb8e1,James Vick,75.0,155.0,76.0,Orthodox,1987-02-23,13-5-0,13,5,0,0,4.13,39.0,3.31,60.0,0.26,33.0,57.0,0.7,76.0,False
62918a2118de08b2,Tom Murphy,74.0,227.0,,Southpaw,1974-11-19,8-0-0,8,0,0,0,2.5,71.0,0.17,84.0,7.51,85.0,0.0,2.5,75.97017938505194,True
6291ac0a3726732f,Pete Williams,75.0,235.0,,Orthodox,1975-07-10,12-6-0,12,6,0,0,0.61,62.0,2.77,40.0,1.84,40.0,16.0,0.9,77.02552651451502,True
62f7097c04311193,Niklas Stolze,73.0,155.0,74.0,Switch,1992-12-28,12-6-0,12,6,0,0,2.12,48.0,2.25,49.0,0.66,100.0,55.0,0.7,74.0,False
633a45d131192ffe,Kajan Johnson,71.0,155.0,75.0,Orthodox,1984-04-21,23-13-1,23,13,1,0,2.47,42.0,1.59,64.0,1.54,37.0,62.0,0.2,75.0,False
634bb0de2eb043b4,Cristiane Justino,68.0,145.0,68.0,Orthodox,1985-07-09,21-2-0 (1 NC),21,2,0,1,7.28,52.0,2.25,64.0,0.66,55.0,94.0,0.4,68.0,False
634e2fb70bde3fd5,Holly Holm,68.0,135.0,69.0,Southpaw,1981-10-17,15-7-0 (1 NC),15,7,0,1,3.13,40.0,2.92,55.0,0.87,30.0,76.0,0.1,69.0,False
6370c1c1e12723d5,Marcin Prachnio,75.0,205.0,73.0,Orthodox,1988-07-14,17-9-0,17,9,0,0,5.52,54.0,3.15,54.0,0.14,20.0,53.0,0.0,73.0,False
637bd06c32219f0b,Jacob Kilburn,69.0,145.0,72.0,Orthodox,1995-06-28,8-4-0,8,4,0,0,2.56,33.0,6.78,35.0,0.51,5.0,20.0,0.5,72.0,False
638cfec7ec559d6e,Brandon Thatch,74.0,170.0,74.0,Switch,1985-07-11,11-5-0,11,5,0,0,2.7,42.0,3.63,52.0,1.36,66.0,50.0,0.7,74.0,False
63b65af1c5cb02cb,Ken Shamrock,73.0,205.0,72.0,Orthodox,1964-02-11,28-17-2,28,17,2,0,1.47,46.0,4.3,39.0,0.94,60.0,44.0,2.5,72.0,False
63def5a5662a6917,Junior Dos Santos,76.0,238.0,77.0,Orthodox,1984-01-30,21-9-0,21,9,0,0,4.49,47.0,3.33,56.0,0.3,50.0,81.0,0.1,77.0,False
63eedfcc73071d41,Lance Gibson,69.0,185.0,,Orthodox,1970-11-20,4-5-0,4,5,0,0,1.21,75.0,6.44,20.0,0.0,0.0,0.0,0.0,70.69344373773646,True
640a0f838f057a81,Lerryan Douglas,69.0,145.0,72.0,Orthodox,1995-04-27,14-5-0,14,5,0,0,8.67,64.0,4.82,63.0,0.0,0.0,0.0,0.0,72.0,False
641ca2c2ed91b93c,Zygimantas Ramaska,71.0,145.0,71.0,Orthodox,1996-12-27,9-3-0,9,3,0,0,0.96,60.0,2.25,30.0,0.0,0.0,33.0,2.4,71.0,False
6420efac0578988b,Yoshiki Takahashi,71.0,199.0,,Southpaw,1969-03-13,30-27-3 (1 NC),30,27,3,1,2.26,51.0,6.47,44.0,0.0,0.0,66.0,2.3,72.80413799666265,True
64360e618823a8e4,Phillipe Nover,69.0,145.0,72.0,Orthodox,1984-02-03,11-8-1,11,8,1,0,1.79,35.0,2.48,56.0,0.99,28.0,44.0,0.7,72.0,False
6448e57a9533b7e4,Abner Lloveras,71.0,155.0,,,1982-09-04,20-9-1,20,9,1,0,6.27,49.0,6.87,43.0,2.0,20.0,0.0,0.0,72.80413799666265,True
64788ee44b062ded,Michinori Tanaka,65.0,135.0,67.0,Orthodox,1990-10-04,11-3-0,11,3,0,0,1.97,37.0,1.99,50.0,2.4,38.0,43.0,0.2,67.0,False
64959f90b6dd9759,Brock Jardine,71.0,170.0,,Orthodox,1985-07-10,12-6-0,12,6,0,0,1.06,30.0,3.34,56.0,0.0,0.0,14.0,0.8,72.80413799666265,True
64a50dad704d1d49,Edson Barboza,71.0,155.0,75.0,Orthodox,1986-01-21,24-14-0,24,14,0,0,4.14,44.0,4.68,55.0,0.43,50.0,73.0,0.1,75.0,False
64ad3e3b0efa30bb,Ivan Erslan,74.0,205.0,72.0,Orthodox,1991-11-15,15-6-0 (1 NC),15,6,0,1,2.53,49.0,4.57,54.0,0.93,37.0,70.0,0.0,72.0,False
64b12fe31be7560c,Eric Nolan,74.0,170.0,74.0,Orthodox,1997-09-13,8-5-0,8,5,0,0,1.68,34.0,2.59,44.0,0.0,0.0,44.0,0.0,74.0,False
64d47ef881a437a4,Cesar Almeida,73.0,185.0,74.0,Orthodox,1988-03-28,7-3-0,7,3,0,0,3.73,60.0,2.23,44.0,0.2,33.0,53.0,0.2,74.0,False
64facb6cc564262d,Punahele Soriano,71.0,170.0,72.0,Southpaw,1992-11-22,13-4-0,13,4,0,0,4.42,53.0,3.31,47.0,1.97,51.0,48.0,0.1,72.0,False
6506c1d34da9c013,Georges St-Pierre,71.0,185.0,76.0,Orthodox,1981-05-19,26-2-0,26,2,0,0,3.78,53.0,1.4,72.0,4.16,74.0,83.0,1.1,76.0,False
6546af7ab545b90c,Darren Uyenoyama,66.0,125.0,65.0,Orthodox,1979-10-15,10-6-0,10,6,0,0,1.34,39.0,2.21,66.0,1.42,33.0,35.0,0.7,65.0,False
654ae722109a0d31,Joe Duffy,70.0,155.0,73.0,Orthodox,1988-02-18,16-5-0,16,5,0,0,2.68,34.0,3.78,54.0,0.96,66.0,64.0,0.7,73.0,False
6551c64fbcd1a467,Ariane da Silva,66.0,125.0,67.0,Orthodox,1994-01-26,17-11-0,17,11,0,0,4.05,41.0,4.4,50.0,0.47,38.0,68.0,0.3,67.0,False
65578a75fa7900e3,Uriah Hall,72.0,185.0,79.0,Orthodox,1984-07-31,18-11-0,18,11,0,0,3.23,48.0,3.85,54.0,0.54,38.0,64.0,0.1,79.0,False
658c3465581ae46b,Pat Barry,71.0,235.0,74.0,Orthodox,1979-07-07,8-7-0,8,7,0,0,2.72,52.0,3.54,59.0,0.0,0.0,76.0,0.2,74.0,False
65adf3856c4d9256,Jafel Filho,67.0,125.0,68.0,Orthodox,1993-05-05,17-5-0,17,5,0,0,1.78,40.0,1.76,50.0,2.4,47.0,50.0,1.8,68.0,False
65cdf4ec31143d86,Vinicius Salvador,67.0,135.0,70.0,Southpaw,1996-07-24,14-7-0,14,7,0,0,5.48,43.0,6.5,48.0,0.36,11.0,86.0,0.0,70.0,False
65db4065e2bc107d,Darrius Flowers,69.0,155.0,71.0,Orthodox,1994-08-25,13-8-1,13,8,1,0,3.13,50.0,5.35,42.0,1.65,44.0,66.0,0.4,71.0,False
65ddc8a9ac4e8531,Keita Nakamura,71.0,170.0,73.0,Southpaw,1984-05-22,34-10-2 (1 NC),34,10,2,1,2.23,36.0,3.2,58.0,1.65,48.0,63.0,0.3,73.0,False
65f09bacd3957381,Cory Sandhagen,71.0,135.0,70.0,Switch,1992-04-20,18-7-0,18,7,0,0,4.92,45.0,3.72,55.0,1.14,33.0,57.0,0.2,70.0,False
663b76da637402c3,Victor Valimaki,72.0,205.0,,Orthodox,1981-12-17,18-10-0,18,10,0,0,3.94,30.0,2.99,67.0,0.9,14.0,0.0,0.0,73.85948512612573,True
668222c99c5c311d,Matt Lucas,73.0,205.0,,,1973-12-27,15-3-0,15,3,0,0,1.27,48.0,3.93,40.0,1.0,10.0,0.0,0.0,74.91483225558883,True
669970f7feba8ecd,Erin Blanchfield,64.0,125.0,66.0,Orthodox,1999-05-04,14-2-0,14,2,0,0,5.24,44.0,4.25,58.0,1.96,34.0,78.0,0.9,66.0,False
669a3cb6e394f515,Royce Alger,70.0,199.0,,Orthodox,1965-03-06,3-2-0,3,2,0,0,0.0,0.0,0.0,0.0,0.0,0.0,0.0,0.0,71.74879086719955,True
66ab58d0b3783607,Andrew Holbrook,71.0,155.0,70.0,Southpaw,1986-02-06,12-3-0,12,3,0,0,2.2,49.0,3.0,54.0,0.85,18.0,10.0,2.1,70.0,False
66e98b3bb5fc5250,Dan Moret,72.0,155.0,73.0,Southpaw,1986-11-21,13-6-0,13,6,0,0,2.67,43.0,3.56,43.0,1.25,27.0,45.0,0.4,73.0,False
672ef06fd9f41f7d,Marcelo Mello,67.0,170.0,,Southpaw,,1-0-0,1,0,0,0,0.0,0.0,0.0,0.0,0.0,0.0,0.0,0.0,68.58274947881027,True
673ea7dcc786b1b3,Bethe Correia,65.0,135.0,64.0,Orthodox,1983-06-22,11-6-1,11,6,1,0,4.37,43.0,4.93,56.0,0.39,18.0,85.0,0.0,64.0,False
6747ccd6d1acd266,Shamil Gaziev,76.0,265.0,78.0,Orthodox,1990-02-10,14-3-0,14,3,0,0,2.94,46.0,4.92,45.0,1.06,33.0,83.0,0.3,78.0,False
6751eacd16bd59bc,Josh Culibao,70.0,145.0,73.0,Orthodox,1994-05-24,11-4-1,11,4,1,0,3.41,44.0,3.04,59.0,0.0,0.0,65.0,0.3,73.0,False
6776260cb0aef647,Logan Clark,74.0,185.0,,Orthodox,1985-02-16,18-6-0,18,6,0,0,2.2,54.0,1.49,53.0,0.31,100.0,30.0,2.1,75.97017938505194,True
679a9054e2815943,Tomasz Drwal,73.0,205.0,76.0,Orthodox,1982-01-22,21-5-1,21,5,1,0,3.29,38.0,2.26,57.0,3.55,60.0,82.0,0.4,76.0,False
67a992d4cff22466,Ericka Almeida,66.0,115.0,,Orthodox,1989-03-05,7-3-0,7,3,0,0,1.07,39.0,3.33,43.0,0.5,33.0,37.0,0.0,67.52740234934717,True
67c1d46f4ed16f9e,Matt Schnell,68.0,125.0,70.0,Orthodox,1990-01-15,17-11-0 (1 NC),17,11,0,1,4.05,40.0,4.18,54.0,0.59,45.0,43.0,1.2,70.0,False
67f272324a030d00,Misha Cirkunov,75.0,205.0,77.0,Orthodox,1987-02-27,15-9-0,15,9,0,0,3.86,51.0,3.06,57.0,4.15,39.0,76.0,1.7,77.0,False
6803d4d6908354ac,Brad Morris,74.0,205.0,,Orthodox,1979-11-01,10-6-0,10,6,0,0,0.5,62.0,6.95,27.0,0.0,0.0,0.0,0.0,75.97017938505194,True
6809c31286b08d97,Tom Watson,73.0,185.0,73.0,Orthodox,1982-07-13,17-9-0,17,9,0,0,4.01,44.0,4.41,50.0,0.15,7.0,43.0,0.0,73.0,False
681399317dbf4701,Uros Medic,73.0,170.0,71.0,Southpaw,1993-04-25,13-3-0,13,3,0,0,5.59,60.0,3.42,56.0,0.34,50.0,55.0,0.0,71.0,False
683ea28a198936fe,Jay Cucciniello,67.0,155.0,,Orthodox,1986-07-23,8-1-0,8,1,0,0,0.93,21.0,4.73,36.0,0.0,0.0,71.0,0.0,68.58274947881027,True
684d3aee255a3d09,Gadzhi Omargadzhiev,73.0,170.0,71.0,Switch,1993-02-24,13-2-0,13,2,0,0,1.8,39.0,2.2,39.0,1.35,30.0,60.0,0.5,71.0,False
6859f67468ba8489,Kevin Randleman,70.0,205.0,,Orthodox,1971-08-10,17-16-0,17,16,0,0,1.26,54.0,1.12,57.0,2.0,56.0,30.0,0.8,71.74879086719955,True
687c15b2eddfaa63,Danilo Marques,78.0,205.0,77.0,Orthodox,1985-12-26,11-4-0,11,4,0,0,1.44,79.0,2.52,52.0,3.93,28.0,0.0,0.8,77.0,False
6888e31ce88f5b17,Steve Vigneault,70.0,185.0,,Orthodox,1978-02-14,12-6-0,12,6,0,0,2.19,28.0,5.75,44.0,0.0,0.0,100.0,0.0,71.74879086719955,True
68b8ebdfce9dbb61,Charalampos Grigoriou,67.0,135.0,67.0,Orthodox,1992-03-31,8-5-0,8,5,0,0,2.62,48.0,3.97,46.0,2.62,80.0,90.0,0.0,67.0,False
68c11c27d4d56572,Dominique Steele,70.0,170.0,74.0,Orthodox,1988-01-27,14-9-0,14,9,0,0,2.32,49.0,2.42,50.0,2.95,42.0,76.0,0.0,74.0,False
68c6cd5287b473a7,Dean Lister,73.0,185.0,75.0,Orthodox,1976-02-13,13-7-0,13,7,0,0,1.26,35.0,1.89,61.0,1.58,15.0,50.0,1.1,75.0,False
68c7ad953455c73f,Don Madge,72.0,155.0,72.0,Southpaw,1990-11-12,9-3-1,9,3,1,0,2.08,52.0,0.74,67.0,2.22,25.0,80.0,0.7,72.0,False
68d35296f566792b,Josiane Nunes,62.0,135.0,67.0,Southpaw,1993-12-23,10-4-0,10,4,0,0,5.65,43.0,5.76,51.0,0.0,0.0,58.0,0.0,67.0,False
68d4a891e5cf2029,Tracy Cortez,65.0,125.0,65.0,Orthodox,1993-12-10,12-4-0,12,4,0,0,3.95,48.0,3.61,53.0,2.04,40.0,59.0,0.3,65.0,False
68d76fd9ecf7431d,Luke Caudillo,67.0,155.0,,Orthodox,1980-11-30,17-17-0,17,17,0,0,1.97,28.0,5.07,55.0,0.44,20.0,85.0,0.0,68.58274947881027,True
68dd7b3783c19f9c,Shane Carwin,74.0,265.0,80.0,Orthodox,1975-01-04,12-2-0,12,2,0,0,4.38,47.0,3.53,53.0,1.42,33.0,42.0,0.0,80.0,False
68f6e96c5fa6e044,Jeremy Kennedy,71.0,145.0,71.0,Orthodox,1992-09-16,11-1-0,11,1,0,0,2.22,46.0,2.58,47.0,5.73,52.0,66.0,0.0,71.0,False
6902fcf0610dd303,Jakub Wiklacz,70.0,135.0,72.0,Orthodox,1996-09-10,18-3-2,18,3,2,0,3.4,44.0,3.87,46.0,0.0,0.0,41.0,2.5,72.0,False
69037fc7730e4225,Steven Nguyen,71.0,145.0,73.0,Switch,1993-05-19,10-2-0,10,2,0,0,7.47,42.0,7.1,60.0,0.24,100.0,88.0,0.0,73.0,False
6905d45bd71b50a9,Leo Kuntz,70.0,155.0,,Orthodox,1983-10-03,18-4-1,18,4,1,0,1.68,32.0,3.8,45.0,1.99,25.0,33.0,0.7,71.74879086719955,True
696002b59f09d73b,Joseph Sandoval,67.0,135.0,,Southpaw,1986-05-11,7-7-0,7,7,0,0,1.82,42.0,12.12,60.0,0.0,0.0,0.0,0.0,68.58274947881027,True
6967153c7edb4d87,Ozzy Diaz,76.0,185.0,79.0,Orthodox,1990-11-22,10-4-0,10,4,0,0,5.33,49.0,6.52,61.0,0.0,0.0,50.0,0.0,79.0,False
69888118d968ba52,Joshua Weems,68.0,135.0,69.0,Orthodox,1994-05-05,11-3-0,11,3,0,0,5.25,64.0,3.34,61.0,4.77,40.0,100.0,0.0,69.0,False
69898645d600abdb,Rodolfo Bellato,75.0,205.0,75.0,Orthodox,1996-02-05,13-3-1 (1 NC),13,3,1,1,5.37,60.0,5.86,46.0,1.38,35.0,94.0,0.2,75.0,False
69a400af4420cd6a,Andreas Stahl,71.0,170.0,,Orthodox,1988-05-20,10-4-0,10,4,0,0,2.83,37.0,4.74,57.0,1.55,66.0,80.0,0.0,72.80413799666265,True
69b69c0178c4004d,Antoni Hardonk,76.0,245.0,78.0,Orthodox,1976-02-05,8-6-0,8,6,0,0,3.4,61.0,3.07,46.0,0.0,0.0,40.0,0.9,78.0,False
69e8c632135af48b,Anying Wang,72.0,170.0,,Orthodox,1991-04-04,2-1-0,2,1,0,0,1.32,26.0,1.63,44.0,0.0,0.0,33.0,0.0,73.85948512612573,True
69f01b25dfabaf6b,Mads Burnell,68.0,145.0,69.0,Orthodox,1994-03-06,9-3-0,9,3,0,0,1.28,41.0,2.71,51.0,3.45,47.0,22.0,0.4,69.0,False
6a0b80a24f22e152,Ryan Parker,75.0,235.0,,Southpaw,,0-1-0,0,1,0,0,0.0,0.0,0.0,0.0,0.0,0.0,0.0,0.0,77.02552651451502,True
6a11e325aa60ad02,Jeff Hughes,74.0,250.0,77.0,Orthodox,1988-05-17,10-4-0 (1 NC),10,4,0,1,3.95,51.0,3.67,60.0,0.71,50.0,45.0,0.0,77.0,False
6a1901c62ab3870f,Jessica Andrade,61.0,115.0,62.0,Orthodox,1991-09-25,26-15-0,26,15,0,0,6.37,48.0,5.58,54.0,2.1,54.0,75.0,0.3,62.0,False
6a2f7c151031653d,Rafael Dos Anjos,68.0,170.0,70.0,Southpaw,1984-10-26,32-17-0,32,17,0,0,3.48,47.0,3.23,60.0,1.95,35.0,54.0,0.6,70.0,False
6a311920edd73c85,Max Gimenis,74.0,256.0,75.0,Orthodox,1993-04-14,6-2-0,6,2,0,0,3.21,42.0,9.64,47.0,0.0,0.0,0.0,0.0,75.0,False
6a740daf1b279661,Maycee Barber,65.0,125.0,65.0,Switch,1998-05-18,15-3-0,15,3,0,0,4.56,53.0,2.78,55.0,1.56,45.0,51.0,0.1,65.0,False
6a8928652fc01bee,Brandon Jenkins,72.0,155.0,71.0,Switch,1991-09-30,15-9-0,15,9,0,0,2.93,41.0,8.05,33.0,0.0,0.0,27.0,0.0,71.0,False
6a92caba39b64752,Terry Martin,68.0,185.0,71.0,Orthodox,1980-10-10,23-11-0,23,11,0,0,2.82,43.0,3.13,54.0,3.1,42.0,92.0,0.0,71.0,False
6a96ad1bc34fb113,Ismail Naurdiev,70.0,185.0,74.0,Orthodox,1996-08-18,25-8-0,25,8,0,0,3.66,52.0,1.75,64.0,1.48,40.0,73.0,0.2,74.0,False
6aa1cbc1466e9a0b,Marcio Cruz,76.0,232.0,,Orthodox,1978-04-24,8-3-0,8,3,0,0,2.92,46.0,1.51,68.0,0.53,7.0,37.0,1.6,78.08087364397812,True
6aae253467e8f9ce,Tafon Nchukwi,72.0,185.0,77.0,Orthodox,1994-10-14,6-4-0,6,4,0,0,5.57,52.0,4.11,54.0,0.76,57.0,64.0,0.0,77.0,False
6ac9bc2953c47345,Gerald Meerschaert,73.0,185.0,77.0,Southpaw,1987-12-18,37-22-0,37,22,0,0,2.95,45.0,3.44,53.0,1.7,29.0,40.0,1.5,77.0,False
6ad8e4296f7522d9,Igor Severino,67.0,125.0,69.0,Orthodox,2003-04-21,8-1-0,8,1,0,0,7.17,52.0,4.33,47.0,9.69,71.0,50.0,0.0,69.0,False
6ad9058b7c7898b0,Tony DeSouza,72.0,170.0,70.0,Southpaw,1974-07-26,11-4-0,11,4,0,0,1.12,52.0,1.57,41.0,2.25,42.0,40.0,1.5,70.0,False
6add18754930182b,Julius Walker,76.0,205.0,78.0,Orthodox,1999-07-16,7-3-0,7,3,0,0,3.72,53.0,4.18,42.0,4.07,38.0,100.0,0.0,78.0,False
6b0a6def604de298,Tommy McMillen,72.0,145.0,74.0,Orthodox,1997-12-15,10-0-0,10,0,0,0,9.87,53.0,5.54,58.0,0.0,0.0,83.0,0.0,74.0,False
6b453bc35a823c3f,Jack Della Maddalena,71.0,170.0,73.0,Switch,1996-09-10,18-4-0,18,4,0,0,5.32,51.0,4.24,61.0,0.34,20.0,64.0,0.1,73.0,False
6b56e94a59b7b134,Oban Elliott,72.0,170.0,72.0,Orthodox,1997-12-19,12-4-0,12,4,0,0,3.62,48.0,2.24,61.0,1.52,40.0,52.0,0.0,72.0,False
6b5b9be990774f0e,Maciej Jewtuszko,72.0,155.0,,Southpaw,1981-01-31,12-3-0,12,3,0,0,2.29,45.0,1.39,66.0,0.0,0.0,42.0,0.9,73.85948512612573,True
6b7bc7eaf2465387,Neil Wain,70.0,242.0,,Orthodox,,13-4-0,13,4,0,0,2.64,50.0,8.57,43.0,0.0,0.0,50.0,0.0,71.74879086719955,True
6b7c7460855dbbb9,Albert Duraev,71.0,185.0,75.0,Orthodox,1989-01-05,16-5-0,16,5,0,0,2.99,40.0,3.01,59.0,1.97,29.0,66.0,0.6,75.0,False
6bb1d2b714d4b3bc,Joey Gilbert,71.0,155.0,,Orthodox,1976-06-05,2-3-0,2,3,0,0,0.61,42.0,4.44,31.0,0.0,0.0,0.0,0.0,72.80413799666265,True
6bd02119599741a4,Pedro Munhoz,66.0,135.0,65.0,Orthodox,1986-09-07,20-10-0 (2 NC),20,10,0,2,5.38,41.0,6.29,55.0,0.48,16.0,82.0,0.5,65.0,False
6bf5a7d3e081ade2,Anthony Njokuani,73.0,155.0,75.0,Orthodox,1980-03-01,16-12-0 (1 NC),16,12,0,1,3.94,46.0,2.41,65.0,0.5,45.0,53.0,0.2,75.0,False
6c011be66326ad97,Bruno Korea,66.0,135.0,65.0,,1991-06-28,7-3-0,7,3,0,0,2.12,34.0,3.96,42.0,0.0,0.0,25.0,0.0,65.0,False
6c2030e0a143a94b,Chris Camozzi,74.0,185.0,75.0,Orthodox,1986-11-20,24-13-0,24,13,0,0,3.57,44.0,2.96,56.0,0.27,19.0,57.0,0.5,75.0,False
6c3b2525436cf5d4,Tom Nolan,75.0,155.0,73.0,Southpaw,2000-03-08,11-1-0,11,1,0,0,4.84,45.0,3.74,48.0,1.08,26.0,58.0,1.4,73.0,False
6c7020b859c7a3ce,Edimilson Souza,72.0,145.0,74.0,Orthodox,1984-10-17,15-5-0,15,5,0,0,4.65,44.0,2.91,58.0,0.0,0.0,50.0,0.0,74.0,False
6c7e25571490aa3b,George Sullivan,72.0,170.0,73.0,Orthodox,1981-03-13,17-7-0 (1 NC),17,7,0,1,3.53,39.0,2.42,57.0,1.37,20.0,38.0,0.7,73.0,False
6c8072b61c276e67,Jessica-Rose Clark,65.0,135.0,64.0,Orthodox,1987-11-28,11-9-0 (1 NC),11,9,0,1,3.73,51.0,3.51,58.0,1.66,42.0,62.0,0.3,64.0,False
6c9b66b43663f2f7,Viktoriia Dudakova,65.0,115.0,67.0,Orthodox,1999-01-26,8-2-0,8,2,0,0,2.87,47.0,3.4,50.0,2.73,35.0,33.0,0.0,67.0,False
6cadfd8f1d9e7685,Che Mills,73.0,170.0,76.0,Orthodox,1982-09-29,16-10-0 (3 NC),16,10,0,3,2.08,52.0,2.87,43.0,1.18,66.0,58.0,0.0,76.0,False
6cbb7661c3258617,Felix Lee Mitchell,,,,Orthodox,,2-7-0,2,7,0,0,0.0,0.0,0.0,0.0,0.0,0.0,0.0,0.0,,False
6ceff86fae4f6b3b,Jason DeLucia,71.0,190.0,,Southpaw,1969-07-24,33-21-1,33,21,1,0,0.0,0.0,0.0,0.0,0.0,0.0,0.0,0.0,72.80413799666265,True
6d1bffff14897645,Santiago Ponzinibbio,72.0,170.0,73.0,Orthodox,1986-09-26,31-9-0,31,9,0,0,4.78,41.0,4.68,61.0,0.6,27.0,71.0,0.0,73.0,False
6d35bf94f7d30241,Amir Albazi,65.0,125.0,68.0,Orthodox,1993-10-27,17-3-0,17,3,0,0,2.47,33.0,3.88,59.0,1.18,25.0,62.0,0.4,68.0,False
6d38e41efa47a72d,Jordan Vucenic,70.0,155.0,73.0,Orthodox,1996-03-02,13-4-0,13,4,0,0,2.11,45.0,1.9,58.0,0.63,14.0,44.0,0.0,73.0,False
6d48a2df51749d91,Antonio Trocoli,77.0,185.0,80.0,Orthodox,1990-12-06,12-7-0 (1 NC),12,7,0,1,1.27,47.0,5.3,26.0,0.88,9.0,42.0,0.4,80.0,False
6d4b63c767106d3a,Vicente Luque,71.0,185.0,75.0,Orthodox,1991-11-27,24-12-1,24,12,1,0,4.8,50.0,5.24,51.0,0.89,48.0,59.0,0.7,75.0,False
6d68c1afe954f121,Ode Osbourne,67.0,125.0,73.0,Southpaw,1992-01-09,13-9-0 (2 NC),13,9,0,2,2.94,40.0,3.24,49.0,0.94,29.0,66.0,0.4,73.0,False
6d7886b094b471ac,Sean Gannon,75.0,265.0,,Southpaw,,2-1-0,2,1,0,0,0.0,0.0,6.38,28.0,0.0,0.0,50.0,0.0,77.02552651451502,True
6da99156486ed6c2,Joshua Burkman,70.0,170.0,72.0,Orthodox,1980-04-10,28-16-0 (1 NC),28,16,0,1,2.69,43.0,3.13,51.0,2.53,36.0,72.0,0.3,72.0,False
6dd758d34da8d254,Ron Stallings,74.0,170.0,75.0,Southpaw,1983-01-25,14-8-0 (1 NC),14,8,0,1,3.22,60.0,3.26,51.0,0.0,0.0,71.0,0.0,75.0,False
6ded9184b2284645,Willie Gates,68.0,125.0,72.0,Orthodox,1987-01-21,12-7-0,12,7,0,0,1.8,38.0,4.28,38.0,0.0,0.0,67.0,0.4,72.0,False
6e00cfffd54653c4,Tyson Nam,67.0,125.0,68.0,Orthodox,1983-10-06,21-14-1,21,14,1,0,3.87,33.0,4.97,65.0,0.0,0.0,87.0,0.0,68.0,False
6e0273f9478be71e,Kenny Robertson,70.0,170.0,74.0,Orthodox,1984-02-14,15-5-0,15,5,0,0,3.72,47.0,3.02,52.0,1.37,26.0,57.0,0.8,74.0,False
6e02c318762f52f1,Alberta Cerra Leon,68.0,238.0,,,,0-1-0,0,1,0,0,0.0,0.0,0.0,0.0,0.0,0.0,0.0,0.0,69.63809660827336,True
6e0e977beb909837,Sung Bin Jo,72.0,145.0,72.0,Orthodox,1992-07-17,9-1-0,9,1,0,0,1.4,33.0,2.67,51.0,1.0,33.0,83.0,1.0,72.0,False
6e15f63b6c2e2c15,Brandon Royval,69.0,125.0,68.0,Southpaw,1992-08-16,18-9-0,18,9,0,0,5.6,42.0,4.24,42.0,0.89,64.0,45.0,1.2,68.0,False
6e344b71421103da,Magomed Gadzhiyasulov,74.0,205.0,75.0,Orthodox,1993-11-04,9-1-0,9,1,0,0,2.89,49.0,1.64,62.0,3.67,73.0,61.0,0.0,75.0,False
6e743a33d56bdaa4,Payton Talbott,70.0,135.0,70.0,Switch,1998-09-09,11-1-0,11,1,0,0,6.62,56.0,3.41,46.0,0.78,44.0,77.0,0.2,70.0,False
6e7506127408aa9e,Nadia Kassem,65.0,125.0,66.0,Southpaw,1995-11-15,5-2-0,5,2,0,0,3.13,41.0,4.48,48.0,0.46,33.0,40.0,2.8,66.0,False
6e7c758f5cdec01a,Paddy Holohan,70.0,125.0,69.0,Orthodox,1988-05-03,12-2-1,12,2,1,0,2.13,46.0,2.81,46.0,2.88,47.0,71.0,1.3,69.0,False
6e8349a0a0476d60,Imanol Rodriguez,64.0,125.0,64.0,Orthodox,1999-11-15,7-0-0,7,0,0,0,5.71,55.0,2.42,58.0,1.3,33.0,0.0,0.0,64.0,False
6e8f1bcdda94ff45,Ibo Aslan,75.0,205.0,77.0,Orthodox,1996-04-23,14-4-0,14,4,0,0,5.75,48.0,3.96,56.0,0.0,0.0,87.0,0.0,77.0,False
6e92eb1242b46636,Steve Montgomery,76.0,185.0,,Southpaw,1990-12-19,9-5-0,9,5,0,0,4.85,39.0,4.12,47.0,0.0,0.0,64.0,0.0,78.08087364397812,True
6e9f40c706f91f32,Nate Maness,70.0,125.0,72.0,Orthodox,1991-06-27,16-3-0,16,3,0,0,3.14,50.0,3.88,42.0,0.68,75.0,80.0,0.7,72.0,False
6eaec40f724852f4,Jessin Ayari,72.0,155.0,73.0,Orthodox,1992-05-31,16-6-0,16,6,0,0,3.53,37.0,3.59,58.0,0.0,0.0,50.0,0.3,73.0,False
6ebe96a116e79e52,John Allan,73.0,205.0,75.0,Orthodox,1993-02-22,13-7-0 (1 NC),13,7,0,1,3.56,42.0,5.74,52.0,1.4,71.0,50.0,0.8,75.0,False
6ece1d2ab1bed31d,Steve Judson,71.0,230.0,,Orthodox,,0-2-0,0,2,0,0,0.0,0.0,0.0,0.0,0.0,0.0,0.0,0.0,72.80413799666265,True
6eedb757f13b9978,Marwan Rahiki,68.0,145.0,72.0,Orthodox,2002-05-10,9-0-0,9,0,0,0,7.75,52.0,5.9,57.0,0.0,0.0,100.0,0.8,72.0,False
6ef58dabef8beb15,Josh Haynes,69.0,170.0,,Orthodox,1977-07-30,14-11-0,14,11,0,0,1.25,22.0,4.03,52.0,0.94,18.0,42.0,0.0,70.69344373773646,True
6ef65b6a152e49d5,Philip De Fries,77.0,250.0,79.0,Orthodox,1986-04-21,12-6-0 (1 NC),12,6,0,1,2.3,47.0,3.0,37.0,3.29,42.0,100.0,0.6,79.0,False
6f018c039b4d5d80,Jon Fitch,72.0,170.0,74.0,Orthodox,1978-02-24,30-7-1 (1 NC),30,7,1,1,2.61,50.0,1.65,54.0,3.6,51.0,56.0,0.8,74.0,False
6f242453c91a5af0,Dennis Bermudez,66.0,155.0,66.0,Orthodox,1986-12-13,17-9-0,17,9,0,0,4.42,46.0,3.07,59.0,3.89,40.0,82.0,1.1,66.0,False
6f4ec5aa3eced219,Zhu Kangjie,66.0,145.0,70.0,Orthodox,1996-01-16,21-5-0 (1 NC),21,5,0,1,2.93,48.0,1.64,66.0,0.32,100.0,50.0,0.0,70.0,False
6f7c616b98e18c29,Claudio Silva,71.0,170.0,71.0,Southpaw,1982-09-06,14-4-0,14,4,0,0,2.48,42.0,3.0,46.0,2.85,26.0,44.0,1.1,71.0,False
6f81b6de2557739a,Jacob Volkmann,69.0,155.0,71.0,Southpaw,1980-09-05,19-7-0,19,7,0,0,1.19,34.0,1.78,52.0,3.19,48.0,52.0,2.0,71.0,False
6fb1ba67bef41b37,Nik Lentz,68.0,145.0,68.0,Orthodox,1984-08-13,30-12-2 (1 NC),30,12,2,1,3.44,47.0,3.25,50.0,3.3,32.0,43.0,1.2,68.0,False
6fc506e1099afe20,Luan Lacerda,67.0,135.0,71.0,Orthodox,1993-01-07,13-4-0,13,4,0,0,4.06,42.0,6.15,49.0,2.82,39.0,66.0,0.6,71.0,False
6fd953151d981979,JJ Aldrich,65.0,125.0,67.0,Southpaw,1992-09-29,15-7-0,15,7,0,0,3.92,46.0,4.34,61.0,0.7,25.0,67.0,0.0,67.0,False
700a674c042b7a96,Cody Gibson,70.0,135.0,71.0,Orthodox,1987-09-11,22-12-0,22,12,0,0,3.63,46.0,3.22,57.0,2.12,37.0,69.0,0.6,71.0,False
701e057d63c124d9,Ian McCall,65.0,125.0,64.0,Orthodox,1984-05-07,13-5-1,13,5,1,0,3.59,39.0,3.25,67.0,2.08,30.0,88.0,0.0,64.0,False
7026eca45f65377b,Jared Gordon,69.0,155.0,68.0,Orthodox,1988-09-06,21-9-0 (1 NC),21,9,0,1,5.57,53.0,4.11,55.0,1.91,34.0,60.0,0.0,68.0,False
70380ccdc81915b8,Yadier del Valle,69.0,145.0,69.0,Southpaw,1996-07-29,10-1-0,10,1,0,0,4.05,60.0,2.16,55.0,1.23,42.0,58.0,2.0,69.0,False
706404da0775dcbc,Hugo Duarte,72.0,240.0,,Orthodox,1968-08-09,6-3-0,6,3,0,0,0.0,0.0,0.0,0.0,0.0,0.0,0.0,0.0,73.85948512612573,True
706f8e2b34e8e18b,Anton Kuivanen,68.0,155.0,72.0,Orthodox,1984-05-01,24-10-0,24,10,0,0,2.27,38.0,1.63,67.0,1.2,100.0,71.0,0.4,72.0,False
709fadb644ee3f51,Diyar Nurgozhay,74.0,205.0,74.0,Southpaw,1997-04-22,11-2-0,11,2,0,0,4.52,59.0,2.81,61.0,1.37,75.0,80.0,0.0,74.0,False
70d2329a92864fdb,Sabina Mazo,67.0,125.0,70.0,Orthodox,1997-03-25,9-4-0,9,4,0,0,6.1,43.0,4.35,57.0,0.65,80.0,59.0,0.2,70.0,False
70dd69b6a703257e,Daniil Donchenko,71.0,170.0,71.0,Orthodox,2001-08-04,15-2-0,15,2,0,0,8.07,62.0,2.8,70.0,0.58,33.0,75.0,0.0,71.0,False
70e1f8a821b72c8b,Jimmy Crute,74.0,205.0,74.0,Orthodox,1996-03-04,14-4-2,14,4,2,0,4.15,52.0,3.65,42.0,4.39,52.0,58.0,2.0,74.0,False
70fa1c64a2c439ef,Alen Amedovski,70.0,185.0,74.0,Orthodox,1988-04-06,8-4-0,8,4,0,0,0.99,30.0,3.85,46.0,0.0,0.0,0.0,0.0,74.0,False
70fc8214822b5a85,Shane Collins,69.0,145.0,71.0,Orthodox,2000-03-08,8-0-0,8,0,0,0,5.07,55.0,3.87,34.0,0.0,0.0,44.0,3.0,71.0,False
71002dbc1743b9a7,Felipe Arantes,68.0,135.0,73.0,Orthodox,1988-02-09,18-10-1 (2 NC),18,10,1,2,2.37,45.0,2.66,64.0,0.93,47.0,41.0,0.7,73.0,False
710d93f1508f7104,Stevie Lynch,70.0,170.0,,Orthodox,,5-2-0,5,2,0,0,2.47,25.0,7.06,41.0,0.0,0.0,0.0,0.0,71.74879086719955,True
710f0f8c5d5c9d41,Lucas Almeida,71.0,145.0,71.0,Orthodox,1991-01-31,15-5-0,15,5,0,0,4.94,39.0,5.36,44.0,0.0,0.0,53.0,0.0,71.0,False
71171fc96445bf65,Vitor Petrino,74.0,225.0,77.0,Orthodox,1997-08-28,14-2-0,14,2,0,0,3.24,48.0,2.71,51.0,2.6,46.0,79.0,0.7,77.0,False
712c4db78b9373d1,Joe Jordan,66.0,155.0,,Orthodox,1978-07-27,49-14-2,49,14,2,0,1.85,25.0,4.27,59.0,0.0,0.0,66.0,0.0,67.52740234934717,True
7138a15258dabf20,Bruna Brasil,66.0,115.0,65.0,Orthodox,1993-09-07,11-7-1,11,7,1,0,2.56,57.0,3.75,52.0,1.23,52.0,57.0,0.1,65.0,False
714e1e0681ddb703,Derrick Krantz,70.0,170.0,72.0,Orthodox,1988-01-13,22-12-0,22,12,0,0,2.07,37.0,4.03,50.0,3.18,50.0,0.0,0.8,72.0,False
71505842fb6455c3,Dustin Stoltzfus,72.0,185.0,75.0,Orthodox,1991-11-15,16-8-0,16,8,0,0,3.3,45.0,3.23,47.0,2.08,37.0,46.0,1.1,75.0,False
7195e2a932686f82,Nick Roehrick,74.0,205.0,,Orthodox,1987-07-06,7-1-0,7,1,0,0,2.31,17.0,6.92,44.0,0.0,0.0,0.0,0.0,75.97017938505194,True
71df36d6d8cf0d74,Kiichi Kunimoto,70.0,170.0,71.0,Orthodox,1981-05-01,18-7-2 (1 NC),18,7,2,1,1.87,44.0,3.92,41.0,1.59,20.0,28.0,0.3,71.0,False
71f048adbfed5b49,Sabah Homasi,72.0,170.0,72.0,Orthodox,1988-10-19,11-8-0,11,8,0,0,4.98,48.0,6.91,47.0,2.8,50.0,66.0,0.0,72.0,False
7215953cd5c6254d,Ross Pointon,68.0,170.0,,Orthodox,1980-02-18,6-17-0,6,17,0,0,2.62,23.0,2.77,58.0,1.19,100.0,0.0,0.0,69.63809660827336,True
723b64c0e9a8f348,Josias Musasa,68.0,135.0,74.0,Southpaw,1998-10-10,8-2-0,8,2,0,0,3.19,45.0,4.39,36.0,0.9,50.0,81.0,0.5,74.0,False
725a834930c2b5bf,Troy Mandaloniz,69.0,170.0,,Orthodox,1980-02-01,3-2-0,3,2,0,0,3.52,56.0,4.71,63.0,3.1,66.0,57.0,0.0,70.69344373773646,True
725b1abc9a39d873,AJ Fletcher,70.0,170.0,67.0,Switch,1997-02-18,10-3-0,10,3,0,0,3.36,49.0,4.61,46.0,1.54,35.0,33.0,0.9,67.0,False
7269329bd87eb479,Christophe Leninger,72.0,200.0,,Southpaw,,3-4-0,3,4,0,0,0.0,0.0,0.0,0.0,0.0,0.0,0.0,0.0,73.85948512612573,True
7279654c7674cd24,Klidson Abreu,72.0,205.0,74.0,Orthodox,1992-12-24,15-4-0 (1 NC),15,4,0,1,2.05,40.0,2.9,55.0,0.64,20.0,80.0,0.0,74.0,False
729d4bd5a6cd0a97,Lauren Murphy,65.0,125.0,67.0,Orthodox,1983-07-27,16-7-0,16,7,0,0,3.94,38.0,5.19,56.0,1.09,24.0,67.0,0.2,67.0,False
72c4b253d2f5ebf2,Roman Salazar,67.0,135.0,,Orthodox,1988-02-21,10-6-0 (1 NC),10,6,0,1,1.95,39.0,2.89,57.0,1.77,18.0,50.0,0.0,68.58274947881027,True
72db2a14ffa73ece,Mateusz Gamrot,70.0,155.0,70.0,Southpaw,1990-12-11,26-4-0 (1 NC),26,4,0,1,3.21,51.0,2.81,60.0,5.22,38.0,83.0,0.2,70.0,False
72e5e5a6edfa8223,Marcos Mariano,73.0,155.0,76.0,Switch,1986-10-12,6-6-0,6,6,0,0,0.25,27.0,2.11,43.0,0.0,0.0,28.0,0.0,76.0,False
72ea1984c52019b5,Saimon Oliveira,64.0,135.0,72.0,Orthodox,1991-04-21,18-7-0,18,7,0,0,2.62,42.0,3.87,45.0,1.18,28.0,36.0,1.2,72.0,False
72f890c5d421e705,Matheus Camilo,70.0,155.0,69.0,Orthodox,2001-01-02,11-3-0,11,3,0,0,2.22,43.0,3.05,66.0,4.16,53.0,0.0,0.6,69.0,False
72ffecf712673af1,Adam Milstead,75.0,205.0,76.0,Orthodox,1987-07-03,8-4-0,8,4,0,0,3.85,46.0,4.79,43.0,0.0,0.0,64.0,0.0,76.0,False
7339d340aa2889cb,Kyle Noke,73.0,170.0,76.0,Southpaw,1980-03-18,22-10-1,22,10,1,0,3.23,50.0,2.09,64.0,1.53,54.0,66.0,0.8,76.0,False
7342fcc41a4817fa,Ansar Chalangov,69.0,170.0,,Orthodox,1979-10-30,14-5-0,14,5,0,0,0.68,66.0,1.69,54.0,0.0,0.0,0.0,7.6,70.69344373773646,True
738acab0c6934dd8,Dmitri Stepanov,75.0,217.0,,Orthodox,,0-1-0,0,1,0,0,0.0,0.0,0.0,0.0,0.0,0.0,0.0,0.0,77.02552651451502,True
739fd4fbb5d862f4,Rizvan Kuniev,76.0,240.0,76.0,Orthodox,1992-03-10,13-3-1 (1 NC),13,3,1,1,3.94,54.0,2.33,48.0,0.98,75.0,93.0,0.0,76.0,False
73a78713bd899f4c,Allen Frye Jr.,77.0,265.0,80.0,Orthodox,1998-04-15,6-1-0,6,1,0,0,2.2,38.0,4.27,36.0,0.0,0.0,0.0,0.0,80.0,False
73c7cfa551289285,BJ Penn,69.0,155.0,70.0,Orthodox,1978-12-13,16-14-2,16,14,2,0,2.76,48.0,3.2,56.0,1.19,55.0,74.0,0.5,70.0,False
73e09f837f3b5ecc,Rogerio Nogueira,74.0,205.0,75.0,Southpaw,1976-06-02,23-10-0,23,10,0,0,2.43,35.0,2.34,59.0,0.64,44.0,62.0,0.8,75.0,False
73ef22f25d0f70e2,Romie Aram,70.0,170.0,,Orthodox,1977-12-02,7-1-0,7,1,0,0,1.8,35.0,2.83,50.0,2.5,62.0,83.0,0.0,71.74879086719955,True
7413b80dbb0f8f9f,Lucas Martins,72.0,145.0,72.0,Southpaw,1988-11-11,19-3-0,19,3,0,0,2.87,35.0,4.14,60.0,0.0,0.0,76.0,0.5,72.0,False
7447e9f28508106a,Mackenzie Dern,64.0,115.0,63.0,Orthodox,1993-03-24,16-5-0,16,5,0,0,3.47,41.0,3.93,51.0,0.93,18.0,37.0,1.1,63.0,False
744e098e065cfdbe,Ricardo Romero,72.0,205.0,76.0,Orthodox,1978-04-15,11-3-0,11,3,0,0,2.17,55.0,4.77,46.0,1.63,10.0,100.0,3.3,76.0,False
7450525c7ba032a0,Heath Herring,76.0,250.0,78.0,Orthodox,1978-03-02,28-16-0 (1 NC),28,16,0,1,2.37,50.0,1.77,54.0,1.22,50.0,32.0,0.7,78.0,False
745fa7b605f8e2da,Fatima Kline,66.0,115.0,67.0,Orthodox,2000-07-12,9-1-0,9,1,0,0,5.01,50.0,2.71,57.0,2.02,58.0,50.0,0.0,67.0,False
7478b7f959ba61f5,Elijah Smith,69.0,135.0,71.0,Orthodox,2002-09-05,10-1-0,10,1,0,0,4.18,48.0,2.96,46.0,2.98,53.0,53.0,1.1,71.0,False
74939a16c7b56f33,Juan Diaz,68.0,135.0,69.0,Orthodox,1998-06-03,16-1-1,16,1,1,0,3.72,41.0,3.4,59.0,5.5,50.0,0.0,0.8,69.0,False
749685d24e2cac50,Remco Pardoel,75.0,260.0,,Southpaw,1969-05-23,9-6-1 (2 NC),9,6,1,2,0.0,0.0,0.0,0.0,0.0,0.0,0.0,0.0,77.02552651451502,True
7498b3ac79a3b948,Taiyilake Nueraji,74.0,155.0,75.0,Southpaw,2001-01-12,12-1-0 (1 NC),12,1,0,1,9.82,53.0,5.01,58.0,1.47,33.0,100.0,0.0,75.0,False
749f572d1d3161fb,Khalil Rountree Jr.,73.0,205.0,76.0,Southpaw,1990-02-26,15-7-0 (1 NC),15,7,0,1,3.88,40.0,4.33,49.0,0.0,0.0,58.0,0.1,76.0,False
74d35fbc9c6a61bd,Alvaro Herrera Mendoza,72.0,155.0,74.0,Orthodox,1990-05-14,9-6-0,9,6,0,0,1.89,38.0,3.4,55.0,0.0,0.0,33.0,1.1,74.0,False
74f9448b97bf8bec,Da Woon Jung,76.0,205.0,78.0,Orthodox,1993-12-07,15-6-1,15,6,1,0,3.24,40.0,4.23,49.0,1.59,47.0,75.0,0.2,78.0,False
74fefd43f073cd2f,Joe Pardo,73.0,210.0,,Southpaw,,4-6-0,4,6,0,0,0.0,0.0,0.0,0.0,0.0,0.0,0.0,0.0,74.91483225558883,True
751de04455cfaac0,Calvin Kattar,71.0,145.0,72.0,Orthodox,1988-03-26,23-10-0,23,10,0,0,4.41,37.0,6.55,54.0,0.34,29.0,77.0,0.1,72.0,False
75353550928a7921,Muhammad Mokaev,67.0,125.0,70.0,Orthodox,2000-07-30,13-0-0 (1 NC),13,0,0,1,1.61,45.0,1.35,57.0,5.29,41.0,25.0,0.8,70.0,False
7559395ad833c074,Miranda Granger,67.0,115.0,68.0,Orthodox,1992-04-13,7-3-0,7,3,0,0,2.79,47.0,2.57,57.0,0.0,0.0,33.0,0.0,68.0,False
75a6a390fd5dca46,Juliana Lima,65.0,115.0,65.0,Orthodox,1982-03-15,9-5-0,9,5,0,0,1.94,44.0,2.11,55.0,1.72,31.0,70.0,0.0,65.0,False
75afb06215a07341,Dmitrii Smoliakov,74.0,253.0,74.0,Switch,1982-08-05,9-3-0,9,3,0,0,1.44,42.0,3.81,55.0,0.0,0.0,75.0,0.0,74.0,False
75bbd2206a15319f,Edwin DeWees,73.0,185.0,,Orthodox,1982-08-07,38-17-0 (1 NC),38,17,0,1,1.53,33.0,6.19,39.0,2.18,66.0,0.0,3.3,74.91483225558883,True
75e0d3cc2262b732,Shane Roller,70.0,155.0,72.0,Orthodox,1979-07-14,11-7-0,11,7,0,0,2.04,34.0,2.65,60.0,2.46,33.0,42.0,1.9,72.0,False
75e5fec9f72910ef,Gleison Tibau,70.0,155.0,71.0,Southpaw,1983-10-07,33-14-0,33,14,0,0,1.95,31.0,2.51,63.0,4.08,53.0,92.0,0.8,71.0,False
75f871836d41f90f,Justin McCully,73.0,225.0,73.0,Orthodox,1976-02-18,11-5-2,11,5,2,0,1.58,37.0,2.02,46.0,1.28,44.0,43.0,0.0,73.0,False
760a55d5b6098cbe,Carlos Candelario,68.0,125.0,68.0,Southpaw,1991-06-04,8-3-0,8,3,0,0,3.97,46.0,5.17,44.0,2.28,36.0,53.0,0.3,68.0,False
764342d39cdaa54a,Frank Camacho,70.0,155.0,73.0,Orthodox,1989-05-18,22-10-0,22,10,0,0,6.56,46.0,7.44,51.0,1.11,31.0,73.0,0.0,73.0,False
7649c4c95b824488,Josh Hendricks,74.0,235.0,,Southpaw,1976-08-28,19-11-0 (1 NC),19,11,0,1,0.98,20.0,11.8,29.0,0.0,0.0,0.0,0.0,75.97017938505194,True
764d39074a352e33,Thomas Petersen,73.0,250.0,74.0,Southpaw,1995-03-30,11-4-0,11,4,0,0,3.1,59.0,2.61,54.0,3.01,43.0,87.0,0.4,74.0,False
76729a829623e266,Henry Martinez,67.0,155.0,69.0,Southpaw,1983-08-07,9-4-0,9,4,0,0,2.79,25.0,4.01,60.0,0.0,0.0,80.0,0.0,69.0,False
7674b836ce0698a0,Yousri Belgaroui,78.0,185.0,79.0,Orthodox,1992-06-02,10-3-0,10,3,0,0,6.1,64.0,2.17,63.0,0.29,100.0,66.0,0.0,79.0,False
767755fd74662dbf,Khamzat Chimaev,74.0,185.0,75.0,Orthodox,1994-05-01,15-1-0,15,1,0,0,4.01,54.0,2.98,52.0,5.32,58.0,87.0,1.4,75.0,False
7691a80e6ca3e55b,Jon Madsen,72.0,240.0,72.0,Orthodox,1980-02-12,8-2-0,8,2,0,0,2.46,41.0,1.18,81.0,1.32,71.0,70.0,0.0,72.0,False
76984112f697631f,Leslie Smith,69.0,135.0,66.0,Orthodox,1982-08-17,10-7-1,10,7,1,0,7.56,40.0,8.41,51.0,0.0,0.0,62.0,0.0,66.0,False
76e2870ffafbe38f,Movsar Evloev,67.0,145.0,72.0,Orthodox,1994-02-11,20-0-0,20,0,0,0,3.91,47.0,2.8,61.0,4.78,52.0,61.0,0.2,72.0,False
76ee3d666c648f6b,Charles Byrd,70.0,185.0,73.0,Orthodox,1983-10-11,10-7-0,10,7,0,0,3.43,55.0,2.63,55.0,2.5,50.0,40.0,1.5,73.0,False
771b60ff889661c8,Mark Scanlon,69.0,170.0,,Orthodox,,9-2-0,9,2,0,0,2.2,35.0,3.33,48.0,3.0,75.0,25.0,2.0,70.69344373773646,True
77350fd0e6d1dba8,Lisa Ellis,64.0,115.0,,,1982-11-15,15-11-0,15,11,0,0,1.68,48.0,2.32,57.0,4.19,63.0,50.0,0.6,65.41670809042098,True
773f7feacf96153e,Benito Lopez,70.0,135.0,73.0,Switch,1994-04-06,10-2-0,10,2,0,0,4.39,45.0,5.18,56.0,0.0,0.0,73.0,0.3,73.0,False
775bad6d700d2302,David Roberts,73.0,170.0,,Orthodox,1975-11-15,5-8-0,5,8,0,0,0.0,0.0,0.0,0.0,0.0,0.0,0.0,0.0,74.91483225558883,True
776a58a67665a171,Nad Narimani,68.0,145.0,70.0,Orthodox,1987-04-14,12-4-0,12,4,0,0,3.33,42.0,3.0,58.0,1.92,41.0,70.0,0.0,70.0,False
776d4262c4da38bf,Pete Rodriguez,69.0,170.0,71.0,Switch,1996-11-13,5-2-0,5,2,0,0,9.28,43.0,12.83,42.0,0.0,0.0,100.0,0.0,71.0,False
7772b283d288dbe2,Guram Kutateladze,71.0,155.0,72.0,Orthodox,1992-01-08,13-5-0,13,5,0,0,3.53,45.0,4.22,54.0,0.61,15.0,75.0,0.0,72.0,False
777dea713da2441d,Valmir Lazaro,72.0,155.0,73.0,Orthodox,1985-08-15,15-5-0,15,5,0,0,4.87,37.0,4.09,61.0,1.33,40.0,96.0,0.0,73.0,False
77d7295d1b22c694,Alessio Di Chirico,72.0,185.0,74.0,Orthodox,1989-12-12,13-7-0,13,7,0,0,3.32,39.0,3.44,61.0,1.46,39.0,83.0,0.0,74.0,False
78114b7199cef90c,Urijah Faber,66.0,135.0,67.0,Orthodox,1979-05-14,35-11-0,35,11,0,0,2.65,40.0,2.59,64.0,1.54,30.0,58.0,0.8,67.0,False
7826923b47f8d72a,Paddy Pimblett,70.0,155.0,73.0,Orthodox,1995-01-03,24-4-0,24,4,0,0,5.48,52.0,3.86,42.0,0.68,21.0,46.0,1.4,73.0,False
782a2a17d3e38fdf,Keigo Kunihara,72.0,235.0,,Orthodox,,3-2-0,3,2,0,0,0.17,10.0,1.99,57.0,4.97,40.0,100.0,2.5,73.85948512612573,True
7832f2f62f04178f,Tucker Lutz,68.0,145.0,72.0,Orthodox,1994-07-12,12-4-0,12,4,0,0,3.74,46.0,3.25,44.0,1.99,44.0,69.0,0.2,72.0,False
784285b7ae7dd85f,Shane Campbell,72.0,155.0,71.0,Orthodox,1987-01-21,14-6-0,14,6,0,0,3.99,59.0,3.19,55.0,1.36,28.0,82.0,0.0,71.0,False
787bb1f087ccff8a,Ciryl Gane,76.0,247.0,81.0,Orthodox,1990-04-12,14-2-0 (1 NC),14,2,0,1,5.4,61.0,2.31,60.0,0.66,23.0,47.0,0.6,81.0,False
78863e4a28204a6b,Justin Frazier,72.0,265.0,75.0,Southpaw,1989-06-15,10-3-0,10,3,0,0,1.11,66.0,6.11,4.0,0.0,0.0,0.0,0.0,75.0,False
78a68f1dade6aaf7,Fabio Cherant,73.0,205.0,74.0,Southpaw,1994-11-25,7-4-0,7,4,0,0,1.35,40.0,4.89,38.0,0.0,0.0,0.0,0.0,74.0,False
78d48d3874dacafd,Azunna Anyanwu,73.0,251.0,,Orthodox,1981-08-05,14-5-0,14,5,0,0,2.47,42.0,2.47,69.0,0.65,100.0,0.0,0.0,74.91483225558883,True
78e501478a36a018,Khama Worthy,71.0,155.0,74.0,Orthodox,1986-10-15,16-9-0,16,9,0,0,4.18,48.0,4.45,46.0,0.0,0.0,57.0,0.7,74.0,False
78f485f851891d68,Journey Newson,65.0,135.0,67.0,Orthodox,1989-03-07,10-5-0 (1 NC),10,5,0,1,2.64,32.0,2.57,64.0,0.56,16.0,43.0,0.3,67.0,False
791c8437b341fba5,Joanderson Brito,68.0,145.0,72.0,Orthodox,1995-02-11,19-5-1,19,5,1,0,2.38,50.0,2.28,43.0,3.23,67.0,57.0,1.2,72.0,False
792be9a24df82ed6,Brandon Moreno,67.0,125.0,70.0,Orthodox,1993-12-07,23-10-2,23,10,2,0,3.84,44.0,3.64,59.0,1.36,39.0,65.0,0.4,70.0,False
79325a3c1a5c3bf4,Andreas Michailidis,72.0,170.0,76.0,Orthodox,1988-07-18,13-6-0,13,6,0,0,2.9,51.0,3.57,44.0,1.12,27.0,50.0,0.0,76.0,False
79899ecf62020f6d,Joe Stevenson,67.0,145.0,70.0,Orthodox,1982-06-15,33-16-0,33,16,0,0,2.05,44.0,2.44,60.0,2.75,44.0,39.0,2.2,70.0,False
798e48f9e7f6ba22,Carlos Hernandez,68.0,125.0,67.0,Orthodox,1993-10-25,10-5-0,10,5,0,0,3.83,45.0,3.5,50.0,1.56,21.0,65.0,0.2,67.0,False
79cb2a690b9ba5e8,Zarrukh Adashev,65.0,125.0,65.0,Southpaw,1992-07-29,4-4-0,4,4,0,0,3.65,40.0,3.04,64.0,0.0,0.0,100.0,0.5,65.0,False
7a15f3694c5cbc02,John Alessio,70.0,155.0,72.0,Orthodox,1979-07-05,35-17-0 (2 NC),35,17,0,2,2.1,39.0,2.91,54.0,1.85,38.0,70.0,1.2,72.0,False
7a359ef685a304a7,Amaury Bitetti,69.0,185.0,,Orthodox,1969-04-14,5-2-0,5,2,0,0,0.0,0.0,0.0,0.0,0.0,0.0,0.0,0.0,70.69344373773646,True
7a39bbac8cc0fa70,Gasan Umalatov,71.0,170.0,71.0,Orthodox,1982-09-11,17-4-2,17,4,2,0,2.23,39.0,4.1,59.0,0.75,17.0,90.0,0.0,71.0,False
7a47e068f8017019,Val Woodburn,68.0,170.0,74.0,Orthodox,1993-08-10,7-2-0,7,2,0,0,1.6,35.0,4.93,36.0,1.92,100.0,50.0,0.0,74.0,False
7a5e8c94a86f9895,Chris Barnett,69.0,261.0,75.0,Orthodox,1986-06-14,23-10-0,23,10,0,0,3.36,47.0,6.55,36.0,0.0,0.0,35.0,0.0,75.0,False
7a613f78dd7ee8f8,Bernardo Magalhaes,69.0,155.0,,Orthodox,1981-04-08,13-4-0,13,4,0,0,1.8,27.0,3.37,68.0,0.0,0.0,0.0,0.5,70.69344373773646,True
7a703c565ccaa18f,Jacare Souza,73.0,185.0,72.0,Orthodox,1979-12-07,26-10-0 (1 NC),26,10,0,1,2.53,47.0,2.83,62.0,2.57,39.0,57.0,1.3,72.0,False
7aa3d6964eff4877,Alex Caceres,70.0,145.0,73.0,Southpaw,1988-06-20,21-15-0 (1 NC),21,15,0,1,4.21,49.0,3.09,62.0,0.54,68.0,64.0,0.7,73.0,False
7aa88401f93ce836,Amar Suloev,69.0,183.0,,Orthodox,1976-07-01,24-7-0,24,7,0,0,1.98,37.0,2.19,70.0,0.27,100.0,88.0,0.3,70.69344373773646,True
7ab478c397cd68ef,Aliaskhab Khizriev,69.0,185.0,74.0,Southpaw,1990-08-24,14-0-0 (1 NC),14,0,0,1,6.01,64.0,4.38,61.0,5.64,60.0,100.0,3.8,74.0,False
7abe471b61725980,Fabricio Camoes,70.0,155.0,71.0,Orthodox,1978-12-23,14-9-1,14,9,1,0,1.29,33.0,1.85,61.0,2.34,32.0,20.0,1.5,71.0,False
7acbb0972e75281a,Marvin Vettori,72.0,185.0,74.0,Southpaw,1993-09-20,19-10-1,19,10,1,0,4.74,45.0,4.55,56.0,1.41,43.0,68.0,0.4,74.0,False
7af33fc4435017f1,Brady Hiestand,68.0,135.0,71.0,Orthodox,1999-04-30,9-2-0,9,2,0,0,2.7,50.0,3.75,51.0,4.8,46.0,42.0,1.1,71.0,False
7b143a54451263d9,Paul Sass,72.0,155.0,73.0,Orthodox,1988-08-04,14-2-0,14,2,0,0,0.53,26.0,1.9,51.0,0.53,16.0,33.0,7.4,73.0,False
7b310409440c9102,Zhang Lipeng,71.0,155.0,71.0,Southpaw,1990-03-10,23-9-1,23,9,1,0,1.28,48.0,1.88,53.0,1.75,30.0,69.0,0.8,71.0,False
7b3503352cd53abb,Westin Wilson,73.0,145.0,73.0,Southpaw,1989-01-24,17-10-0,17,10,0,0,1.57,31.0,6.71,30.0,1.57,16.0,33.0,7.9,73.0,False
7b39035fae7268b8,Matt Van Buren,77.0,205.0,,,1986-06-12,7-6-0,7,6,0,0,7.73,45.0,6.82,49.0,0.0,0.0,50.0,0.0,79.13622077344121,True
7b433309b0fd12aa,Brad Katona,66.0,135.0,64.0,Orthodox,1991-12-19,16-5-0,16,5,0,0,4.81,52.0,4.75,50.0,1.86,34.0,61.0,0.0,64.0,False
7b6ce3a9460565b5,Valeri Ignatov,69.0,170.0,,Orthodox,,1-2-0,1,2,0,0,0.0,0.0,0.0,0.0,0.0,0.0,0.0,0.0,70.69344373773646,True
7b6e40a73b567072,Shonie Carter,70.0,170.0,,Southpaw,1972-05-03,51-31-7 (1 NC),51,31,7,1,1.62,36.0,2.32,47.0,0.75,66.0,75.0,0.0,71.74879086719955,True
7b9aa973e5c04624,Eddie Ruiz,67.0,155.0,,Orthodox,1967-06-10,1-1-0,1,1,0,0,0.2,25.0,1.4,47.0,2.0,12.0,0.0,0.0,68.58274947881027,True
7bc475b0fc2020ab,Luis Ramos,68.0,170.0,,Orthodox,1981-01-18,20-10-2,20,10,2,0,2.4,35.0,5.6,42.0,1.5,20.0,100.0,0.0,69.63809660827336,True
7bc96507e4b38d3b,Cody Donovan,75.0,205.0,74.0,Orthodox,1981-02-20,8-5-0,8,5,0,0,5.61,59.0,5.44,45.0,1.67,28.0,0.0,1.7,74.0,False
7bd94b60d7521e4a,John Albert,68.0,135.0,68.0,Orthodox,1986-10-13,6-5-0,6,5,0,0,3.05,49.0,2.82,35.0,0.0,0.0,50.0,6.1,68.0,False
7bde387d50829adf,Eduardo Garagorri,69.0,145.0,70.0,Orthodox,1989-05-28,13-2-0,13,2,0,0,3.42,51.0,2.36,58.0,0.48,100.0,61.0,0.0,70.0,False
7be14eaed4c74856,Brian Kelleher,66.0,135.0,66.0,Switch,1986-08-19,24-16-0,24,16,0,0,3.31,41.0,4.59,54.0,1.68,41.0,60.0,0.7,66.0,False
7be63795363029e8,Cody McKenzie,72.0,155.0,72.0,Switch,1987-12-16,16-10-0,16,10,0,0,1.74,34.0,2.5,67.0,2.5,25.0,14.0,2.5,72.0,False
7be74a12d7352df2,Sara McMann,66.0,135.0,66.0,Orthodox,1980-09-24,13-6-0,13,6,0,0,2.26,46.0,1.92,47.0,4.38,65.0,50.0,0.5,66.0,False
7c0847d3854a95f2,Sean Salmon,70.0,185.0,,Southpaw,1977-09-11,18-21-0,18,21,0,0,1.49,33.0,2.03,65.0,4.06,50.0,0.0,0.0,71.74879086719955,True
7c35f869033901ae,Riki Fukuda,72.0,185.0,73.0,Southpaw,1981-01-06,24-9-0 (1 NC),24,9,0,1,4.24,43.0,3.71,64.0,2.17,43.0,70.0,0.0,73.0,False
7c3c48cf54a2848e,Yuta Sasaki,70.0,125.0,71.0,Southpaw,1989-10-07,21-6-2,21,6,2,0,2.16,41.0,2.5,50.0,3.03,43.0,41.0,1.2,71.0,False
7c6e87729e824ef4,Ildemar Alcantara,74.0,185.0,78.0,Orthodox,1982-11-18,21-11-0,21,11,0,0,1.93,38.0,2.63,50.0,2.0,68.0,81.0,0.9,78.0,False
7c7332319c14094c,Marlon Vera,68.0,135.0,70.0,Switch,1992-12-02,23-12-1,23,12,1,0,4.18,47.0,5.34,50.0,0.47,39.0,71.0,0.8,70.0,False
7c9c6a884be167fe,Jin Soo Son,66.0,135.0,69.0,Orthodox,1993-04-01,9-4-0,9,4,0,0,5.1,36.0,7.63,52.0,1.5,25.0,100.0,0.0,69.0,False
7c9f96f9a6a5cd50,Brok Weaver,72.0,155.0,73.0,Southpaw,1991-12-05,15-6-0,15,6,0,0,4.78,64.0,4.35,46.0,0.41,10.0,66.0,0.4,73.0,False
7ca4c3f8aa8bacae,Paulo Santos,,,,,,0-3-0,0,3,0,0,0.0,0.0,0.0,0.0,0.0,0.0,0.0,0.0,,False
7cbf7c78d3b34218,Drakkar Klose,69.0,155.0,70.0,Orthodox,1988-03-09,16-3-1,16,3,1,0,4.25,55.0,3.65,49.0,1.49,26.0,69.0,0.0,70.0,False
7cdd3e5d3aa9cb39,Yan Cabral,71.0,155.0,73.0,Orthodox,1983-05-13,13-3-0,13,3,0,0,2.02,47.0,1.98,62.0,2.89,35.0,37.0,1.2,73.0,False
7cec3c4a5e7b6d68,Daniel Frunza,73.0,170.0,73.0,Orthodox,1994-04-13,9-4-0,9,4,0,0,3.25,38.0,4.32,50.0,0.0,0.0,50.0,0.0,73.0,False
7cf20446453f852b,Milton Vieira,72.0,145.0,,Orthodox,1978-10-04,13-8-2,13,8,2,0,1.13,35.0,2.36,48.0,2.67,53.0,12.0,0.7,73.85948512612573,True
7d09200f6a77b20e,Colin Fletcher,74.0,155.0,,Orthodox,1983-01-08,14-8-0,14,8,0,0,3.1,34.0,2.97,62.0,0.0,0.0,27.0,0.0,75.97017938505194,True
7d0a1968b38ca439,Ramazan Temirov,64.0,125.0,63.0,Orthodox,1997-01-31,19-3-0,19,3,0,0,4.37,40.0,3.93,59.0,0.84,50.0,100.0,0.0,63.0,False
7d21de9c6d7c98b2,Rich Clementi,69.0,155.0,72.0,Southpaw,1976-03-31,45-23-1,45,23,1,0,1.43,37.0,2.29,60.0,1.72,42.0,25.0,1.1,72.0,False
7d3caf0f96f1b33d,Nick Thompson,73.0,170.0,74.0,Orthodox,1981-06-23,38-14-1,38,14,1,0,1.87,42.0,1.8,49.0,1.06,100.0,35.0,2.6,74.0,False
7d420039bbfe7c1a,Aoriqileng,67.0,135.0,69.0,Orthodox,1993-06-25,26-13-0 (1 NC),26,13,0,1,4.4,49.0,5.66,46.0,1.11,46.0,59.0,0.2,69.0,False
7d5b12de1625984e,Scott Baker,72.0,210.0,,,,1-1-0,1,1,0,0,0.0,0.0,0.0,0.0,0.0,0.0,0.0,0.0,73.85948512612573,True
7d6ceff6747f2de2,Jose Delgado,71.0,145.0,73.0,Switch,1998-04-21,11-2-0,11,2,0,0,7.48,54.0,4.95,50.0,1.51,40.0,50.0,0.0,73.0,False
7d8435c56043b0ae,Ante Delija,75.0,239.0,78.0,Orthodox,1990-08-07,26-8-0,26,8,0,0,4.28,38.0,3.95,52.0,0.0,0.0,75.0,0.0,78.0,False
7d96bc577e5178b2,Gray Maynard,69.0,155.0,70.0,Orthodox,1979-05-09,13-7-1 (1 NC),13,7,1,1,1.92,32.0,2.64,66.0,2.91,47.0,81.0,0.7,70.0,False
7dcf06c1967801c1,Adriano Martins,70.0,155.0,72.0,Southpaw,1982-12-16,28-9-0,28,9,0,0,1.8,38.0,2.14,65.0,0.83,80.0,81.0,0.4,72.0,False
7dda2cf308f24a02,Virna Jandiroba,63.0,115.0,64.0,Orthodox,1988-05-30,23-4-0,23,4,0,0,2.27,41.0,2.86,55.0,3.13,39.0,72.0,1.4,64.0,False
7debc13b36343605,Cristian Quinonez,68.0,135.0,70.0,Orthodox,1996-04-26,19-5-0,19,5,0,0,3.67,43.0,3.71,56.0,3.14,55.0,85.0,0.6,70.0,False
7dfb56f24fe5ddea,Bobby Nash,72.0,170.0,74.0,Orthodox,1990-03-26,8-4-0,8,4,0,0,3.42,37.0,3.95,51.0,2.37,33.0,100.0,1.6,74.0,False
7e208569469c8bc8,Ruan Potts,74.0,247.0,75.0,Orthodox,1978-02-23,11-6-0,11,6,0,0,0.85,37.0,5.92,22.0,0.75,16.0,33.0,2.3,75.0,False
7e47047d0971d566,Daniel Sarafian,69.0,185.0,73.0,Orthodox,1982-08-21,10-6-0,10,6,0,0,2.23,46.0,3.1,58.0,0.36,7.0,53.0,0.7,73.0,False
7e511f8d842a109d,Arjan Bhullar,73.0,245.0,75.0,Orthodox,1986-05-13,9-1-0,9,1,0,0,2.33,56.0,3.25,59.0,1.73,75.0,100.0,0.0,75.0,False
7e69a4b0961aa555,Brad Blackburn,70.0,170.0,73.0,Orthodox,1977-05-25,18-13-1 (1 NC),18,13,1,1,4.55,35.0,3.59,65.0,0.93,50.0,76.0,0.7,73.0,False
7e9b36a9847db116,Kevin Christian,79.0,205.0,80.0,Orthodox,1995-01-21,9-4-0,9,4,0,0,2.19,58.0,3.54,40.0,0.0,0.0,50.0,1.9,80.0,False
7ea1f74cef32f906,Rashid Magomedov,69.0,155.0,70.0,Orthodox,1984-11-29,20-2-0,20,2,0,0,4.4,49.0,3.05,54.0,0.67,57.0,89.0,0.2,70.0,False
7ea4a9f07df33a45,Francisco Rivera,68.0,135.0,70.0,Orthodox,1981-10-08,11-7-0 (1 NC),11,7,0,1,4.07,41.0,3.16,68.0,1.01,63.0,68.0,0.6,70.0,False
7eaa5e31c2dd86aa,Nick Klein,73.0,185.0,77.0,Orthodox,1995-09-08,6-3-0,6,3,0,0,2.51,56.0,3.41,39.0,5.79,35.0,66.0,1.9,77.0,False
7ee0fd831c0fe7c3,Carlos Prates,73.0,170.0,78.0,Switch,1993-08-17,24-7-0,24,7,0,0,4.41,54.0,4.3,47.0,0.18,100.0,77.0,0.0,78.0,False
7f0b4a75ef3039a3,Eddie Sanchez,74.0,230.0,74.0,Orthodox,1982-11-04,15-8-0,15,8,0,0,3.45,43.0,3.3,43.0,1.13,26.0,42.0,0.0,74.0,False
7f0f171414d0a287,Zelim Imadaev,72.0,170.0,76.0,Orthodox,1995-01-25,8-3-0,8,3,0,0,2.91,36.0,4.35,43.0,0.38,50.0,60.0,0.0,76.0,False
7f1bf0c255ec8756,Azat Maksum,67.0,125.0,70.0,Southpaw,1995-02-02,15-3-0,15,3,0,0,2.75,27.0,4.25,52.0,3.5,31.0,85.0,0.2,70.0,False
7f6ed67d3ed3c036,Cody Durden,67.0,125.0,67.0,Southpaw,1991-03-29,18-11-1,18,11,1,0,3.27,44.0,3.89,51.0,3.82,48.0,56.0,0.6,67.0,False
7f6ef4e1227600bc,Wagner Prado,72.0,205.0,74.0,Southpaw,1986-12-30,12-3-0 (1 NC),12,3,0,1,1.72,40.0,3.06,50.0,0.0,0.0,22.0,0.0,74.0,False
7f955f71fa2ce7ac,Alessio Sakara,72.0,185.0,72.0,Orthodox,1981-09-02,19-11-0 (2 NC),19,11,0,2,3.96,47.0,2.8,59.0,2.18,78.0,62.0,0.0,72.0,False
7f9f528cb72a6ed1,Travis Wiuff,75.0,205.0,,Orthodox,1978-03-15,75-21-0 (1 NC),75,21,0,1,0.48,30.0,4.03,41.0,4.84,57.0,44.0,1.2,77.02552651451502,True
7facc9c45d792985,Kaan Ofli,67.0,145.0,66.0,Orthodox,1993-06-19,15-4-1,15,4,1,0,2.49,47.0,3.17,56.0,0.34,7.0,0.0,0.7,66.0,False
7ff97850e8c32bda,Glover Teixeira,74.0,205.0,76.0,Orthodox,1979-10-28,33-9-0,33,9,0,0,3.73,49.0,4.43,51.0,2.11,33.0,60.0,0.9,76.0,False
803bebcfb6d6f506,Alex Gorgees,74.0,155.0,74.0,Switch,1995-08-11,6-1-0,6,1,0,0,0.67,32.0,2.27,38.0,0.0,0.0,54.0,0.0,74.0,False
8061a3136026a673,Jeisla Chaves,66.0,115.0,68.0,Orthodox,1997-02-02,8-0-0,8,0,0,0,4.97,56.0,4.2,53.0,1.5,37.0,62.0,0.5,68.0,False
80779d7441af1b52,Christian Morecraft,78.0,260.0,81.0,Orthodox,1986-09-08,8-3-0,8,3,0,0,2.82,34.0,2.46,46.0,3.26,66.0,50.0,2.2,81.0,False
809bd1a871491508,Terrance McKinney,70.0,155.0,73.0,Switch,1994-09-15,18-9-0,18,9,0,0,6.83,55.0,4.07,42.0,3.27,42.0,72.0,1.8,73.0,False
80c0bed43da0e27b,David Baron,66.0,155.0,,Switch,1973-02-15,17-4-1,17,4,1,0,1.17,30.0,2.1,56.0,0.0,0.0,14.0,0.7,67.52740234934717,True
80d8aed0ca9b00f3,Montana De La Rosa,67.0,125.0,68.0,Orthodox,1995-02-14,13-9-1,13,9,1,0,2.9,37.0,3.39,45.0,1.85,33.0,68.0,0.8,68.0,False
80d918336163b80c,Tatsuya Kawajiri,67.0,145.0,69.0,Orthodox,1978-05-08,36-11-2,36,11,2,0,2.04,44.0,2.01,50.0,3.63,48.0,63.0,1.1,69.0,False
80daefbed11ce998,Alejandro Perez,66.0,135.0,67.0,Orthodox,1989-09-02,23-9-1,23,9,1,0,3.45,35.0,3.18,61.0,0.54,22.0,70.0,0.3,67.0,False
80dbeb1dd5b53e64,Nam Phan,66.0,135.0,70.0,Orthodox,1983-03-13,21-17-0,21,17,0,0,4.52,37.0,6.55,59.0,0.18,18.0,60.0,0.2,70.0,False
80e6d71e14c1d356,Joe Slick,72.0,199.0,,Orthodox,1977-10-17,16-5-3,16,5,3,0,0.0,0.0,0.0,0.0,0.0,0.0,0.0,0.0,73.85948512612573,True
80eacd4da0617c57,Joseph Benavidez,64.0,125.0,65.0,Southpaw,1984-07-31,28-8-0,28,8,0,0,3.52,34.0,2.67,61.0,1.41,30.0,62.0,0.6,65.0,False
80fa8218c99f9c58,Amanda Nunes,68.0,135.0,69.0,Orthodox,1988-05-30,23-5-0,23,5,0,0,4.55,51.0,2.62,57.0,2.73,54.0,82.0,0.7,69.0,False
813550bc53b15fb0,Yancy Medeiros,70.0,155.0,75.0,Orthodox,1987-09-07,15-8-0 (1 NC),15,8,0,1,4.36,37.0,5.67,47.0,0.33,50.0,73.0,0.7,75.0,False
814e5233e2acf2ee,Charles Johnson,69.0,125.0,70.0,Switch,1991-01-10,19-9-0,19,9,0,0,4.54,49.0,3.88,55.0,0.47,16.0,66.0,0.4,70.0,False
814ff3018127e8fc,Ricky Glenn,72.0,170.0,70.0,Southpaw,1989-04-12,22-9-2,22,9,2,0,3.79,42.0,4.3,51.0,0.72,13.0,69.0,0.4,70.0,False
8163cd7de0342652,Erick Montano,72.0,170.0,73.0,Orthodox,1985-11-19,7-5-0,7,5,0,0,2.79,44.0,2.06,64.0,2.29,36.0,66.0,0.0,73.0,False
8173f134396cb971,Cortavious Romious,64.0,135.0,68.0,Southpaw,1994-01-06,9-4-0,9,4,0,0,1.91,38.0,3.46,39.0,2.29,66.0,64.0,0.8,68.0,False
817e0bdf08efce2e,Elvis Sinosic,75.0,205.0,77.0,Orthodox,1971-02-13,7-11-2,7,11,2,0,1.13,37.0,4.6,53.0,0.0,0.0,0.0,1.2,77.0,False
81801f57bd0a7c41,Marcus Brimage,64.0,135.0,71.0,Southpaw,1985-04-06,7-7-0,7,7,0,0,3.97,35.0,3.64,56.0,0.56,100.0,80.0,0.0,71.0,False
81b8b3fb019dc69d,Antonio Dos Santos,70.0,185.0,,Orthodox,1988-07-21,6-4-0,6,4,0,0,5.4,51.0,3.94,43.0,0.0,0.0,100.0,0.0,71.74879086719955,True
81ca2c245b19b3c5,Melton Bowen,72.0,225.0,,Orthodox,1969-07-16,0-1-0,0,1,0,0,0.0,0.0,0.0,0.0,0.0,0.0,0.0,0.0,73.85948512612573,True
81d2c551886bd5a1,Alice Pereira,68.0,135.0,71.0,Orthodox,2005-12-20,7-1-0,7,1,0,0,2.83,36.0,3.11,66.0,0.0,0.0,75.0,0.0,71.0,False
81d9df19e255b8b6,Jarred Brooks,63.0,125.0,62.0,Switch,1993-05-02,13-2-0,13,2,0,0,2.12,46.0,1.66,62.0,4.54,57.0,69.0,0.6,62.0,False
821cd80aab70d5f9,Josh Shockman,76.0,235.0,,Southpaw,1980-12-29,6-3-0,6,3,0,0,0.87,32.0,0.87,58.0,0.0,0.0,23.0,0.0,78.08087364397812,True
82529ce93cd9a2cf,Anton Turkalj,76.0,205.0,78.0,Orthodox,1996-06-10,8-4-0,8,4,0,0,2.45,42.0,3.42,54.0,4.98,41.0,16.0,0.0,78.0,False
826475cc758e60e6,Rob Wilkinson,75.0,185.0,80.0,Orthodox,1992-02-22,11-2-0,11,2,0,0,2.74,50.0,5.66,39.0,4.47,25.0,0.0,0.0,80.0,False
8270c00fae24c922,Dileno Lopes,65.0,135.0,,,1984-09-26,19-3-0,19,3,0,0,2.37,36.0,3.33,53.0,2.5,31.0,100.0,1.5,66.47205521988408,True
82a5152216251682,Dan Ige,67.0,145.0,71.0,Orthodox,1991-08-06,19-11-0,19,11,0,0,3.6,45.0,3.56,56.0,0.93,26.0,56.0,0.2,71.0,False
82b4e942781b1046,Raulian Paiva,68.0,135.0,69.0,Orthodox,1995-10-17,21-5-0,21,5,0,0,4.14,42.0,5.01,48.0,0.65,23.0,77.0,0.2,69.0,False
82cbb809d5ee565c,Mara Romero Borella,66.0,125.0,69.0,Orthodox,1986-06-03,12-9-0 (2 NC),12,9,0,2,2.54,37.0,2.48,71.0,1.83,44.0,66.0,0.2,69.0,False
82d4c957649faf9b,Miguel Baeza,74.0,170.0,74.0,Orthodox,1992-08-23,10-4-0,10,4,0,0,4.09,49.0,5.92,46.0,0.36,22.0,54.0,2.0,74.0,False
82e7929bf6c2b689,Diego Sanchez,70.0,170.0,72.0,Southpaw,1981-12-31,31-13-0,31,13,0,0,2.69,37.0,3.02,56.0,1.51,24.0,46.0,0.8,72.0,False
830f60497fab345a,Jamie Pickett,74.0,185.0,80.0,Orthodox,1988-08-29,13-11-0,13,11,0,0,2.65,47.0,3.62,50.0,1.26,40.0,67.0,0.1,80.0,False
83455a9d17f57dae,Rafael Estevam,68.0,135.0,69.0,Orthodox,1996-08-10,14-1-0,14,1,0,0,2.4,39.0,3.9,45.0,4.91,33.0,66.0,0.2,69.0,False
8349d55cdecd393a,Antonio Silva,76.0,264.0,82.0,Orthodox,1979-09-14,19-12-1,19,12,1,0,2.89,45.0,3.09,50.0,0.82,29.0,66.0,0.8,82.0,False
8355922d564b152c,Nate Diaz,72.0,170.0,76.0,Southpaw,1985-04-16,22-13-0,22,13,0,0,4.57,45.0,3.77,52.0,1.05,30.0,41.0,1.3,76.0,False
8377c5572cb356f3,Fabio Gurgel,72.0,205.0,,Orthodox,1970-01-18,3-2-0,3,2,0,0,0.0,0.0,0.0,0.0,0.0,0.0,0.0,0.0,73.85948512612573,True
837d30395faca41e,Sheila Gaff,65.0,135.0,,Orthodox,1989-12-29,9-7-0,9,7,0,0,1.6,50.0,2.89,28.0,0.0,0.0,20.0,0.0,66.47205521988408,True
83825fad27ab3581,Joseph Gigliotti,71.0,185.0,,Orthodox,1993-08-13,7-2-0,7,2,0,0,1.04,39.0,2.92,45.0,1.56,100.0,50.0,0.8,72.80413799666265,True
83a477a7dba1ca58,Clay Harvison,73.0,170.0,74.0,Orthodox,1980-09-25,13-6-0,13,6,0,0,3.29,48.0,3.91,58.0,0.66,100.0,68.0,1.3,74.0,False
83b00f7597e5ac83,Juan Adams,77.0,265.0,80.0,Orthodox,1992-01-16,5-3-0,5,3,0,0,7.09,55.0,4.06,34.0,0.91,66.0,57.0,0.0,80.0,False
83b743fedde154fb,Joe Son,64.0,236.0,,Orthodox,1970-11-22,0-4-0,0,4,0,0,0.0,0.0,0.0,0.0,0.0,0.0,0.0,0.0,65.41670809042098,True
83c6c3e0f8bde8ee,Cory Walmsley,72.0,205.0,,Orthodox,,8-2-0,8,2,0,0,0.79,100.0,1.18,50.0,0.0,0.0,0.0,0.0,73.85948512612573,True
83d0de122f2f9664,Michael Patt,72.0,205.0,,Orthodox,,12-4-0,12,4,0,0,1.65,28.0,5.53,55.0,0.0,0.0,0.0,0.0,73.85948512612573,True
83fd97284f4bb4a4,Efrain Escudero,69.0,155.0,71.0,Orthodox,1986-01-15,28-12-0,28,12,0,0,2.92,44.0,2.3,63.0,1.31,40.0,66.0,0.8,71.0,False
840d2c82ea68b9aa,Ben Nguyen,65.0,125.0,65.0,Switch,1988-08-03,16-8-0,16,8,0,0,3.51,40.0,3.01,59.0,0.25,33.0,63.0,1.0,65.0,False
841695e02c99a521,Mansur Abdul-Malik,74.0,185.0,80.0,Orthodox,1997-10-07,9-1-1,9,1,1,0,3.28,44.0,4.49,46.0,1.65,41.0,83.0,0.3,80.0,False
84512339473dd300,Steven Koslow,67.0,125.0,69.0,Switch,1997-01-22,6-1-0,6,1,0,0,0.77,37.0,3.73,40.0,5.28,55.0,0.0,1.1,69.0,False
849c5d9979df5357,Mateusz Rebecki,67.0,155.0,66.0,Southpaw,1992-10-03,20-5-0,20,5,0,0,4.79,46.0,4.36,54.0,3.05,48.0,53.0,0.4,66.0,False
84a067c46306a737,Sam Hoger,74.0,205.0,,Orthodox,1980-06-28,10-4-0,10,4,0,0,1.07,25.0,2.25,57.0,1.12,38.0,29.0,1.3,75.97017938505194,True
84ac950d4c1722dd,Duane Ludwig,70.0,170.0,70.0,Orthodox,1978-08-04,21-14-0,21,14,0,0,4.62,44.0,3.05,57.0,0.43,25.0,59.0,0.1,70.0,False
84b3e7d38f2d2ec5,Neil Magny,75.0,170.0,80.0,Orthodox,1987-08-03,31-15-0,31,15,0,0,3.4,46.0,2.44,51.0,2.17,39.0,55.0,0.3,80.0,False
84f727cf0166d6f2,Jose Johnson,72.0,125.0,71.0,Orthodox,1995-05-20,16-10-0,16,10,0,0,2.27,57.0,1.61,53.0,0.69,60.0,41.0,0.7,71.0,False
84ff027394f7e470,Gregor Gillespie,67.0,155.0,71.0,Orthodox,1986-11-13,14-1-0,14,1,0,0,3.74,52.0,2.3,57.0,6.86,48.0,100.0,0.8,71.0,False
850266b3dc4e506e,Daniel Marcos,67.0,135.0,69.0,Orthodox,1993-03-07,18-1-0 (1 NC),18,1,0,1,4.9,53.0,3.79,61.0,1.35,52.0,85.0,0.1,69.0,False
85073dbd1be65ed9,Greg Hardy,77.0,265.0,80.0,Orthodox,1988-07-28,7-5-0 (1 NC),7,5,0,1,4.79,50.0,3.31,55.0,0.2,33.0,64.0,0.0,80.0,False
852454c572675334,James Wilks,73.0,170.0,75.0,Orthodox,1978-05-04,7-4-0,7,4,0,0,1.82,45.0,2.03,50.0,1.27,22.0,66.0,3.8,75.0,False
85248da6e9e2f7e7,Jamie Yager,73.0,185.0,,Orthodox,1983-11-29,8-4-0,8,4,0,0,3.08,39.0,2.55,63.0,0.0,0.0,66.0,0.0,74.91483225558883,True
853eb0dd5c0e2149,Kai Kara-France,64.0,125.0,69.0,Orthodox,1993-03-26,25-12-0 (1 NC),25,12,0,1,4.46,40.0,3.24,64.0,0.56,30.0,83.0,0.0,69.0,False
85497ffd934ecf7e,Jacobe Smith,70.0,170.0,72.0,Southpaw,1996-01-17,12-0-0,12,0,0,0,6.89,67.0,2.78,47.0,7.78,91.0,100.0,0.7,72.0,False
85980f5da429c0a6,Shane del Rosario,76.0,250.0,,Southpaw,1983-09-23,11-2-0,11,2,0,0,3.93,60.0,2.97,54.0,1.2,40.0,16.0,2.4,78.08087364397812,True
85d0fafb8b75d634,Juan Manuel Puig,69.0,145.0,,Orthodox,1989-04-23,11-4-0,11,4,0,0,4.91,23.0,7.17,51.0,0.0,0.0,0.0,0.0,70.69344373773646,True
85d905f7c4f5a1af,Murilo Bustamante,74.0,183.0,,Orthodox,1966-07-30,15-8-1,15,8,1,0,1.33,32.0,1.9,60.0,2.46,33.0,54.0,1.2,75.97017938505194,True
85e26e2468b4e82f,Hayato Sakurai,67.0,168.0,,Orthodox,1975-08-24,38-13-2,38,13,2,0,2.45,49.0,1.94,59.0,1.87,69.0,56.0,0.3,68.58274947881027,True
85ff1b9471d35238,Dmitry Sosnovskiy,75.0,240.0,77.0,Orthodox,1989-07-06,11-0-0,11,0,0,0,2.95,70.0,2.53,35.0,3.16,66.0,100.0,3.2,77.0,False
86061eaba822bfea,John Teixeira,67.0,145.0,,Orthodox,1986-11-18,21-2-2,21,2,2,0,3.36,35.0,3.2,63.0,1.0,27.0,71.0,0.7,68.58274947881027,True
8614b7134913f5d5,Jarjis Danho,75.0,265.0,74.0,Orthodox,1983-10-15,7-1-1 (1 NC),7,1,1,1,3.38,50.0,5.25,49.0,0.51,16.0,100.0,0.0,74.0,False
862b0b3375aa4b6e,Zarah Fairn,68.0,135.0,72.0,Orthodox,1983-12-10,6-6-0,6,6,0,0,4.55,31.0,7.4,45.0,0.0,0.0,60.0,0.0,72.0,False
863d06a7ef8bc98c,James Lee,71.0,205.0,,Southpaw,1973-09-22,15-3-0 (1 NC),15,3,0,1,1.4,42.0,3.72,27.0,13.95,50.0,0.0,7.0,72.80413799666265,True
8667caa0451d245b,Kennedy Nzechukwu,77.0,236.0,83.0,Southpaw,1992-06-13,14-6-1,14,6,1,0,4.96,46.0,4.58,51.0,0.5,45.0,80.0,0.2,83.0,False
866fd7b1a6c90e7f,Dusko Todorovic,73.0,185.0,74.0,Orthodox,1994-05-19,13-6-0,13,6,0,0,4.73,57.0,4.4,48.0,1.77,21.0,42.0,0.3,74.0,False
8677e67a75d65b8e,Baergeng Jieleyisi,69.0,145.0,71.0,Orthodox,1995-11-24,18-7-0,18,7,0,0,1.61,35.0,2.62,52.0,1.73,38.0,78.0,0.2,71.0,False
86bace9e4ad85542,Xiao Long,68.0,135.0,70.0,Orthodox,1998-04-13,27-11-0,27,11,0,0,5.06,47.0,3.85,50.0,0.74,27.0,82.0,0.0,70.0,False
86d9dbe1bfcbade7,Julia Avila,67.0,135.0,68.0,Orthodox,1988-05-11,9-4-0,9,4,0,0,2.81,42.0,3.28,55.0,0.63,37.0,52.0,0.2,68.0,False
86dfed7cc24a9fa7,Matt Serra,66.0,170.0,68.0,Orthodox,1974-06-02,11-7-0,11,7,0,0,1.98,39.0,2.64,46.0,2.05,20.0,38.0,0.9,68.0,False
86f582852a5b240a,Mac Danzig,68.0,155.0,70.0,Orthodox,1980-01-02,21-12-1,21,12,1,0,3.39,48.0,3.44,57.0,1.2,37.0,46.0,0.6,70.0,False
873626e5547b5235,Kyle Prepolec,70.0,155.0,70.0,Southpaw,1989-08-30,18-10-0,18,10,0,0,3.25,34.0,5.69,48.0,0.0,0.0,45.0,0.0,70.0,False
8738eacd62e82a32,Matt Andersen,74.0,230.0,,Southpaw,1971-05-29,14-8-1,14,8,1,0,0.0,0.0,0.0,0.0,0.0,0.0,0.0,0.0,75.97017938505194,True
8765559b6a29a421,Gaetano Pirrello,67.0,135.0,65.0,Orthodox,1992-04-29,15-7-1,15,7,1,0,0.99,55.0,2.44,42.0,0.0,0.0,30.0,0.0,65.0,False
876f478f796495f7,Josh Quinlan,72.0,170.0,72.0,Orthodox,1993-02-06,6-3-0 (1 NC),6,3,0,1,3.57,42.0,6.38,53.0,0.34,11.0,71.0,0.0,72.0,False
8788beb528894f33,Donnie Chappell,71.0,178.0,,Southpaw,,0-1-0,0,1,0,0,0.0,0.0,0.0,0.0,0.0,0.0,0.0,0.0,72.80413799666265,True
879b8df81523d91b,Nick Penner,76.0,205.0,,Southpaw,1980-03-26,11-3-0,11,3,0,0,1.25,30.0,4.6,38.0,0.0,0.0,40.0,0.0,78.08087364397812,True
879f6cae48d25baa,Justin Lawrence,68.0,145.0,67.0,Orthodox,1990-05-15,10-4-0,10,4,0,0,3.84,35.0,2.83,67.0,0.72,28.0,73.0,0.0,67.0,False
87a1dc546b1c5caf,Makwan Amirkhani,70.0,145.0,72.0,Southpaw,1988-11-08,17-9-0,17,9,0,0,1.33,44.0,2.98,46.0,3.96,43.0,35.0,1.1,72.0,False
87aa9fb63d6b51a1,Zabit Magomedsharipov,73.0,145.0,73.0,Orthodox,1991-03-01,18-1-0,18,1,0,0,4.89,48.0,3.0,64.0,5.22,56.0,77.0,0.8,73.0,False
87c0b1c696ddfb43,Jonathan Pearce,72.0,145.0,71.0,Switch,1992-05-01,14-7-0,14,7,0,0,5.12,54.0,3.32,54.0,5.02,50.0,55.0,0.8,71.0,False
87e2468b986ebb79,Cameron VanCamp,74.0,155.0,74.0,Switch,1993-04-27,15-7-1 (1 NC),15,7,1,1,5.31,47.0,6.41,40.0,0.0,0.0,0.0,0.0,74.0,False
87e4a3a5080ee7ce,Elisha Ellison,72.0,238.0,78.0,Orthodox,1997-03-05,5-3-0,5,3,0,0,3.61,38.0,15.79,33.0,0.0,0.0,100.0,0.0,78.0,False
87f19d19f4cb73f8,Magomed Bibulatov,65.0,125.0,65.0,Orthodox,1988-08-22,14-2-0,14,2,0,0,3.6,51.0,1.83,52.0,2.85,40.0,75.0,0.0,65.0,False
87f3bbf52e6c9dc9,Daniel Spohn,76.0,205.0,79.0,Southpaw,1984-10-12,15-6-0,15,6,0,0,2.42,49.0,1.6,53.0,0.0,0.0,28.0,2.5,79.0,False
87f8699fdcc2c404,Alice Ardelean,63.0,115.0,62.0,Orthodox,1992-04-19,12-7-0,12,7,0,0,7.0,46.0,4.97,61.0,1.08,50.0,85.0,0.2,62.0,False
881bf86d4cba8578,Nassourdine Imavov,75.0,185.0,75.0,Orthodox,1996-03-01,17-4-0 (1 NC),17,4,0,1,4.28,54.0,3.17,58.0,0.74,32.0,81.0,1.0,75.0,False
882d62561063a927,Jamie Moyle,61.0,115.0,65.0,Orthodox,1989-03-17,4-3-0,4,3,0,0,4.51,51.0,4.0,65.0,1.0,21.0,50.0,0.0,65.0,False
886264a0c9f4ea5e,Andre Muniz,73.0,185.0,78.0,Southpaw,1990-02-17,24-8-0,24,8,0,0,2.08,48.0,2.46,51.0,3.98,48.0,35.0,1.1,78.0,False
8866c6f509c19089,Ryan Hall,70.0,145.0,70.0,Southpaw,1985-02-22,9-2-0,9,2,0,0,2.38,50.0,1.33,65.0,0.22,9.0,0.0,2.2,70.0,False
887961364be5ceb3,King Green,70.0,155.0,71.0,Orthodox,1986-09-09,36-17-1 (1 NC),36,17,1,1,6.49,53.0,3.63,62.0,1.32,43.0,71.0,0.3,71.0,False
88a9bc81271ccd89,Vinny Magalhaes,75.0,205.0,75.0,Orthodox,1984-07-02,14-9-0 (1 NC),14,9,0,1,2.14,24.0,3.97,68.0,1.55,44.0,66.0,0.8,75.0,False
88be62d6c1e6dadb,Jose Ochoa,67.0,125.0,67.0,Southpaw,2000-12-31,9-2-0 (1 NC),9,2,0,1,5.16,47.0,2.99,58.0,0.3,25.0,65.0,0.9,67.0,False
88c8f47241d90040,John Halverson,69.0,155.0,,Southpaw,1972-09-08,16-8-0 (1 NC),16,8,0,1,2.94,43.0,5.29,47.0,0.0,0.0,66.0,2.0,70.69344373773646,True
88cd34d836b4ebcd,Teruto Ishihara,67.0,135.0,69.0,Southpaw,1991-07-23,10-7-2,10,7,2,0,3.26,44.0,3.63,53.0,0.5,16.0,30.0,0.0,69.0,False
88d7b6d8230e1f3f,Saparbeg Safarov,73.0,185.0,78.0,Orthodox,1986-10-14,9-3-0,9,3,0,0,4.03,48.0,2.96,47.0,2.52,41.0,33.0,0.0,78.0,False
893d51aaf024eddd,Jimy Hettes,69.0,145.0,71.0,Southpaw,1987-06-09,11-3-0,11,3,0,0,3.47,57.0,3.5,57.0,5.2,44.0,61.0,1.4,71.0,False
896c322f56b8be5a,George Sotiropoulos,70.0,155.0,71.0,Orthodox,1977-07-09,14-7-0,14,7,0,0,2.61,27.0,2.52,67.0,2.32,31.0,53.0,1.6,71.0,False
89839250eb25c9c1,Caio Machado,76.0,250.0,78.0,Southpaw,1994-07-20,8-4-1,8,4,1,0,5.82,53.0,2.87,63.0,0.0,0.0,82.0,0.0,78.0,False
899923ff6ab13917,Bevon Lewis,75.0,185.0,79.0,Orthodox,1991-05-05,7-3-0,7,3,0,0,3.73,43.0,2.67,54.0,0.0,0.0,66.0,0.0,79.0,False
89a407032911e27e,Brendan Schaub,76.0,245.0,78.0,Orthodox,1983-03-18,10-5-0,10,5,0,0,2.92,37.0,2.22,57.0,2.32,46.0,72.0,0.4,78.0,False
89b8d1bf1ff09d1d,Tim Credeur,75.0,185.0,75.0,Orthodox,1977-07-09,12-4-0,12,4,0,0,3.59,30.0,3.13,57.0,0.41,100.0,50.0,3.3,75.0,False
8a0be41c0380188d,Charlie Valencia,63.0,135.0,64.0,Orthodox,1974-10-31,12-7-0,12,7,0,0,2.58,37.0,2.61,77.0,1.4,53.0,75.0,0.5,64.0,False
8a1f3b5c526cd6e6,Daniel Rodriguez,73.0,170.0,74.0,Southpaw,1986-12-31,20-5-0,20,5,0,0,7.2,49.0,5.4,57.0,0.51,50.0,64.0,0.1,74.0,False
8a304bfd6bf04a57,Demetrious Johnson,63.0,125.0,66.0,Orthodox,1986-08-13,27-3-1,27,3,1,0,3.43,54.0,1.66,67.0,3.35,56.0,65.0,0.5,66.0,False
8a56ea383fd26e52,Galore Bofando,71.0,170.0,72.0,Switch,1982-05-22,5-3-0,5,3,0,0,3.63,45.0,3.63,54.0,2.37,100.0,50.0,0.0,72.0,False
8a59d346dc976a10,Thiago Tavares,67.0,145.0,70.0,Orthodox,1984-11-08,21-7-1,21,7,1,0,2.0,40.0,2.31,62.0,3.83,42.0,62.0,1.5,70.0,False
8a65fd9ba31fd3f7,Zhang Mingyang,74.0,205.0,75.0,Orthodox,1998-08-16,19-8-0,19,8,0,0,7.01,58.0,5.55,43.0,0.0,0.0,75.0,0.0,75.0,False
8a70ceb3edbe757b,Andrew Craig,73.0,170.0,76.0,Orthodox,1986-01-15,9-4-0,9,4,0,0,2.39,40.0,3.01,50.0,0.53,37.0,72.0,0.0,76.0,False
8a8a84b743ae7699,Dennis Hallman,69.0,155.0,72.0,Orthodox,1975-12-02,53-20-2 (1 NC),53,20,2,1,1.12,44.0,1.96,43.0,1.79,30.0,25.0,2.1,72.0,False
8a9c6c4301f6d088,Danny Martinez,66.0,125.0,67.0,Orthodox,1985-06-14,21-8-0,21,8,0,0,2.73,28.0,3.77,63.0,3.0,45.0,36.0,0.0,67.0,False
8abac218746e04ca,Takashi Sato,70.0,170.0,73.0,Southpaw,1990-06-09,16-7-0,16,7,0,0,2.21,41.0,3.73,44.0,0.76,37.0,60.0,0.0,73.0,False
8abf70f79e9e27c2,Tor Troeng,74.0,185.0,,Orthodox,1983-01-25,16-7-1,16,7,1,0,1.16,46.0,3.26,32.0,0.62,7.0,66.0,0.3,75.97017938505194,True
8adcbd525fab8d9b,Elizeu Zaleski dos Santos,71.0,170.0,73.0,Orthodox,1986-12-11,25-10-1,25,10,1,0,4.16,41.0,3.56,55.0,0.79,20.0,67.0,0.4,73.0,False
8b1ed83b02303075,Taylor Lapilus,66.0,135.0,73.0,Southpaw,1992-04-08,21-4-0,21,4,0,0,4.59,48.0,2.61,62.0,0.27,33.0,77.0,0.3,73.0,False
8b260672a21d1fd6,John Cofer,69.0,155.0,,Southpaw,1984-04-29,8-4-0,8,4,0,0,2.73,41.0,3.43,62.0,1.22,50.0,64.0,0.0,70.69344373773646,True
8b5f9ea38184ded3,Nicholas Musoke,72.0,170.0,75.0,Orthodox,1986-04-05,13-5-0 (1 NC),13,5,0,1,3.56,35.0,3.8,57.0,1.16,19.0,82.0,0.2,75.0,False
8b69839f3555a67b,Martin Kampmann,72.0,170.0,72.0,Orthodox,1982-04-17,20-7-0,20,7,0,0,3.22,42.0,3.28,62.0,1.86,41.0,78.0,2.0,72.0,False
8b6e5dc2ba1edbe7,Sam Patterson,75.0,170.0,78.0,Orthodox,1996-04-30,14-3-1,14,3,1,0,2.62,37.0,3.06,50.0,0.82,50.0,33.0,1.6,78.0,False
8bb6f4479685bbcc,Vaughan Lee,66.0,125.0,66.0,Orthodox,1982-10-15,14-13-1,14,13,1,0,3.47,47.0,2.07,70.0,0.81,33.0,72.0,1.0,66.0,False
8bbc0cfc01bc1ba1,Leonardo Mafra,70.0,155.0,70.0,Orthodox,1989-04-25,13-4-0,13,4,0,0,4.55,48.0,4.38,43.0,2.12,83.0,69.0,0.4,70.0,False
8bd4200561c77a62,Ketlen Souza,63.0,115.0,63.0,Orthodox,1994-08-18,17-6-0,17,6,0,0,4.11,57.0,3.89,53.0,0.45,13.0,53.0,0.2,63.0,False
8bdac25ce0bb874d,Ronda Rousey,67.0,135.0,66.0,Orthodox,1987-02-01,12-2-0,12,2,0,0,4.17,52.0,4.14,44.0,6.26,68.0,50.0,4.8,66.0,False
8be158ca1e5ea6a0,Dwight Grant,73.0,185.0,76.0,Switch,1984-09-14,11-6-0,11,6,0,0,3.29,36.0,2.66,60.0,0.61,100.0,66.0,0.0,76.0,False
8c020156779f7888,Melinda Fabian,66.0,125.0,66.0,Orthodox,1987-06-25,4-4-2,4,4,2,0,4.03,41.0,4.0,62.0,0.0,0.0,100.0,0.0,66.0,False
8c0580d4fff106c1,Kelvin Gastelum,69.0,185.0,71.0,Southpaw,1991-10-24,21-11-0 (1 NC),21,11,0,1,3.65,42.0,3.52,57.0,1.04,35.0,60.0,0.1,71.0,False
8c169fbe1ac33637,Loik Radzhabov,71.0,155.0,69.0,Orthodox,1990-09-17,18-6-1,18,6,1,0,2.89,44.0,3.76,46.0,4.65,57.0,42.0,0.0,69.0,False
8c1ca54b5089d199,Maheshate,72.0,155.0,71.0,Orthodox,1999-12-01,10-5-0,10,5,0,0,3.96,31.0,5.96,51.0,0.0,0.0,47.0,0.0,71.0,False
8c39367b53eadf8a,Jesse Strader,67.0,135.0,70.0,Orthodox,1991-05-29,5-3-0,5,3,0,0,5.03,51.0,5.28,47.0,3.87,57.0,100.0,0.0,70.0,False
8c3f3c43c8ceb778,Justin Levens,71.0,185.0,,Orthodox,1980-04-18,10-7-0,10,7,0,0,1.24,47.0,3.15,37.0,1.69,50.0,33.0,5.1,72.80413799666265,True
8c57c7b8c3bab0eb,Nicolae Negumereanu,72.0,205.0,78.0,Orthodox,1994-09-04,13-2-0,13,2,0,0,3.58,41.0,5.56,39.0,1.02,28.0,62.0,0.0,78.0,False
8c822811eedc11ad,Anton Zafir,71.0,170.0,,Orthodox,1987-05-10,7-3-0,7,3,0,0,2.99,64.0,2.31,52.0,6.11,60.0,0.0,0.0,72.80413799666265,True
8c8c92a12621d7e0,Chris Cope,72.0,170.0,72.0,Orthodox,1983-03-05,8-4-0,8,4,0,0,3.96,26.0,4.82,50.0,0.0,0.0,80.0,0.0,72.0,False
8caca5857ce0e30b,David Lee,70.0,155.0,,Orthodox,1978-04-12,12-10-0,12,10,0,0,1.49,50.0,3.31,42.0,0.0,0.0,50.0,0.0,71.74879086719955,True
8cad40a75e5c97f5,Eddie Gordon,72.0,185.0,76.0,Orthodox,1983-07-22,8-4-0,8,4,0,0,2.03,32.0,2.57,60.0,1.93,83.0,63.0,0.0,76.0,False
8cb76103cd8a1562,Nick Pace,67.0,135.0,68.0,Orthodox,1987-04-17,8-3-0,8,3,0,0,1.48,34.0,3.14,57.0,2.52,43.0,54.0,0.5,68.0,False
8cb78f3a6c2a08f7,Leah Letson,67.0,145.0,71.0,Southpaw,1992-08-21,5-3-0,5,3,0,0,3.06,41.0,3.84,52.0,0.51,50.0,76.0,0.0,71.0,False
8ce87f7e3a9baed2,Tiago dos Santos e Silva,69.0,145.0,70.0,Orthodox,1987-04-12,20-7-2 (1 NC),20,7,2,1,3.69,35.0,4.23,59.0,0.63,11.0,33.0,0.3,70.0,False
8d03ce87ca14e778,Francis Ngannou,76.0,250.0,83.0,Orthodox,1986-09-05,17-3-0,17,3,0,0,2.33,41.0,2.16,41.0,0.76,62.0,71.0,0.3,83.0,False
8d11d9c13e2ccdf7,Muhammad Naimov,69.0,145.0,70.0,Orthodox,1994-08-07,13-4-0,13,4,0,0,2.51,40.0,3.35,44.0,1.49,30.0,68.0,0.2,70.0,False
8d20d76af3f213ce,Joseph Holmes,76.0,185.0,80.0,Orthodox,1995-07-04,8-4-0,8,4,0,0,2.88,53.0,3.08,54.0,1.49,40.0,50.0,0.8,80.0,False
8d26912cd2aeb366,Jeremy Horn,73.0,185.0,74.0,Orthodox,1975-08-25,91-22-5 (1 NC),91,22,5,1,1.19,39.0,1.99,55.0,1.83,38.0,29.0,1.1,74.0,False
8d3273573b85be09,Asu Almabayev,64.0,125.0,65.0,Orthodox,1994-01-25,24-3-0,24,3,0,0,2.28,51.0,1.94,53.0,4.74,45.0,44.0,1.4,65.0,False
8d49545dadf9b919,Edgar Garcia,70.0,170.0,71.0,Orthodox,1984-02-22,14-5-0,14,5,0,0,3.16,29.0,4.23,60.0,2.21,57.0,50.0,0.6,71.0,False
8d5350fa18b79e9a,James Mulheron,70.0,243.0,73.0,Orthodox,1988-02-20,11-2-0,11,2,0,0,2.4,31.0,3.47,42.0,0.0,0.0,25.0,0.0,73.0,False
8d5daf67983b65ba,Fred Ettish,72.0,180.0,,Southpaw,1955-10-12,1-1-0,1,1,0,0,0.0,0.0,0.0,0.0,0.0,0.0,0.0,0.0,73.85948512612573,True
8d9586726252dbf7,Kevin Casey,71.0,185.0,77.0,Southpaw,1981-06-15,9-5-2 (2 NC),9,5,2,2,2.27,53.0,3.76,46.0,0.79,22.0,27.0,0.4,77.0,False
8dc46e9a7895ce1a,Alexandre Dantas,74.0,238.0,,Orthodox,1979-03-01,0-3-0,0,3,0,0,0.21,25.0,1.87,60.0,0.0,0.0,0.0,3.1,75.97017938505194,True
8ddf9c51c5fdea75,Rousimar Palhares,68.0,170.0,71.0,Orthodox,1980-02-26,19-8-0,19,8,0,0,1.75,51.0,2.04,59.0,3.93,45.0,0.0,4.1,71.0,False
8e1f36476ef02a6a,Jennifer Maia,64.0,125.0,64.0,Orthodox,1988-10-06,21-10-1,21,10,1,0,4.35,38.0,4.52,55.0,0.42,27.0,58.0,0.1,64.0,False
8e382b585a92affe,Phil Rowe,75.0,170.0,80.0,Orthodox,1990-07-18,11-7-0,11,7,0,0,3.51,49.0,4.15,50.0,0.46,36.0,53.0,0.2,80.0,False
8e5bfd4e82352340,Pablo Garza,73.0,145.0,73.0,Orthodox,1983-09-16,12-4-0,12,4,0,0,3.37,44.0,2.7,50.0,0.94,25.0,15.0,1.3,73.0,False
8e5d953bdb9ae5e7,Loopy Godinez,62.0,115.0,61.0,Orthodox,1993-09-06,14-6-0,14,6,0,0,4.43,49.0,3.94,62.0,2.99,42.0,76.0,0.8,61.0,False
8e6654e9f0461b8f,Cody Haddon,67.0,135.0,69.0,Orthodox,1998-09-08,9-1-0,9,1,0,0,8.84,56.0,2.72,62.0,2.96,35.0,83.0,0.6,69.0,False
8e893f269d5696b2,Tyler Toner,68.0,145.0,70.0,Orthodox,1983-03-31,15-7-0 (1 NC),15,7,0,1,2.95,52.0,2.13,62.0,0.0,0.0,54.0,0.4,70.0,False
8e8e4487c621aa1c,Joe Ellenberger,69.0,155.0,72.0,Orthodox,1985-03-28,15-2-0,15,2,0,0,1.62,47.0,3.45,48.0,3.17,40.0,0.0,1.1,72.0,False
8e9eb3fc86db0f7d,Marc-Andre Barriault,73.0,185.0,74.0,Orthodox,1990-02-18,17-11-0 (1 NC),17,11,0,1,5.65,47.0,5.94,49.0,0.34,28.0,68.0,0.1,74.0,False
8eb046f83e82bf26,Martin Buday,76.0,265.0,77.0,Orthodox,1991-11-11,16-2-0,16,2,0,0,4.39,53.0,4.49,55.0,0.15,20.0,93.0,0.1,77.0,False
8ebc3a8da015d70c,Cam Rowston,75.0,185.0,78.0,Orthodox,1995-01-19,15-3-0,15,3,0,0,4.6,48.0,2.12,52.0,1.34,44.0,33.0,0.3,78.0,False
8ef4a91ac694b7ce,Shayna Baszler,67.0,135.0,,Orthodox,1980-08-08,15-11-0,15,11,0,0,2.49,30.0,6.36,51.0,0.67,18.0,44.0,1.3,68.58274947881027,True
8f0d576beba1cfcd,Matt Dwyer,76.0,170.0,76.0,Orthodox,1989-12-17,9-4-0,9,4,0,0,2.57,34.0,3.24,54.0,0.44,10.0,60.0,0.0,76.0,False
8f2939f5fd9cca1e,TJ Waldburger,71.0,170.0,75.0,Orthodox,1988-04-25,16-9-0,16,9,0,0,2.02,51.0,2.39,40.0,3.03,46.0,40.0,4.8,75.0,False
8f2d9ee27f206f1f,Evan Tanner,72.0,185.0,74.0,Orthodox,1971-02-11,32-8-0,32,8,0,0,3.05,59.0,2.64,56.0,2.55,43.0,25.0,1.3,74.0,False
8f2deefe8c5dfb5d,Alberto Uda,75.0,185.0,,Orthodox,1984-08-08,12-2-0,12,2,0,0,1.79,52.0,3.49,45.0,2.83,50.0,66.0,0.0,77.02552651451502,True
8f382b3baa954d2a,Jessica Aguilar,63.0,115.0,63.0,Orthodox,1982-05-08,20-8-0,20,8,0,0,4.93,50.0,7.19,53.0,0.94,25.0,50.0,0.2,63.0,False
8f3df4c579cfbb69,David Mitchell,72.0,170.0,75.0,Orthodox,1979-10-24,22-7-0,22,7,0,0,1.74,32.0,2.06,55.0,0.66,50.0,29.0,2.0,75.0,False
8f4528c10bd34fab,Mandel Nallo,72.0,155.0,75.0,Orthodox,1989-07-26,14-4-0 (1 NC),14,4,0,1,8.26,58.0,5.03,54.0,0.0,0.0,100.0,0.0,75.0,False
8f4eeaf7a0df7c1a,Teemu Packalen,73.0,155.0,75.0,Orthodox,1987-05-22,8-3-0,8,3,0,0,2.57,54.0,3.91,47.0,2.31,25.0,100.0,1.5,75.0,False
8f5c8850b2484173,Mairbek Taisumov,69.0,155.0,73.0,Orthodox,1988-08-08,27-6-0,27,6,0,0,2.98,39.0,3.03,64.0,1.34,63.0,88.0,0.0,73.0,False
8f6a18831a120817,James Krause,74.0,170.0,73.0,Orthodox,1986-06-04,28-9-0,28,9,0,0,4.79,49.0,4.11,61.0,0.96,18.0,59.0,0.9,73.0,False
8f765fd5775a8873,Rinat Fakhretdinov,72.0,170.0,74.0,Orthodox,1991-09-28,24-1-1,24,1,1,0,5.03,52.0,3.61,54.0,3.91,34.0,91.0,0.2,74.0,False
8fa2b06572365321,Marcus Jones,78.0,265.0,,Orthodox,1973-08-15,4-2-0,4,2,0,0,1.94,52.0,2.71,58.0,8.71,75.0,0.0,2.9,80.19156790290431,True
8fc9ae9c7527dfcb,Callan Potter,72.0,170.0,72.0,Orthodox,1984-06-09,18-9-0,18,9,0,0,3.18,50.0,4.72,58.0,3.29,66.0,100.0,0.0,72.0,False
8fd1f27e86661ede,Alexandre Barros,69.0,170.0,,Southpaw,1976-11-19,22-11-0,22,11,0,0,0.98,40.0,4.05,36.0,1.84,50.0,100.0,0.0,70.69344373773646,True
8fd808923cffff82,Andre Fili,71.0,145.0,74.0,Orthodox,1990-06-25,25-14-0 (1 NC),25,14,0,1,3.89,37.0,4.55,49.0,2.24,46.0,71.0,0.2,74.0,False
9014c02eff8b3d62,Carlos Ulberg,76.0,205.0,77.0,Orthodox,1990-11-07,15-1-0,15,1,0,0,6.57,55.0,4.03,51.0,0.53,60.0,85.0,0.2,77.0,False
901cddcbfa079097,Will Campuzano,69.0,125.0,70.0,Orthodox,1986-05-27,14-6-0,14,6,0,0,2.43,31.0,3.82,57.0,0.88,45.0,48.0,0.2,70.0,False
902ab9197b83d0db,Phil Davis,74.0,205.0,79.0,Orthodox,1984-09-25,17-4-0 (1 NC),17,4,0,1,2.85,34.0,1.33,72.0,2.99,38.0,72.0,0.6,79.0,False
902ec2cc48c8ae8a,Julian Erosa,73.0,145.0,74.0,Southpaw,1989-07-31,31-14-0,31,14,0,0,6.18,48.0,6.31,48.0,1.73,43.0,61.0,0.7,74.0,False
907e60fd13407e1e,Bec Rawlings,66.0,125.0,64.0,Orthodox,1989-02-11,7-8-0,7,8,0,0,4.48,42.0,5.66,57.0,0.71,40.0,68.0,0.4,64.0,False
90da09db03e41748,Sergey Khandozhko,73.0,170.0,74.0,Orthodox,1992-05-19,28-6-1,28,6,1,0,3.41,41.0,2.37,60.0,0.76,28.0,61.0,0.0,74.0,False
90e0985df05e51bc,Ray Rodriguez,67.0,135.0,70.0,Orthodox,1987-12-10,16-8-0,16,8,0,0,0.9,27.0,3.89,40.0,1.42,50.0,44.0,0.0,70.0,False
91181b29be041f1c,Greg Stott,67.0,220.0,,Southpaw,,0-1-0,0,1,0,0,0.0,0.0,0.0,0.0,0.0,0.0,0.0,0.0,68.58274947881027,True
91186547a7f3f758,Ricardo Almeida,72.0,170.0,74.0,Orthodox,1976-11-29,13-5-0,13,5,0,0,2.02,49.0,1.2,61.0,3.74,38.0,31.0,1.2,74.0,False
911fb265462f0d94,Travis Fulton,72.0,240.0,,Orthodox,1977-05-29,253-53-10 (1 NC),253,53,10,1,0.0,0.0,0.0,0.0,0.0,0.0,0.0,0.0,73.85948512612573,True
9123c54d0a2b72dd,Christian Colombo,77.0,265.0,,Orthodox,1980-07-01,8-3-1,8,3,1,0,2.76,44.0,4.02,42.0,0.0,0.0,33.0,0.0,79.13622077344121,True
9147679e1a4ad4a3,Richardson Moreira,74.0,185.0,,Orthodox,1984-03-31,7-4-0,7,4,0,0,1.17,28.0,1.83,67.0,0.0,0.0,100.0,0.0,75.97017938505194,True
914a897455693650,Carl Deaton,67.0,155.0,69.0,Orthodox,1989-11-24,17-7-0 (2 NC),17,7,0,2,1.53,31.0,1.85,61.0,0.0,0.0,50.0,0.0,69.0,False
915c8d39d4a0e7d1,Ramiro Hernandez,69.0,135.0,,Orthodox,1986-07-22,19-9-0,19,9,0,0,2.72,28.0,5.51,64.0,0.0,0.0,0.0,0.0,70.69344373773646,True
91720876db0ee468,Jason Gilliam,72.0,170.0,,Orthodox,1972-10-31,14-9-0,14,9,0,0,0.79,33.0,3.14,42.0,0.0,0.0,0.0,0.0,73.85948512612573,True
917a5cb9821df261,Jeremy Kimball,72.0,205.0,72.0,Switch,1991-01-03,15-8-0,15,8,0,0,2.81,46.0,3.84,49.0,1.41,20.0,50.0,0.0,72.0,False
917e53fa0adea0d3,Leonard Garcia,70.0,145.0,68.0,Orthodox,1979-07-14,18-13-1,18,13,1,0,2.77,24.0,4.79,52.0,0.3,26.0,42.0,0.5,68.0,False
918d9d89d4d52acc,Anthony Torres,68.0,170.0,,Orthodox,1978-07-31,5-3-0,5,3,0,0,3.54,48.0,7.52,45.0,0.0,0.0,100.0,2.2,69.63809660827336,True
918db42c3637916f,Leigh Remedios,67.0,155.0,,Orthodox,1976-01-13,18-10-2,18,10,2,0,0.75,41.0,1.36,68.0,0.0,0.0,33.0,0.0,68.58274947881027,True
9199e0735b83dd32,Andy Anderson,66.0,240.0,,,1974-07-16,0-1-0,0,1,0,0,0.0,0.0,0.0,0.0,0.0,0.0,0.0,0.0,67.52740234934717,True
91acd6910b802a9e,Chris Lytle,71.0,170.0,68.0,Orthodox,1974-08-18,31-18-5,31,18,5,0,3.76,45.0,3.03,58.0,0.7,55.0,55.0,2.4,68.0,False
91d73ee59347ac16,Brodie Farber,73.0,170.0,,Orthodox,1980-07-05,16-7-0,16,7,0,0,1.69,45.0,2.17,53.0,0.9,50.0,20.0,0.9,74.91483225558883,True
91dac5e69e28d5b5,Pannie Kianzad,67.0,135.0,66.0,Orthodox,1991-12-08,17-9-0,17,9,0,0,4.88,49.0,4.09,51.0,0.41,33.0,65.0,0.1,66.0,False
91ea901c458e95dd,Jared Rosholt,74.0,265.0,75.0,Orthodox,1986-08-04,14-4-0,14,4,0,0,2.08,46.0,1.52,59.0,1.83,41.0,66.0,0.1,75.0,False
92437c6775b3f7d1,John Moraga,66.0,125.0,66.0,Orthodox,1984-03-20,19-7-0,19,7,0,0,2.57,43.0,2.55,56.0,0.62,23.0,44.0,1.1,66.0,False
9256f591b30c073e,Felipe Lima,66.0,135.0,68.0,Orthodox,1998-05-07,14-2-0,14,2,0,0,2.86,45.0,2.91,64.0,2.18,27.0,85.0,0.7,68.0,False
928ae2e5b5f7a9ec,Justine Kish,65.0,125.0,64.0,Orthodox,1988-04-13,7-4-0,7,4,0,0,4.51,48.0,4.59,57.0,0.87,33.0,50.0,0.1,64.0,False
92a9aa9c93192871,Darren Elkins,70.0,145.0,71.0,Orthodox,1984-05-16,29-12-0,29,12,0,0,3.4,38.0,3.34,51.0,2.87,34.0,56.0,1.1,71.0,False
92aafa8f4b26269b,Walel Watson,71.0,135.0,75.0,Orthodox,1984-07-16,14-10-0,14,10,0,0,2.1,29.0,3.79,43.0,0.0,0.0,61.0,1.4,75.0,False
92aed9d16794f42b,Robert Ruchala,68.0,145.0,72.0,Switch,1998-05-15,11-3-0,11,3,0,0,3.37,34.0,5.2,45.0,1.0,22.0,71.0,0.0,72.0,False
92b36014314b028b,Peggy Morgan,73.0,135.0,,,1979-12-16,4-4-0,4,4,0,0,2.27,23.0,8.2,33.0,0.0,0.0,50.0,0.0,74.91483225558883,True
92b62174c175ce19,Clint Hester,74.0,205.0,77.0,Orthodox,1986-11-21,11-6-0,11,6,0,0,3.36,42.0,3.44,56.0,1.02,35.0,60.0,0.0,77.0,False
92fa1401b7927da3,Jake Collier,75.0,230.0,78.0,Orthodox,1988-10-25,13-10-0,13,10,0,0,5.8,44.0,5.08,50.0,0.71,33.0,67.0,0.6,78.0,False
9310418684bc896f,Pawel Pawlak,72.0,170.0,73.0,Orthodox,1989-02-08,12-3-0,12,3,0,0,1.67,33.0,2.22,53.0,1.0,37.0,70.0,0.0,73.0,False
934de214814b8ff4,Jesse Bongfeldt,72.0,185.0,,Orthodox,1980-08-28,16-5-1,16,5,1,0,2.91,62.0,1.01,50.0,1.51,33.0,33.0,0.0,73.85948512612573,True
9384e71bca6c409d,Marco Tulio,72.0,185.0,74.0,Orthodox,1994-06-13,14-3-0,14,3,0,0,6.02,53.0,2.97,56.0,1.05,26.0,0.0,0.3,74.0,False
93892752c5fc23ca,Jerry Bohlander,71.0,199.0,,Orthodox,1974-02-12,11-4-0,11,4,0,0,0.0,0.0,0.0,0.0,0.0,0.0,0.0,0.0,72.80413799666265,True
938ad489fb7a1f31,Levan Makashvili,68.0,145.0,68.0,Orthodox,1989-01-07,15-2-1,15,2,1,0,2.87,54.0,2.07,61.0,3.67,42.0,85.0,0.0,68.0,False
93b2b7caa457cbea,James Llontop,72.0,155.0,73.0,Orthodox,1999-08-02,14-5-0,14,5,0,0,5.57,41.0,4.12,57.0,0.0,0.0,54.0,0.0,73.0,False
93b62c5f2ba18e51,Gustavo Lopez,65.0,135.0,67.0,Orthodox,1989-06-27,12-6-1,12,6,1,0,2.48,40.0,3.87,57.0,1.74,41.0,31.0,0.7,67.0,False
93b9496275bbbf80,Seth Petruzelli,72.0,205.0,76.0,Orthodox,1979-12-03,14-8-0,14,8,0,0,2.17,41.0,2.08,55.0,0.46,50.0,47.0,2.3,76.0,False
93ce4ac89e3d7652,Luke Cummo,72.0,170.0,74.0,Orthodox,1980-04-27,6-6-0,6,6,0,0,1.74,43.0,1.5,59.0,0.89,55.0,42.0,1.4,74.0,False
94070f6544c4b2a5,Rodrigo Ruas,70.0,185.0,,Orthodox,1977-10-06,4-5-1 (1 NC),4,5,1,1,1.28,35.0,7.0,41.0,0.0,0.0,0.0,0.0,71.74879086719955,True
94426bb170c88115,Sodiq Yusuff,69.0,155.0,71.0,Orthodox,1993-05-19,13-5-0,13,5,0,0,5.27,49.0,4.29,53.0,0.36,23.0,62.0,0.4,71.0,False
9450848a71d53776,Lorenz Larkin,71.0,170.0,72.0,Orthodox,1986-09-03,18-6-0 (1 NC),18,6,0,1,3.53,46.0,2.74,63.0,0.27,42.0,79.0,0.1,72.0,False
94508d80e1f885fc,Augusto Montano,73.0,170.0,73.0,Orthodox,1984-10-25,15-3-0,15,3,0,0,3.46,46.0,2.66,56.0,0.0,0.0,66.0,0.0,73.0,False
94527830000ab715,Rani Yahya,66.0,135.0,67.0,Orthodox,1984-09-12,28-12-1 (1 NC),28,12,1,1,1.71,38.0,2.08,50.0,2.73,30.0,29.0,1.8,67.0,False
94609dd91731d428,Jeff Newton,74.0,205.0,,Sideways,1966-12-11,4-2-0,4,2,0,0,0.28,20.0,1.41,52.0,0.0,0.0,0.0,8.5,75.97017938505194,True
946db8a378903cc3,Joe Giannetti,72.0,155.0,74.0,Southpaw,1995-07-05,6-1-0,6,1,0,0,1.93,38.0,2.8,40.0,1.0,16.0,0.0,0.0,74.0,False
946f341df6472ee0,Guy Mezger,73.0,200.0,,Orthodox,1968-01-01,30-14-2,30,14,2,0,2.3,32.0,1.36,72.0,0.39,50.0,88.0,0.0,74.91483225558883,True
947eccadb72f4f6f,Jesse Forbes,74.0,185.0,75.0,Southpaw,1984-10-24,15-5-0,15,5,0,0,2.11,24.0,4.06,53.0,1.79,75.0,66.0,1.2,75.0,False
948880beac71f028,Felipe Olivieri,69.0,155.0,,Orthodox,1985-04-12,14-5-0 (1 NC),14,5,0,1,6.68,58.0,4.6,57.0,0.0,0.0,71.0,0.0,70.69344373773646,True
9508cc6184cb2450,Eric McConico,72.0,185.0,77.0,Southpaw,1990-05-09,11-4-1,11,4,1,0,2.92,46.0,3.05,45.0,0.64,100.0,68.0,0.0,77.0,False
950d0ef5c17157c5,Maxim Grishin,75.0,205.0,78.0,Orthodox,1984-05-02,32-10-2,32,10,2,0,3.26,52.0,2.27,58.0,0.21,16.0,66.0,0.0,78.0,False
952f6fa06f25a0ec,Carlos Newton,69.0,170.0,,Orthodox,1976-08-17,16-14-0,16,14,0,0,0.65,41.0,1.55,44.0,2.47,70.0,43.0,0.9,70.69344373773646,True
955da1675ad58a50,Josh Hokit,73.0,235.0,73.0,Orthodox,1997-11-12,10-0-0,10,0,0,0,9.29,64.0,5.28,48.0,3.73,47.0,77.0,0.4,73.0,False
9560ff14eb3129f7,Giga Chikadze,72.0,145.0,74.0,Orthodox,1988-08-25,15-6-0,15,6,0,0,3.75,42.0,3.47,59.0,0.18,33.0,65.0,0.2,74.0,False
9583662df31d943f,Luigi Fioravanti,68.0,170.0,70.0,Orthodox,1981-01-22,26-15-0,26,15,0,0,2.23,42.0,2.21,69.0,3.76,63.0,67.0,0.9,70.0,False
95aff2fd8d09a5f0,Abdul Rakhman Yakhyaev,74.0,205.0,78.0,Orthodox,2001-01-03,10-0-0,10,0,0,0,8.64,68.0,2.22,59.0,11.11,75.0,100.0,7.4,78.0,False
95eb112a85601a0a,Jutaro Nakao,69.0,170.0,,Southpaw,1970-11-30,25-19-4,25,19,4,0,0.53,38.0,1.06,44.0,0.38,50.0,56.0,0.0,70.69344373773646,True
96087e90d900f0ef,Robert Lucarelli,74.0,245.0,,,,0-1-0,0,1,0,0,0.0,0.0,0.0,0.0,0.0,0.0,0.0,0.0,75.97017938505194,True
960d6cae8879ba2b,Robert Peralta,68.0,145.0,71.0,Orthodox,1986-03-14,18-8-0 (1 NC),18,8,0,1,3.76,44.0,2.97,53.0,0.59,66.0,65.0,0.0,71.0,False
96428b9e9bd048ea,Luke Sanders,66.0,135.0,67.0,Southpaw,1985-12-12,13-5-0,13,5,0,0,6.61,52.0,4.37,50.0,0.71,30.0,72.0,0.2,67.0,False
9673a497a9da119a,Polyana Viana,65.0,115.0,67.0,Orthodox,1992-06-14,13-9-0,13,9,0,0,2.82,40.0,2.74,52.0,0.67,33.0,33.0,1.5,67.0,False
96924b0019b3aff1,Gaston Bolanos,67.0,145.0,69.0,Orthodox,1992-09-14,9-5-0,9,5,0,0,3.91,47.0,3.54,54.0,0.75,75.0,50.0,0.0,69.0,False
96c336b463e0662c,Frankie Perez,71.0,155.0,73.0,Orthodox,1989-05-11,10-4-0,10,4,0,0,1.64,41.0,2.17,54.0,1.75,41.0,50.0,0.3,73.0,False
96d173b7f92aa520,Onassis Parungao,71.0,200.0,,,,2-1-0,2,1,0,0,0.0,0.0,0.0,0.0,0.0,0.0,0.0,0.0,72.80413799666265,True
970beed85bc46b63,Delson Heleno,71.0,185.0,,Orthodox,1977-11-16,29-10-0,29,10,0,0,0.69,75.0,4.83,19.0,0.0,0.0,0.0,0.0,72.80413799666265,True
971246648e162f0d,Chase Hooper,73.0,155.0,74.0,Southpaw,1999-09-13,16-5-1,16,5,1,0,4.5,49.0,3.02,39.0,2.43,32.0,55.0,2.1,74.0,False
971dba22c622af12,Josefine Knutsson,63.0,115.0,60.0,Orthodox,1996-01-16,8-1-0,8,1,0,0,4.24,51.0,2.13,54.0,1.6,72.0,35.0,0.0,60.0,False
972c456ff38b2015,Claudio Ribeiro,73.0,185.0,77.0,Orthodox,1992-07-17,11-5-0,11,5,0,0,3.59,51.0,4.9,30.0,0.56,50.0,66.0,0.0,77.0,False
977081bc01197656,Scott Ferrozzo,71.0,323.0,,Orthodox,1965-04-26,4-2-0,4,2,0,0,0.0,0.0,0.0,0.0,0.0,0.0,0.0,0.0,72.80413799666265,True
979f7edbb6980b0d,CJ Fernandes,74.0,170.0,,,1977-11-13,14-8-3,14,8,3,0,0.0,0.0,0.0,0.0,0.0,0.0,0.0,0.0,75.97017938505194,True
97a6bbe6e6566a94,Francisco Trevino,69.0,155.0,70.0,Orthodox,1981-12-17,13-3-0,13,3,0,0,2.65,42.0,2.42,64.0,0.97,22.0,41.0,0.0,70.0,False
97a8f39186f489db,Jeff Hougland,67.0,135.0,68.0,Orthodox,1978-08-02,10-6-0,10,6,0,0,1.86,48.0,3.46,47.0,0.86,18.0,0.0,1.1,68.0,False
97cf1a2c7c5e7889,Steve Garcia,72.0,145.0,75.0,Southpaw,1992-05-22,19-6-0,19,6,0,0,5.46,48.0,2.22,59.0,0.77,40.0,89.0,0.4,75.0,False
980b4e712489098e,Dave Strasser,70.0,170.0,,Orthodox,1969-07-13,25-8-0,25,8,0,0,3.04,45.0,1.88,59.0,0.72,33.0,33.0,0.0,71.74879086719955,True
981ab7a0576f76a0,Julie Kedzie,65.0,135.0,,Orthodox,1981-03-18,16-13-0,16,13,0,0,2.9,36.0,3.18,46.0,1.14,23.0,78.0,0.0,66.47205521988408,True
98215d037be5bcb7,Cynthia Calvillo,64.0,115.0,64.0,Orthodox,1987-07-13,9-6-1,9,6,1,0,4.41,38.0,4.12,64.0,1.8,44.0,77.0,0.8,64.0,False
984d15d5dc7bfcf9,James Bochnovic,76.0,205.0,81.0,Orthodox,1989-02-13,8-3-0,8,3,0,0,0.65,26.0,3.64,21.0,0.0,0.0,0.0,0.0,81.0,False
98a58c26c5b1ed17,Patricio Pitbull,66.0,145.0,67.0,Orthodox,1987-07-07,37-9-0,37,9,0,0,2.77,45.0,4.61,55.0,1.26,33.0,74.0,0.5,67.0,False
98a6b2361045898f,Dong Hyun Ma,71.0,155.0,70.0,Orthodox,1988-09-09,16-11-3,16,11,3,0,2.84,41.0,4.1,54.0,1.27,53.0,33.0,0.0,70.0,False
98aa60cf58071fd6,Kyoji Horiguchi,64.0,125.0,63.0,Orthodox,1990-10-12,36-6-0 (1 NC),36,6,0,1,3.64,47.0,2.08,64.0,1.67,40.0,61.0,0.1,63.0,False
98b80a717b9bda17,Matt Hamill,73.0,205.0,76.0,Orthodox,1976-10-05,12-8-0,12,8,0,0,3.69,42.0,3.8,61.0,3.0,34.0,91.0,0.0,76.0,False
98c23cb6da5b3352,Aleksei Oleinik,74.0,240.0,80.0,Orthodox,1977-06-20,60-17-1,60,17,1,0,3.29,48.0,3.8,44.0,1.82,46.0,37.0,1.9,80.0,False
98d961097baaf308,Shane Burgos,71.0,145.0,75.0,Orthodox,1991-03-19,15-3-0,15,3,0,0,7.4,52.0,6.78,56.0,0.43,44.0,91.0,0.4,75.0,False
98e946879ba20c0f,Boston Salmon,69.0,135.0,69.0,Southpaw,1990-11-20,6-3-0,6,3,0,0,4.13,37.0,7.75,59.0,0.0,0.0,100.0,0.0,69.0,False
98ec9f385cca47fc,Besam Yousef,71.0,170.0,,Orthodox,1985-03-25,7-4-0,7,4,0,0,3.14,53.0,3.98,38.0,1.33,66.0,50.0,0.0,72.80413799666265,True
98f6da59d765ec94,Charlie Brenneman,70.0,155.0,70.0,Orthodox,1981-02-09,19-8-0,19,8,0,0,1.52,56.0,1.55,46.0,4.23,42.0,72.0,0.0,70.0,False
990bd63726a577f8,Tim Williams,74.0,185.0,76.0,Orthodox,1986-07-03,15-5-0,15,5,0,0,3.07,38.0,3.55,48.0,1.81,40.0,100.0,0.0,76.0,False
993d385f5a475375,Andy Enz,75.0,185.0,78.0,Orthodox,1991-08-15,10-4-0,10,4,0,0,3.51,23.0,5.32,57.0,0.0,0.0,58.0,0.0,78.0,False
99506df1af6c8b3b,John Dodson,63.0,135.0,66.0,Orthodox,1984-09-26,22-12-0,22,12,0,0,3.2,40.0,3.58,61.0,0.71,28.0,82.0,0.0,66.0,False
99bcdf5eac39898f,Jordan Johnson,74.0,205.0,79.0,Orthodox,1988-11-18,10-0-0,10,0,0,0,3.45,47.0,2.64,53.0,3.25,42.0,100.0,1.2,79.0,False
99bd51917728c25d,Grant Dawson,70.0,155.0,72.0,Switch,1994-02-20,24-3-1,24,3,1,0,3.14,51.0,2.14,44.0,3.58,39.0,66.0,1.4,72.0,False
99bd87a300079ed9,Erik Koch,70.0,170.0,71.0,Southpaw,1988-10-04,16-6-0,16,6,0,0,2.33,42.0,2.82,47.0,1.02,42.0,81.0,1.0,71.0,False
99c7610aa74995d3,Cathal Pendred,73.0,170.0,75.0,Orthodox,1987-09-02,17-4-1,17,4,1,0,2.49,44.0,3.01,55.0,2.46,23.0,83.0,0.4,75.0,False
99dd0147dc4ef80c,Genki Sudo,69.0,155.0,,Orthodox,1978-03-08,15-4-2,15,4,2,0,1.55,39.0,2.23,33.0,3.58,60.0,50.0,4.2,70.69344373773646,True
99df7d0a2a08a8a8,Jan Blachowicz,74.0,205.0,78.0,Orthodox,1983-02-24,29-11-2,29,11,2,0,3.55,50.0,3.14,52.0,0.98,48.0,69.0,0.4,78.0,False
9a2d3567abc02e34,Tae Hyun Bang,69.0,155.0,71.0,Switch,1983-04-15,18-10-0,18,10,0,0,2.72,38.0,2.07,66.0,0.49,33.0,57.0,0.5,71.0,False
9a967e8e43dcef63,Joao Pierini,73.0,155.0,,Switch,1971-12-11,4-1-0,4,1,0,0,0.76,14.0,4.56,33.0,0.0,0.0,0.0,0.0,74.91483225558883,True
9a97acbfd5a08bfa,David Martinez,65.0,135.0,67.0,Orthodox,1998-08-03,14-1-0,14,1,0,0,4.82,46.0,2.9,69.0,0.6,25.0,100.0,0.0,67.0,False
9ab9912e0f8fa6d6,Cory Hendricks,75.0,205.0,,Switch,1988-05-10,3-1-0,3,1,0,0,3.13,39.0,4.07,42.0,0.0,0.0,100.0,0.0,77.02552651451502,True
9abc648e76c4493a,Bill Algeo,72.0,145.0,73.0,Switch,1989-06-09,18-9-0,18,9,0,0,5.88,51.0,4.38,47.0,1.03,50.0,55.0,0.1,73.0,False
9ada30894bf04e19,David Dvorak,65.0,125.0,68.0,Orthodox,1992-06-05,20-6-0,20,6,0,0,3.48,43.0,3.29,59.0,0.58,30.0,70.0,0.2,68.0,False
9b198c73e3d0d289,Justin Salas,68.0,155.0,70.0,Southpaw,1982-03-13,12-7-0,12,7,0,0,3.42,43.0,2.96,68.0,2.43,20.0,0.0,0.0,70.0,False
9b1e3fb4f8cbd5b7,Ricky Rainey,73.0,170.0,77.0,Switch,1983-06-29,12-6-0,12,6,0,0,2.55,48.0,2.62,46.0,0.95,18.0,55.0,0.0,77.0,False
9b5b5a75523728f3,Kazushi Sakuraba,72.0,185.0,,Southpaw,1969-07-14,26-17-1 (2 NC),26,17,1,2,1.26,41.0,2.03,51.0,1.26,31.0,48.0,1.7,73.85948512612573,True
9b68bf67c5695185,Todd Brown,71.0,205.0,,Orthodox,1976-12-13,16-4-0 (1 NC),16,4,0,1,2.15,45.0,3.85,48.0,0.0,0.0,50.0,0.0,72.80413799666265,True
9b74de674c355425,Paul Taylor,72.0,155.0,72.0,Orthodox,1979-12-15,11-6-1 (1 NC),11,6,1,1,4.44,47.0,4.47,55.0,0.27,25.0,56.0,0.5,72.0,False
9b75954db8db2a08,Justin Jones,71.0,185.0,,Orthodox,1987-09-06,9-2-0,9,2,0,0,1.7,36.0,3.17,45.0,1.0,15.0,46.0,0.5,72.80413799666265,True
9b7694d064a8a0ad,Rustam Khabilov,68.0,155.0,73.0,Orthodox,1986-11-04,24-4-0,24,4,0,0,1.98,34.0,2.16,65.0,3.95,41.0,61.0,0.1,73.0,False
9b7dfb3b7d99926a,Vanessa Melo,65.0,135.0,65.0,Orthodox,1988-03-27,11-8-0,11,8,0,0,3.48,30.0,6.13,59.0,0.0,0.0,71.0,0.0,65.0,False
9ba2226646046b63,Frankie Saenz,66.0,135.0,66.0,Orthodox,1980-08-12,13-7-0,13,7,0,0,3.94,47.0,3.5,52.0,1.74,31.0,61.0,0.1,66.0,False
9bad58fa651d6196,Jermaine Andre,67.0,200.0,,Orthodox,1973-07-16,14-4-0,14,4,0,0,0.0,0.0,0.0,0.0,0.0,0.0,0.0,0.0,68.58274947881027,True
9bcf8603ceb25680,Dong Hyun Kim,74.0,170.0,76.0,Southpaw,1981-11-17,22-4-1 (1 NC),22,4,1,1,2.12,49.0,1.89,58.0,2.93,43.0,71.0,0.6,76.0,False
9be6020024133293,Cyril Asker,72.0,247.0,74.0,Orthodox,1985-12-24,9-4-0,9,4,0,0,3.35,39.0,5.82,35.0,4.41,62.0,100.0,0.9,74.0,False
9c27f3217891f3f0,Kris Moutinho,67.0,135.0,68.0,Southpaw,1992-08-09,14-8-0,14,8,0,0,3.35,33.0,9.36,30.0,0.0,0.0,30.0,0.0,68.0,False
9c393e836a852f30,Mauricio Ruffy,71.0,155.0,75.0,Orthodox,1996-06-17,14-2-0,14,2,0,0,4.19,57.0,3.83,59.0,0.0,0.0,86.0,0.0,75.0,False
9c42a0de8e012870,Kelly Faszholz,68.0,135.0,,Orthodox,1985-04-09,4-2-0,4,2,0,0,4.01,48.0,3.61,52.0,0.0,0.0,44.0,0.0,69.63809660827336,True
9c442aaf149ea982,Shauna Bannon,65.0,115.0,65.0,Switch,1993-10-23,7-3-0,7,3,0,0,3.85,44.0,3.25,45.0,0.0,0.0,47.0,0.5,65.0,False
9c44f290f5726d95,Martin Bravo,68.0,145.0,71.0,Southpaw,1993-09-21,11-3-0,11,3,0,0,7.66,39.0,5.72,51.0,2.6,35.0,85.0,0.0,71.0,False
9c65736747ca92ec,Leonardo Santos,72.0,155.0,75.0,Orthodox,1980-02-05,18-7-1,18,7,1,0,2.82,46.0,3.4,54.0,0.88,25.0,86.0,0.2,75.0,False
9c669abd35b2522f,Greg Soto,71.0,170.0,73.0,Orthodox,1986-06-03,9-4-0,9,4,0,0,3.21,63.0,2.61,52.0,1.49,27.0,44.0,1.0,73.0,False
9c907996820d2d69,Jimmie Rivera,64.0,135.0,68.0,Orthodox,1989-06-29,23-5-0,23,5,0,0,4.03,40.0,3.9,60.0,0.88,27.0,92.0,0.1,68.0,False
9ca265dfe8323db3,Tim McKenzie,72.0,185.0,74.0,Orthodox,1982-07-21,14-9-0,14,9,0,0,1.37,54.0,2.96,44.0,0.0,0.0,28.0,2.1,74.0,False
9ccdd2ce45903f34,Mark Weir,74.0,185.0,,Southpaw,1967-09-19,21-18-1,21,18,1,0,1.54,56.0,2.5,38.0,0.8,50.0,25.0,2.4,75.97017938505194,True
9ccf8371fd80d45d,Luan Chagas,72.0,170.0,75.0,Orthodox,1993-06-17,15-3-1,15,3,1,0,4.16,47.0,3.19,62.0,0.32,12.0,85.0,0.3,75.0,False
9cd047a828dd7515,KB Bhullar,76.0,185.0,78.0,Switch,1991-10-12,8-2-0,8,2,0,0,4.31,49.0,5.39,45.0,0.0,0.0,0.0,0.0,78.0,False
9cdd2da1a9104a0b,Macy Chiasson,71.0,135.0,72.0,Orthodox,1991-07-27,11-6-0,11,6,0,0,3.21,46.0,2.76,44.0,1.87,35.0,62.0,0.4,72.0,False
9ce6d5a03af801b7,Darren Till,72.0,185.0,74.0,Southpaw,1992-12-24,18-5-1,18,5,1,0,2.3,46.0,3.31,56.0,0.55,46.0,69.0,0.0,74.0,False
9cfbfae5fa1fdd93,Geraldo de Freitas,67.0,135.0,72.0,Orthodox,1991-09-30,12-6-0,12,6,0,0,3.67,52.0,2.62,50.0,3.0,45.0,59.0,0.0,72.0,False
9d19d9e4aa2662e8,Nicolas Dalby,71.0,170.0,74.0,Orthodox,1984-11-16,24-6-1 (2 NC),24,6,1,2,3.88,43.0,3.51,52.0,0.9,26.0,59.0,0.1,74.0,False
9d4522df6fc49a47,Kuniyoshi Hironaka,70.0,168.0,70.0,Orthodox,1976-06-17,23-9-0,23,9,0,0,1.98,40.0,3.01,54.0,1.91,30.0,25.0,0.6,70.0,False
9d51798e61f2e0c7,Kurtis Campbell,69.0,145.0,72.0,Switch,2002-07-29,8-1-0,8,1,0,0,3.5,48.0,2.63,51.0,8.76,40.0,50.0,0.0,72.0,False
9d62c2d8ee151f08,Karine Silva,65.0,125.0,67.0,Orthodox,1993-12-02,19-7-0,19,7,0,0,2.24,38.0,2.74,52.0,1.93,50.0,26.0,1.6,67.0,False
9d83f6da776ff7d6,Roman Kopylov,72.0,185.0,75.0,Southpaw,1992-05-04,15-5-0,15,5,0,0,4.54,50.0,5.08,53.0,1.12,50.0,88.0,0.0,75.0,False
9ddfb3369a3b0394,Antonio Banuelos,65.0,135.0,63.0,Orthodox,1979-09-23,20-11-1,20,11,1,0,2.69,33.0,3.15,58.0,1.62,62.0,86.0,0.4,63.0,False
9dedfdd91070ddd8,Victoria Leonardo,65.0,125.0,64.0,Orthodox,1990-02-16,9-7-0,9,7,0,0,3.22,38.0,4.81,47.0,1.57,27.0,71.0,0.0,64.0,False
9deff9e3e8d94d47,Josh Samman,75.0,185.0,79.0,Orthodox,1988-03-14,13-4-0,13,4,0,0,2.08,52.0,2.47,34.0,1.09,33.0,33.0,0.4,79.0,False
9e50097a89442158,Mickey Gall,74.0,170.0,74.0,Switch,1992-01-22,7-7-0,7,7,0,0,3.5,49.0,4.72,49.0,1.15,32.0,37.0,1.6,74.0,False
9e8f6c728eb01124,Justin Gaethje,71.0,155.0,70.0,Orthodox,1988-11-14,28-5-0,28,5,0,0,6.29,57.0,6.83,50.0,0.3,26.0,73.0,0.0,70.0,False
9e92e1ca498d7244,Fernie Garcia,67.0,135.0,67.0,Orthodox,1992-04-12,10-5-0,10,5,0,0,2.04,34.0,3.79,48.0,0.28,50.0,50.0,0.6,67.0,False
9eb069062a0cfc13,Nolan Ticman,66.0,125.0,,Orthodox,1988-05-17,4-3-0,4,3,0,0,2.57,47.0,2.53,67.0,0.0,0.0,60.0,0.0,67.52740234934717,True
9edf2c9082cc2cd8,Blood Diamond,71.0,170.0,76.0,Switch,1988-07-10,3-3-0,3,3,0,0,3.12,55.0,2.17,48.0,0.0,0.0,73.0,0.0,76.0,False
9eed2bcc9e0b92af,Leon Shahbazyan,76.0,170.0,74.0,Orthodox,1995-11-18,12-5-0,12,5,0,0,6.1,52.0,8.45,33.0,1.41,50.0,0.0,0.0,74.0,False
9eef6584fab21fbb,Cindy Dandois,67.0,135.0,,Orthodox,1984-10-26,8-3-0,8,3,0,0,3.13,32.0,3.4,58.0,5.0,55.0,0.0,0.0,68.58274947881027,True
9f1641c08cf8fbe2,Shannon Gugerty,70.0,155.0,71.0,Orthodox,1981-12-30,15-7-0,15,7,0,0,1.25,39.0,1.88,58.0,2.13,27.0,50.0,3.4,71.0,False
9f488f520ed25bbf,Kenichi Yamamoto,72.0,170.0,,Orthodox,1976-07-11,5-12-2,5,12,2,0,0.3,46.0,1.93,38.0,0.0,0.0,10.0,0.3,73.85948512612573,True
9f5609dba6584ab2,Regina Tarin,67.0,135.0,66.0,Southpaw,2004-10-19,8-0-0,8,0,0,0,7.6,47.0,7.0,57.0,1.0,33.0,50.0,0.0,66.0,False
9f5e3c20ce40b344,Klaudia Sygula,68.0,135.0,69.0,Orthodox,1998-12-30,8-2-0,8,2,0,0,7.27,48.0,5.5,56.0,0.41,12.0,40.0,0.0,69.0,False
9f755fb04cc21499,Noad Lahat,69.0,145.0,69.0,Orthodox,1984-06-08,11-2-0,11,2,0,0,2.79,46.0,1.47,63.0,2.37,26.0,16.0,2.4,69.0,False
9f7787e56a6bc0f4,Sako Chivitchian,71.0,155.0,,Orthodox,1984-03-11,8-1-0,8,1,0,0,2.4,27.0,4.8,46.0,0.0,0.0,100.0,0.0,72.80413799666265,True
9f842be1a5337be6,Michihiro Omigawa,66.0,145.0,68.0,Orthodox,1975-12-19,17-14-1,17,14,1,0,2.01,39.0,3.06,64.0,1.19,36.0,49.0,1.5,68.0,False
9fa3bd637edd9aa2,Patrick Cote,71.0,170.0,75.0,Orthodox,1980-02-29,23-11-0,23,11,0,0,2.81,48.0,3.21,48.0,0.68,20.0,43.0,0.2,75.0,False
9fa568ad2bf2cb0b,Justin Scoggins,67.0,125.0,66.0,Southpaw,1992-05-02,11-5-0,11,5,0,0,3.56,51.0,2.16,55.0,3.42,63.0,82.0,0.5,66.0,False
9fd1f08dd4aec14a,Dave Beneteau,74.0,250.0,,Orthodox,,6-5-1,6,5,1,0,0.0,0.0,0.0,0.0,0.0,0.0,0.0,0.0,75.97017938505194,True
9fe7af8b3fbe00a0,Preston Parsons,71.0,170.0,71.0,Orthodox,1995-07-15,11-6-0,11,6,0,0,3.54,51.0,3.25,54.0,3.46,36.0,71.0,2.3,71.0,False
9fe85152f351e737,Mike Swick,73.0,170.0,77.0,Orthodox,1979-06-19,15-6-0,15,6,0,0,2.36,37.0,2.29,54.0,1.06,50.0,61.0,0.6,77.0,False
a00ec21cfbba17b6,Yui Chul Nam,69.0,145.0,,Orthodox,1981-07-16,18-8-1,18,8,1,0,3.53,51.0,2.0,48.0,1.33,16.0,57.0,0.3,70.69344373773646,True
a01a62132460a98d,Adam Fugitt,73.0,170.0,77.0,Southpaw,1989-01-12,10-6-0,10,6,0,0,4.88,46.0,5.33,51.0,1.63,22.0,50.0,0.0,77.0,False
a01e84abefd85ec0,Pascal Krauss,73.0,170.0,,Orthodox,1987-04-19,11-2-0,11,2,0,0,5.45,47.0,3.88,59.0,1.53,50.0,60.0,0.9,74.91483225558883,True
a0602dd050bebefc,Jon Manley,73.0,170.0,,Orthodox,1986-07-07,9-4-0,9,4,0,0,1.13,20.0,4.33,45.0,1.0,7.0,20.0,0.0,74.91483225558883,True
a08d909a5be6f410,Eliot Marshall,74.0,205.0,77.0,Orthodox,1980-07-07,10-4-0,10,4,0,0,1.93,27.0,2.39,67.0,0.47,33.0,79.0,0.9,77.0,False
a08ddd04eaffd81d,Mariya Agapova,66.0,125.0,68.0,Southpaw,1997-04-07,10-5-0,10,5,0,0,4.43,54.0,3.62,52.0,0.55,66.0,45.0,0.8,68.0,False
a09ed60aa67a3f67,Farid Basharat,68.0,135.0,71.0,Orthodox,1997-08-02,16-0-0,16,0,0,0,4.46,54.0,3.24,60.0,3.57,37.0,54.0,0.3,71.0,False
a0b91014e9d16a76,Cale Yarbrough,73.0,185.0,,Orthodox,1986-12-27,8-3-0,8,3,0,0,3.16,27.0,10.0,72.0,0.0,0.0,0.0,0.0,74.91483225558883,True
a0c139b34f11421a,John Gunderson,69.0,155.0,69.0,Orthodox,1979-01-05,35-16-2,35,16,2,0,1.04,27.0,1.71,58.0,1.67,33.0,11.0,2.0,69.0,False
a0c64f272b65d441,Eric Shelton,66.0,125.0,68.0,Orthodox,1991-02-02,12-6-0,12,6,0,0,2.57,42.0,1.88,63.0,2.83,51.0,46.0,0.2,68.0,False
a0e6753c42698f13,Omar Morales,71.0,155.0,73.0,Orthodox,1985-10-17,11-4-0,11,4,0,0,3.42,40.0,3.18,58.0,0.46,100.0,63.0,0.0,73.0,False
a0e75f4a13eb73f1,Megan Anderson,72.0,145.0,72.0,Orthodox,1990-02-11,11-5-0,11,5,0,0,1.76,46.0,3.35,37.0,0.52,25.0,53.0,0.5,72.0,False
a0f0004aadf10b71,Alexandre Pantoja,65.0,125.0,67.0,Orthodox,1990-04-16,30-6-0,30,6,0,0,4.38,50.0,3.88,49.0,2.79,47.0,69.0,1.0,67.0,False
a112097ad877a48f,Alberto Montes,67.0,145.0,69.0,Orthodox,1994-05-31,12-1-0,12,1,0,0,5.26,60.0,4.44,60.0,0.0,0.0,77.0,6.8,69.0,False
a12a8314adc1c1c9,Laureano Staropoli,73.0,185.0,71.0,Orthodox,1993-02-27,9-5-0,9,5,0,0,3.31,34.0,3.73,54.0,0.83,26.0,48.0,0.0,71.0,False
a13d755965a4ec9f,Rongzhu,69.0,155.0,70.0,Orthodox,2000-03-07,28-6-0,28,6,0,0,6.05,51.0,5.38,53.0,1.34,62.0,84.0,0.1,70.0,False
a149d6bc670cdb60,Dustin Hazelett,73.0,170.0,76.0,Orthodox,1986-04-29,12-7-0,12,7,0,0,2.24,40.0,3.51,46.0,0.55,50.0,25.0,4.1,76.0,False
a17322f99ddfd8e9,Bristol Marunde,73.0,170.0,75.0,Orthodox,1982-04-20,16-10-0,16,10,0,0,1.42,21.0,4.4,47.0,1.6,33.0,14.0,0.0,75.0,False
a17ad5a5048e8c3f,Darren Stewart,72.0,205.0,74.0,Orthodox,1990-12-30,12-8-0 (2 NC),12,8,0,2,3.05,45.0,3.29,48.0,1.75,45.0,67.0,0.1,74.0,False
a1ad35b98a9136e5,Lawrence Lui,67.0,135.0,72.0,Orthodox,1996-08-04,8-1-0,8,1,0,0,3.72,39.0,3.32,60.0,5.3,40.0,100.0,0.0,72.0,False
a1b0715c4fd2dbd3,Azamat Gashimov,66.0,125.0,,Orthodox,1990-04-07,8-3-0,8,3,0,0,1.24,21.0,4.75,53.0,1.69,25.0,0.0,0.0,67.52740234934717,True
a1f6999fe57236e0,Wanderlei Silva,71.0,205.0,74.0,Orthodox,1976-07-03,35-13-1 (1 NC),35,13,1,1,2.79,40.0,2.19,60.0,0.97,53.0,62.0,0.6,74.0,False
a20d7dfaba74c067,Rodrigo Damm,67.0,155.0,71.0,Orthodox,1980-02-03,13-9-0,13,9,0,0,3.5,36.0,5.61,57.0,0.44,16.0,80.0,0.3,71.0,False
a20f234df70f2182,Ji Yeon Kim,67.0,125.0,72.0,Orthodox,1989-10-18,9-7-2,9,7,2,0,5.37,36.0,5.41,56.0,0.0,0.0,50.0,0.1,72.0,False
a220be6d41d6f97d,Carlos Barreto,76.0,230.0,,Orthodox,1968-07-22,14-9-0,14,9,0,0,0.0,0.0,0.0,0.0,0.0,0.0,0.0,0.0,78.08087364397812,True
a24e080000fa7a35,Darrel Gholar,68.0,194.0,,Orthodox,1962-11-07,5-6-0,5,6,0,0,0.0,0.0,0.0,0.0,0.0,0.0,0.0,0.0,69.63809660827336,True
a26198ba5093147e,TJ Grant,70.0,155.0,72.0,Orthodox,1984-02-26,21-5-0,21,5,0,0,3.95,54.0,3.21,56.0,1.63,43.0,36.0,0.6,72.0,False
a264d4e9a4d6bfe4,Sangwook Kim,72.0,155.0,71.0,Orthodox,1993-10-17,13-4-0,13,4,0,0,5.11,55.0,5.82,44.0,1.77,22.0,72.0,1.2,71.0,False
a29db9cd4f9ccea5,Natan Levy,69.0,155.0,71.0,Southpaw,1991-09-30,8-2-0,8,2,0,0,3.7,52.0,3.19,58.0,5.03,58.0,41.0,0.5,71.0,False
a2b06ca02bca14c0,Harold Howard,74.0,240.0,,Orthodox,,1-3-0,1,3,0,0,0.0,0.0,0.0,0.0,0.0,0.0,0.0,0.0,75.97017938505194,True
a2b12c3f3d60ff69,Alex Garcia,69.0,170.0,72.0,Orthodox,1987-07-14,15-6-0,15,6,0,0,1.81,31.0,3.03,59.0,3.72,52.0,66.0,0.1,72.0,False
a2ccf35a88346a91,Erick Gonzalez,71.0,155.0,75.0,Orthodox,1992-01-20,14-8-0,14,8,0,0,2.4,36.0,8.08,40.0,6.0,55.0,50.0,0.0,75.0,False
a2d342ffc83913ed,Nathan Fletcher,67.0,135.0,70.0,Orthodox,1998-01-03,9-3-0,9,3,0,0,3.41,59.0,2.16,57.0,3.37,38.0,50.0,0.7,70.0,False
a2ea77e974c5889f,Carlos Felipe,72.0,245.0,75.0,Orthodox,1995-01-12,11-2-0,11,2,0,0,4.88,45.0,5.6,50.0,0.0,0.0,72.0,0.0,75.0,False
a331233f597090a5,Bryan Barberena,72.0,185.0,72.0,Southpaw,1989-05-03,18-12-0,18,12,0,0,5.35,48.0,4.59,44.0,0.13,22.0,50.0,0.3,72.0,False
a36556bb1565e32d,Joe Proctor,70.0,155.0,72.0,Orthodox,1985-08-10,11-5-0,11,5,0,0,3.39,36.0,3.93,59.0,0.0,0.0,70.0,1.8,72.0,False
a390eb8a9b2df298,Chuck Liddell,74.0,205.0,76.0,Orthodox,1969-12-17,21-8-0,21,8,0,0,2.97,35.0,2.71,56.0,0.44,75.0,81.0,0.0,76.0,False
a3a542074109b347,Luana Pinheiro,62.0,115.0,62.0,Orthodox,1992-11-18,11-5-0,11,5,0,0,3.29,39.0,4.06,60.0,2.33,37.0,71.0,0.2,62.0,False
a3be148af5c7b088,Piotr Hallmann,69.0,155.0,71.0,Orthodox,1987-08-25,18-6-0,18,6,0,0,3.98,45.0,3.17,58.0,2.55,44.0,70.0,0.4,71.0,False
a3dda21be645be93,Jean-Paul Lebosnoyani,71.0,170.0,72.0,Switch,1999-01-27,10-2-0,10,2,0,0,4.77,61.0,3.72,53.0,2.79,30.0,0.0,1.9,72.0,False
a421465acbe59c77,Denis Stojnic,72.0,245.0,,Orthodox,1980-02-02,13-3-0 (1 NC),13,3,0,1,1.51,23.0,6.06,36.0,0.0,0.0,80.0,1.0,73.85948512612573,True
a44020ea2e8cd026,JooSang Yoo,67.0,145.0,71.0,Orthodox,1994-01-21,9-1-0,9,1,0,0,6.36,58.0,4.99,56.0,0.0,0.0,50.0,0.0,71.0,False
a474aade8eb3a8f0,SuYoung You,66.0,135.0,65.0,Orthodox,1995-12-11,16-4-0 (2 NC),16,4,0,2,2.15,47.0,2.01,68.0,4.26,47.0,66.0,0.4,65.0,False
a495f599e787614f,Alonzo Menifield,72.0,205.0,76.0,Orthodox,1987-10-18,18-6-1,18,6,1,0,3.84,53.0,3.81,51.0,0.48,31.0,78.0,0.2,76.0,False
a4a80dd7336ffd59,Melissa Gatto,65.0,125.0,69.0,Orthodox,1996-05-02,9-3-2,9,3,2,0,3.47,49.0,2.67,54.0,1.77,27.0,58.0,0.4,69.0,False
a4dc0f2b95df4cc1,Bekzat Almakhan,67.0,135.0,68.0,Orthodox,1997-10-08,12-4-0,12,4,0,0,2.58,39.0,4.23,52.0,0.0,0.0,59.0,0.0,68.0,False
a4dc47001f202bcd,Rodrigo de Lima,67.0,155.0,,Orthodox,1991-03-12,8-3-1,8,3,1,0,1.29,33.0,5.5,32.0,2.66,36.0,0.0,1.3,68.58274947881027,True
a4de54ea806fb525,Ray Borg,64.0,135.0,63.0,Orthodox,1993-08-04,13-5-0,13,5,0,0,1.52,52.0,1.93,48.0,3.89,50.0,46.0,1.0,63.0,False
a4e85a58fbce64b2,Joe Soto,66.0,135.0,65.0,Orthodox,1987-03-22,18-7-0,18,7,0,0,3.36,41.0,5.37,67.0,0.85,21.0,70.0,1.9,65.0,False
a52bc1e62cf0b7c6,Melsik Baghdasaryan,69.0,145.0,70.0,Southpaw,1992-01-28,8-4-0,8,4,0,0,4.98,58.0,3.15,56.0,0.0,0.0,70.0,0.0,70.0,False
a53d30163304aa6e,Carlston Harris,72.0,170.0,76.0,Orthodox,1987-07-09,19-8-0,19,8,0,0,3.34,42.0,3.5,51.0,1.13,20.0,55.0,0.5,76.0,False
a54660deb6a8489c,Muin Gafurov,67.0,135.0,68.0,Orthodox,1996-05-17,20-7-0,20,7,0,0,3.36,47.0,2.51,55.0,1.57,28.0,70.0,0.0,68.0,False
a54a35a670d8e852,Andre Roberts,74.0,345.0,,Orthodox,1965-02-24,14-2-1,14,2,1,0,0.0,0.0,0.0,0.0,0.0,0.0,0.0,0.0,75.97017938505194,True
a54b961a1f8be1d5,John Garza,67.0,135.0,68.0,Orthodox,2002-10-30,6-2-0,6,2,0,0,5.47,43.0,5.73,35.0,0.0,0.0,77.0,0.0,68.0,False
a54fc2d6fc224dc3,Jamie Varner,68.0,155.0,71.0,Orthodox,1984-10-12,21-11-1 (2 NC),21,11,1,2,2.92,34.0,2.55,58.0,3.49,53.0,66.0,0.8,71.0,False
a56607a451e4c70d,Chris Wilson,73.0,170.0,75.0,Orthodox,1977-06-07,18-10-0 (1 NC),18,10,0,1,2.32,50.0,1.36,55.0,1.31,50.0,60.0,1.6,75.0,False
a566371ba2ad7152,Josh Thomson,70.0,155.0,71.0,Orthodox,1978-09-21,22-9-0 (1 NC),22,9,0,1,2.59,47.0,2.12,64.0,1.92,39.0,54.0,1.3,71.0,False
a57cb948c4c70a47,Isaac Dulgarian,67.0,145.0,71.0,Orthodox,1996-07-04,7-2-0,7,2,0,0,2.99,63.0,1.65,40.0,4.57,50.0,0.0,1.8,71.0,False
a66395395b5f1394,Danny Downes,72.0,155.0,72.0,Orthodox,1986-04-08,8-3-0,8,3,0,0,1.66,34.0,3.53,37.0,0.0,0.0,37.0,0.5,72.0,False
a67d071163962af8,Michael Page,75.0,185.0,79.0,Switch,1987-04-07,25-3-0,25,3,0,0,2.28,58.0,1.51,62.0,0.19,16.0,70.0,0.0,79.0,False
a67f5afa8d6a1b80,Ryan Spann,77.0,264.0,79.0,Orthodox,1991-08-24,24-11-0,24,11,0,0,3.11,39.0,3.92,43.0,1.21,34.0,59.0,1.7,79.0,False
a683f9ddb70aa4bd,Sean Daugherty,72.0,175.0,,,1975-12-04,0-2-0,0,2,0,0,0.0,0.0,0.0,0.0,0.0,0.0,0.0,0.0,73.85948512612573,True
a68575214ecad140,SeungWoo Choi,72.0,145.0,74.0,Orthodox,1992-11-03,11-8-0,11,8,0,0,3.56,38.0,3.16,47.0,0.83,54.0,70.0,0.0,74.0,False
a6959da32f0e6b5d,Kyle Bradley,69.0,155.0,71.0,Orthodox,1982-08-19,19-12-0 (1 NC),19,12,0,1,1.99,40.0,3.45,58.0,0.65,50.0,40.0,0.0,71.0,False
a69a7120cf26669d,Levan Chokheli,71.0,170.0,72.0,Orthodox,1996-10-02,15-3-0 (1 NC),15,3,0,1,15.65,54.0,0.0,100.0,0.0,0.0,0.0,0.0,72.0,False
a6a9ab5a824e8f66,Joel Sutton,71.0,205.0,,Orthodox,1969-07-07,2-4-1,2,4,1,0,0.0,0.0,0.0,0.0,0.0,0.0,0.0,0.0,72.80413799666265,True
a6bbd3df469c6bea,Roger Gracie,76.0,185.0,79.0,Orthodox,1981-09-26,8-2-0,8,2,0,0,1.78,35.0,1.79,61.0,1.87,53.0,60.0,1.9,79.0,False
a6c20202c701e5ca,Sasha Palatnikov,73.0,170.0,72.0,Switch,1989-03-15,6-4-0,6,4,0,0,6.69,53.0,5.44,52.0,0.72,100.0,70.0,0.0,72.0,False
a6c2f5381d575920,Orlando Wiet,70.0,170.0,,Southpaw,1965-10-24,1-5-0,1,5,0,0,0.0,0.0,0.0,0.0,0.0,0.0,0.0,0.0,71.74879086719955,True
a6cba6bb66c1a8c9,Danny Roberts,73.0,170.0,74.0,Southpaw,1987-07-14,18-8-0,18,8,0,0,3.18,39.0,3.73,50.0,0.24,9.0,57.0,0.2,74.0,False
a6d8bfe9e0c8153b,Kevin Burns,70.0,170.0,74.0,Orthodox,1980-03-03,12-7-0,12,7,0,0,2.74,38.0,4.3,52.0,0.28,50.0,47.0,0.8,74.0,False
a6eb54ae17a551be,Gabriella Fernandes,66.0,125.0,66.0,Southpaw,1993-08-13,11-4-0,11,4,0,0,3.51,46.0,5.31,53.0,0.42,18.0,68.0,0.2,66.0,False
a6f3d15cb84334bb,Dean Barry,70.0,170.0,72.0,Orthodox,1992-07-03,4-2-0,4,2,0,0,9.31,40.0,4.66,51.0,0.0,0.0,100.0,0.0,72.0,False
a6fd2173d5e2d7f0,Jason Day,72.0,185.0,72.0,Orthodox,1981-05-19,19-12-0,19,12,0,0,3.61,54.0,3.46,47.0,1.13,100.0,0.0,0.0,72.0,False
a7151778b3381036,Kurt Holobaugh,71.0,155.0,70.0,Orthodox,1986-09-08,22-10-0 (1 NC),22,10,0,1,4.58,44.0,4.24,49.0,0.65,33.0,38.0,0.8,70.0,False
a72a2a769fa5a2be,Anshul Jubli,72.0,155.0,69.0,Switch,1995-01-13,7-2-0,7,2,0,0,6.42,46.0,5.72,50.0,0.81,18.0,63.0,0.4,69.0,False
a75a48bfe776b2c2,Jesse Butler,70.0,135.0,73.0,Orthodox,1992-05-24,12-6-0,12,6,0,0,2.02,34.0,4.62,39.0,0.0,0.0,0.0,0.0,73.0,False
a780d16cf7eed44d,Lucio Linhares,74.0,185.0,,Orthodox,1973-12-08,19-8-0,19,8,0,0,0.99,22.0,3.47,34.0,1.86,50.0,50.0,1.9,75.97017938505194,True
a7897d200692ab64,Kyung Ho Kang,69.0,135.0,73.0,Orthodox,1987-09-09,19-11-0 (1 NC),19,11,0,1,3.13,47.0,3.32,54.0,1.97,50.0,68.0,0.8,73.0,False
a78a87d8c2bbb1cb,Julija Stoliarenko,67.0,125.0,66.0,Orthodox,1993-04-08,11-10-2,11,10,2,0,2.74,38.0,4.45,46.0,0.78,20.0,54.0,1.4,66.0,False
a78f7a9135eb6249,Terrance Saeteurn,66.0,125.0,67.0,Orthodox,1995-05-30,8-2-0,8,2,0,0,3.82,40.0,3.82,52.0,0.0,0.0,0.0,0.0,67.0,False
a7b48e18ca27795d,Mark Kerr,75.0,266.0,,Switch,1968-12-21,15-11-0 (1 NC),15,11,0,1,0.28,41.0,0.89,28.0,2.92,77.0,0.0,0.4,77.02552651451502,True
a7d687e6ecb30981,Rob Broughton,74.0,265.0,74.0,Orthodox,1983-03-03,16-7-1,16,7,1,0,2.83,60.0,2.54,51.0,0.0,0.0,26.0,3.2,74.0,False
a7ddae0be8b78147,Jessamyn Duke,71.0,135.0,73.0,Orthodox,1986-06-24,3-5-0 (1 NC),3,5,0,1,4.83,53.0,4.43,57.0,1.27,36.0,50.0,1.9,73.0,False
a7de976620f2ed13,Shane Howell,68.0,125.0,,Orthodox,1983-11-28,13-10-0,13,10,0,0,1.27,32.0,2.55,42.0,0.0,0.0,20.0,0.0,69.63809660827336,True
a7e3f02fe2b2fe30,Danyelle Wolf,71.0,145.0,70.0,Orthodox,1983-09-08,1-1-0,1,1,0,0,2.37,25.0,4.57,47.0,0.0,0.0,77.0,0.5,70.0,False
a7f4d0902bb64092,James Irvin,74.0,205.0,75.0,Orthodox,1978-09-12,17-10-0 (2 NC),17,10,0,2,2.03,48.0,3.86,35.0,0.0,0.0,36.0,0.5,75.0,False
a817e238b2747404,Dylan Budka,72.0,185.0,75.0,Switch,2000-01-14,7-5-0,7,5,0,0,1.06,38.0,1.8,42.0,1.93,38.0,76.0,0.4,75.0,False
a8283a4f415e1eb9,Francisco Trinaldo,69.0,170.0,70.0,Southpaw,1978-08-24,28-9-0,28,9,0,0,3.13,45.0,2.67,60.0,0.98,42.0,60.0,0.5,70.0,False
a845f0735bc67405,Jake Matthews,71.0,170.0,73.0,Orthodox,1994-08-19,23-8-0,23,8,0,0,3.36,44.0,2.58,60.0,1.36,41.0,66.0,0.7,73.0,False
a851c35f58199231,Syuri Kondo,64.0,115.0,66.0,Orthodox,1989-02-08,6-3-0,6,3,0,0,5.4,44.0,7.22,58.0,0.0,0.0,83.0,0.3,66.0,False
a85998eb79650b2c,Wes Combs,74.0,205.0,,Orthodox,1973-06-18,20-6-0,20,6,0,0,2.14,48.0,4.73,45.0,0.0,0.0,0.0,0.0,75.97017938505194,True
a8aba6fd8a463043,Jess Liaudin,69.0,170.0,72.0,Orthodox,,20-11-0,20,11,0,0,2.46,51.0,2.76,41.0,3.28,53.0,30.0,1.6,72.0,False
a8c9d16fe2a14d72,CM Punk,73.0,170.0,73.0,Orthodox,1978-10-26,0-1-0 (1 NC),0,1,0,1,1.1,23.0,4.87,40.0,0.87,11.0,0.0,0.0,73.0,False
a8d521d913df4e31,Ryan Madigan,72.0,170.0,,Orthodox,,5-3-0,5,3,0,0,0.0,0.0,3.35,47.0,0.0,0.0,0.0,0.0,73.85948512612573,True
a8e6a69796280f17,Nate Marquardt,72.0,185.0,74.0,Orthodox,1979-04-20,35-19-2,35,19,2,0,2.71,49.0,2.32,55.0,1.87,51.0,70.0,0.8,74.0,False
a8ea84cbe1655f0a,Jeff Curran,66.0,135.0,69.0,Orthodox,1977-09-02,36-18-1,36,18,1,0,1.54,31.0,2.48,60.0,0.35,12.0,35.0,1.2,69.0,False
a8fa0c4e95512806,Phil Johns,62.0,170.0,,Southpaw,1968-10-22,30-14-1,30,14,1,0,1.2,66.0,1.8,50.0,0.0,0.0,50.0,0.0,63.306013831494795,True
a93f94c923c3a9cb,Christian Leroy Duncan,74.0,185.0,79.0,Switch,1995-07-24,14-2-0,14,2,0,0,4.43,57.0,2.59,52.0,0.33,16.0,63.0,0.0,79.0,False
a9a314cc77d90b6e,Wade Shipp,75.0,245.0,,Orthodox,1975-02-09,11-5-0,11,5,0,0,4.29,86.0,2.14,0.0,0.0,0.0,75.0,0.0,77.02552651451502,True
a9bcf8717dd12532,Mats Nilsson,73.0,170.0,,Orthodox,1983-12-05,11-4-1,11,4,1,0,2.99,39.0,5.62,63.0,3.87,83.0,44.0,2.3,74.91483225558883,True
a9d6e047ce48ab63,Allen Crowder,75.0,245.0,76.0,Orthodox,1989-11-08,10-4-0 (1 NC),10,4,0,1,2.95,51.0,2.95,56.0,1.85,33.0,100.0,1.2,76.0,False
a9da3158dd2c2b5a,Jack Jenkins,67.0,145.0,68.0,Switch,1993-11-03,14-4-0,14,4,0,0,4.48,61.0,2.95,59.0,1.98,60.0,71.0,0.2,68.0,False
a9e260472d321361,Jasmine Jasudavicius,67.0,125.0,68.0,Orthodox,1989-03-01,15-4-0,15,4,0,0,3.47,44.0,3.46,51.0,2.63,46.0,75.0,0.5,68.0,False
aa03a3ca00ac6827,Carmelo Marrero,72.0,205.0,73.0,Orthodox,1981-01-26,16-6-0 (1 NC),16,6,0,1,0.84,34.0,2.04,54.0,3.21,36.0,36.0,0.9,73.0,False
aa0c573da7119292,Juliana Miller,67.0,125.0,66.0,Orthodox,1996-05-07,5-4-0,5,4,0,0,2.65,39.0,4.14,44.0,2.16,29.0,44.0,1.2,66.0,False
aa171d55d4b5208f,Billy Quarantillo,70.0,145.0,70.0,Orthodox,1988-12-08,18-7-0,18,7,0,0,7.44,54.0,5.83,42.0,1.47,24.0,61.0,1.0,70.0,False
aa1952ec0b3dd8e1,Kurt Pellegrino,68.0,155.0,70.0,Orthodox,1979-05-07,16-7-0,16,7,0,0,2.45,43.0,1.94,63.0,2.9,54.0,69.0,0.8,70.0,False
aa5b4eff51bdc7d1,Gilbert Melendez,69.0,145.0,73.0,Orthodox,1982-04-12,22-8-0,22,8,0,0,3.44,33.0,2.53,63.0,1.64,41.0,71.0,0.2,73.0,False
aa6e591c2a2cdecd,Ricardo Abreu,71.0,185.0,,Orthodox,1984-04-27,5-1-0,5,1,0,0,3.79,31.0,3.98,68.0,2.13,42.0,100.0,0.7,72.80413799666265,True
aa72b0f831d0bfe5,Deiveson Figueiredo,65.0,135.0,68.0,Orthodox,1987-12-18,25-7-1,25,7,1,0,2.57,53.0,3.43,49.0,1.61,34.0,57.0,1.2,68.0,False
aa79d5399571068e,Brandon Wolff,69.0,170.0,,Orthodox,1975-10-18,7-5-0,7,5,0,0,0.47,33.0,10.91,19.0,0.0,0.0,0.0,0.0,70.69344373773646,True
aac5ac38148f0528,Paul Kelly,69.0,155.0,70.0,Orthodox,1984-09-12,14-5-0,14,5,0,0,3.22,37.0,2.61,59.0,1.34,60.0,30.0,1.5,70.0,False
aac6edb0d5e0b7e9,Marcin Wrzosek,69.0,155.0,,,1987-10-14,12-4-0,12,4,0,0,3.47,43.0,4.07,43.0,3.0,25.0,33.0,0.0,70.69344373773646,True
aae0897825336b1a,Renzo Gracie,70.0,185.0,,Orthodox,1967-03-11,13-7-1 (1 NC),13,7,1,1,1.71,41.0,1.67,55.0,1.13,20.0,40.0,0.8,71.74879086719955,True
aae99701b21554e4,Ryan Jensen,73.0,185.0,76.0,Orthodox,1977-09-20,21-8-0,21,8,0,0,2.84,39.0,2.99,59.0,1.55,50.0,31.0,1.9,76.0,False
ab2a4b5e04dc5fe9,Alvin Hines,74.0,265.0,74.0,Orthodox,1991-10-20,7-1-0,7,1,0,0,5.47,31.0,7.47,38.0,1.0,10.0,0.0,0.0,74.0,False
ab2b4ff41d6ebe0f,Alex Perez,66.0,125.0,65.0,Orthodox,1992-03-21,26-10-0 (1 NC),26,10,0,1,4.22,45.0,3.24,58.0,2.07,45.0,74.0,0.8,65.0,False
ab35634d1a8c7a11,Flavio Luiz Moura,71.0,183.0,,Open Stance,1976-01-26,19-7-0,19,7,0,0,0.67,16.0,0.0,0.0,0.0,0.0,0.0,0.0,72.80413799666265,True
ab850a77a0fa487d,Sean Spencer,70.0,170.0,74.0,Orthodox,1987-06-25,12-6-0,12,6,0,0,4.24,32.0,4.02,60.0,0.14,33.0,68.0,0.0,74.0,False
ab8900ae1f1dfd4c,Yoshiyuki Yoshida,71.0,170.0,70.0,Southpaw,1974-05-10,18-9-0,18,9,0,0,0.85,36.0,3.67,36.0,1.41,28.0,25.0,2.8,70.0,False
ab943cd2c3c17825,Marcos Rogerio de Lima,73.0,253.0,75.0,Orthodox,1985-06-25,22-10-1,22,10,1,0,3.7,57.0,2.9,51.0,1.4,45.0,59.0,0.5,75.0,False
abb68e3c7ca128f2,Julia Polastri,62.0,115.0,63.0,Orthodox,1998-03-05,14-6-0,14,6,0,0,6.22,56.0,5.18,59.0,0.62,80.0,57.0,0.3,63.0,False
abbc4fc02e0d84b3,Eric Martin,,,,,,0-1-0,0,1,0,0,0.0,0.0,0.0,0.0,0.0,0.0,0.0,0.0,,False
abbc737317f66b81,Corey Hill,76.0,155.0,80.0,Orthodox,1978-10-03,6-9-0,6,9,0,0,3.57,46.0,1.61,70.0,3.02,80.0,100.0,0.0,80.0,False
abcf2cc6efc42031,Iasmin Lucindo,63.0,115.0,66.0,Orthodox,2002-01-08,18-6-0,18,6,0,0,3.22,45.0,2.8,62.0,2.28,55.0,68.0,0.1,66.0,False
abd2109bc4cb0291,Bentley Syler,64.0,125.0,,Orthodox,1982-12-22,5-1-0,5,1,0,0,1.3,18.0,1.73,79.0,0.0,0.0,75.0,0.0,65.41670809042098,True
abd5fb12437eda21,Ramazan Emeev,70.0,170.0,76.0,Southpaw,1987-05-23,20-6-0,20,6,0,0,2.53,45.0,2.14,65.0,2.37,29.0,66.0,0.7,76.0,False
ac026518a9b4dc0f,Jordan Leavitt,69.0,145.0,71.0,Southpaw,1995-06-02,13-4-0,13,4,0,0,2.18,58.0,1.57,59.0,2.97,30.0,30.0,1.2,71.0,False
ac0874309da489b9,Marek Bujlo,76.0,265.0,77.0,Orthodox,1992-10-10,6-1-0,6,1,0,0,2.07,38.0,3.27,37.0,0.0,0.0,0.0,0.0,77.0,False
ac29d508d78384c9,Marcelo Golm,75.0,249.0,75.0,Orthodox,1992-09-15,6-3-0,6,3,0,0,4.27,58.0,4.3,45.0,0.45,50.0,87.0,0.5,75.0,False
ac40f7e3cbecdda4,Parker Porter,72.0,265.0,75.0,Orthodox,1985-04-22,14-9-0,14,9,0,0,6.55,50.0,6.32,51.0,1.35,26.0,66.0,0.5,75.0,False
ac5a7400da3a9a41,Elias Garcia,65.0,125.0,67.0,Southpaw,1992-09-13,6-2-0,6,2,0,0,1.59,27.0,5.05,50.0,0.68,14.0,33.0,1.4,67.0,False
ac70a4f1db1b8c40,Scott Junk,73.0,265.0,,Orthodox,1978-12-17,8-3-1 (1 NC),8,3,1,1,5.13,60.0,1.81,45.0,0.0,0.0,0.0,0.0,74.91483225558883,True
ac7c765882f2c68c,Elise Reed,63.0,115.0,63.0,Orthodox,1992-12-05,8-5-0,8,5,0,0,3.41,53.0,3.26,51.0,0.46,60.0,53.0,0.0,63.0,False
acb36c908d415c4a,Vinicius Moreira,76.0,205.0,76.0,Orthodox,1989-02-28,9-5-0,9,5,0,0,3.15,59.0,5.07,43.0,1.97,18.0,0.0,1.3,76.0,False
acd9513399a8b09b,Ednaldo Oliveira,77.0,205.0,,Orthodox,1984-02-19,17-3-1 (1 NC),17,3,1,1,1.03,22.0,1.8,52.0,0.0,0.0,42.0,0.0,79.13622077344121,True
aceffa19749c4dc0,Zubaira Tukhugov,68.0,155.0,68.0,Orthodox,1991-01-15,20-6-1,20,6,1,0,3.17,39.0,3.07,63.0,2.13,39.0,100.0,0.0,68.0,False
acff437707625fc7,Yushin Okami,74.0,170.0,75.0,Southpaw,1981-07-21,34-12-0,34,12,0,0,2.06,38.0,2.25,60.0,1.98,39.0,84.0,0.5,75.0,False
ad047e3073a775f3,Steve Jennum,70.0,215.0,,Orthodox,1963-09-23,2-3-0,2,3,0,0,0.0,0.0,0.0,0.0,0.0,0.0,0.0,0.0,71.74879086719955,True
ad3041e61896b975,Jason Tan,70.0,170.0,,Orthodox,1981-12-17,5-3-0,5,3,0,0,0.69,29.0,7.37,18.0,0.0,0.0,0.0,0.0,71.74879086719955,True
ad32471f01e7b1a5,Jeremy Jackson,70.0,170.0,,Orthodox,1982-09-19,9-5-0,9,5,0,0,0.71,27.0,2.03,25.0,1.52,40.0,58.0,0.0,71.74879086719955,True
ad3f53c454cbbead,Josh Barnett,75.0,250.0,78.0,Orthodox,1977-11-10,35-8-0,35,8,0,0,3.2,50.0,2.11,57.0,1.26,55.0,55.0,1.4,78.0,False
ad56b3f00ca38dfd,Mark Godbeer,76.0,240.0,77.0,Orthodox,1983-11-22,13-4-0,13,4,0,0,3.97,53.0,3.3,54.0,0.0,0.0,28.0,0.0,77.0,False
ad5cb64af10fc946,Donte Johnson,68.0,185.0,74.0,Southpaw,1999-01-25,8-0-0,8,0,0,0,3.11,48.0,2.0,61.0,2.0,100.0,75.0,0.7,74.0,False
adccbc19b22e19af,SeungGuk Choi,66.0,125.0,64.0,Orthodox,1996-12-26,7-3-0,7,3,0,0,2.69,42.0,2.69,65.0,1.02,27.0,74.0,0.0,64.0,False
adea9f0090aa8e14,Jason Fairn,73.0,230.0,,,,4-5-0,4,5,0,0,0.0,0.0,0.0,0.0,0.0,0.0,0.0,0.0,74.91483225558883,True
ae071698e1a3ccd4,Christian Aguilera,69.0,170.0,72.0,Switch,1991-11-25,14-8-0,14,8,0,0,2.54,37.0,4.04,48.0,0.0,0.0,60.0,0.0,72.0,False
ae58685caf8e4a0d,Bill Mahood,75.0,200.0,,Orthodox,1967-02-01,20-7-1 (1 NC),20,7,1,1,1.54,85.0,3.59,17.0,0.0,0.0,0.0,3.9,77.02552651451502,True
ae7fe94f117f98cf,Joaquim Silva,68.0,155.0,69.0,Southpaw,1989-02-05,14-6-0,14,6,0,0,3.43,43.0,4.17,53.0,0.34,50.0,70.0,0.8,69.0,False
ae81a3ac7b260411,Tofiq Musayev,69.0,155.0,69.0,Orthodox,1989-12-15,23-6-0,23,6,0,0,1.84,46.0,1.74,50.0,2.3,60.0,50.0,0.0,69.0,False
aebaa8cec15b083d,Kody Steele,69.0,155.0,71.0,Orthodox,1995-04-21,8-1-0,8,1,0,0,3.85,32.0,6.2,52.0,1.07,25.0,100.0,0.5,71.0,False
aebfb84d1f6d2d8c,Allen Berube,68.0,155.0,,Orthodox,1974-08-25,4-3-0,4,3,0,0,0.92,80.0,0.92,33.0,6.87,100.0,0.0,3.4,69.63809660827336,True
aec185309b4843d0,Siyar Bahadurzada,71.0,170.0,73.0,Orthodox,1984-04-17,24-8-1,24,8,1,0,2.91,40.0,3.23,49.0,1.32,61.0,62.0,0.3,73.0,False
aed06011bf62237b,Dongi Yang,70.0,185.0,73.0,Southpaw,1984-12-07,13-3-0,13,3,0,0,3.55,51.0,3.21,63.0,1.7,41.0,61.0,0.5,73.0,False
aee8eecfc4bfb1e7,Bobby Southworth,74.0,205.0,,Orthodox,1969-12-16,10-6-0 (1 NC),10,6,0,1,0.99,39.0,1.38,65.0,3.98,78.0,64.0,1.3,75.97017938505194,True
af49a6c491ca22a3,Kristian Rothaermel,72.0,205.0,,Open Stance,1972-01-31,4-3-0,4,3,0,0,0.75,50.0,2.49,41.0,0.0,0.0,0.0,0.0,73.85948512612573,True
af5b208e97f5d382,Wilson Gouveia,73.0,185.0,76.0,Orthodox,1978-10-03,14-8-0,14,8,0,0,3.02,39.0,4.06,56.0,0.9,66.0,57.0,2.2,76.0,False
af62f99eb7606308,Erik Perez,68.0,135.0,68.0,Orthodox,1989-11-19,17-6-0,17,6,0,0,3.16,40.0,2.09,66.0,3.16,55.0,69.0,0.2,68.0,False
af65aa688d13eedf,Joe Solecki,69.0,155.0,70.0,Orthodox,1993-08-27,13-6-0,13,6,0,0,1.97,53.0,1.85,50.0,2.06,48.0,14.0,1.4,70.0,False
af90b10c785ced3e,Mike Rio,70.0,155.0,70.0,Orthodox,1981-07-06,10-5-0,10,5,0,0,1.68,39.0,2.99,53.0,2.58,27.0,0.0,1.0,70.0,False
af997f7611673880,Gadzhimurad Antigulov,71.0,205.0,70.0,Orthodox,1987-02-09,20-8-0,20,8,0,0,2.08,55.0,4.21,40.0,5.08,36.0,0.0,1.4,70.0,False
af9efbfd63d39734,Chelsea Chandler,68.0,135.0,68.0,Southpaw,1990-11-23,7-4-0,7,4,0,0,3.52,45.0,4.27,40.0,0.81,60.0,25.0,0.3,68.0,False
af9f42e6894047fc,Jamie Mullarkey,72.0,155.0,74.0,Orthodox,1994-08-17,18-9-0,18,9,0,0,4.1,46.0,4.28,54.0,2.46,30.0,70.0,0.1,74.0,False
afaad7d6a581e307,Bobby Hoffman,74.0,245.0,,Orthodox,1968-10-28,36-10-1 (2 NC),36,10,1,2,2.02,70.0,1.32,19.0,1.17,50.0,0.0,1.2,75.97017938505194,True
afc2a7ce0c763bd5,Yoislandy Izquierdo,71.0,155.0,,Southpaw,1984-01-09,10-4-0,10,4,0,0,2.93,52.0,1.4,26.0,0.0,0.0,50.0,0.0,72.80413799666265,True
afdb76fbd86f6d11,Edilberto de Oliveira,72.0,170.0,,Orthodox,1982-11-22,29-15-2,29,15,2,0,4.12,32.0,6.79,61.0,0.0,0.0,0.0,0.0,73.85948512612573,True
afe8d5b39ff7fca2,Louis Cosce,69.0,170.0,71.0,Orthodox,1995-08-27,7-2-0,7,2,0,0,4.31,45.0,5.35,47.0,1.04,20.0,50.0,0.5,71.0,False
b034747dc1d15491,Kazuhiro Nakamura,71.0,205.0,70.0,Orthodox,1979-07-16,21-13-0,21,13,0,0,1.56,37.0,1.83,59.0,1.73,36.0,42.0,0.6,70.0,False
b05086131c6f5dc5,Derek Downey,73.0,185.0,,Orthodox,1980-04-27,11-4-0,11,4,0,0,0.32,100.0,3.36,12.0,2.4,16.0,0.0,0.0,74.91483225558883,True
b0550072e5f0afa7,Yoshihiro Akiyama,70.0,170.0,75.0,Orthodox,1975-07-29,14-6-0 (2 NC),14,6,0,2,3.1,41.0,3.62,57.0,2.29,67.0,92.0,1.0,75.0,False
b07aed698fba8624,Ikram Aliskerov,72.0,185.0,76.0,Southpaw,1992-12-07,18-2-0,18,2,0,0,5.56,60.0,4.01,45.0,3.82,68.0,100.0,0.7,76.0,False
b08012bbe542592a,Tatiana Suarez,65.0,115.0,66.0,Southpaw,1990-12-19,13-1-0,13,1,0,0,2.86,60.0,1.63,44.0,4.52,45.0,57.0,0.7,66.0,False
b0a6124751a56bc4,Jonathan Brookins,72.0,145.0,74.0,Southpaw,1985-08-13,16-10-0,16,10,0,0,2.69,39.0,3.63,56.0,1.94,17.0,80.0,0.3,74.0,False
b0bd0c5425668b8f,Henrique da Silva,75.0,205.0,76.0,Orthodox,1989-09-01,14-5-0,14,5,0,0,3.89,60.0,5.28,40.0,0.25,14.0,22.0,0.2,76.0,False
b0d6a1d8ac3d563d,Max Griffin,71.0,170.0,76.0,Orthodox,1985-11-29,20-13-0,20,13,0,0,3.7,47.0,3.69,58.0,1.44,41.0,69.0,0.2,76.0,False
b0f316c60f8d3b47,Josh Ferguson,65.0,125.0,,Orthodox,1988-05-13,10-5-0,10,5,0,0,2.13,43.0,4.18,32.0,0.59,11.0,54.0,0.0,66.47205521988408,True
b102c26727306ab6,Jussier Formiga,65.0,125.0,67.0,Orthodox,1985-04-14,23-8-0,23,8,0,0,1.42,39.0,2.34,64.0,1.82,35.0,87.0,0.6,67.0,False
b12a1d19ee383b7c,Tonya Evinger,67.0,135.0,70.0,Orthodox,1981-06-04,19-8-0 (1 NC),19,8,0,1,1.16,42.0,4.02,38.0,0.93,30.0,33.0,0.9,70.0,False
b12fb759e02378de,Gilbert Urbina,75.0,185.0,75.0,Orthodox,1996-04-05,7-5-0,7,5,0,0,5.57,56.0,4.62,44.0,2.86,44.0,0.0,0.7,75.0,False
b12fc8a41e82d3a2,Joby Sanchez,66.0,135.0,68.0,Orthodox,1991-06-24,11-4-0,11,4,0,0,3.22,36.0,2.82,63.0,0.95,71.0,51.0,0.4,68.0,False
b13da0b1a3aed3e7,Nick Ring,72.0,185.0,74.0,Southpaw,1979-02-10,14-4-0,14,4,0,0,3.52,42.0,3.48,62.0,1.36,36.0,52.0,0.3,74.0,False
b14a68c533f4a4aa,Dokonjonosuke Mishima,67.0,155.0,,Southpaw,1972-04-19,21-7-2,21,7,2,0,1.06,41.0,1.22,52.0,2.47,40.0,25.0,1.4,68.58274947881027,True
b15862fcd6ded451,Carlos Mota,64.0,125.0,69.0,Orthodox,1995-04-15,8-2-0,8,2,0,0,0.8,41.0,1.13,54.0,0.0,0.0,50.0,1.0,69.0,False
b18fb36a4aa00093,John Polakowski,70.0,155.0,,Orthodox,1981-06-21,2-2-0,2,2,0,0,2.6,26.0,2.83,50.0,0.0,0.0,87.0,0.7,71.74879086719955,True
b19fc66613dc75b9,Chris Brennan,68.0,170.0,,Orthodox,1971-10-12,21-13-1,21,13,1,0,0.6,40.0,0.97,50.0,0.0,0.0,25.0,2.1,69.63809660827336,True
b1a3e0aca758b322,Derek Brunson,73.0,185.0,77.0,Southpaw,1984-01-04,23-9-0,23,9,0,0,3.51,47.0,3.05,51.0,3.14,33.0,85.0,0.6,77.0,False
b1b0729d27936f2f,Belal Muhammad,71.0,170.0,72.0,Orthodox,1988-07-09,24-6-0 (1 NC),24,6,0,1,4.36,42.0,3.92,55.0,1.98,35.0,90.0,0.1,72.0,False
b1d19449397541dc,Askar Askarov,66.0,125.0,67.0,Orthodox,1992-10-09,14-1-1,14,1,1,0,3.05,54.0,2.8,57.0,2.6,24.0,66.0,0.4,67.0,False
b1de86d835638319,Luke Riley,69.0,145.0,69.0,Orthodox,1999-06-30,14-0-0,14,0,0,0,6.67,58.0,3.86,61.0,0.0,0.0,37.0,0.0,69.0,False
b1e5bcaad32a3cac,Priscila Cachoeira,67.0,135.0,65.0,Orthodox,1988-08-19,13-9-0,13,9,0,0,4.35,44.0,7.45,45.0,0.37,50.0,69.0,0.0,65.0,False
b1f21ce050035d58,Andre Lima,67.0,125.0,67.0,Orthodox,1999-02-04,11-1-0,11,1,0,0,3.94,56.0,2.66,58.0,1.11,60.0,75.0,0.9,67.0,False
b23fca14c7b79935,Ivan Serati,72.0,205.0,,Orthodox,,12-4-0,12,4,0,0,0.86,26.0,5.33,29.0,0.0,0.0,0.0,0.0,73.85948512612573,True
b26d3e3746fb4024,Brian Bowles,67.0,135.0,70.0,Orthodox,1980-06-22,10-3-0,10,3,0,0,2.36,26.0,2.98,64.0,1.39,70.0,54.0,1.4,70.0,False
b27a1fcb56a3035a,Trevin Giles,72.0,170.0,74.0,Orthodox,1992-08-06,16-7-0,16,7,0,0,3.17,54.0,2.39,58.0,1.07,50.0,72.0,0.3,74.0,False
b27b8881d7444114,Adam Cella,74.0,170.0,,,1985-06-26,6-8-0,6,8,0,0,1.91,42.0,2.61,51.0,3.92,75.0,50.0,1.3,75.97017938505194,True
b2a2da86546ddb19,Buddy Roberts,74.0,185.0,,Orthodox,1982-10-17,12-3-0,12,3,0,0,2.17,34.0,2.08,70.0,0.0,0.0,76.0,0.7,75.97017938505194,True
b2a78df161bd67f9,Gauge Young,69.0,155.0,70.0,Orthodox,2000-07-14,11-3-0,11,3,0,0,6.32,52.0,5.12,49.0,0.75,30.0,76.0,0.0,70.0,False
b2acebbef8da14ea,Akihiro Gono,67.0,170.0,68.0,Switch,1974-10-07,35-21-8,35,21,8,0,2.18,48.0,2.67,63.0,1.01,84.0,46.0,0.5,68.0,False
b2e3aca4cd363477,Chris Cariaso,63.0,125.0,64.0,Southpaw,1981-05-27,17-8-0,17,8,0,0,3.35,43.0,2.23,61.0,1.11,39.0,57.0,0.8,64.0,False
b2f743746e8dcfa2,Jason Black,68.0,155.0,,Orthodox,1972-07-15,23-4-1,23,4,1,0,1.06,47.0,2.6,45.0,0.48,33.0,28.0,6.2,69.63809660827336,True
b2f88c04c4dd43ce,Jason Miller,73.0,185.0,,Orthodox,1980-12-24,23-10-0 (1 NC),23,10,0,1,1.83,43.0,2.3,49.0,1.31,28.0,43.0,1.3,74.91483225558883,True
b35a159f525764eb,Chris Saunders,68.0,155.0,,,1986-03-11,16-8-0,16,8,0,0,1.48,22.0,2.96,75.0,3.7,100.0,0.0,0.0,69.63809660827336,True
b35ba64b6a2bbcb3,Jose Maria,65.0,125.0,,Orthodox,1982-01-04,37-7-0 (2 NC),37,7,0,2,3.2,53.0,3.98,52.0,2.32,27.0,33.0,2.3,66.47205521988408,True
b361180739bed4b0,David Abbott,72.0,265.0,,Switch,1965-04-26,10-15-0,10,15,0,0,1.35,30.0,3.55,38.0,1.07,33.0,66.0,0.0,73.85948512612573,True
b369533a577fa97c,Dan Christison,80.0,265.0,,Orthodox,1972-04-26,20-7-0,20,7,0,0,4.23,51.0,3.88,54.0,0.0,0.0,37.0,1.1,82.3022621618305,True
b39f7a6c2be17ee8,Charlie Campbell,72.0,155.0,72.0,Orthodox,1995-07-03,9-3-0,9,3,0,0,5.23,51.0,4.17,55.0,2.45,36.0,62.0,0.0,72.0,False
b3bbe88fecd6a0d2,Dave Berry,,,,,,0-1-0,0,1,0,0,0.0,0.0,0.0,0.0,0.0,0.0,0.0,0.0,,False
b3d21b2610dcfaeb,Emily Whitmire,65.0,125.0,63.0,Orthodox,1991-05-24,4-5-0,4,5,0,0,2.5,31.0,2.98,54.0,1.9,66.0,70.0,0.5,63.0,False
b406da701c479076,Ernest Chavez,68.0,145.0,70.0,Orthodox,1983-06-27,10-2-0,10,2,0,0,2.79,40.0,3.89,59.0,0.89,33.0,50.0,0.0,70.0,False
b4192a975027aab6,Maryna Moroz,67.0,125.0,67.0,Orthodox,1991-09-08,11-6-0,11,6,0,0,4.42,33.0,4.89,51.0,0.7,24.0,42.0,0.6,67.0,False
b4443fae47e7eb9d,Wes Schultz,73.0,185.0,77.0,Orthodox,1996-08-09,9-3-0,9,3,0,0,2.91,46.0,3.11,43.0,2.39,21.0,0.0,3.6,77.0,False
b44f39a5c6596953,Pedro Rizzo,73.0,241.0,,Orthodox,1974-05-03,20-11-0,20,11,0,0,1.93,34.0,3.02,50.0,0.26,28.0,78.0,0.0,74.91483225558883,True
b4537562f88ac582,Khalid Taha,65.0,135.0,69.0,Orthodox,1992-02-15,13-5-0 (1 NC),13,5,0,1,2.64,32.0,4.12,46.0,0.0,0.0,61.0,0.2,69.0,False
b45d6b73f4ca4467,Andre Winner,71.0,155.0,73.0,Orthodox,1981-11-09,21-11-2,21,11,2,0,2.52,33.0,4.57,51.0,0.0,0.0,74.0,0.0,73.0,False
b4880ef2f838d4e1,Silvana Gomez Juarez,63.0,115.0,65.0,Orthodox,1984-12-06,11-5-0,11,5,0,0,4.26,32.0,4.04,61.0,0.0,0.0,30.0,0.0,65.0,False
b4ad3a06ee4d660c,Alistair Overeem,76.0,265.0,80.0,Orthodox,1980-05-17,47-19-0 (1 NC),47,19,0,1,3.67,64.0,2.44,57.0,1.42,55.0,73.0,0.8,80.0,False
b4b496ec2197ee3e,Navajo Stirling,76.0,205.0,79.0,Orthodox,1997-11-07,10-0-0,10,0,0,0,6.24,54.0,2.62,58.0,0.86,26.0,71.0,0.0,79.0,False
b4bc2e3353a770b5,Ian Freeman,71.0,225.0,,Orthodox,1966-11-10,20-7-1,20,7,1,0,2.54,48.0,3.11,44.0,1.44,40.0,80.0,0.7,72.80413799666265,True
b4c57a8c2b773e82,Michal Figlak,70.0,155.0,70.0,Orthodox,1996-08-15,8-2-0,8,2,0,0,4.0,39.0,4.93,52.0,0.5,12.0,57.0,0.0,70.0,False
b4c6c904a9ffc5e8,Ashley Yoder,67.0,115.0,69.0,Southpaw,1987-10-20,8-9-0,8,9,0,0,3.42,39.0,4.13,47.0,1.09,27.0,66.0,0.6,69.0,False
b4c96c3d9139bf0e,Patrick Walsh,71.0,185.0,,,1988-11-28,10-3-0,10,3,0,0,2.03,19.0,2.83,64.0,3.0,54.0,100.0,1.5,72.80413799666265,True
b4eeac608fc82f88,Yves Jabouin,67.0,135.0,68.0,Orthodox,1979-05-30,20-11-0,20,11,0,0,3.06,41.0,2.93,62.0,1.94,60.0,82.0,0.1,68.0,False
b50a426a33da0012,Sean O'Malley,71.0,135.0,72.0,Switch,1994-10-24,20-3-0 (1 NC),20,3,0,1,5.98,60.0,3.4,59.0,0.23,42.0,60.0,0.2,72.0,False
b51841e7c594090d,Mike Wessel,72.0,260.0,,Orthodox,1977-12-02,15-8-0,15,8,0,0,1.82,56.0,6.43,22.0,6.29,50.0,0.0,0.0,73.85948512612573,True
b53c46f613f6f248,Brianna Fortino,60.0,115.0,62.0,Southpaw,1993-08-04,9-3-0,9,3,0,0,3.53,41.0,3.23,57.0,2.5,45.0,66.0,0.0,62.0,False
b57edace7b647f07,Matt Hobar,70.0,135.0,70.0,Southpaw,1987-01-07,9-3-0,9,3,0,0,3.23,42.0,4.27,52.0,3.66,44.0,50.0,0.0,70.0,False
b59037262c8fe060,Ryan Janes,75.0,185.0,76.0,Orthodox,1981-08-22,10-3-0,10,3,0,0,7.69,48.0,5.53,59.0,0.35,100.0,58.0,0.0,76.0,False
b5b684eac99ae0a3,Chad Mendes,66.0,145.0,66.0,Orthodox,1985-05-01,18-5-0,18,5,0,0,2.78,49.0,2.35,67.0,4.13,55.0,100.0,0.3,66.0,False
b5c19c34f12c917e,Denzel Freeman,73.0,265.0,77.0,Southpaw,1991-11-10,7-2-0,7,2,0,0,2.45,56.0,3.4,50.0,0.0,0.0,50.0,0.0,77.0,False
b5da8f7d05e85a55,Josh Parisian,76.0,265.0,79.0,Orthodox,1989-06-28,15-8-0,15,8,0,0,4.55,48.0,4.88,41.0,0.98,33.0,46.0,0.2,79.0,False
b5ea750025697880,Rex Holman,75.0,205.0,,Southpaw,,4-2-0,4,2,0,0,2.75,34.0,7.25,40.0,0.0,0.0,100.0,0.0,77.02552651451502,True
b60391da771deefe,Todd Medina,70.0,193.0,,Southpaw,1970-04-30,11-9-0 (1 NC),11,9,0,1,0.0,0.0,0.0,0.0,0.0,0.0,0.0,0.0,71.74879086719955,True
b60c980f79b87ce8,Bea Malecki,69.0,135.0,74.0,Orthodox,1991-08-23,4-1-0,4,1,0,0,6.84,46.0,6.96,62.0,0.0,0.0,78.0,1.1,74.0,False
b6203e0492a9336c,Marnic Mann,60.0,115.0,64.0,Southpaw,1993-03-05,6-3-0,6,3,0,0,1.47,41.0,5.08,31.0,1.9,33.0,25.0,0.4,64.0,False
b62d5280966b2460,Clayton Carpenter,66.0,125.0,66.0,Orthodox,1996-06-09,8-3-0,8,3,0,0,3.88,50.0,4.47,49.0,1.75,35.0,50.0,1.0,66.0,False
b63e800c18e011b5,Tedd Williams,73.0,275.0,,Orthodox,1969-12-19,7-1-0,7,1,0,0,0.0,0.0,0.0,0.0,0.0,0.0,0.0,0.0,74.91483225558883,True
b6452706b373eea1,Renato Moicano,71.0,155.0,72.0,Orthodox,1989-05-21,21-7-1,21,7,1,0,4.1,49.0,3.55,59.0,1.68,40.0,64.0,0.6,72.0,False
b671bdf981ad527d,HyunSung Park,67.0,125.0,66.0,Orthodox,1995-11-04,10-2-0,10,2,0,0,3.38,41.0,3.14,55.0,1.5,31.0,47.0,1.8,66.0,False
b67d6bacc68d4c92,Daniel Santos,67.0,145.0,67.0,Orthodox,1995-03-12,14-3-0,14,3,0,0,5.15,40.0,5.38,50.0,2.6,33.0,73.0,0.0,67.0,False
b6850671a008bf9a,Felice Herrig,64.0,115.0,65.0,Orthodox,1984-09-18,14-10-0,14,10,0,0,3.84,37.0,5.19,48.0,1.08,28.0,75.0,0.8,65.0,False
b69f24c500d783e7,Francimar Barroso,73.0,205.0,75.0,Orthodox,1980-02-28,19-7-0 (1 NC),19,7,0,1,2.77,52.0,3.07,59.0,2.22,24.0,83.0,0.0,75.0,False
b6b12014698cc345,John Marsh,72.0,265.0,,Orthodox,1970-09-15,8-7-0,8,7,0,0,0.83,42.0,2.23,40.0,0.43,100.0,54.0,0.4,73.85948512612573,True
b6c37948cb226e8c,Benardo Sopaj,66.0,135.0,66.0,Orthodox,2000-09-25,13-3-0,13,3,0,0,4.39,58.0,4.69,52.0,2.43,60.0,76.0,0.8,66.0,False
b6c4451cb13c9303,Andy Ogle,68.0,145.0,69.0,Orthodox,1989-02-16,9-6-0,9,6,0,0,2.24,44.0,2.23,50.0,1.44,26.0,58.0,0.0,69.0,False
b6e6c3b1dcaae0a1,Will Brooks,70.0,155.0,72.0,Orthodox,1986-10-08,18-4-0,18,4,0,0,4.26,59.0,2.54,56.0,2.08,51.0,82.0,0.3,72.0,False
b701f095e6ccb149,Ollie Schmid,72.0,145.0,71.0,Orthodox,2000-12-28,4-3-0,4,3,0,0,3.23,30.0,7.9,45.0,0.0,0.0,0.0,0.0,71.0,False
b71ce838b01f2cad,Rony Jason,67.0,145.0,73.0,Orthodox,1984-03-21,14-7-0 (1 NC),14,7,0,1,2.04,44.0,3.14,53.0,0.59,30.0,36.0,0.8,73.0,False
b72a60a0cadff408,Louis Gaudinot,63.0,125.0,63.0,Orthodox,1984-08-28,8-4-0 (1 NC),8,4,0,1,2.34,37.0,6.42,48.0,0.57,40.0,31.0,1.1,63.0,False
b732b326c362fb62,Ryan Thomas,72.0,170.0,,Orthodox,1984-11-05,20-8-0,20,8,0,0,2.01,36.0,4.17,30.0,5.59,33.0,0.0,2.2,73.85948512612573,True
b76c6268dc1d3c05,Danielle Taylor,60.0,115.0,60.0,Orthodox,1989-10-25,9-4-0,9,4,0,0,2.75,29.0,3.31,71.0,0.2,20.0,70.0,0.2,60.0,False
b76ed59283d3559c,Tsuyoshi Kohsaka,71.0,225.0,,Orthodox,1970-03-06,27-19-2,27,19,2,0,1.88,38.0,4.41,54.0,1.32,20.0,33.0,0.4,72.80413799666265,True
b788862dd1c11eac,Brendan Loughnane,70.0,145.0,70.0,Switch,1989-12-05,17-3-0,17,3,0,0,6.23,63.0,6.7,53.0,1.5,30.0,92.0,0.0,70.0,False
b7ad576b8ae115e6,Mike Rhodes,73.0,170.0,74.0,Orthodox,1989-12-04,10-5-0,10,5,0,0,3.2,39.0,4.13,64.0,0.96,33.0,75.0,0.5,74.0,False
b7b84ccd221be298,Nasrat Haqparast,70.0,155.0,72.0,Southpaw,1995-08-22,18-6-0,18,6,0,0,6.36,45.0,6.0,63.0,0.34,20.0,86.0,0.0,72.0,False
b7c5eb7cdbac6a63,Danny Barlow,74.0,185.0,79.0,Southpaw,1995-08-02,9-2-0,9,2,0,0,5.81,51.0,4.65,52.0,0.0,0.0,100.0,0.0,79.0,False
b7d524c77c27389b,Marcus Davis,70.0,170.0,70.0,Southpaw,1973-08-24,22-11-0 (1 NC),22,11,0,1,2.72,39.0,2.79,65.0,1.6,48.0,47.0,1.4,70.0,False
b7f38813485745da,Michael Kuiper,72.0,185.0,73.0,Orthodox,1989-06-07,15-5-0,15,5,0,0,3.28,54.0,3.62,54.0,2.3,55.0,79.0,0.0,73.0,False
b7ffa72aa148599a,KJ Noons,70.0,155.0,70.0,Orthodox,1982-12-07,13-9-0 (1 NC),13,9,0,1,3.68,35.0,3.78,65.0,0.08,20.0,68.0,0.0,70.0,False
b8592b4a383696cd,Mitch Gagnon,65.0,135.0,65.0,Southpaw,1984-10-10,12-5-0,12,5,0,0,2.76,46.0,2.21,61.0,1.16,25.0,65.0,1.9,65.0,False
b8a85389d115e35a,Jack Shore,68.0,145.0,71.0,Orthodox,1995-02-06,17-3-0,17,3,0,0,3.6,58.0,2.31,56.0,3.22,39.0,74.0,0.6,71.0,False
b8aef0faf4ce9b31,Sam Sicilia,68.0,145.0,67.0,Orthodox,1986-02-01,15-8-0,15,8,0,0,2.46,33.0,3.55,59.0,1.45,43.0,70.0,0.9,67.0,False
b8bbdeff718dbb7d,Pat Sabatini,68.0,145.0,70.0,Orthodox,1990-11-09,22-5-0,22,5,0,0,1.69,54.0,1.16,54.0,4.27,41.0,50.0,1.3,70.0,False
b8c0f30ee9a98b69,Fernando Bruno,66.0,145.0,,,1982-02-24,15-4-0,15,4,0,0,1.75,39.0,1.78,48.0,2.02,22.0,56.0,0.5,67.52740234934717,True
b909a9a9688b5284,Gabriel Miranda,71.0,145.0,71.0,Orthodox,1990-03-25,17-8-0,17,8,0,0,3.23,43.0,6.01,37.0,4.75,38.0,0.0,1.9,71.0,False
b9124c308671e303,Otari Tanzilovi,69.0,145.0,70.0,Orthodox,1998-04-09,10-2-0,10,2,0,0,4.2,68.0,4.2,49.0,4.5,36.0,85.0,0.0,70.0,False
b93c06d09d1c4ac0,Steven Peterson,70.0,145.0,70.0,Orthodox,1990-05-29,19-11-0,19,11,0,0,4.76,40.0,5.94,53.0,1.42,26.0,64.0,0.7,70.0,False
b9415726dc3ec526,Rodney Wallace,69.0,205.0,72.0,Switch,1981-11-21,26-15-1,26,15,1,0,1.13,46.0,3.44,45.0,6.0,54.0,28.0,1.0,72.0,False
b9437600497350f3,Joaquin Buckley,70.0,170.0,76.0,Southpaw,1994-04-27,21-8-0,21,8,0,0,3.62,36.0,3.1,58.0,1.43,45.0,70.0,0.1,76.0,False
b959e8c7fd8390d2,Kyle Kingsbury,76.0,205.0,79.0,Orthodox,1982-03-22,11-6-0 (1 NC),11,6,0,1,2.97,40.0,3.81,51.0,2.64,41.0,52.0,0.0,79.0,False
b96619b3acd7d9da,Miesha Tate,66.0,135.0,65.0,Orthodox,1986-08-18,20-10-0,20,10,0,0,2.62,44.0,3.05,51.0,1.97,30.0,56.0,1.2,65.0,False
b9664eae2ac75262,Eric Spicely,73.0,185.0,73.0,Orthodox,1986-09-29,12-6-0,12,6,0,0,3.71,45.0,5.72,55.0,1.31,20.0,75.0,1.0,73.0,False
b96939f2b8d88e82,Ariel Beck,66.0,125.0,66.0,Southpaw,1990-09-16,4-5-0,4,5,0,0,4.44,34.0,4.31,64.0,0.0,0.0,0.0,0.0,66.0,False
b9706f80d005036c,Ketlen Vieira,68.0,135.0,68.0,Orthodox,1991-08-26,16-5-0,16,5,0,0,2.71,40.0,3.73,50.0,1.31,42.0,90.0,0.5,68.0,False
b997be68943010fc,Geoff Neal,71.0,170.0,75.0,Southpaw,1990-08-28,16-8-0,16,8,0,0,5.02,50.0,5.5,57.0,0.54,45.0,87.0,0.1,75.0,False
b9c03e7a4557e542,Royston Wee,67.0,135.0,67.0,Orthodox,1986-11-15,4-1-0,4,1,0,0,1.1,60.0,2.45,49.0,3.38,81.0,0.0,0.0,67.0,False
b9d0fd83bb8a147a,Keith Jardine,74.0,185.0,76.0,Orthodox,1975-10-31,17-11-2,17,11,2,0,3.25,36.0,2.98,59.0,1.18,45.0,62.0,0.7,76.0,False
b9e871af730f826c,Ronald Jhun,71.0,170.0,,Orthodox,1970-09-21,24-26-2,24,26,2,0,1.45,57.0,3.01,50.0,1.81,100.0,100.0,0.0,72.80413799666265,True
b9f28e7045fdfce7,Raoni Barcelos,67.0,135.0,67.0,Orthodox,1987-05-01,22-5-0,22,5,0,0,4.65,51.0,4.24,60.0,2.51,31.0,87.0,0.7,67.0,False
ba043b03eb799063,Phil Harris,64.0,125.0,65.0,Orthodox,1983-09-04,22-12-0 (2 NC),22,12,0,2,2.34,26.0,3.16,68.0,1.76,21.0,60.0,0.0,65.0,False
ba15006c804a8de0,Guilherme Pat,78.0,265.0,81.0,Orthodox,1994-04-20,6-1-0,6,1,0,0,2.7,61.0,2.03,51.0,0.0,0.0,100.0,0.0,81.0,False
ba1e6cb3d43f7430,Justin Ledet,76.0,205.0,80.0,Orthodox,1988-09-28,9-4-0 (1 NC),9,4,0,1,3.35,39.0,4.82,49.0,0.23,50.0,42.0,0.2,80.0,False
ba280572acfba13f,Matt Mitrione,75.0,265.0,82.0,Switch,1978-07-15,12-5-0,12,5,0,0,3.55,50.0,2.79,64.0,0.0,0.0,55.0,0.7,82.0,False
ba5e253af86db1a8,Terrion Ware,68.0,135.0,71.0,Orthodox,1986-03-31,17-9-0,17,9,0,0,4.02,32.0,6.07,50.0,0.5,22.0,44.0,0.0,71.0,False
baa5358456803df8,Alex Hunter,69.0,226.0,,Orthodox,,2-0-0,2,0,0,0,0.0,0.0,0.0,0.0,0.0,0.0,0.0,0.0,70.69344373773646,True
baa9be02c3e3e038,Jose Daniel Medina,72.0,185.0,74.0,Orthodox,1991-05-17,11-7-0,11,7,0,0,2.13,36.0,5.34,46.0,0.39,33.0,27.0,0.0,74.0,False
bad28b7b34f334de,Tony Halme,75.0,300.0,,Orthodox,1963-01-06,0-4-0,0,4,0,0,0.0,0.0,0.0,0.0,0.0,0.0,0.0,0.0,77.02552651451502,True
bad8be5827ea1bf1,Chris Heatherly,69.0,155.0,,Orthodox,1987-11-24,9-4-0 (1 NC),9,4,0,1,1.08,45.0,2.67,52.0,3.39,50.0,100.0,0.7,70.69344373773646,True
baed16f18348908e,Kris McCray,72.0,170.0,76.0,Orthodox,1981-09-24,8-5-0,8,5,0,0,2.69,45.0,2.57,54.0,2.88,55.0,38.0,0.0,76.0,False
baf942f4bcb09894,Moti Horenstein,76.0,230.0,,Orthodox,1964-03-23,1-6-0,1,6,0,0,0.0,0.0,0.0,0.0,0.0,0.0,0.0,0.0,78.08087364397812,True
bb1a2cdad6ff34db,Jason Knight,70.0,145.0,71.0,Orthodox,1992-07-14,20-5-0,20,5,0,0,2.95,33.0,3.02,51.0,1.31,31.0,47.0,1.7,71.0,False
bb2c3c3a466224af,Lone'er Kavanagh,66.0,125.0,67.0,Orthodox,1999-06-09,10-2-0,10,2,0,0,4.13,50.0,3.94,53.0,1.12,46.0,82.0,0.4,67.0,False
bb61823f76361297,Kyle Stewart,72.0,170.0,76.0,Orthodox,1989-01-31,11-3-0,11,3,0,0,1.41,35.0,2.42,43.0,1.32,20.0,60.0,0.0,76.0,False
bba678d312590087,Andre Pederneiras,68.0,155.0,,Orthodox,1967-03-22,1-1-2,1,1,2,0,0.0,0.0,0.0,0.0,0.0,0.0,0.0,0.0,69.63809660827336,True
bbab3baf66128ae2,Javid Basharat,69.0,135.0,69.0,Orthodox,1995-09-07,15-2-0 (1 NC),15,2,0,1,5.18,54.0,2.75,63.0,1.83,40.0,83.0,0.1,69.0,False
bbc9ab95fa766493,Anderson Dos Santos,65.0,135.0,70.0,Orthodox,1985-07-24,21-9-0,21,9,0,0,2.7,25.0,5.37,49.0,0.98,14.0,66.0,0.7,70.0,False
bbfca6d5c27d9cd8,Edwin Figueroa,67.0,135.0,69.0,Orthodox,1984-07-31,9-5-0,9,5,0,0,2.57,39.0,3.06,51.0,0.2,100.0,37.0,0.6,69.0,False
bc3ec52ef70fc155,Ryan Jimmo,73.0,205.0,73.0,Orthodox,1981-11-27,19-5-0,19,5,0,0,3.12,66.0,2.77,46.0,0.45,28.0,87.0,0.0,73.0,False
bc656db347f31e19,Mike Santiago,70.0,145.0,69.0,Orthodox,1989-07-28,19-12-0,19,12,0,0,3.44,49.0,3.58,36.0,2.66,50.0,53.0,1.1,69.0,False
bc711b6dd95c1af6,Mario Bautista,69.0,135.0,69.0,Switch,1993-07-01,18-3-0,18,3,0,0,5.52,50.0,4.17,54.0,2.49,38.0,57.0,1.1,69.0,False
bc7230f231701d66,Mike Easton,66.0,135.0,70.0,Southpaw,1984-01-25,13-6-0,13,6,0,0,3.51,37.0,4.28,61.0,0.75,22.0,66.0,0.0,70.0,False
bc7d1ad49fcb2d08,Jaqueline Amorim,63.0,115.0,68.0,Orthodox,1995-06-24,11-2-0,11,2,0,0,2.26,49.0,2.06,54.0,2.01,33.0,0.0,4.3,68.0,False
bc7f4b2d4c2724a2,Tyrell Fortune,72.0,259.0,75.0,Orthodox,1990-07-04,18-3-0 (2 NC),18,3,0,2,2.0,50.0,3.13,57.0,3.0,60.0,100.0,0.0,75.0,False
bc8f6b42767e28df,Naoyuki Kotani,68.0,155.0,66.0,Southpaw,1981-12-08,34-14-7,34,14,7,0,1.02,31.0,2.89,50.0,0.83,16.0,46.0,0.8,66.0,False
bcad7223af3c19da,Martin Svensson,73.0,155.0,,,1985-04-25,15-6-0,15,6,0,0,2.02,38.0,5.91,38.0,0.0,0.0,0.0,0.0,74.91483225558883,True
bd21a1e3d41c97ee,Ronny Markes,73.0,185.0,75.0,Orthodox,1988-04-21,17-5-0,17,5,0,0,2.17,53.0,2.43,45.0,3.13,40.0,100.0,0.5,75.0,False
bd532e9a2b93870c,Melissa Mullins,67.0,135.0,68.0,Orthodox,1991-07-23,7-3-0,7,3,0,0,3.67,49.0,4.15,53.0,2.2,46.0,85.0,0.0,68.0,False
bd5403efbaa445c0,Sean Soriano,69.0,145.0,70.0,Orthodox,1989-10-06,14-8-0,14,8,0,0,3.18,61.0,2.14,56.0,1.33,55.0,52.0,0.0,70.0,False
bd58d34e39b7b12a,Ben Rothwell,76.0,265.0,78.0,Orthodox,1981-10-17,39-14-0,39,14,0,0,3.71,42.0,4.63,47.0,0.68,34.0,70.0,0.4,78.0,False
bd878a638e0e3be3,Angela Magana,61.0,115.0,65.0,Orthodox,1983-08-02,11-9-0,11,9,0,0,1.53,28.0,4.92,42.0,0.4,25.0,28.0,0.4,65.0,False
bda04c573563cc2e,Todd Duffee,75.0,260.0,78.0,Orthodox,1985-12-06,9-3-0 (1 NC),9,3,0,1,5.93,37.0,2.87,56.0,0.72,25.0,90.0,0.0,78.0,False
bdcbb976816fd256,Daniel Kelly,72.0,185.0,70.0,Southpaw,1977-10-31,13-4-0,13,4,0,0,3.62,38.0,4.64,61.0,1.86,34.0,78.0,0.3,70.0,False
be0b310a12eb80b4,Enrique Barzola,67.0,145.0,70.0,Orthodox,1989-04-28,17-5-2,17,5,2,0,3.91,41.0,2.97,68.0,4.2,45.0,66.0,0.3,70.0,False
be4076c9e8d791e3,Joao Zeferino,71.0,170.0,,Orthodox,1986-01-15,21-9-0,21,9,0,0,0.83,36.0,2.6,48.0,0.5,5.0,50.0,1.0,72.80413799666265,True
be5cfd73617a5b1a,Javier Vazquez,67.0,145.0,69.0,Southpaw,1977-07-16,16-5-0,16,5,0,0,2.43,36.0,1.99,72.0,2.56,52.0,57.0,1.5,69.0,False
be68b375707dcb85,Spike Carlyle,68.0,145.0,71.0,Switch,1993-05-06,9-3-0,9,3,0,0,2.55,54.0,3.85,30.0,3.34,36.0,57.0,0.5,71.0,False
be9bdec19b7e9ffe,Austen Lane,78.0,205.0,80.0,Orthodox,1987-11-09,13-8-0 (1 NC),13,8,0,1,2.7,50.0,2.45,39.0,1.5,28.0,33.0,0.0,80.0,False
be9d259be012e8a4,Scott Morris,70.0,210.0,,Orthodox,,2-1-0,2,1,0,0,0.0,0.0,0.0,0.0,0.0,0.0,0.0,0.0,71.74879086719955,True
bebb4ae55ac2bf6f,Chris Fishgold,68.0,145.0,68.0,Orthodox,1992-06-06,18-4-1,18,4,1,0,2.01,32.0,2.7,46.0,2.59,46.0,44.0,1.3,68.0,False
beecb672a279223e,Amanda Ribas,64.0,115.0,66.0,Orthodox,1993-08-26,13-7-0,13,7,0,0,4.26,39.0,3.29,60.0,2.05,52.0,82.0,0.6,66.0,False
bf0e700106d00e55,Austin Arnett,72.0,145.0,72.0,Orthodox,1991-10-22,16-6-0,16,6,0,0,4.52,41.0,6.38,62.0,0.44,18.0,57.0,0.2,72.0,False
bf12aca029bfcc47,Keith Hackney,71.0,200.0,,Sideways,1958-04-15,2-2-0,2,2,0,0,0.0,0.0,0.0,0.0,0.0,0.0,0.0,0.0,72.80413799666265,True
bf2c8e01b07d3eb1,Myktybek Orolbai,70.0,170.0,74.0,Orthodox,1998-02-10,16-2-1,16,2,1,0,2.78,50.0,2.7,51.0,8.77,59.0,40.0,0.5,74.0,False
bf41b5131545da12,Crafton Wallace,72.0,185.0,,Orthodox,1975-11-10,18-6-1,18,6,1,0,1.55,44.0,2.36,47.0,0.0,0.0,42.0,0.0,73.85948512612573,True
bf43fed8f29e1671,Marcin Held,69.0,155.0,71.0,Orthodox,1992-01-18,23-7-0,23,7,0,0,1.41,34.0,2.02,47.0,2.46,46.0,37.0,1.3,71.0,False
bf7ad5628363eec9,Cody Stamann,66.0,135.0,64.0,Orthodox,1989-11-09,21-8-1,21,8,1,0,4.32,46.0,3.91,60.0,2.17,37.0,76.0,0.0,64.0,False
bf9bc96336922271,Alex Ricci,71.0,155.0,,Orthodox,1982-07-21,10-5-0,10,5,0,0,2.48,41.0,2.53,64.0,0.0,0.0,64.0,0.0,72.80413799666265,True
bfc2fc38a0e20211,Matt Grice,68.0,145.0,70.0,Orthodox,1981-07-29,15-5-0,15,5,0,0,4.09,53.0,2.69,56.0,2.19,37.0,82.0,0.5,70.0,False
bffeb123b21c9aad,Darrell Montague,66.0,125.0,67.0,Southpaw,1987-11-03,13-5-0,13,5,0,0,1.92,25.0,5.38,52.0,0.72,25.0,33.0,1.4,67.0,False
c03520b5c88ed6b4,Merab Dvalishvili,66.0,135.0,68.0,Orthodox,1991-01-10,21-5-0,21,5,0,0,4.42,41.0,2.8,54.0,5.97,35.0,76.0,0.3,68.0,False
c0386644627a7ee5,Mana Martinez,70.0,135.0,70.0,Orthodox,1996-03-25,10-4-0,10,4,0,0,4.33,48.0,4.94,50.0,0.72,42.0,25.0,0.5,70.0,False
c03a5022f8439f2a,Chad Laprise,70.0,170.0,71.0,Orthodox,1986-07-23,13-4-0,13,4,0,0,4.78,42.0,3.59,65.0,1.05,54.0,78.0,0.0,71.0,False
c051c2e12d692b8a,Jesus Aguilar,64.0,125.0,62.0,Orthodox,1996-03-13,12-4-0,12,4,0,0,2.54,38.0,2.29,61.0,1.52,29.0,45.0,1.1,62.0,False
c058823a2595ab09,Joey Roberts,74.0,200.0,,,1977-11-11,4-3-0,4,3,0,0,0.0,0.0,0.0,0.0,0.0,0.0,0.0,0.0,75.97017938505194,True
c06a9b48d4132c8e,James Moontasri,70.0,170.0,71.0,Switch,1988-04-10,9-5-0,9,5,0,0,2.39,48.0,3.86,40.0,0.0,0.0,79.0,0.2,71.0,False
c06d554ce1713fd3,Danny Mitchell,74.0,170.0,,Orthodox,1986-08-08,19-9-1,19,9,1,0,2.53,49.0,2.53,52.0,0.0,0.0,100.0,3.0,75.97017938505194,True
c06d6b18862f9a53,Rodrigo Sezinando,69.0,170.0,71.0,Orthodox,1997-12-11,9-2-0,9,2,0,0,2.25,27.0,8.76,42.0,3.37,25.0,66.0,0.0,71.0,False
c07efc18b231f170,Jordan Rinaldi,70.0,145.0,72.0,Orthodox,1987-09-25,14-7-0,14,7,0,0,1.56,35.0,2.32,59.0,1.45,35.0,20.0,1.2,72.0,False
c0ab242c40decc55,Ryan Bader,74.0,205.0,74.0,Orthodox,1983-06-07,23-5-0,23,5,0,0,2.82,43.0,1.39,71.0,3.37,44.0,80.0,0.4,74.0,False
c0ac37a4a1133da9,Marcus McGhee,68.0,135.0,69.0,Orthodox,1990-05-07,11-2-0,11,2,0,0,5.44,43.0,3.64,56.0,0.24,11.0,90.0,0.2,69.0,False
c0badf3243907e59,Alexandr Romanov,74.0,262.0,75.0,Southpaw,1990-12-11,18-3-0,18,3,0,0,3.78,51.0,2.13,54.0,4.49,55.0,28.0,0.9,75.0,False
c0c36a5b3d5bbdd5,Mike Stumpf,70.0,170.0,,,1986-08-01,11-4-0,11,4,0,0,3.34,43.0,8.85,47.0,1.59,25.0,33.0,0.8,71.74879086719955,True
c0d5c0c95c59050b,Ariane Carnelossi,62.0,115.0,61.0,Orthodox,1992-11-17,15-5-0,15,5,0,0,2.68,38.0,4.69,43.0,1.06,50.0,22.0,0.2,61.0,False
c0eecd851dbf3146,CJ Keith,72.0,155.0,,Orthodox,1986-08-09,8-4-0,8,4,0,0,0.86,50.0,1.82,50.0,0.0,0.0,62.0,0.0,73.85948512612573,True
c1085e1701b13eca,Joe Pyfer,74.0,185.0,75.0,Orthodox,1996-09-17,16-3-0,16,3,0,0,3.52,44.0,3.22,52.0,1.45,30.0,62.0,0.9,75.0,False
c10eb2f12c489f6d,Tim Gorman,65.0,135.0,,Southpaw,1983-04-29,9-4-0,9,4,0,0,2.73,31.0,5.57,46.0,1.0,9.0,33.0,0.0,66.47205521988408,True
c11f50e9c1513ce9,Mark Holst,72.0,155.0,,Orthodox,1985-08-14,12-6-0,12,6,0,0,0.25,19.0,1.67,47.0,0.76,100.0,60.0,2.3,73.85948512612573,True
c13042265355a290,Kwan Ho Kwak,65.0,135.0,,Switch,1989-06-18,9-2-0,9,2,0,0,3.29,41.0,3.45,47.0,0.78,100.0,26.0,0.0,66.47205521988408,True
c136b2a8852da5bd,Akbarh Arreola,70.0,155.0,71.0,Southpaw,1983-01-14,23-11-1,23,11,1,0,2.32,45.0,4.01,56.0,1.07,100.0,33.0,0.4,71.0,False
c15fa95b9a12fde4,Junior Tafa,75.0,205.0,75.0,Orthodox,1996-09-21,7-6-0,7,6,0,0,3.53,52.0,2.7,52.0,0.0,0.0,72.0,0.0,75.0,False
c1684f00c626f4c0,Mark Schultz,69.0,200.0,,Orthodox,1960-10-26,1-1-0,1,1,0,0,0.0,0.0,0.0,0.0,0.0,0.0,0.0,0.0,70.69344373773646,True
c169545ab0825f44,Geane Herrera,65.0,125.0,66.0,Orthodox,1990-05-27,9-3-0,9,3,0,0,1.51,31.0,5.07,52.0,0.83,37.0,38.0,0.6,66.0,False
c17041f1bb5768d8,Alex White,72.0,155.0,71.0,Southpaw,1988-10-22,13-6-0,13,6,0,0,3.76,42.0,3.07,60.0,0.92,28.0,71.0,0.5,71.0,False
c1a5d3843596df92,Thiago Perpetuo,70.0,170.0,,Orthodox,1987-12-14,9-4-1,9,4,1,0,5.39,69.0,3.51,51.0,2.82,50.0,66.0,0.0,71.74879086719955,True
c1ea9d56cd953586,Emily Kagan,63.0,115.0,,,1981-07-14,3-3-0,3,3,0,0,2.6,36.0,5.29,38.0,1.86,14.0,50.0,0.0,64.36136096095788,True
c21a036b4e012f1c,John Makdessi,68.0,155.0,68.0,Orthodox,1985-05-03,18-9-0,18,9,0,0,5.52,49.0,4.15,68.0,0.0,0.0,86.0,0.0,68.0,False
c21f26bbde777573,Johnny Walker,78.0,205.0,82.0,Orthodox,1992-03-30,22-10-0 (1 NC),22,10,0,1,3.9,54.0,2.99,46.0,0.36,50.0,57.0,0.7,82.0,False
c2299ec916bc7c56,Benoit Saint Denis,71.0,155.0,73.0,Southpaw,1995-12-18,17-4-0 (1 NC),17,4,0,1,5.58,58.0,4.09,41.0,4.15,35.0,72.0,1.7,73.0,False
c23e3d4875340d8d,Zhang Tiequan,68.0,155.0,69.0,Orthodox,1978-07-25,15-4-0,15,4,0,0,1.23,36.0,2.14,51.0,1.95,58.0,75.0,3.4,69.0,False
c24b1db4b809d41b,Renato Verissimo,73.0,170.0,,Orthodox,1973-08-03,7-5-0 (1 NC),7,5,0,1,0.92,48.0,1.87,47.0,1.46,30.0,50.0,2.5,74.91483225558883,True
c268b2cfebccf652,John Lineker,63.0,135.0,67.0,Orthodox,1990-06-12,31-9-0,31,9,0,0,5.36,40.0,4.27,56.0,0.56,58.0,67.0,0.6,67.0,False
c295de4e10acd4c9,Isaac Vallie-Flagg,68.0,155.0,70.0,Orthodox,1978-04-08,16-7-1,16,7,1,0,5.56,47.0,5.6,45.0,0.2,12.0,58.0,0.0,70.0,False
c2a670b22d2e196f,Aleksa Camur,73.0,205.0,74.0,Orthodox,1995-09-25,6-3-0,6,3,0,0,4.73,57.0,4.26,54.0,0.46,22.0,50.0,0.0,74.0,False
c2a7623f398d9bd7,David Dodd,74.0,200.0,,Orthodox,1973-09-22,4-7-0,4,7,0,0,0.0,0.0,0.0,0.0,0.0,0.0,0.0,0.0,75.97017938505194,True
c2e3e67b5911bfb7,Diego Brandao,67.0,145.0,64.0,Orthodox,1987-05-27,22-11-0,22,11,0,0,2.94,47.0,3.38,62.0,3.21,68.0,80.0,0.6,64.0,False
c3218c810959d279,Khadis Ibragimov,75.0,205.0,78.0,Orthodox,1995-05-21,8-4-0,8,4,0,0,3.55,49.0,4.26,47.0,0.97,30.0,80.0,0.3,78.0,False
c32aeb1a59e6272d,Michael Morales,72.0,170.0,79.0,Orthodox,1999-06-24,19-0-0,19,0,0,0,5.68,49.0,3.26,53.0,1.04,41.0,89.0,0.0,79.0,False
c32fb8c0f6471a4d,Mirko Filipovic,74.0,230.0,73.0,Southpaw,1974-09-10,35-11-2 (1 NC),35,11,2,1,2.11,50.0,1.89,63.0,0.19,40.0,78.0,0.3,73.0,False
c34e5849184b08c3,Yasuhiro Urushitani,65.0,125.0,,Southpaw,1976-09-08,21-8-6,21,8,6,0,3.47,39.0,4.71,65.0,0.0,0.0,80.0,0.0,66.47205521988408,True
c3bd649a9194e50c,Jeremy Larsen,70.0,145.0,70.0,Orthodox,1984-05-18,8-5-0,8,5,0,0,4.87,48.0,5.75,57.0,2.49,33.0,0.0,0.0,70.0,False
c3c23c99477c041b,Frank Hamaker,,,,,,1-0-0,1,0,0,0,0.0,0.0,0.0,0.0,0.0,0.0,0.0,0.0,,False
c3d2b9bcb4cead6b,Yuneisy Duben,64.0,125.0,65.0,Orthodox,1996-07-08,6-2-0 (1 NC),6,2,0,1,5.65,52.0,5.31,42.0,1.68,50.0,50.0,0.0,65.0,False
c3ded6f7155f9ea4,Alex Da Silva,68.0,155.0,73.0,Orthodox,1996-02-04,21-4-0,21,4,0,0,2.14,46.0,2.52,56.0,1.97,43.0,76.0,0.3,73.0,False
c3ea8deeba00462b,Pete Spratt,69.0,170.0,,Orthodox,1971-01-09,25-23-0,25,23,0,0,1.63,48.0,1.33,55.0,0.3,100.0,46.0,0.3,70.69344373773646,True
c3f6db17cea09ca7,Danilo Belluardo,72.0,155.0,74.0,Southpaw,1994-07-21,12-5-0,12,5,0,0,1.52,61.0,4.79,41.0,3.5,100.0,50.0,0.0,74.0,False
c41d426cc7326d1b,Yan Xiaonan,65.0,115.0,63.0,Orthodox,1989-06-16,19-5-0 (1 NC),19,5,0,1,4.69,45.0,3.23,60.0,0.84,73.0,64.0,0.0,63.0,False
c451d67c09c55418,Chan Sung Jung,67.0,145.0,72.0,Orthodox,1987-03-17,17-8-0,17,8,0,0,3.93,41.0,4.52,52.0,0.7,44.0,72.0,0.6,72.0,False
c4731f43693b96b8,Rodolfo Rubio Perez,65.0,145.0,,Orthodox,1987-01-29,10-16-1,10,16,1,0,1.13,36.0,1.0,62.0,2.0,33.0,33.0,0.0,66.47205521988408,True
c47df9303d318c67,Clay Guida,67.0,155.0,70.0,Orthodox,1981-12-08,38-22-0,38,22,0,0,2.63,33.0,3.0,61.0,3.1,35.0,66.0,0.6,70.0,False
c482c8605455a213,Junior Albini,75.0,264.0,74.0,Orthodox,1991-03-15,14-6-0,14,6,0,0,3.98,51.0,6.08,52.0,1.54,37.0,100.0,0.0,74.0,False
c487223b0289bda9,Hector Aldana,71.0,170.0,72.0,Orthodox,1988-08-17,4-3-0,4,3,0,0,3.59,38.0,5.08,59.0,0.93,100.0,0.0,0.0,72.0,False
c4af2feb4b58bc3b,Kazuki Tokudome,71.0,155.0,73.0,Southpaw,1987-03-04,18-7-1,18,7,1,0,2.26,41.0,3.63,53.0,2.0,38.0,78.0,0.0,73.0,False
c4b6099f0d25f75e,Jared Rollins,69.0,170.0,,Orthodox,1977-01-26,8-4-0,8,4,0,0,3.33,57.0,2.41,39.0,2.5,50.0,50.0,1.2,70.69344373773646,True
c4b81cdecd5d6abe,Gerald Harris,71.0,185.0,77.0,Southpaw,1979-11-19,23-5-0,23,5,0,0,1.41,29.0,1.58,62.0,2.96,54.0,72.0,0.0,77.0,False
c4b9296214f4c09c,Jason Von Flue,72.0,170.0,,Orthodox,1975-08-01,14-12-1,14,12,1,0,1.89,36.0,3.23,52.0,0.62,16.0,58.0,1.5,73.85948512612573,True
c4d039123e62f6a9,Dennis Buzukja,69.0,145.0,70.0,Switch,1997-10-01,12-6-0,12,6,0,0,4.21,43.0,4.79,48.0,0.62,27.0,75.0,0.2,70.0,False
c4fe2e9a06ea5bcb,Ben Alloway,71.0,170.0,76.0,Orthodox,1981-02-19,18-8-0,18,8,0,0,1.28,49.0,1.9,59.0,0.62,50.0,26.0,0.0,76.0,False
c549573c0df4d676,Maki Pitolo,70.0,185.0,75.0,Orthodox,1990-11-24,13-9-0,13,9,0,0,4.1,44.0,3.93,55.0,2.24,52.0,50.0,0.8,75.0,False
c575ab451e3c5b1d,Mickael Lebout,71.0,155.0,73.0,Orthodox,1987-08-16,16-7-1 (1 NC),16,7,1,1,2.6,34.0,2.98,54.0,0.0,0.0,60.0,0.0,73.0,False
c58f51dedb310998,Michael Chiesa,73.0,170.0,75.0,Southpaw,1987-12-07,20-7-0,20,7,0,0,2.02,40.0,1.73,57.0,3.11,47.0,65.0,1.0,75.0,False
c5a126ace82a6025,Anthony Birchak,68.0,135.0,69.0,Orthodox,1986-05-16,16-8-0,16,8,0,0,3.93,36.0,3.67,56.0,0.48,14.0,61.0,0.5,69.0,False
c5af5750e8bae4f0,Kyle Bochniak,67.0,145.0,70.0,Orthodox,1987-02-05,8-5-0,8,5,0,0,2.63,31.0,5.11,58.0,1.14,15.0,62.0,0.0,70.0,False
c5ccd878231c5407,Ramon Taveras,68.0,145.0,70.0,Southpaw,1994-01-09,10-4-0,10,4,0,0,4.07,43.0,6.45,54.0,0.0,0.0,72.0,0.0,70.0,False
c61f66d8c3fd5f07,Tony Petarra,71.0,196.0,,Orthodox,1966-11-08,2-3-1,2,3,1,0,0.0,0.0,0.0,0.0,0.0,0.0,0.0,0.0,72.80413799666265,True
c62fbc117d57b943,Tai Tuivasa,74.0,264.0,75.0,Southpaw,1993-03-16,15-10-0,15,10,0,0,3.37,48.0,4.61,42.0,0.0,0.0,58.0,0.0,75.0,False
c670aa48827d6be6,Dan Severn,74.0,250.0,,Southpaw,1958-06-08,101-19-1,101,19,1,0,0.0,0.0,0.0,0.0,0.0,0.0,0.0,0.0,75.97017938505194,True
c68c68efaa5ca6ef,Chidi Njokuani,75.0,170.0,80.0,Orthodox,1988-12-31,25-12-0 (1 NC),25,12,0,1,5.16,61.0,3.32,57.0,0.0,0.0,75.0,0.1,80.0,False
c6a33ff198aaaeeb,Stephan Bonnar,76.0,205.0,79.0,Orthodox,1977-04-04,15-9-0,15,9,0,0,2.76,38.0,3.01,52.0,1.32,40.0,60.0,1.0,79.0,False
c6aee362c7a7d482,Randy Brown,75.0,170.0,78.0,Orthodox,1990-07-08,20-8-0,20,8,0,0,4.39,47.0,3.35,53.0,0.71,34.0,74.0,0.5,78.0,False
c6d8ae3b016d5ad5,Joe Veres,67.0,155.0,,Orthodox,1977-11-09,4-3-0,4,3,0,0,0.0,0.0,5.55,27.0,0.0,0.0,0.0,0.0,68.58274947881027,True
c6da1c24fe473418,Julian Sanchez,75.0,300.0,,Orthodox,,0-1-0,0,1,0,0,0.0,0.0,0.0,0.0,0.0,0.0,0.0,0.0,77.02552651451502,True
c6e6926a81adcd00,Adriano Santos,,,,,,0-1-0,0,1,0,0,0.0,0.0,0.0,0.0,0.0,0.0,0.0,0.0,,False
c7011de4765d2497,Paul Bradley,69.0,170.0,,Orthodox,1983-06-13,23-8-0 (2 NC),23,8,0,2,2.26,32.0,4.13,56.0,1.12,16.0,100.0,0.0,70.69344373773646,True
c727c7d31c50c4cf,Anthony Hamilton,77.0,260.0,76.0,Orthodox,1980-04-14,15-9-0,15,9,0,0,3.91,65.0,3.02,45.0,2.62,42.0,78.0,0.0,76.0,False
c730a0be691dc081,Jared Gooden,72.0,170.0,77.0,Orthodox,1993-12-05,23-10-0,23,10,0,0,4.4,48.0,6.74,45.0,0.91,45.0,65.0,0.4,77.0,False
c739c2995a275314,Yanal Ashmouz,69.0,155.0,69.0,Orthodox,1995-03-31,8-2-0,8,2,0,0,2.88,50.0,4.78,50.0,3.24,38.0,64.0,0.0,69.0,False
c742287ed86a09bc,Jessica Penne,65.0,115.0,67.0,Orthodox,1983-01-30,14-9-0,14,9,0,0,2.63,33.0,5.05,45.0,1.29,18.0,36.0,0.5,67.0,False
c75b99887c8c3f5a,Keith Rockel,72.0,185.0,,Orthodox,1965-08-28,12-4-1,12,4,1,0,1.13,73.0,0.21,66.0,4.63,75.0,100.0,4.6,73.85948512612573,True
c76ec2bc3a57666a,Mitch Clarke,70.0,155.0,73.0,Orthodox,1985-11-24,11-5-0,11,5,0,0,2.35,34.0,3.27,47.0,0.64,15.0,50.0,0.4,73.0,False
c77a953488e5607d,Vinc Pichel,70.0,155.0,72.0,Orthodox,1982-11-23,14-5-0,14,5,0,0,3.78,46.0,3.17,54.0,2.5,51.0,31.0,0.2,72.0,False
c7be22a47a58365a,Christina Marks,67.0,125.0,69.0,Orthodox,1985-11-08,8-9-0,8,9,0,0,5.0,58.0,3.0,64.0,7.5,100.0,0.0,0.0,69.0,False
c7c39e2fb70248b3,Chad Anheliger,66.0,135.0,64.0,Orthodox,1986-12-01,13-8-0,13,8,0,0,3.11,46.0,2.76,53.0,0.68,30.0,38.0,0.5,64.0,False
c7d297714d9ab1a4,Marion Reneau,66.0,135.0,68.0,Orthodox,1977-06-20,9-8-1,9,8,1,0,3.2,41.0,3.52,59.0,0.62,63.0,50.0,0.8,68.0,False
c7d7fda69ec410d3,Kamuela Kirk,70.0,155.0,75.0,Switch,1994-04-13,12-6-0,12,6,0,0,3.22,50.0,5.87,40.0,1.5,26.0,47.0,1.2,75.0,False
c7e9d15cfce52f1d,Tim Lajcik,73.0,225.0,,Orthodox,1965-06-21,7-6-1,7,6,1,0,0.0,0.0,0.0,0.0,0.0,0.0,0.0,0.0,74.91483225558883,True
c80095f6092271a7,Tim Boetsch,72.0,185.0,74.0,Orthodox,1981-01-28,21-13-0,21,13,0,0,2.93,50.0,2.9,57.0,1.45,34.0,59.0,0.8,74.0,False
c8097968da5e5f13,Chris Wade,70.0,155.0,70.0,Orthodox,1987-09-30,12-3-0,12,3,0,0,1.7,53.0,1.75,51.0,2.6,51.0,55.0,1.1,70.0,False
c8136ab8aa32c974,Kalib Starnes,75.0,185.0,74.0,Orthodox,1975-01-06,17-11-1,17,11,1,0,2.71,48.0,4.43,53.0,1.46,33.0,25.0,0.6,74.0,False
c814b4c899793af6,Rafael Fiziev,68.0,155.0,71.0,Switch,1993-03-05,14-5-0,14,5,0,0,4.71,52.0,4.81,50.0,1.0,71.0,90.0,0.0,71.0,False
c849740a3ff51931,TJ Dillashaw,66.0,135.0,67.0,Orthodox,1986-02-07,18-5-0,18,5,0,0,5.09,41.0,3.47,62.0,1.56,30.0,77.0,0.8,67.0,False
c85bad793cd14e28,Marcio Barbosa,66.0,145.0,70.0,Orthodox,1998-05-22,18-2-0,18,2,0,0,7.01,47.0,6.65,52.0,0.0,0.0,100.0,0.0,70.0,False
c878270af633eb11,Jordan Wright,74.0,205.0,77.0,Orthodox,1991-10-07,12-5-0 (1 NC),12,5,0,1,4.1,56.0,6.03,31.0,2.09,45.0,100.0,0.4,77.0,False
c88f8a9c1ea7165d,Farman Hasanov,71.0,170.0,74.0,Orthodox,1995-08-01,6-0-0,6,0,0,0,1.4,51.0,1.0,70.0,17.0,62.0,0.0,0.0,74.0,False
c8cca8f3de5be4b4,Jorge Patino,68.0,170.0,,Orthodox,1973-08-05,38-19-2 (2 NC),38,19,2,2,1.33,30.0,3.14,53.0,0.54,25.0,50.0,0.0,69.63809660827336,True
c933d423ebdbbbdb,John Matua,74.0,400.0,,Orthodox,,1-4-0,1,4,0,0,0.0,0.0,0.0,0.0,0.0,0.0,0.0,0.0,75.97017938505194,True
c940b42df95bbd28,Feng Xiaocan,66.0,115.0,67.0,Southpaw,2001-10-27,11-5-0,11,5,0,0,4.3,49.0,1.67,66.0,0.67,100.0,63.0,0.0,67.0,False
c945adc22c2bfe8f,Brad Pickett,66.0,135.0,68.0,Orthodox,1978-09-24,25-14-0,25,14,0,0,3.02,31.0,4.63,55.0,2.47,44.0,58.0,0.4,68.0,False
c9587d81e1d33925,Jerome Rivera,70.0,125.0,72.0,Southpaw,1995-04-22,10-6-0,10,6,0,0,3.21,33.0,2.6,51.0,0.0,0.0,40.0,0.0,72.0,False
c96518b7f6881004,Bob Gilstrap,75.0,200.0,,Orthodox,,5-7-0,5,7,0,0,0.0,0.0,0.0,0.0,0.0,0.0,0.0,0.0,77.02552651451502,True
c96d9178c9ed9e62,Tim Elliott,67.0,125.0,66.0,Southpaw,1986-12-24,22-14-1,22,14,1,0,3.51,43.0,3.0,56.0,3.61,45.0,59.0,1.1,66.0,False
c96e2ae6021144a1,Damacio Page,66.0,135.0,66.0,Orthodox,1982-09-30,19-10-0,19,10,0,0,2.05,38.0,2.47,51.0,2.63,64.0,23.0,0.9,66.0,False
c9a94278df042f46,Alan Baudot,75.0,243.0,79.0,Orthodox,1988-02-01,8-3-0 (2 NC),8,3,0,2,5.36,58.0,4.82,46.0,0.0,0.0,62.0,0.0,79.0,False
c9bbf1a0285a8076,Jeff Cox,70.0,155.0,,Orthodox,1968-08-02,10-7-0,10,7,0,0,0.56,25.0,1.69,33.0,4.23,50.0,80.0,0.0,71.74879086719955,True
c9cf753cfdf77fc2,Marcin Tybura,75.0,249.0,78.0,Orthodox,1985-11-09,27-11-0,27,11,0,0,3.56,48.0,3.26,55.0,1.3,33.0,70.0,0.1,78.0,False
c9f6385af6df66d7,Papy Abedi,71.0,185.0,,Southpaw,1978-06-30,10-4-0,10,4,0,0,2.8,55.0,3.15,48.0,3.47,57.0,50.0,1.3,72.80413799666265,True
ca28cdf526d6b6e9,Nurullo Aliev,70.0,155.0,72.0,Orthodox,2000-12-08,11-0-0,11,0,0,0,2.72,44.0,1.63,58.0,2.12,43.0,80.0,0.3,72.0,False
ca2efc9d7d523c43,Shawn Jordan,72.0,260.0,75.0,Southpaw,1984-10-21,19-8-0,19,8,0,0,2.87,50.0,3.3,47.0,1.97,38.0,76.0,0.1,75.0,False
ca36633b80be4a78,Kaynan Kruschewsky,72.0,155.0,73.0,Orthodox,1991-04-04,15-3-0 (1 NC),15,3,0,1,5.67,50.0,5.71,46.0,2.74,100.0,75.0,2.1,73.0,False
ca43de99b07b6b40,Josh Fremd,76.0,185.0,76.0,Orthodox,1994-01-15,11-6-0,11,6,0,0,2.52,44.0,2.23,47.0,0.66,25.0,30.0,1.1,76.0,False
ca80d72da81d7224,Michelle Montague,69.0,135.0,68.0,Southpaw,1993-11-25,8-0-0,8,0,0,0,2.77,48.0,2.47,41.0,3.5,53.0,0.0,0.0,68.0,False
cac08b8685387ca5,James McSweeney,76.0,230.0,77.0,Switch,1980-10-24,15-15-0,15,15,0,0,3.94,55.0,4.33,42.0,0.52,33.0,100.0,1.1,77.0,False
cad24459b28592ca,Eryk Anders,73.0,185.0,75.0,Southpaw,1987-04-21,18-9-0 (1 NC),18,9,0,1,3.44,47.0,4.03,50.0,1.83,25.0,80.0,0.1,75.0,False
cb139171ed1b69fe,Kenny Florian,70.0,145.0,74.0,Southpaw,1976-05-26,14-6-0,14,6,0,0,2.41,40.0,1.85,63.0,2.22,33.0,60.0,1.3,74.0,False
cb46dface0e28a2c,Jorge Rivera,73.0,185.0,73.0,Orthodox,1972-02-28,20-9-0,20,9,0,0,3.16,48.0,2.64,54.0,0.84,50.0,63.0,0.1,73.0,False
cb52f9490c2dc069,Sean O'Connell,73.0,205.0,74.0,Orthodox,1983-09-02,17-9-0,17,9,0,0,5.46,48.0,6.77,45.0,0.0,0.0,30.0,0.5,74.0,False
cb6783c39c01d896,Tiki Ghosn,70.0,170.0,,Orthodox,1977-02-09,10-7-1,10,7,1,0,2.78,46.0,2.94,58.0,0.41,50.0,61.0,0.0,71.74879086719955,True
cb696ebfb6598724,Aljamain Sterling,67.0,145.0,71.0,Orthodox,1989-07-31,26-5-0,26,5,0,0,4.26,52.0,2.15,59.0,2.54,32.0,44.0,0.6,71.0,False
cbb682f5fcc44bfc,Anthony Pettis,70.0,155.0,72.0,Orthodox,1987-01-27,24-10-0,24,10,0,0,3.05,47.0,3.44,54.0,0.61,50.0,60.0,1.1,72.0,False
cbd3e590a85b18c5,Mirsad Bektic,68.0,145.0,70.0,Orthodox,1991-02-16,13-4-0,13,4,0,0,2.43,41.0,1.8,57.0,3.98,52.0,92.0,0.4,70.0,False
cbd5d3cdd862e90e,Rory MacDonald,72.0,170.0,76.0,Orthodox,1989-07-22,19-4-0,19,4,0,0,3.75,42.0,2.8,62.0,1.77,47.0,88.0,0.4,76.0,False
cbd6f1abf955e628,Dave Herman,76.0,242.0,77.0,Orthodox,1984-10-03,22-6-0,22,6,0,0,4.98,60.0,3.78,48.0,1.49,100.0,58.0,0.0,77.0,False
cbe79765d44bd172,Alvin Robinson,69.0,155.0,68.0,Southpaw,1982-07-16,15-9-0,15,9,0,0,1.57,50.0,1.29,51.0,1.24,50.0,25.0,1.2,68.0,False
cbf1c7ba5408a66f,Salim Touahri,70.0,170.0,72.0,Orthodox,1989-09-28,10-4-0,10,4,0,0,2.6,46.0,2.87,58.0,0.0,0.0,83.0,0.0,72.0,False
cbf5e6f231b55443,Yair Rodriguez,71.0,145.0,71.0,Orthodox,1992-10-06,21-6-0 (1 NC),21,6,0,1,4.65,46.0,3.78,52.0,0.71,29.0,59.0,0.6,71.0,False
cbf94e4c4af4ff6d,Nate Loughran,74.0,185.0,,Orthodox,1980-07-28,11-2-0,11,2,0,0,1.81,40.0,4.11,59.0,0.0,0.0,0.0,2.1,75.97017938505194,True
cbfd1d34356a004c,Jeff Monson,69.0,247.0,74.0,Orthodox,1971-01-18,60-26-1,60,26,1,0,0.97,30.0,2.87,59.0,1.06,12.0,66.0,0.7,74.0,False
cc1a8b4b38b92c6d,Montel Jackson,70.0,135.0,75.0,Southpaw,1992-04-24,15-4-0,15,4,0,0,3.02,52.0,1.4,60.0,2.71,63.0,67.0,0.3,75.0,False
cc300e9aa3063431,Andre Gusmao,72.0,205.0,,Orthodox,1977-05-19,6-3-0,6,3,0,0,2.79,43.0,3.28,60.0,0.0,0.0,60.0,0.0,73.85948512612573,True
cc3147b49c7d7d92,Dan Stittgen,73.0,170.0,,Orthodox,1980-11-17,12-5-0,12,5,0,0,2.97,46.0,4.42,37.0,0.78,100.0,100.0,0.0,74.91483225558883,True
cc351e408bbb7d43,Brandon Davis,70.0,135.0,72.0,Orthodox,1990-05-08,14-10-0,14,10,0,0,4.68,35.0,4.62,58.0,0.74,42.0,57.0,0.1,72.0,False
cc6f9d1e89f3449a,Manvel Gamburyan,65.0,135.0,67.0,Orthodox,1981-05-08,15-10-0 (1 NC),15,10,0,1,2.13,41.0,2.83,55.0,3.26,34.0,69.0,0.7,67.0,False
cc7040fe76f0ef91,Devin Clark,72.0,205.0,75.0,Orthodox,1990-04-12,14-9-0,14,9,0,0,3.03,54.0,3.24,44.0,2.17,32.0,58.0,0.1,75.0,False
cc81c92fe2254935,Tom Gallicchio,70.0,170.0,,Southpaw,1986-09-23,19-10-0,19,10,0,0,3.53,26.0,7.07,43.0,1.0,11.0,0.0,0.0,71.74879086719955,True
cc84b68f862b466f,Eddie Yagin,67.0,145.0,,Orthodox,1979-03-23,16-7-1,16,7,1,0,3.13,30.0,5.77,42.0,0.0,0.0,62.0,1.0,68.58274947881027,True
cc8c623cca88f54f,Mayra Bueno Silva,66.0,135.0,66.0,Orthodox,1991-08-22,10-7-1 (1 NC),10,7,1,1,3.52,56.0,4.71,51.0,0.46,23.0,64.0,1.3,66.0,False
cc900af167fbedfd,Timothy Johnson,75.0,265.0,77.0,Southpaw,1985-03-13,12-4-0,12,4,0,0,3.43,45.0,3.08,44.0,1.09,24.0,69.0,0.0,77.0,False
cc900c6a71ed23f3,Clay Collard,71.0,145.0,73.0,Orthodox,1993-03-10,14-7-0 (1 NC),14,7,0,1,4.22,32.0,5.0,50.0,2.81,39.0,71.0,0.5,73.0,False
cc98d857b148e33a,Leonardo Guimaraes,72.0,185.0,,Orthodox,1982-04-15,11-5-0 (1 NC),11,5,0,1,2.35,56.0,2.99,44.0,0.0,0.0,52.0,1.0,73.85948512612573,True
ccba80d4820ef557,Gabe Ruediger,70.0,155.0,,Orthodox,1977-08-29,18-8-0,18,8,0,0,1.7,31.0,5.16,41.0,2.04,11.0,28.0,0.0,71.74879086719955,True
ccd1299e0345e0ce,Melvin Guillard,69.0,155.0,71.0,Orthodox,1983-03-30,32-18-2 (3 NC),32,18,2,3,2.96,40.0,1.85,66.0,1.3,63.0,61.0,0.2,71.0,False
ccdd90bd1fc7dab6,Vladimir Matyushenko,72.0,205.0,74.0,Orthodox,1971-01-04,27-8-0,27,8,0,0,1.9,44.0,1.62,59.0,3.25,46.0,70.0,0.1,74.0,False
cce79e827569f26e,Ronys Torres,67.0,155.0,,Orthodox,1975-08-13,35-5-0,35,5,0,0,0.87,26.0,1.93,57.0,4.0,47.0,16.0,0.5,68.58274947881027,True
ccf5dc41417e9daf,Juan Espino,75.0,255.0,80.0,Orthodox,1980-10-09,11-2-0,11,2,0,0,2.38,70.0,1.95,40.0,8.93,78.0,50.0,2.4,80.0,False
cd01f0b768a32475,Jonathan Wilson,74.0,205.0,75.0,Southpaw,1987-07-17,7-3-0,7,3,0,0,2.92,48.0,5.65,56.0,0.37,100.0,80.0,0.0,75.0,False
cd0dfd9846bd03b9,Julien Leblanc,74.0,185.0,74.0,Southpaw,1992-01-21,10-3-0,10,3,0,0,1.69,66.0,2.96,46.0,0.0,0.0,0.0,0.0,74.0,False
cd12227edd3f134b,Keith Wisniewski,72.0,170.0,,Orthodox,1981-10-25,28-15-1,28,15,1,0,2.32,52.0,4.86,42.0,1.57,40.0,78.0,0.3,73.85948512612573,True
cd13728ae1151f46,Ion Cutelaba,73.0,205.0,75.0,Southpaw,1993-12-14,20-12-1 (1 NC),20,12,1,1,4.13,43.0,3.42,46.0,4.02,51.0,76.0,0.3,75.0,False
cd2c4d30c6e13b47,Marina Rodriguez,66.0,115.0,65.0,Orthodox,1987-04-29,17-6-2,17,6,2,0,4.51,46.0,3.01,55.0,0.27,50.0,61.0,0.3,65.0,False
cd2e5a390821fb48,TJ Laramie,66.0,145.0,66.0,Orthodox,1997-10-15,12-5-0,12,5,0,0,1.49,50.0,2.64,38.0,1.44,33.0,40.0,0.0,66.0,False
cd3d7e37ff2d679c,Ricky Turcios,69.0,145.0,71.0,Orthodox,1993-06-05,13-6-0,13,6,0,0,4.68,39.0,3.84,51.0,0.85,17.0,44.0,0.3,71.0,False
cd7763bcadb5d4c8,Alan Patrick,71.0,155.0,74.0,Southpaw,1983-07-19,15-4-0 (1 NC),15,4,0,1,1.82,40.0,2.95,43.0,3.01,33.0,43.0,0.3,74.0,False
cd7bafbeee1f29a0,War Machine,71.0,170.0,,Orthodox,1981-11-30,14-5-0,14,5,0,0,2.32,60.0,3.17,43.0,1.16,50.0,40.0,0.0,72.80413799666265,True
cd85b48dc880fabd,Horacio Gutierrez,70.0,145.0,,,1990-09-15,4-3-0,4,3,0,0,0.86,26.0,2.91,46.0,0.0,0.0,50.0,0.0,71.74879086719955,True
cda1099995b46cc2,Genaro Valdez,69.0,155.0,72.0,Orthodox,1992-01-16,10-3-0,10,3,0,0,4.08,30.0,7.16,48.0,1.54,44.0,36.0,0.4,72.0,False
cdadae5363b66eef,Francisco Figueiredo,66.0,125.0,68.0,Southpaw,1989-10-23,13-5-1 (1 NC),13,5,1,1,2.04,61.0,2.59,61.0,2.51,75.0,76.0,0.4,68.0,False
cdb7b38b1b357f26,Louie Sutherland,75.0,264.0,76.0,Orthodox,1994-02-08,11-5-0,11,5,0,0,1.81,68.0,2.03,30.0,4.95,42.0,0.0,0.0,76.0,False
cdb96af67d096b1e,Alex Morono,71.0,170.0,72.0,Orthodox,1990-08-16,24-13-0 (1 NC),24,13,0,1,4.9,39.0,4.88,55.0,0.32,24.0,47.0,0.3,72.0,False
ce175eaafe867d1f,Micheal Gillmore,71.0,170.0,72.0,Orthodox,1987-03-28,6-5-0,6,5,0,0,2.04,57.0,3.02,43.0,0.0,0.0,50.0,0.0,72.0,False
ce1e867808ef5fce,Justin Willis,73.0,264.0,78.0,Southpaw,1987-07-19,8-2-0,8,2,0,0,3.37,59.0,2.57,57.0,0.96,66.0,36.0,0.0,78.0,False
ce47f49e5c386a9c,Kit Cope,72.0,170.0,,Orthodox,1977-03-17,6-7-0,6,7,0,0,1.18,52.0,2.12,35.0,0.0,0.0,50.0,3.5,73.85948512612573,True
ce6065baef021cf3,Ikuhisa Minowa,69.0,181.0,,Orthodox,1976-01-12,60-42-8,60,42,8,0,0.88,40.0,1.66,49.0,1.82,41.0,5.0,1.9,70.69344373773646,True
ce632027bf2a871b,Dalcha Lungiambula,68.0,185.0,76.0,Orthodox,1987-07-31,11-6-0,11,6,0,0,3.07,45.0,3.93,52.0,2.14,45.0,77.0,0.0,76.0,False
ce783bf73b5131f9,Eugene Jackson,68.0,185.0,,Orthodox,1966-09-23,15-9-1,15,9,1,0,2.19,33.0,3.44,32.0,1.91,71.0,16.0,2.3,69.63809660827336,True
cedfdf8d423d500c,Pat Miletich,70.0,170.0,,Orthodox,1968-03-09,29-7-2,29,7,2,0,1.79,45.0,1.66,63.0,1.96,100.0,54.0,1.0,71.74879086719955,True
cf1a88371c8cb690,Aaron Brink,75.0,205.0,,Orthodox,1974-11-12,26-26-0 (2 NC),26,26,0,2,3.49,42.0,5.71,57.0,0.0,0.0,0.0,0.0,77.02552651451502,True
cf615eb4b7862c76,Hayder Hassan,70.0,170.0,,,1982-10-20,6-3-0,6,3,0,0,2.11,46.0,3.16,48.0,0.0,0.0,25.0,0.0,71.74879086719955,True
cf65d56b0755ed3b,Alan Jouban,72.0,170.0,73.0,Southpaw,1981-11-25,17-7-0,17,7,0,0,5.67,50.0,3.77,60.0,0.51,44.0,58.0,0.3,73.0,False
cf946e03ba2e7666,Kevin Aguilar,67.0,155.0,73.0,Orthodox,1988-09-07,17-5-0,17,5,0,0,3.96,40.0,4.81,52.0,0.16,16.0,78.0,0.0,73.0,False
cf9d24e4bd0cf2ce,Mark Bocek,68.0,155.0,75.0,Orthodox,1981-10-24,12-5-0,12,5,0,0,2.34,43.0,2.32,60.0,3.65,36.0,31.0,1.3,75.0,False
cfaf010d5b389c09,Mike Wilkinson,67.0,145.0,66.0,Orthodox,1987-09-15,9-4-0,9,4,0,0,2.35,38.0,3.7,35.0,0.92,14.0,55.0,0.9,66.0,False
cfb65863d5099327,Thales Leites,73.0,185.0,78.0,Orthodox,1981-09-06,28-9-0,28,9,0,0,2.13,40.0,2.99,52.0,2.1,27.0,30.0,1.1,78.0,False
cfbb3edab781dfd2,Shanelle Dyer,66.0,115.0,65.0,Orthodox,2001-04-23,7-1-0,7,1,0,0,7.71,46.0,6.72,51.0,0.7,8.0,100.0,0.0,65.0,False
cfc3e7bb44685289,Trey Ogden,71.0,155.0,72.0,Orthodox,1989-11-14,18-7-0 (1 NC),18,7,0,1,3.2,50.0,3.49,55.0,1.89,32.0,100.0,0.7,72.0,False
cffb87059e645bd1,Denise Gomes,62.0,115.0,63.0,Orthodox,1999-12-30,12-3-0,12,3,0,0,4.43,49.0,3.16,51.0,1.45,34.0,66.0,0.7,63.0,False
d008d785f6347dc2,JeongYeong Lee,70.0,145.0,73.0,Orthodox,1995-11-13,11-3-0,11,3,0,0,3.38,49.0,3.82,50.0,0.63,66.0,72.0,0.3,73.0,False
d023ae89a2a4a41e,Matthew Riddle,73.0,170.0,76.0,Southpaw,1986-01-14,8-3-0 (2 NC),8,3,0,2,3.01,42.0,2.74,54.0,3.51,50.0,89.0,0.5,76.0,False
d024ed963e8bf7ea,Damien Brown,70.0,155.0,68.0,Orthodox,1984-12-25,17-12-0,17,12,0,0,3.66,38.0,4.86,50.0,0.68,27.0,53.0,0.7,68.0,False
d0314416a7f26527,Michael McDonald,69.0,135.0,70.0,Orthodox,1991-01-15,17-4-0,17,4,0,0,2.69,42.0,2.76,57.0,1.09,66.0,52.0,1.4,70.0,False
d05412b513b19621,Guido Cannetti,66.0,135.0,68.0,Southpaw,1979-12-19,10-8-0,10,8,0,0,3.44,55.0,2.84,51.0,2.27,55.0,64.0,0.4,68.0,False
d05cb1e8d1b885d8,Jinh Yu Frey,63.0,115.0,65.0,Southpaw,1985-05-20,11-10-0,11,10,0,0,2.97,43.0,4.23,52.0,1.02,36.0,90.0,0.3,65.0,False
d06f8869449ba7bd,Alexander Yakovlev,75.0,155.0,74.0,Southpaw,1984-07-18,24-10-1,24,10,1,0,1.74,47.0,2.41,58.0,1.66,35.0,72.0,0.1,74.0,False
d0a5ef38a7778ac2,Estevan Payan,70.0,145.0,,Orthodox,1982-03-14,16-12-0 (1 NC),16,12,0,1,4.25,42.0,3.58,57.0,0.36,100.0,60.0,0.4,71.74879086719955,True
d0aaedcf7ccd0b45,Chris Daukaus,75.0,205.0,76.0,Orthodox,1989-09-25,12-7-0,12,7,0,0,6.05,50.0,4.64,55.0,0.0,0.0,100.0,0.0,76.0,False
d0c29452d3272603,Dan Miller,73.0,185.0,74.0,Orthodox,1981-06-30,14-8-0 (1 NC),14,8,0,1,2.03,36.0,3.06,49.0,1.67,54.0,47.0,1.8,74.0,False
d0d7160824278840,Junior Assuncao,69.0,145.0,72.0,Orthodox,1981-06-24,16-6-0,16,6,0,0,3.31,62.0,2.06,44.0,2.43,24.0,66.0,0.7,72.0,False
d0e1b42d41dab603,Julian Marquez,74.0,185.0,72.0,Orthodox,1990-05-08,9-6-0,9,6,0,0,5.06,45.0,5.35,50.0,0.0,0.0,54.0,2.6,72.0,False
d0e50a3d1b250708,Andre Soukhamthath,69.0,135.0,70.0,Orthodox,1988-10-23,13-8-0,13,8,0,0,2.77,44.0,4.31,49.0,1.25,53.0,58.0,0.2,70.0,False
d0f3959b4a9747e6,Jose Aldo,67.0,135.0,70.0,Orthodox,1986-09-09,32-10-0,32,10,0,0,3.65,46.0,3.81,60.0,0.47,51.0,92.0,0.1,70.0,False
d0fd0d9ee560dae7,Brando Pericic,77.0,245.0,79.0,Orthodox,1994-08-03,7-1-0,7,1,0,0,11.0,57.0,4.26,58.0,0.0,0.0,71.0,0.0,79.0,False
d1053e55f00e53fe,AJ Cunningham,70.0,135.0,71.0,Orthodox,1994-09-07,11-5-0,11,5,0,0,4.22,29.0,6.31,48.0,0.0,0.0,46.0,0.5,71.0,False
d10b35152277cf98,James Toney,69.0,220.0,,Orthodox,1968-08-24,0-1-0,0,1,0,0,0.0,0.0,2.41,27.0,0.0,0.0,0.0,0.0,70.69344373773646,True
d1152823307d7e7c,Rameau Thierry Sokoudjou,70.0,205.0,78.0,Orthodox,1984-04-18,18-18-0,18,18,0,0,2.26,45.0,2.61,56.0,1.93,47.0,78.0,0.9,78.0,False
d1528ac5675558b1,Rashad Coulter,71.0,205.0,76.0,Orthodox,1981-11-27,9-4-0,9,4,0,0,4.82,56.0,6.68,50.0,0.0,0.0,62.0,0.0,76.0,False
d156513a19acf856,Sam Alvey,74.0,185.0,75.0,Southpaw,1986-05-06,33-18-1 (1 NC),33,18,1,1,3.28,44.0,3.63,52.0,0.06,14.0,82.0,0.1,75.0,False
d1759b2b7be9be56,Hector Ramirez,72.0,205.0,,Orthodox,1976-03-28,10-6-1,10,6,1,0,2.27,41.0,4.6,56.0,2.3,55.0,66.0,0.5,73.85948512612573,True
d188a3b817860ec6,Steven Siler,71.0,145.0,70.0,Orthodox,1987-02-15,29-16-0,29,16,0,0,3.21,41.0,2.96,54.0,0.47,21.0,55.0,1.6,70.0,False
d18dbcb0f8e2b55d,Alex Soto,68.0,135.0,,Southpaw,1984-02-15,8-3-1,8,3,1,0,2.95,25.0,5.02,59.0,2.82,30.0,0.0,0.0,69.63809660827336,True
d1941565abf50b16,Jim Miller,68.0,155.0,71.0,Southpaw,1983-08-30,39-19-0 (1 NC),39,19,0,1,2.92,42.0,3.43,56.0,1.49,45.0,47.0,1.7,71.0,False
d1a1314976c50bef,Josh Neer,71.0,170.0,72.0,Orthodox,1983-03-24,36-16-1,36,16,1,0,3.29,46.0,3.63,58.0,1.09,34.0,46.0,1.3,72.0,False
d1c65d2cf2925ddd,Gregory Rodrigues,75.0,185.0,75.0,Orthodox,1992-02-17,19-6-0,19,6,0,0,5.53,51.0,4.78,50.0,1.9,34.0,75.0,0.4,75.0,False
d1dcd4e96464a53d,Jules Bruchez,72.0,205.0,,Southpaw,1977-08-16,1-2-0,1,2,0,0,0.69,50.0,5.52,46.0,0.0,0.0,0.0,0.0,73.85948512612573,True
d1e1fdcea7c8a90a,Leandro Issa,67.0,135.0,69.0,Orthodox,1983-09-19,13-6-0,13,6,0,0,2.08,37.0,3.17,58.0,2.38,22.0,50.0,1.2,69.0,False
d1e6a6536ee62517,Tyrone Roberts,69.0,185.0,,Orthodox,1972-07-14,43-12-1,43,12,1,0,0.0,0.0,0.0,0.0,0.0,0.0,0.0,0.0,70.69344373773646,True
d1e7fc58d4225cdf,Danny Castillo,69.0,155.0,71.0,Orthodox,1979-08-25,17-10-0,17,10,0,0,2.57,42.0,1.96,62.0,2.95,38.0,63.0,0.2,71.0,False
d1feea7a4bdcd503,Baisangur Susurkaev,74.0,185.0,79.0,Orthodox,2001-01-08,12-0-0,12,0,0,0,5.74,54.0,4.45,58.0,2.09,26.0,100.0,0.8,79.0,False
d2036f31c035e0d1,Jose Torres,64.0,125.0,65.0,Orthodox,1992-08-02,8-1-0,8,1,0,0,4.37,36.0,9.84,50.0,1.28,33.0,75.0,0.0,65.0,False
d21113c9ff3788ae,Peter Barrett,70.0,145.0,73.0,Southpaw,1986-08-10,11-5-0,11,5,0,0,4.18,61.0,4.32,42.0,1.39,22.0,66.0,0.0,73.0,False
d221ee27afc7a60e,Viscardi Andrade,71.0,170.0,75.0,Orthodox,1984-03-08,19-6-0,19,6,0,0,3.26,42.0,2.77,63.0,1.93,50.0,66.0,0.3,75.0,False
d23ccf4a6c221284,Karlos Vemola,72.0,185.0,75.0,Orthodox,1985-07-03,17-5-0,17,5,0,0,1.67,44.0,2.13,37.0,1.93,25.0,31.0,1.7,75.0,False
d247691a6c0e9034,Cub Swanson,68.0,145.0,70.0,Orthodox,1983-11-02,31-14-0,31,14,0,0,4.84,51.0,3.99,59.0,1.0,50.0,63.0,0.4,70.0,False
d25240135aee03e5,Tabatha Ricci,61.0,115.0,61.0,Orthodox,1995-02-21,12-4-0,12,4,0,0,4.0,37.0,4.83,57.0,2.51,37.0,65.0,0.1,61.0,False
d25b93992f285953,TJ O'Brien,74.0,155.0,,Orthodox,1987-01-01,20-8-0,20,8,0,0,3.77,46.0,4.78,57.0,0.94,100.0,0.0,0.0,75.97017938505194,True
d26934530dc5b248,Gilbert Aldana,73.0,250.0,,Orthodox,1977-08-25,6-2-0,6,2,0,0,2.91,54.0,6.26,26.0,2.57,40.0,33.0,0.0,74.91483225558883,True
d28dee5c705991df,Stipe Miocic,76.0,240.0,80.0,Orthodox,1982-08-19,20-5-0,20,5,0,0,4.67,52.0,4.01,52.0,1.74,34.0,65.0,0.0,80.0,False
d29b5c4f22c6357d,Gilbert Yvel,74.0,225.0,77.0,Orthodox,1976-06-30,39-16-1 (1 NC),39,16,1,1,1.05,47.0,1.78,50.0,0.0,0.0,25.0,1.0,77.0,False
d2a9be6bf2de624c,Robert Drysdale,75.0,205.0,,Orthodox,1981-10-05,7-0-0 (1 NC),7,0,0,1,0.0,0.0,0.0,0.0,7.32,100.0,0.0,21.9,77.02552651451502,True
d2b1c1317a39f6c6,Satoshi Honma,73.0,205.0,,Orthodox,1968-05-19,4-6-3,4,6,3,0,0.0,0.0,0.0,0.0,0.0,0.0,0.0,0.0,74.91483225558883,True
d2bc285ead803db0,Louis Smolka,69.0,135.0,68.0,Orthodox,1991-07-16,17-9-0,17,9,0,0,4.67,47.0,4.11,53.0,1.69,35.0,32.0,1.8,68.0,False
d2c55d1d2e67773b,David Branch,73.0,185.0,78.0,Orthodox,1981-09-26,22-6-0,22,6,0,0,1.66,39.0,1.91,56.0,2.55,32.0,43.0,0.0,78.0,False
d2cd7a69cc55e7ed,Austin Hubbard,70.0,155.0,71.0,Orthodox,1991-12-22,17-10-0,17,10,0,0,3.97,42.0,4.1,55.0,1.63,28.0,68.0,0.1,71.0,False
d2d37e8eeb3abc8d,Frank Trigg,69.0,170.0,71.0,Southpaw,1972-05-07,21-9-0,21,9,0,0,2.79,46.0,1.9,56.0,2.35,47.0,75.0,0.8,71.0,False
d2f43cfaf8ca3560,Fernando Padilla,73.0,145.0,76.0,Orthodox,1996-12-15,16-6-0,16,6,0,0,6.07,40.0,5.74,52.0,0.0,0.0,100.0,0.6,76.0,False
d317a5e2b3f88c5f,Warlley Alves,71.0,185.0,72.0,Orthodox,1991-01-04,15-8-0,15,8,0,0,3.04,48.0,3.95,50.0,1.22,50.0,62.0,0.8,72.0,False
d31a5546c0e9b213,Rodrigo Nascimento,74.0,246.0,80.0,Orthodox,1992-11-26,11-3-0 (1 NC),11,3,0,1,3.71,47.0,4.34,44.0,1.02,37.0,60.0,0.5,80.0,False
d31cbcdd7d69536d,TJ Brown,69.0,145.0,72.0,Switch,1990-05-22,17-11-0,17,11,0,0,3.37,44.0,2.89,49.0,3.41,57.0,36.0,1.3,72.0,False
d33da8a3d82bdb62,Kai Asakura,68.0,135.0,69.0,Orthodox,1993-10-31,22-6-0,22,6,0,0,2.53,34.0,3.34,52.0,0.0,0.0,50.0,0.0,69.0,False
d343df8ba11f4c4e,Nina Nunes,65.0,125.0,64.0,Orthodox,1985-12-03,11-7-0,11,7,0,0,4.39,45.0,3.47,55.0,0.24,33.0,73.0,0.5,64.0,False
d34636a85f0f4c90,Motonobu Tezuka,67.0,135.0,,Southpaw,1987-08-29,28-12-7,28,12,7,0,0.87,23.0,2.8,51.0,1.5,11.0,0.0,0.5,68.58274947881027,True
d35298b6df168456,Talita Alencar,61.0,115.0,58.0,Orthodox,1990-10-17,8-1-1,8,1,1,0,3.09,36.0,3.67,51.0,3.01,29.0,66.0,0.5,58.0,False
d35c3ed553b71fa2,Joe Vedepo,72.0,185.0,,Orthodox,1983-01-01,18-9-0,18,9,0,0,1.43,42.0,5.71,38.0,1.07,20.0,0.0,0.0,73.85948512612573,True
d35f734c56a89103,Karl Williams,75.0,235.0,79.0,Orthodox,1990-01-06,10-2-0,10,2,0,0,2.68,48.0,2.15,55.0,4.2,48.0,100.0,0.2,79.0,False
d3711d3784b76255,Zane Frazier,77.0,250.0,,Orthodox,,4-11-0,4,11,0,0,0.0,0.0,0.0,0.0,0.0,0.0,0.0,0.0,79.13622077344121,True
d38e8c6ae2dfc051,Nazareno Malegarie,68.0,155.0,,,1986-05-16,28-4-0,28,4,0,0,3.87,34.0,3.27,69.0,1.0,33.0,0.0,0.0,69.63809660827336,True
d3b5ad3b15a64a18,Francesco Maturi,,,,,,0-1-0,0,1,0,0,0.0,0.0,0.0,0.0,0.0,0.0,0.0,0.0,,False
d3c554d6e11fc9d6,Jianping Yang,67.0,145.0,,Orthodox,1988-11-27,11-4-1,11,4,1,0,1.4,26.0,2.07,65.0,1.0,25.0,33.0,0.0,68.58274947881027,True
d3de4a24f7eefac8,Doug Evans,69.0,155.0,,Orthodox,1980-10-10,13-10-0,13,10,0,0,1.79,35.0,2.55,55.0,3.19,83.0,69.0,0.6,70.69344373773646,True
d3df1add9d9a7efb,Derrick Lewis,75.0,260.0,79.0,Orthodox,1985-02-07,29-14-0 (1 NC),29,14,0,1,2.41,48.0,2.79,38.0,0.53,25.0,51.0,0.0,79.0,False
d3f5d33d61cd00c9,Norma Dumont,67.0,135.0,67.0,Orthodox,1990-10-01,13-3-0,13,3,0,0,3.85,50.0,2.33,64.0,1.43,54.0,71.0,0.0,67.0,False
d3f89fa685bd8420,Austin Bashi,66.0,145.0,70.0,Orthodox,2001-09-29,14-1-0,14,1,0,0,1.75,47.0,2.34,48.0,7.81,41.0,62.0,1.7,70.0,False
d3fa5c5955397532,Grigory Popov,67.0,135.0,68.0,Switch,1984-04-18,13-3-0,13,3,0,0,3.63,37.0,4.2,55.0,0.0,0.0,45.0,0.0,68.0,False
d403b1a6f278c95e,Vagner Rocha,70.0,155.0,73.0,Orthodox,1982-06-06,14-4-0,14,4,0,0,2.64,42.0,4.5,48.0,1.4,33.0,50.0,1.9,73.0,False
d41937647eae9a34,Reza Nasri,71.0,205.0,,Orthodox,,0-1-0,0,1,0,0,0.0,0.0,0.0,0.0,0.0,0.0,0.0,0.0,72.80413799666265,True
d4270315cbcf2569,Jacob Malkoun,69.0,185.0,73.0,Orthodox,1995-08-26,10-3-0,10,3,0,0,4.23,56.0,2.33,55.0,5.39,42.0,55.0,0.8,73.0,False
d436f5d55156a521,Murtazali Magomedov,69.0,145.0,70.0,Orthodox,1999-08-26,11-0-0,11,0,0,0,4.83,48.0,2.07,81.0,5.17,50.0,0.0,5.2,70.0,False
d43a048a880efdff,Chris Leben,71.0,185.0,73.0,Southpaw,1980-07-21,22-11-0,22,11,0,0,2.87,42.0,2.87,52.0,1.14,41.0,53.0,0.8,73.0,False
d468288756ae3982,Renato Sobral,73.0,205.0,75.0,Orthodox,1975-09-07,37-11-0,37,11,0,0,2.23,45.0,1.53,57.0,2.48,42.0,65.0,2.6,75.0,False
d4691518d012b9e7,Aspen Ladd,66.0,135.0,66.0,Orthodox,1995-03-01,9-3-0,9,3,0,0,3.78,47.0,4.65,47.0,1.56,47.0,62.0,0.6,66.0,False
d4a31850a7457f1b,Amanda Cooper,63.0,115.0,64.0,Switch,1991-10-22,3-5-0,3,5,0,0,3.55,44.0,3.2,51.0,1.53,38.0,28.0,1.8,64.0,False
d4c9dcd330403612,Anthony Smith,76.0,205.0,76.0,Orthodox,1988-07-26,38-22-0,38,22,0,0,3.19,49.0,5.04,44.0,0.44,22.0,50.0,0.6,76.0,False
d4f364dd076bb0e2,Cung Le,69.0,185.0,70.0,Southpaw,1972-05-25,9-3-0,9,3,0,0,4.36,48.0,2.98,66.0,1.37,71.0,88.0,0.3,70.0,False
d50382dc0565a9e1,Viviane Pereira,61.0,115.0,63.0,Orthodox,1993-08-28,13-2-0,13,2,0,0,2.7,30.0,4.48,58.0,0.25,100.0,28.0,0.2,63.0,False
d512d9f204059f57,Joe Riggs,72.0,185.0,70.0,Southpaw,1982-09-23,44-17-0 (1 NC),44,17,0,1,2.41,51.0,1.69,57.0,2.45,55.0,62.0,0.6,70.0,False
d53482bef23235ba,Marcio Alexandre Junior,72.0,185.0,75.0,Southpaw,1989-05-05,17-4-0,17,4,0,0,1.61,45.0,2.89,42.0,0.35,20.0,66.0,0.7,75.0,False
d549cefc7c54ab78,Reinier de Ridder,76.0,185.0,78.0,Southpaw,1990-09-07,21-4-0,21,4,0,0,2.47,48.0,2.36,46.0,2.56,29.0,40.0,0.6,78.0,False
d56caaa5e123f518,Masutatsu Yano,69.0,198.0,,Orthodox,1975-07-11,2-4-1,2,4,1,0,0.0,0.0,0.0,0.0,0.0,0.0,0.0,0.0,70.69344373773646,True
d58478ded5534695,Maiquel Falcao,71.0,185.0,,Orthodox,1981-03-08,37-10-0 (1 NC),37,10,0,1,1.67,55.0,0.53,86.0,1.0,100.0,71.0,3.0,72.80413799666265,True
d5b7fac960e58920,Chris Indich,70.0,170.0,,,1987-04-22,6-4-0,6,4,0,0,1.31,30.0,4.32,43.0,0.75,50.0,50.0,1.5,71.74879086719955,True
d5bab53a1a603aac,Ryan Loder,74.0,185.0,76.0,Southpaw,1991-06-05,8-3-0,8,3,0,0,5.1,69.0,2.46,50.0,1.37,14.0,100.0,1.4,76.0,False
d5ed14b2153c6ed2,Semmy Schilt,82.0,265.0,,Orthodox,1973-10-27,26-14-1,26,14,1,0,1.2,50.0,1.31,53.0,0.0,0.0,47.0,1.1,84.41295642075669,True
d5f820c11a121050,Aaron Simpson,72.0,170.0,73.0,Orthodox,1974-07-20,12-5-0,12,5,0,0,3.6,52.0,2.53,56.0,3.78,34.0,83.0,0.5,73.0,False
d61316139d68dbe3,Roman Bogatov,68.0,155.0,73.0,Orthodox,1990-12-15,10-1-0,10,1,0,0,3.33,42.0,4.4,44.0,1.0,9.0,50.0,0.0,73.0,False
d6285cba1d1052e0,Bojan Mihajlovic,71.0,205.0,73.0,Orthodox,1980-03-30,10-6-0,10,6,0,0,1.23,35.0,5.95,47.0,0.0,0.0,33.0,0.0,73.0,False
d62bb4d84a7267ba,Mark Hughes,69.0,205.0,,Southpaw,1973-10-13,6-2-0,6,2,0,0,0.9,47.0,0.4,42.0,3.0,50.0,0.0,4.5,70.69344373773646,True
d62e280d0f7b6d6f,Luke Fernandez,73.0,205.0,76.0,Orthodox,1995-06-29,6-1-0,6,1,0,0,8.14,58.0,10.17,36.0,0.0,0.0,0.0,0.0,76.0,False
d632d156c0549e07,Nissen Osterneck,74.0,185.0,,Orthodox,1981-05-01,12-4-0,12,4,0,0,3.15,58.0,2.9,41.0,0.63,12.0,42.0,1.3,75.97017938505194,True
d661ce4da776fc20,Petr Yan,67.0,135.0,67.0,Switch,1993-02-11,20-5-0,20,5,0,0,5.16,54.0,4.24,59.0,1.7,49.0,86.0,0.1,67.0,False
d66a46de8d705353,Jeremiah Wells,69.0,170.0,74.0,Switch,1986-10-30,13-4-1,13,4,1,0,2.35,46.0,1.28,48.0,3.06,46.0,50.0,1.3,74.0,False
d683f4870742b273,Shi Ming,62.0,115.0,60.0,Orthodox,1994-11-14,18-6-0,18,6,0,0,3.09,37.0,2.92,52.0,1.02,36.0,60.0,0.2,60.0,False
d6a8edb7410223a0,Rafael Tobias,74.0,205.0,74.0,Orthodox,2003-03-20,14-2-0,14,2,0,0,2.77,36.0,5.81,35.0,2.4,33.0,100.0,1.6,74.0,False
d6c0cdd7e467c440,Kyle Daukaus,74.0,185.0,76.0,Southpaw,1993-02-27,17-5-0 (1 NC),17,5,0,1,3.16,53.0,2.94,42.0,1.97,25.0,79.0,2.0,76.0,False
d6d5da3c209884bc,Guilherme Vasconcelos,72.0,185.0,,Orthodox,1986-03-23,9-4-0,9,4,0,0,3.27,29.0,4.4,70.0,0.0,0.0,0.0,0.0,73.85948512612573,True
d6ead04919a894b1,Duda Santana,67.0,145.0,73.0,Orthodox,1996-01-10,3-1-0,3,1,0,0,6.01,39.0,2.72,73.0,6.44,60.0,0.0,0.0,73.0,False
d71d968dc6ecfdaf,Katsuhisa Fujii,72.0,205.0,,Orthodox,1972-08-15,9-18-1,9,18,1,0,4.0,50.0,4.43,64.0,2.14,25.0,50.0,2.1,73.85948512612573,True
d7338bcb141abd2c,Antonina Shevchenko,68.0,125.0,67.0,Southpaw,1984-11-20,10-4-0,10,4,0,0,3.86,55.0,2.93,52.0,0.43,42.0,53.0,0.4,67.0,False
d747eb273a40a920,Claudio Puelles,70.0,155.0,72.0,Southpaw,1996-04-21,13-5-0,13,5,0,0,1.54,46.0,2.62,48.0,3.29,33.0,60.0,1.0,72.0,False
d74cba8566291bfa,Junie Browning,69.0,155.0,,Orthodox,1984-05-12,5-6-0,5,6,0,0,3.76,48.0,1.76,66.0,3.53,66.0,0.0,3.5,70.69344373773646,True
d761b3766e38c5db,Marcel Fortuna,73.0,205.0,74.0,Orthodox,1985-10-22,9-3-0,9,3,0,0,3.83,46.0,4.52,64.0,0.45,8.0,75.0,0.5,74.0,False
d76ad9a08c4408ff,Bobby Moffett,70.0,145.0,73.0,Orthodox,1990-06-01,13-5-0 (1 NC),13,5,0,1,3.41,39.0,3.15,61.0,2.74,66.0,66.0,1.4,73.0,False
d776b5814f2400b4,Ethyn Ewing,66.0,135.0,69.0,Orthodox,1996-02-19,10-2-0,10,2,0,0,7.44,55.0,4.53,63.0,1.68,60.0,100.0,0.0,69.0,False
d7adfcfdf7c6c1f8,Ian Entwistle,65.0,135.0,,Orthodox,1986-11-19,9-3-0,9,3,0,0,0.11,7.0,7.36,31.0,0.0,0.0,0.0,12.1,66.47205521988408,True
d7b2c0b53883ee80,Kyle Watson,72.0,155.0,,Southpaw,1979-08-09,13-8-1,13,8,1,0,3.67,35.0,3.25,62.0,0.0,0.0,100.0,0.0,73.85948512612573,True
d7c3816669784109,Karolina Kowalkiewicz,63.0,115.0,64.0,Orthodox,1985-10-15,16-10-0,16,10,0,0,5.54,42.0,5.77,56.0,0.36,23.0,74.0,0.2,64.0,False
d7c4956d61ae76a9,Jose Delano,68.0,145.0,70.0,Orthodox,1996-09-11,17-3-0,17,3,0,0,8.43,64.0,3.5,68.0,0.0,0.0,75.0,0.0,70.0,False
d7e40dca3ae125be,Diana Belbita,67.0,125.0,68.0,Orthodox,1996-06-26,15-10-0,15,10,0,0,6.45,41.0,6.55,51.0,0.86,62.0,64.0,0.0,68.0,False
d7fe8c6b7d2872e5,Brendon Marotte,69.0,145.0,70.0,Orthodox,1996-01-12,8-3-0,8,3,0,0,0.41,50.0,5.7,28.0,0.0,0.0,0.0,0.0,70.0,False
d802174b0c0c1f4e,Magomed Ankalaev,75.0,205.0,75.0,Orthodox,1992-06-02,21-2-1 (1 NC),21,2,1,1,3.65,52.0,2.59,56.0,0.79,22.0,87.0,0.0,75.0,False
d8022d5526b1d937,Chad Reiner,71.0,170.0,,Orthodox,1981-06-29,33-18-0,33,18,0,0,0.53,20.0,1.97,46.0,0.99,33.0,25.0,2.0,72.80413799666265,True
d80ee110748171ac,Mike Breeden,70.0,155.0,70.0,Orthodox,1989-04-21,11-6-0,11,6,0,0,5.75,45.0,7.28,42.0,0.98,30.0,67.0,0.0,70.0,False
d814f5192e58fb2f,Drew Fickett,70.0,155.0,70.0,Orthodox,1979-12-14,42-21-0,42,21,0,0,2.33,41.0,2.29,57.0,1.3,35.0,30.0,2.2,70.0,False
d81ac739417d7f53,Jake Ellenberger,69.0,170.0,71.0,Orthodox,1985-03-28,31-15-0,31,15,0,0,2.47,39.0,2.83,60.0,2.04,47.0,86.0,0.4,71.0,False
d897897060f10a3a,Rich Franklin,73.0,185.0,76.0,Southpaw,1974-10-05,29-7-0 (1 NC),29,7,0,1,4.1,44.0,2.07,62.0,1.31,66.0,63.0,0.7,76.0,False
d8c7c61b176e3994,Cody Garbrandt,68.0,135.0,65.0,Orthodox,1991-07-07,15-8-0,15,8,0,0,2.82,40.0,3.69,58.0,0.84,22.0,81.0,0.0,65.0,False
d8c811df0386d5e8,Rinya Nakamura,67.0,135.0,68.0,Southpaw,1995-03-23,10-1-0,10,1,0,0,3.27,52.0,1.72,63.0,2.58,81.0,100.0,1.4,68.0,False
d8d7b24d276c8cb0,Albert Cheng,71.0,170.0,,Orthodox,1985-02-07,7-4-0,7,4,0,0,1.0,41.0,2.6,71.0,0.0,0.0,0.0,0.0,72.80413799666265,True
d8da10db80131bec,Niko Price,72.0,170.0,76.0,Orthodox,1989-09-29,16-11-0 (2 NC),16,11,0,2,5.11,43.0,5.57,48.0,1.06,30.0,50.0,0.6,76.0,False
d90b630e0561818b,Gan McGee,82.0,265.0,,Orthodox,1976-11-20,13-5-0,13,5,0,0,2.2,29.0,2.31,59.0,0.65,25.0,83.0,0.0,84.41295642075669,True
d910665038efc639,Carla Esparza,61.0,115.0,63.0,Orthodox,1987-10-10,20-8-0,20,8,0,0,2.19,39.0,2.87,54.0,3.28,36.0,47.0,0.3,63.0,False
d945aae53e3e54e6,Thiago Moises,69.0,155.0,70.0,Orthodox,1995-03-23,19-10-0,19,10,0,0,2.52,42.0,4.4,52.0,1.37,29.0,52.0,1.1,70.0,False
d964a59c48381cb6,Danny Silva,67.0,145.0,69.0,Switch,1997-01-30,11-2-0,11,2,0,0,6.35,54.0,7.1,61.0,2.06,36.0,75.0,0.2,69.0,False
d967f0128c323de6,Daniel Cormier,71.0,235.0,72.0,Orthodox,1979-03-20,22-3-0 (1 NC),22,3,0,1,4.25,52.0,2.92,54.0,1.83,44.0,80.0,0.4,72.0,False
d9a56ecb6e94f02e,Evan Elder,70.0,155.0,72.0,Switch,1997-04-11,10-2-0,10,2,0,0,5.66,50.0,4.94,57.0,0.48,15.0,40.0,0.5,72.0,False
d9c6f19f958643e9,Bryce Mitchell,70.0,135.0,70.0,Southpaw,1994-10-04,19-4-0,19,4,0,0,2.19,59.0,1.51,58.0,3.12,36.0,38.0,1.3,70.0,False
da0995f19b749cfa,Mark Madsen,68.0,155.0,72.0,Orthodox,1984-09-23,12-2-0,12,2,0,0,3.56,49.0,3.97,52.0,2.86,66.0,62.0,0.0,72.0,False
da1d8d76404bb6b5,Bruno Santos,69.0,185.0,,Orthodox,1987-07-17,15-2-0,15,2,0,0,1.18,46.0,2.27,56.0,3.0,37.0,66.0,0.3,70.69344373773646,True
da22387a0407a2dc,Da'Mon Blackshear,70.0,135.0,72.0,Switch,1994-08-12,17-8-1,17,8,1,0,4.33,45.0,4.19,52.0,1.48,33.0,71.0,1.5,72.0,False
da4628f173337902,Don Shainis,66.0,145.0,67.0,Orthodox,1990-09-16,12-5-0,12,5,0,0,3.42,50.0,5.87,31.0,0.97,25.0,20.0,1.9,67.0,False
da6dfd09cca1d705,Wallid Ismail,67.0,205.0,,Orthodox,1968-02-23,9-3-0,9,3,0,0,0.92,31.0,0.83,44.0,1.85,28.0,0.0,0.5,68.58274947881027,True
da7f113b5ea39c43,Mohammed Usman,74.0,239.0,79.0,Orthodox,1989-04-01,12-4-0,12,4,0,0,3.85,39.0,4.27,51.0,0.56,14.0,66.0,0.0,79.0,False
da816417a579a0bd,Gavin Tucker,66.0,145.0,66.0,Southpaw,1986-06-17,13-3-0,13,3,0,0,4.29,44.0,4.18,57.0,3.13,44.0,53.0,1.5,66.0,False
da97d6c97d09c030,Charles McCarthy,70.0,185.0,71.0,Orthodox,1980-08-06,10-5-0,10,5,0,0,0.18,12.0,4.03,56.0,2.67,60.0,0.0,2.7,71.0,False
dab8cfbb6b1db10a,Livinha Souza,63.0,115.0,63.0,Orthodox,1991-03-11,14-4-0,14,4,0,0,1.75,45.0,3.6,56.0,2.54,45.0,40.0,1.4,63.0,False
daf1b84aebd6602b,Roger Huerta,69.0,155.0,70.0,Orthodox,1983-05-20,23-9-1 (1 NC),23,9,1,1,3.64,36.0,2.33,56.0,2.13,46.0,52.0,0.5,70.0,False
db1f2ed63b54b9a7,Hector Lombard,69.0,185.0,71.0,Southpaw,1978-02-02,34-10-1 (2 NC),34,10,1,2,3.02,46.0,3.35,53.0,1.69,48.0,77.0,0.5,71.0,False
db5dc7cb80d7d418,Will Chope,76.0,145.0,,Switch,1990-09-08,34-13-0,34,13,0,0,4.43,27.0,9.93,46.0,0.0,0.0,0.0,0.0,78.08087364397812,True
db6d5f691aea3fd3,Wagner Campos,66.0,145.0,,Southpaw,1981-07-31,12-10-0,12,10,0,0,1.54,41.0,2.53,51.0,2.71,100.0,0.0,0.0,67.52740234934717,True
dbaaf42313af90fa,Joe Doerksen,72.0,185.0,75.0,Orthodox,1977-10-09,51-16-0,51,16,0,0,1.43,42.0,2.79,50.0,2.02,33.0,33.0,2.3,75.0,False
dbac0a413af64bbe,Felipe Colares,68.0,145.0,69.0,Orthodox,1994-03-31,10-4-0,10,4,0,0,2.17,45.0,4.65,36.0,1.88,24.0,43.0,0.5,69.0,False
dbc17725b887860a,Cezar Ferreira,73.0,185.0,78.0,Southpaw,1985-02-15,13-8-0,13,8,0,0,1.9,42.0,2.44,53.0,2.69,53.0,84.0,0.5,78.0,False
dbea8c1cb327ab3d,Igor Araujo,73.0,170.0,77.0,Orthodox,1980-12-06,25-9-0 (1 NC),25,9,0,1,1.52,42.0,2.86,49.0,0.86,15.0,22.0,0.6,77.0,False
dc07493a87dc0a6e,Alex Reyes,71.0,155.0,73.0,Orthodox,1986-10-02,13-5-0,13,5,0,0,4.46,46.0,6.92,48.0,1.5,28.0,0.0,0.0,73.0,False
dc0f07928009a127,Rob Emerson,69.0,155.0,70.0,Orthodox,1981-07-30,18-12-0 (1 NC),18,12,0,1,2.5,30.0,2.83,64.0,2.02,52.0,65.0,0.4,70.0,False
dc3b9cf7641b7ab6,Drako Rodriguez,68.0,135.0,69.0,Orthodox,1996-06-16,7-3-0,7,3,0,0,3.37,36.0,4.4,58.0,2.93,66.0,75.0,0.7,69.0,False
dc5a6b2fdb27e7dc,Amilcar Alves,72.0,170.0,,Southpaw,1988-08-08,15-12-0,15,12,0,0,0.5,46.0,2.02,30.0,0.0,0.0,53.0,0.0,73.85948512612573,True
dc7927cd622676a7,Victor Altamirano,68.0,125.0,70.0,Switch,1991-01-23,12-5-0,12,5,0,0,4.58,53.0,3.82,53.0,2.88,38.0,63.0,0.0,70.0,False
dc950d59dc590aca,Ebenezer Fontes Braga,72.0,199.0,,Orthodox,1969-04-14,13-7-2,13,7,2,0,2.42,50.0,0.42,71.0,0.0,0.0,90.0,0.6,73.85948512612573,True
dc9572dd6ec74859,Colby Covington,71.0,170.0,72.0,Orthodox,1988-02-22,17-5-0,17,5,0,0,3.81,38.0,3.09,54.0,3.64,42.0,68.0,0.2,72.0,False
dcbf01d605681ad1,Elizabeth Phillips,66.0,135.0,65.0,Orthodox,1986-08-20,6-6-0,6,6,0,0,2.6,33.0,3.07,58.0,0.75,25.0,53.0,0.2,65.0,False
dccb63727f2f5f74,Matt Frevola,69.0,155.0,71.0,Orthodox,1990-06-11,11-6-1,11,6,1,0,3.3,39.0,3.76,56.0,2.34,41.0,40.0,0.8,71.0,False
dcdd511ff757f15c,Oli Thompson,73.0,242.0,75.0,Orthodox,1980-01-02,17-10-0,17,10,0,0,1.66,46.0,5.31,46.0,0.0,0.0,50.0,0.5,75.0,False
dd12382f28296f7b,Wang Guan,69.0,145.0,71.0,Orthodox,1986-03-14,20-1-1,20,1,1,0,4.73,43.0,3.27,60.0,0.0,0.0,0.0,0.0,71.0,False
dd37fd509af89f15,Josh Koscheck,70.0,170.0,73.0,Orthodox,1977-11-30,17-11-0,17,11,0,0,1.79,36.0,2.27,63.0,2.46,48.0,64.0,0.4,73.0,False
dd4c16777fb2ccf9,Heather Clark,66.0,115.0,64.0,Orthodox,1980-09-19,7-6-0,7,6,0,0,3.69,49.0,5.62,50.0,0.33,4.0,80.0,0.3,64.0,False
dd6103dd7127db1d,Mike Malott,73.0,170.0,73.0,Orthodox,1991-11-07,14-2-1,14,2,1,0,4.02,48.0,3.09,56.0,1.63,50.0,57.0,0.7,73.0,False
dd8aec6de7035943,Dan Evensen,75.0,250.0,,Orthodox,1974-06-01,11-4-0,11,4,0,0,0.27,10.0,3.86,38.0,0.0,0.0,0.0,4.0,77.02552651451502,True
dd992d569aaebee6,Jesse Taylor,72.0,170.0,73.0,Orthodox,1983-01-02,31-15-0,31,15,0,0,1.94,65.0,0.55,38.0,7.28,50.0,100.0,3.1,73.0,False
dda15dbfafb792df,Kevin Jousset,74.0,170.0,75.0,Orthodox,1993-05-02,10-4-0,10,4,0,0,6.61,51.0,6.49,50.0,0.69,40.0,100.0,0.3,75.0,False
ddbe4fa2ea573393,Jimmy Quinlan,72.0,185.0,,Orthodox,1986-05-25,3-1-1,3,1,1,0,2.08,70.0,5.94,16.0,4.46,25.0,0.0,0.0,73.85948512612573,True
ddf3e0ea10ea6d8c,Jorge de Oliveira,68.0,155.0,,Orthodox,1980-01-22,9-2-0,9,2,0,0,1.26,31.0,4.84,48.0,0.0,0.0,22.0,0.0,69.63809660827336,True
de12bd65e2f46478,Pat Schilling,68.0,145.0,,Orthodox,1988-08-28,5-2-0,5,2,0,0,1.87,26.0,8.24,52.0,0.0,0.0,0.0,0.0,69.63809660827336,True
de26d906f2874dd4,Saygid Izagakhmaev,72.0,170.0,74.0,Orthodox,1994-09-03,22-3-0,22,3,0,0,1.33,58.0,1.73,58.0,4.0,40.0,100.0,0.0,74.0,False
de3ed2e152520c8d,Cal Worsham,71.0,230.0,,Orthodox,1963-06-11,13-10-0,13,10,0,0,0.0,0.0,0.0,0.0,0.0,0.0,0.0,0.0,72.80413799666265,True
de45aaae23dfa392,Christos Giagos,70.0,155.0,71.0,Orthodox,1990-01-23,20-12-0,20,12,0,0,3.03,41.0,3.21,50.0,2.84,36.0,52.0,0.4,71.0,False
de594b35c45c2e9a,Eduarda Moura,66.0,125.0,67.0,Orthodox,1994-02-28,12-2-0,12,2,0,0,2.57,37.0,2.5,58.0,3.58,34.0,80.0,0.4,67.0,False
de62052b2ede65ba,Matt Arroyo,70.0,170.0,72.0,Orthodox,1982-09-01,3-3-0,3,3,0,0,1.62,47.0,2.01,58.0,2.12,36.0,100.0,5.3,72.0,False
de75d1c45a39e221,Sergio Pettis,66.0,125.0,69.0,Orthodox,1993-08-18,18-5-0,18,5,0,0,3.88,37.0,2.91,65.0,0.85,40.0,67.0,0.4,69.0,False
de83f920fd302871,Tommy Gantt,71.0,155.0,76.0,Orthodox,1993-01-09,12-0-0 (1 NC),12,0,0,1,2.92,75.0,0.85,43.0,11.29,36.0,100.0,1.4,76.0,False
dea070ed4a2a8281,Thiago Santos,74.0,205.0,76.0,Orthodox,1984-01-07,22-11-0,22,11,0,0,3.72,48.0,2.57,53.0,0.88,33.0,65.0,0.1,76.0,False
dedc3bb440d09554,Anthony Macias,69.0,185.0,,Switch,1969-02-09,26-18-0,26,18,0,0,0.0,0.0,0.0,0.0,0.0,0.0,0.0,0.0,70.69344373773646,True
dee294e9717012c2,Malcolm Gordon,67.0,125.0,71.0,Switch,1990-05-19,14-8-0,14,8,0,0,2.5,45.0,2.0,43.0,1.72,35.0,26.0,1.0,71.0,False
def8166ff24bd237,Brian Ortega,68.0,155.0,69.0,Switch,1991-02-21,16-5-0 (1 NC),16,5,0,1,3.84,37.0,6.38,49.0,0.93,25.0,54.0,0.9,69.0,False
df05aa15b2d66f57,Chris Tuchscherer,74.0,258.0,76.0,Orthodox,1975-09-08,21-4-0 (1 NC),21,4,0,1,1.35,31.0,3.17,47.0,1.19,18.0,0.0,0.6,76.0,False
df1eb4354d18a906,Scott Holtzman,69.0,155.0,69.0,Orthodox,1983-09-30,14-6-0,14,6,0,0,4.32,47.0,3.66,55.0,1.88,56.0,67.0,0.2,69.0,False
df2bf09c99594848,Mario Miranda,75.0,185.0,74.0,Orthodox,1979-07-12,14-7-0,14,7,0,0,1.96,54.0,2.46,36.0,1.02,60.0,54.0,0.0,74.0,False
df2cf66d8c0123db,Noe Hernandez,,,,Orthodox,,5-5-0,5,5,0,0,0.0,0.0,0.0,0.0,0.0,0.0,0.0,0.0,,False
df5a77121ba84a5d,Alex Stiebling,74.0,205.0,,Southpaw,1976-12-26,19-11-1 (1 NC),19,11,1,1,1.77,42.0,1.45,52.0,0.35,66.0,66.0,0.7,75.97017938505194,True
df85d6ec3493d120,Joe Moreira,71.0,195.0,,Southpaw,1961-07-03,2-2-0,2,2,0,0,0.0,0.0,0.0,0.0,0.0,0.0,0.0,0.0,72.80413799666265,True
dfae5da5676e4194,Chris Dempsey,70.0,185.0,72.0,Orthodox,1987-09-08,11-5-0,11,5,0,0,2.25,32.0,2.82,65.0,2.64,23.0,16.0,0.0,72.0,False
e00a3dee329a51f7,Jamall Emmers,70.0,145.0,74.0,Orthodox,1989-07-24,22-8-0,22,8,0,0,5.1,49.0,3.92,57.0,2.59,53.0,81.0,0.3,74.0,False
e023fa2e648ea0f1,Steve Bosse,71.0,205.0,72.0,Orthodox,1981-07-29,12-2-0,12,2,0,0,5.99,52.0,5.38,50.0,0.92,33.0,100.0,0.0,72.0,False
e047d3b541afd4a7,Tahir Abdullayev,68.0,170.0,73.0,Orthodox,1997-02-02,20-3-0,20,3,0,0,2.56,42.0,2.42,51.0,2.07,33.0,100.0,0.0,73.0,False
e0664abaa023fd6f,Ding Meng,74.0,170.0,73.0,Orthodox,1994-09-27,35-10-0,35,10,0,0,3.8,45.0,4.33,51.0,0.5,50.0,0.0,0.0,73.0,False
e06fd1260ac865a7,Yoji Anjo,71.0,205.0,,Orthodox,1967-03-28,0-5-1,0,5,1,0,0.0,0.0,3.13,25.0,0.0,0.0,0.0,0.0,72.80413799666265,True
e091482fa6648261,Assuerio Silva,70.0,241.0,,Orthodox,1974-06-18,16-8-0 (1 NC),16,8,0,1,1.42,46.0,4.2,54.0,2.66,34.0,25.0,1.8,71.74879086719955,True
e09dbbd5fe3f0fe2,Curtis Stout,73.0,185.0,,Southpaw,1973-11-07,11-12-1,11,12,1,0,0.69,67.0,3.2,29.0,0.0,0.0,20.0,0.0,74.91483225558883,True
e0b0cf71e0d69dd0,Kanako Murata,61.0,115.0,62.0,Orthodox,1993-08-10,12-3-0,12,3,0,0,2.15,56.0,2.4,53.0,3.38,56.0,100.0,0.8,62.0,False
e0b74df14f52cd15,Mike Brown,66.0,145.0,70.0,Orthodox,1975-09-08,26-9-0,26,9,0,0,2.98,44.0,2.45,60.0,3.23,40.0,66.0,0.6,70.0,False
e0c6edcb5b5d0b90,Chepe Mariscal,67.0,145.0,69.0,Orthodox,1992-10-27,18-7-0 (1 NC),18,7,0,1,4.14,55.0,2.66,52.0,2.34,39.0,59.0,0.2,69.0,False
e0d3d9b564f95635,Lucas Rocha,63.0,125.0,64.0,Orthodox,2000-08-12,18-2-0,18,2,0,0,5.09,49.0,3.67,56.0,1.64,75.0,76.0,0.0,64.0,False
e0ec3c3b6b611f7e,Hermes Franca,66.0,155.0,71.0,Orthodox,1974-08-26,24-17-0 (1 NC),24,17,0,1,1.78,39.0,2.85,55.0,1.53,36.0,37.0,2.4,71.0,False
e0f7c4f3f67bc808,Wes Sims,82.0,260.0,,Orthodox,1979-08-04,24-14-1 (2 NC),24,14,1,2,0.98,51.0,2.95,37.0,0.0,0.0,40.0,2.3,84.41295642075669,True
e0f959f65d0406b4,Isabela de Padua,63.0,125.0,64.0,Orthodox,1991-09-04,5-2-0,5,2,0,0,1.0,35.0,2.07,50.0,2.0,66.0,0.0,1.0,64.0,False
e1147d3d2dabe1ce,Robert Whittaker,72.0,205.0,73.0,Orthodox,1990-12-20,28-9-0,28,9,0,0,4.41,43.0,3.4,59.0,0.71,38.0,80.0,0.0,73.0,False
e1248941344b3288,Alexander Volkanovski,66.0,145.0,71.0,Orthodox,1988-09-29,28-4-0,28,4,0,0,5.99,57.0,3.31,58.0,1.63,34.0,68.0,0.2,71.0,False
e132d47bd9efbbe0,Rafa Garcia,67.0,155.0,70.0,Orthodox,1994-08-05,19-4-0,19,4,0,0,4.28,44.0,4.42,61.0,3.22,45.0,77.0,0.4,70.0,False
e13abac8089a801a,Justin Tafa,72.0,264.0,74.0,Southpaw,1993-12-13,7-5-0 (1 NC),7,5,0,1,4.05,54.0,5.11,47.0,0.0,0.0,53.0,0.0,74.0,False
e14b5aa06eea9653,Abel Trujillo,68.0,155.0,70.0,Orthodox,1983-09-18,15-8-0 (1 NC),15,8,0,1,2.65,41.0,2.31,59.0,2.18,45.0,40.0,0.4,70.0,False
e17ac6410c8377f4,Bartosz Fabinski,72.0,170.0,75.0,Orthodox,1986-04-26,15-5-0,15,5,0,0,2.23,68.0,1.46,51.0,7.1,70.0,80.0,0.0,75.0,False
e18a19001a3f7c7d,Alptekin Ozkilic,65.0,125.0,65.0,Orthodox,1986-03-27,9-5-0,9,5,0,0,3.81,32.0,5.72,59.0,4.21,58.0,75.0,0.0,65.0,False
e1d40e8782d80bc2,William Gomis,72.0,145.0,73.0,Southpaw,1997-06-13,15-4-0,15,4,0,0,3.2,48.0,2.6,61.0,0.73,38.0,77.0,0.3,73.0,False
e25bcbcdaf6537a1,Reza Madadi,71.0,155.0,73.0,Orthodox,1978-06-20,14-6-0,14,6,0,0,2.51,46.0,3.31,66.0,3.17,33.0,89.0,0.5,73.0,False
e26882820f9e8df5,Mike Lullo,68.0,145.0,,Orthodox,1979-07-24,8-3-0,8,3,0,0,2.48,36.0,4.84,40.0,1.18,11.0,0.0,0.6,69.63809660827336,True
e26bd53b751d61d9,Jordan Williams,73.0,185.0,75.0,Southpaw,1990-10-13,9-6-0 (1 NC),9,6,0,1,5.83,50.0,5.46,35.0,1.11,50.0,85.0,0.0,75.0,False
e2b8186b618b00c4,Shamar Bailey,69.0,155.0,75.0,Southpaw,1982-09-22,16-11-0,16,11,0,0,1.56,20.0,3.91,69.0,1.5,33.0,37.0,0.0,75.0,False
e2be0c1a9b886d92,MarQuel Mederos,70.0,155.0,69.0,Orthodox,1996-11-30,11-1-1,11,1,1,0,5.46,58.0,4.58,52.0,0.23,8.0,82.0,0.0,69.0,False
e2ccd9a9ace60de7,Aleksei Kunchenko,68.0,170.0,70.0,Orthodox,1984-05-02,20-2-0,20,2,0,0,3.67,44.0,2.83,63.0,0.25,33.0,80.0,0.0,70.0,False
e2f6b2769aaedd6c,Serghei Spivac,75.0,260.0,78.0,Orthodox,1995-01-24,18-6-0,18,6,0,0,3.57,47.0,4.23,52.0,3.82,59.0,63.0,0.5,78.0,False
e361e5c858af6ff1,Alex Karalexis,68.0,155.0,66.0,Orthodox,1977-09-20,10-6-0,10,6,0,0,2.57,42.0,2.39,54.0,2.7,45.0,86.0,0.9,66.0,False
e363b21261814830,Marcos Vinicius,69.0,125.0,,Orthodox,1979-12-05,23-11-1,23,11,1,0,1.93,49.0,2.91,47.0,0.0,0.0,25.0,0.5,70.69344373773646,True
e375cb5caf4717b6,Piera Rodriguez,63.0,115.0,63.0,Orthodox,1992-11-11,12-2-0,12,2,0,0,4.04,46.0,3.13,53.0,4.04,50.0,81.0,0.0,63.0,False
e3779ef06e98f185,Keith Berish,72.0,205.0,,Orthodox,1985-11-14,5-1-0 (1 NC),5,1,0,1,3.58,36.0,4.81,62.0,1.76,40.0,0.0,0.0,73.85948512612573,True
e3964ece586e0635,Jacqueline Cavalcanti,68.0,135.0,70.0,Orthodox,1997-08-29,10-2-0,10,2,0,0,5.3,46.0,2.98,68.0,0.0,0.0,85.0,0.0,70.0,False
e3b30b573e7f0d19,Adrian Luna Martinetti,68.0,135.0,71.0,Orthodox,1995-08-20,17-2-0,17,2,0,0,8.8,58.0,9.3,47.0,2.0,33.0,100.0,0.0,71.0,False
e4277e87a789d687,Dustin Jacoby,75.0,205.0,76.0,Orthodox,1988-04-04,22-9-1,22,9,1,0,5.4,48.0,3.92,57.0,0.32,25.0,62.0,0.0,76.0,False
e45cfa47f504033a,Jason Gonzalez,74.0,155.0,74.0,Southpaw,1990-02-28,11-5-0,11,5,0,0,3.06,39.0,3.13,58.0,0.0,0.0,30.0,1.0,74.0,False
e463ce0a2ca474f4,Ryan Gandra,73.0,185.0,74.0,Orthodox,1995-05-08,10-1-0,10,1,0,0,11.71,50.0,2.3,73.0,0.0,0.0,100.0,0.0,74.0,False
e4770d5ed44a3970,Brian Gassaway,73.0,170.0,,Orthodox,1972-08-07,29-20-2 (1 NC),29,20,2,1,0.34,26.0,3.65,44.0,0.0,0.0,42.0,0.0,74.91483225558883,True
e4a47b07044ddd72,Ignacio Bahamondes,75.0,155.0,75.0,Orthodox,1997-08-27,17-7-0,17,7,0,0,5.99,46.0,4.07,55.0,0.0,0.0,70.0,0.6,75.0,False
e4a9dbade7c7e1a7,Rolles Gracie,76.0,242.0,,Orthodox,1978-07-14,8-4-0,8,4,0,0,2.3,32.0,3.38,55.0,2.3,10.0,0.0,0.0,78.08087364397812,True
e4aaaa34535e32b6,Nick Denis,67.0,135.0,,Orthodox,1983-10-11,11-3-0,11,3,0,0,6.54,53.0,5.42,36.0,2.8,100.0,80.0,0.0,68.58274947881027,True
e4ba58725825412d,Dan Argueta,67.0,135.0,68.0,Southpaw,1993-08-13,9-3-0 (2 NC),9,3,0,2,2.48,43.0,3.44,50.0,4.36,35.0,55.0,1.4,68.0,False
e4bde462b043d3e1,Sanae Kikuta,69.0,200.0,,Orthodox,1971-09-10,31-9-3 (1 NC),31,9,3,1,0.7,45.0,0.9,52.0,1.6,63.0,25.0,1.8,70.69344373773646,True
e4d2564ea0e34e2b,Mehdi Baghdad,73.0,155.0,,Orthodox,1985-04-13,11-5-0,11,5,0,0,3.13,30.0,4.56,46.0,0.0,0.0,33.0,0.0,74.91483225558883,True
e4e0f310b3cf23a8,Alex Torres,70.0,145.0,,Orthodox,1988-05-29,5-4-0,5,4,0,0,2.47,37.0,2.73,69.0,2.0,22.0,50.0,0.0,71.74879086719955,True
e4faa79383c9f214,Ernesta Kareckaite,69.0,125.0,71.0,Orthodox,1998-07-05,6-2-1,6,2,1,0,7.28,42.0,6.47,49.0,0.75,60.0,81.0,0.0,71.0,False
e5010b1b94ca5755,Paul Felder,71.0,155.0,70.0,Orthodox,1984-04-25,17-6-0,17,6,0,0,3.7,44.0,3.44,48.0,0.29,28.0,64.0,0.2,70.0,False
e503aa5c252a1b4d,Dustin Neace,69.0,145.0,69.0,,1986-09-12,25-21-1 (1 NC),25,21,1,1,2.08,32.0,2.66,56.0,0.0,0.0,0.0,1.7,69.0,False
e50cd77732d39967,Aisling Daly,62.0,115.0,64.0,Orthodox,1987-12-24,16-6-0,16,6,0,0,2.92,52.0,1.4,55.0,2.15,41.0,33.0,0.9,64.0,False
e51e5cb722bd47a8,Patrick Cummins,74.0,205.0,76.0,Orthodox,1980-11-16,10-7-0,10,7,0,0,4.26,50.0,3.35,55.0,4.49,41.0,28.0,0.1,76.0,False
e51ee8ded927fc51,Chris de la Rocha,75.0,250.0,80.0,Orthodox,1979-05-15,5-3-0,5,3,0,0,4.08,45.0,6.37,43.0,2.02,30.0,33.0,1.0,80.0,False
e51fcd9cd84c0b93,Michel Prazeres,66.0,170.0,67.0,Orthodox,1981-07-25,26-4-0,26,4,0,0,2.38,47.0,2.51,57.0,3.94,36.0,47.0,0.6,67.0,False
e530df53922f413e,Luis Pajuelo,70.0,145.0,69.0,Orthodox,1994-12-18,8-2-0,8,2,0,0,6.03,57.0,8.2,52.0,0.0,0.0,66.0,0.0,69.0,False
e5549c82bfb5582d,Alex Pereira,76.0,205.0,79.0,Orthodox,1987-07-07,13-4-0,13,4,0,0,5.01,61.0,3.72,52.0,0.11,50.0,80.0,0.2,79.0,False
e564146b9cf6dbef,Felipe Franco,73.0,205.0,76.0,Orthodox,2001-01-22,10-2-0,10,2,0,0,1.81,50.0,2.55,38.0,3.02,37.0,87.0,0.0,76.0,False
e56cee1ad697db04,Steven Asplund,77.0,260.0,78.0,Orthodox,1998-07-16,7-2-0,7,2,0,0,10.05,51.0,6.64,50.0,0.0,0.0,100.0,0.0,78.0,False
e56daf7725a0b5ab,Justin Edwards,70.0,155.0,70.0,Orthodox,1983-01-26,9-5-0,9,5,0,0,2.68,42.0,3.32,51.0,2.14,26.0,27.0,1.0,70.0,False
e56df3c1d8b4b1cc,Homer Moore,70.0,205.0,,Orthodox,1971-11-27,26-9-2,26,9,2,0,0.68,50.0,0.68,0.0,5.07,66.0,0.0,0.0,71.74879086719955,True
e57fdbea1b828202,Jake Hecht,72.0,170.0,73.0,Orthodox,1984-02-09,11-4-0,11,4,0,0,3.26,47.0,2.76,56.0,2.04,37.0,40.0,0.0,73.0,False
e5864a42c80294f6,Josiah Harrell,67.0,170.0,68.0,Southpaw,1998-11-13,11-1-0,11,1,0,0,2.32,50.0,10.94,29.0,0.0,0.0,0.0,0.0,68.0,False
e5bda12faabfc850,Luis Henrique,74.0,243.0,74.0,Orthodox,1993-08-21,10-5-0 (1 NC),10,5,0,1,1.81,43.0,2.22,47.0,3.09,36.0,50.0,1.0,74.0,False
e5c38954c006f15c,Yuki Sasaki,74.0,185.0,,Orthodox,1976-09-12,25-22-2,25,22,2,0,1.09,43.0,1.2,57.0,0.43,100.0,66.0,0.0,75.97017938505194,True
e5c9de15bb58b1c6,Evan Dunham,70.0,155.0,70.0,Southpaw,1981-12-18,18-9-1,18,9,1,0,5.33,39.0,3.54,61.0,1.82,33.0,79.0,1.0,70.0,False
e5ca2bc2451a5956,Tina Lahdemaki,62.0,115.0,,Orthodox,1988-05-28,5-1-0,5,1,0,0,1.93,20.0,4.67,57.0,0.0,0.0,16.0,0.0,63.306013831494795,True
e5d03e4d966126bd,Jason High,68.0,155.0,73.0,Southpaw,1981-10-12,21-6-0,21,6,0,0,1.28,42.0,1.56,48.0,2.36,63.0,37.0,2.8,73.0,False
e5ecaf884b6da2bc,Chris Clements,70.0,170.0,70.0,Orthodox,1976-02-09,12-6-0 (1 NC),12,6,0,1,3.2,49.0,2.37,44.0,0.0,0.0,32.0,0.3,70.0,False
e6147d5ab3685899,Donny Walker,69.0,135.0,,,1980-01-04,15-10-0,15,10,0,0,1.81,37.0,3.85,46.0,0.0,0.0,57.0,1.7,70.69344373773646,True
e62b36885ecdac27,Allan Goes,72.0,205.0,,Orthodox,1971-04-20,10-5-2,10,5,2,0,0.64,52.0,1.35,41.0,1.75,40.0,0.0,2.6,73.85948512612573,True
e64b96c07d7ce999,Li Jingliang,72.0,170.0,71.0,Orthodox,1988-03-20,19-9-0,19,9,0,0,4.46,42.0,3.95,56.0,1.19,41.0,60.0,0.0,71.0,False
e6666480a830f764,YiSak Lee,72.0,185.0,72.0,Orthodox,2000-01-01,8-2-0,8,2,0,0,2.73,40.0,5.73,47.0,0.0,0.0,0.0,0.0,72.0,False
e6679e38e7fab7a8,Jamie Siraj,67.0,135.0,66.0,Orthodox,1994-06-28,14-4-0,14,4,0,0,2.21,25.0,7.73,38.0,0.0,0.0,0.0,0.0,66.0,False
e670f8cc2969a789,Sherman Pendergarst,73.0,235.0,,Orthodox,1967-08-01,11-18-0 (1 NC),11,18,0,1,1.23,36.0,3.08,16.0,4.62,100.0,0.0,0.0,74.91483225558883,True
e6c5908910cc26e4,Lavar Johnson,76.0,240.0,82.0,Orthodox,1977-06-11,18-10-0,18,10,0,0,5.39,55.0,2.54,55.0,0.61,66.0,54.0,0.6,82.0,False
e70de1859b7ee78e,Sultan Aliev,71.0,170.0,74.0,Orthodox,1984-09-17,15-3-0,15,3,0,0,1.41,45.0,2.2,56.0,1.76,38.0,100.0,0.0,74.0,False
e741536153227386,Sean Alvarez,72.0,235.0,,Orthodox,1971-07-14,4-3-0,4,3,0,0,0.89,37.0,3.25,47.0,0.0,0.0,0.0,0.0,73.85948512612573,True
e76d9f656ceb82ab,Aleksandra Albu,62.0,115.0,63.0,Orthodox,1990-07-14,3-2-0,3,2,0,0,4.83,47.0,5.56,38.0,2.27,50.0,77.0,0.4,63.0,False
e780ccc79a209985,John Dowdy,,,,,,0-1-0,0,1,0,0,0.0,0.0,0.0,0.0,0.0,0.0,0.0,0.0,,False
e78f601035d677f2,Justin Wren,74.0,265.0,,Orthodox,1987-04-27,13-2-0,13,2,0,0,3.43,35.0,2.07,64.0,0.0,0.0,100.0,0.0,75.97017938505194,True
e7bba7ce4d6c7b07,Casey Kenney,67.0,135.0,68.0,Southpaw,1991-03-20,16-4-1,16,4,1,0,4.85,42.0,4.67,58.0,1.09,35.0,61.0,0.4,68.0,False
e7e01e266a9d4342,Ronnie Lawrence,68.0,135.0,68.0,Switch,1992-06-13,8-2-0 (1 NC),8,2,0,1,2.78,56.0,1.75,52.0,6.75,77.0,45.0,0.2,68.0,False
e7ec11096eac0282,Adrian Serrano,68.0,170.0,,,1963-12-23,56-29-4,56,29,4,0,0.0,0.0,0.0,0.0,0.0,0.0,0.0,0.0,69.63809660827336,True
e7f51d9f9e9259e7,Thomas Gifford,73.0,155.0,75.0,Orthodox,1992-07-26,14-9-0 (2 NC),14,9,0,2,3.97,37.0,6.45,37.0,0.5,33.0,33.0,0.0,75.0,False
e7fe5315b1efeb92,Guto Inocente,75.0,205.0,,Orthodox,1986-05-29,7-4-0,7,4,0,0,4.13,66.0,2.92,54.0,0.67,33.0,66.0,0.7,77.02552651451502,True
e803242fb2e41112,Islam Dulatov,75.0,170.0,75.0,Orthodox,1998-08-02,12-1-0,12,1,0,0,8.78,54.0,4.24,50.0,2.2,100.0,100.0,0.0,75.0,False
e81dd0bb8a64b550,Charlie Ward,71.0,170.0,,Orthodox,1980-12-17,3-3-0,3,3,0,0,1.64,19.0,7.21,53.0,0.0,0.0,0.0,0.0,72.80413799666265,True
e82d5f54daa85a7e,Joe Merritt,72.0,170.0,,Orthodox,1984-03-07,7-2-0,7,2,0,0,1.53,58.0,0.73,66.0,0.0,0.0,68.0,0.0,73.85948512612573,True
e86bc32f5997a8f7,Forrest Petz,69.0,170.0,71.0,Orthodox,1975-09-22,26-10-0,26,10,0,0,2.27,29.0,2.2,57.0,1.3,100.0,66.0,0.0,71.0,False
e872e9a9a902c045,Katlyn Cerminara,69.0,125.0,68.0,Orthodox,1988-12-28,18-6-0,18,6,0,0,4.58,34.0,4.48,62.0,0.31,15.0,50.0,0.3,68.0,False
e87a13e02c01331d,Ali AlQaisi,66.0,135.0,68.0,Orthodox,1990-09-23,8-5-0,8,5,0,0,2.43,42.0,1.97,56.0,3.5,29.0,60.0,1.0,68.0,False
e8b731feff72294b,Alexa Grasso,65.0,125.0,66.0,Orthodox,1993-08-09,17-5-1,17,5,1,0,4.11,41.0,3.71,58.0,0.4,35.0,54.0,0.7,66.0,False
e8c170a64dc920ac,Tulio Palhares,,180.0,,,,2-16-0,2,16,0,0,0.0,0.0,0.0,0.0,0.0,0.0,0.0,0.0,,False
e8efeb9cf33b1941,Cesar Marscucci,,,,,,3-2-0,3,2,0,0,0.0,0.0,0.0,0.0,0.0,0.0,0.0,0.0,,False
e8fb8e53bc2e29d6,Marcus Bossett,73.0,215.0,,Orthodox,,1-3-0,1,3,0,0,0.0,0.0,0.0,0.0,0.0,0.0,0.0,0.0,74.91483225558883,True
e8fe9c15d348e778,Daniel Barez,66.0,125.0,66.0,Orthodox,1988-12-10,17-8-0,17,8,0,0,4.6,48.0,6.93,50.0,1.71,29.0,80.0,0.5,66.0,False
e90a2f22417af68e,Azamat Murzakanov,70.0,205.0,71.0,Southpaw,1989-04-12,16-1-0,16,1,0,0,4.4,56.0,3.2,56.0,0.68,20.0,88.0,0.2,71.0,False
e9213f53ddeca978,Dhiego Lima,74.0,170.0,75.0,Orthodox,1989-01-31,17-9-0,17,9,0,0,3.12,39.0,3.88,58.0,1.26,34.0,73.0,0.6,75.0,False
e92901944ce91909,Askar Mozharov,75.0,205.0,74.0,Orthodox,1994-10-26,19-13-0,19,13,0,0,0.43,18.0,4.07,13.0,0.0,0.0,33.0,0.0,74.0,False
e93b04e308913c2e,Dooho Choi,70.0,145.0,70.0,Orthodox,1991-04-10,17-4-1,17,4,1,0,5.0,55.0,4.43,57.0,1.26,53.0,59.0,0.5,70.0,False
e94085e821bd81de,Sam Hughes,65.0,115.0,64.0,Orthodox,1992-06-28,11-7-0,11,7,0,0,4.41,47.0,4.69,58.0,1.12,29.0,63.0,0.2,64.0,False
e979c76341f19b22,Tom Duquesnoy,67.0,135.0,68.0,Orthodox,1993-06-21,16-2-0 (1 NC),16,2,0,1,3.83,45.0,5.3,62.0,0.42,25.0,46.0,0.0,68.0,False
e983c62faf677ab2,Pedro Nobre,65.0,135.0,,,1986-02-13,18-4-2 (1 NC),18,4,2,1,1.37,30.0,9.16,35.0,0.0,0.0,0.0,0.0,66.47205521988408,True
e99821959a840bb8,Lara Procopio,64.0,125.0,67.0,Orthodox,1995-11-14,7-2-0,7,2,0,0,5.64,58.0,6.5,47.0,3.15,47.0,50.0,0.3,67.0,False
e99eb0ef25885de5,Mitch Ramirez,71.0,155.0,70.0,Orthodox,1992-11-03,8-3-0,8,3,0,0,3.51,44.0,3.98,37.0,0.59,33.0,25.0,0.0,70.0,False
e9a3aeb207578eea,Ilir Latifi,70.0,230.0,73.0,Orthodox,1982-07-28,17-9-0 (1 NC),17,9,0,1,2.05,45.0,2.93,56.0,2.11,35.0,100.0,0.3,73.0,False
e9ac7bfb65c25497,John Phillips,71.0,185.0,75.0,Southpaw,1985-06-09,22-11-0 (1 NC),22,11,0,1,1.72,34.0,4.03,49.0,0.0,0.0,7.0,0.0,75.0,False
e9bc5748e6a76bb6,Ashkan Mokhtarian,66.0,125.0,67.0,Southpaw,1985-09-15,13-3-0,13,3,0,0,1.95,43.0,3.66,43.0,0.54,16.0,33.0,0.0,67.0,False
e9e1acc96536bb4f,Ricardo Funch,70.0,170.0,74.0,Southpaw,1980-08-14,9-6-0,9,6,0,0,2.61,65.0,3.57,40.0,1.24,18.0,60.0,0.0,74.0,False
e9e7e1c8ff289e1b,Humberto Brown Morrison,70.0,145.0,,,1984-11-03,4-6-0,4,6,0,0,1.71,50.0,2.19,62.0,1.43,25.0,0.0,0.0,71.74879086719955,True
ea0ad155451ed1f5,Ray Wizard,,,,,,0-1-0,0,1,0,0,0.0,0.0,0.0,0.0,0.0,0.0,0.0,0.0,,False
ea398c802d9998ee,Thomas Ramirez,73.0,410.0,,Sideways,,0-1-0,0,1,0,0,0.0,0.0,0.0,0.0,0.0,0.0,0.0,0.0,74.91483225558883,True
ea3dcc417c322064,Martin Day,70.0,145.0,73.0,Orthodox,1988-11-10,8-6-0,8,6,0,0,3.97,45.0,3.79,53.0,0.72,60.0,65.0,0.5,73.0,False
ea3ef6206c7907d5,Gideon Ray,70.0,185.0,,Southpaw,1973-05-27,17-15-1,17,15,1,0,2.08,40.0,2.58,53.0,1.49,100.0,0.0,0.0,71.74879086719955,True
ea7e5bc78d9de658,Makhmud Muradov,74.0,185.0,75.0,Orthodox,1990-02-08,26-8-0 (1 NC),26,8,0,1,4.21,43.0,2.57,61.0,3.03,66.0,77.0,0.2,75.0,False
eaa9402e5a7990ad,Braxton Smith,71.0,257.0,72.0,Orthodox,1990-01-01,5-2-0,5,2,0,0,6.46,48.0,11.54,32.0,0.0,0.0,100.0,0.0,72.0,False
eabf206b162b3b83,Paul Craig,75.0,205.0,76.0,Orthodox,1987-11-27,17-10-1 (1 NC),17,10,1,1,2.5,45.0,3.04,43.0,1.43,18.0,35.0,1.3,76.0,False
eae431e70064e046,Abdul Razak Alhassan,70.0,185.0,73.0,Orthodox,1985-08-11,12-7-0 (1 NC),12,7,0,1,3.64,49.0,4.01,54.0,0.84,33.0,51.0,0.2,73.0,False
eae48ff31db420c2,Arman Tsarukyan,67.0,155.0,72.0,Orthodox,1996-10-11,23-3-0,23,3,0,0,3.85,50.0,1.8,54.0,3.26,37.0,75.0,0.1,72.0,False
eae4aec1a5a8ff01,Tom Egan,71.0,170.0,,Orthodox,,7-5-0,7,5,0,0,0.0,0.0,3.91,50.0,0.0,0.0,28.0,0.0,72.80413799666265,True
eaea0fc7b76525a8,Mike Guymon,72.0,170.0,74.0,Orthodox,1974-09-17,15-6-1,15,6,1,0,2.75,65.0,0.79,66.0,1.87,37.0,54.0,1.2,74.0,False
eb04b9d31e938edb,Michelle Waterson-Gomez,63.0,115.0,62.0,Orthodox,1986-01-06,18-13-0,18,13,0,0,3.42,46.0,4.25,48.0,1.39,33.0,69.0,0.6,62.0,False
eb1723480fa2f96c,Caol Uno,67.0,155.0,70.0,Southpaw,1975-05-08,33-19-5,33,19,5,0,1.91,49.0,1.9,50.0,1.95,31.0,37.0,0.5,70.0,False
eb29176b03dfa888,Matt Wiman,70.0,155.0,68.0,Orthodox,1983-09-19,16-10-0,16,10,0,0,3.17,50.0,3.57,51.0,2.13,37.0,56.0,1.5,68.0,False
eb393afdbe3293d5,Ismael Bonfim,68.0,155.0,71.0,Orthodox,1995-12-28,20-6-0,20,6,0,0,5.51,54.0,3.71,65.0,1.06,33.0,76.0,0.0,71.0,False
eb70e786bbdf1d16,Yanis Ghemmouri,69.0,135.0,69.0,Orthodox,1995-01-24,12-3-0,12,3,0,0,2.29,38.0,5.14,35.0,0.0,0.0,0.0,0.0,69.0,False
eb8d8c2a95cfccb8,Victor Henry,67.0,135.0,68.0,Switch,1987-05-04,25-7-0 (1 NC),25,7,0,1,7.17,53.0,5.19,48.0,1.04,42.0,81.0,0.3,68.0,False
ebc1f40e00e0c481,Stefan Struve,83.0,265.0,84.0,Orthodox,1988-02-18,33-13-0,33,13,0,0,3.12,47.0,4.04,46.0,0.56,46.0,55.0,1.7,84.0,False
ebc5af72ad5a28cb,Nick Agallar,68.0,155.0,,Orthodox,1979-01-13,24-6-0,24,6,0,0,0.69,11.0,4.56,42.0,0.0,0.0,0.0,0.0,69.63809660827336,True
ebef46976554f975,Jordan Griffin,70.0,145.0,73.0,Southpaw,1990-02-28,18-9-0,18,9,0,0,2.52,46.0,3.02,50.0,1.45,35.0,42.0,1.9,73.0,False
ec0dcceace7d25a3,Liang Na,65.0,125.0,67.0,Orthodox,1996-07-27,19-8-0,19,8,0,0,1.99,42.0,3.95,36.0,3.6,58.0,25.0,0.5,67.0,False
ec13c393d029297d,Kaue Fernandes,69.0,155.0,73.0,Orthodox,1995-03-17,11-2-0,11,2,0,0,4.28,55.0,1.42,62.0,1.18,100.0,76.0,0.0,73.0,False
ec18eb918121787c,Kazula Vargas,68.0,155.0,71.0,Southpaw,1985-08-15,12-5-0,12,5,0,0,3.65,53.0,1.77,57.0,0.4,25.0,30.0,0.4,71.0,False
ec23c1be628d8057,Trevin Jones,67.0,135.0,70.0,Southpaw,1990-08-04,13-10-0 (1 NC),13,10,0,1,2.13,37.0,4.29,39.0,0.62,15.0,60.0,0.2,70.0,False
ec2d13a87d3d9541,Sheldon Westcott,73.0,170.0,71.0,Southpaw,1984-08-20,10-3-1,10,3,1,0,2.26,40.0,3.73,37.0,3.23,37.0,14.0,0.0,71.0,False
ec33146e43e58933,Xavier Foupa-Pokam,73.0,185.0,,Open Stance,1982-07-03,32-22-0,32,22,0,0,1.47,43.0,2.5,49.0,0.0,0.0,16.0,0.0,74.91483225558883,True
ec34349e7dffcde7,Claudia Gadelha,64.0,115.0,63.0,Orthodox,1988-12-07,18-5-0,18,5,0,0,3.31,41.0,4.57,57.0,3.03,42.0,58.0,0.7,63.0,False
ec3bd30378d63dd1,Hecher Sosa,69.0,135.0,70.0,Orthodox,1995-08-25,15-1-0,15,1,0,0,4.53,47.0,2.5,61.0,2.0,36.0,69.0,1.0,70.0,False
ec52462a1b41f714,Brett Johns,67.0,135.0,71.0,Orthodox,1992-02-21,17-2-0,17,2,0,0,2.86,49.0,3.84,53.0,4.92,49.0,58.0,1.0,71.0,False
ec664422b22d9787,Jenel Lausa,65.0,125.0,68.0,Orthodox,1988-08-01,7-5-0,7,5,0,0,1.44,42.0,3.53,53.0,0.55,66.0,51.0,0.8,68.0,False
ec71a892fada28c7,Marco Beltran,68.0,125.0,69.0,Orthodox,1986-05-18,8-6-0,8,6,0,0,2.07,37.0,1.93,63.0,0.7,50.0,46.0,0.2,69.0,False
ecdf14f4f8643d39,Byron Bloodworth,68.0,135.0,,Orthodox,1983-08-16,6-3-0,6,3,0,0,1.82,28.0,5.18,50.0,0.0,0.0,0.0,0.0,69.63809660827336,True
ece280745f8727b8,Kamal Shalorus,68.0,155.0,68.0,Orthodox,1972-08-27,9-5-2,9,5,2,0,3.06,32.0,2.99,70.0,2.07,50.0,80.0,0.0,68.0,False
ed209f6618c82e41,Hacran Dias,68.0,155.0,69.0,Orthodox,1984-06-16,23-6-1,23,6,1,0,2.08,41.0,3.31,55.0,2.5,39.0,76.0,0.5,69.0,False
ed2a8cc402173781,Vince Cachero,66.0,145.0,68.0,Orthodox,1989-11-07,7-4-0,7,4,0,0,3.29,45.0,6.51,43.0,0.0,0.0,18.0,0.5,68.0,False
ed73c85164a5f5a4,Paul Creighton,66.0,155.0,,Southpaw,1970-06-04,3-1-0,3,1,0,0,0.72,75.0,4.65,30.0,5.37,37.0,0.0,0.0,67.52740234934717,True
ed74afc8b5b47a61,William Macario,71.0,170.0,75.0,Orthodox,1991-07-01,9-3-0,9,3,0,0,4.92,54.0,3.96,65.0,1.85,45.0,78.0,0.0,75.0,False
ed7d329d7c29428d,Colby Thicknesse,67.0,135.0,69.0,Orthodox,1999-06-23,9-1-0,9,1,0,0,3.24,41.0,2.93,54.0,0.67,7.0,33.0,1.7,69.0,False
ed9d8ee3a4239b1c,Sage Northcutt,72.0,170.0,71.0,Orthodox,1996-03-01,11-2-0,11,2,0,0,3.58,52.0,1.96,58.0,1.81,34.0,41.0,0.6,71.0,False
edad57b3dddf2168,Jared Papazian,68.0,135.0,67.0,Southpaw,1988-02-01,20-13-0 (1 NC),20,13,0,1,3.33,39.0,3.81,44.0,0.0,0.0,50.0,0.0,67.0,False
edd02825c29028fe,Marco Polo Reyes,71.0,155.0,71.0,Orthodox,1984-11-07,8-7-0,8,7,0,0,6.0,37.0,5.52,59.0,0.0,0.0,46.0,0.0,71.0,False
edd8d5d8089a35f8,Frank Lester,71.0,170.0,,Orthodox,1984-06-10,11-6-0 (1 NC),11,6,0,1,2.18,36.0,3.82,53.0,0.0,0.0,0.0,0.0,72.80413799666265,True
ee18ff42063174df,Ottman Azaitar,68.0,155.0,71.0,Switch,1990-02-20,13-3-0,13,3,0,0,4.43,44.0,4.11,52.0,0.0,0.0,100.0,0.0,71.0,False
ee457ef1e1c326c1,Ben Earwood,68.0,170.0,,Orthodox,,12-3-0,12,3,0,0,0.5,55.0,0.2,33.0,3.0,100.0,0.0,0.0,69.63809660827336,True
ee4b670e159f4a33,Dorian Price,75.0,170.0,,Southpaw,1977-08-20,8-5-0,8,5,0,0,0.0,0.0,0.0,0.0,0.0,0.0,0.0,0.0,77.02552651451502,True
ee5df903f80c6816,Eldo Xavier Dias,71.0,180.0,,,1964-07-16,0-1-0,0,1,0,0,0.0,0.0,0.0,0.0,0.0,0.0,0.0,0.0,72.80413799666265,True
ee624ee2a18f2a43,Jorge Lopez,70.0,170.0,,Orthodox,1988-11-21,11-5-0,11,5,0,0,2.47,59.0,2.57,50.0,3.5,41.0,81.0,0.0,71.74879086719955,True
ee779c43a8926d52,Rashad Evans,72.0,205.0,75.0,Orthodox,1979-09-25,19-8-1,19,8,1,0,2.14,37.0,2.42,63.0,2.98,44.0,73.0,0.0,75.0,False
ee9d73f4fee9cbdd,Antonio Rodrigo Nogueira,75.0,240.0,77.0,Orthodox,1976-06-02,34-10-1 (1 NC),34,10,1,1,1.95,42.0,2.4,55.0,1.3,29.0,36.0,2.4,77.0,False
ee9ebceabfd16fa7,Kevin Lee,69.0,170.0,77.0,Orthodox,1992-09-04,18-8-0,18,8,0,0,3.88,42.0,3.6,50.0,3.18,43.0,75.0,0.8,77.0,False
eea0274e153256a0,Ian Loveland,68.0,145.0,,Orthodox,1983-09-07,18-10-0,18,10,0,0,2.71,40.0,2.36,64.0,1.0,37.0,69.0,0.3,69.63809660827336,True
eeabcd4dc6619129,Daniel Jolly,73.0,205.0,75.0,Orthodox,1984-09-03,5-3-0,5,3,0,0,1.32,46.0,3.39,44.0,2.83,33.0,50.0,0.0,75.0,False
eebc23626e38f5dc,Liana Jojua,64.0,125.0,62.0,Orthodox,1995-03-22,8-5-0,8,5,0,0,2.42,30.0,5.32,54.0,1.71,66.0,50.0,1.3,62.0,False
eee0ef3e2b14816b,Kai Kamaka III,67.0,145.0,69.0,Orthodox,1995-01-05,18-8-1,18,8,1,0,5.49,59.0,6.03,55.0,1.45,53.0,55.0,0.2,69.0,False
eee7dafac7d672b5,Brian Melancon,68.0,170.0,,Orthodox,1982-05-28,7-3-0,7,3,0,0,4.18,49.0,3.64,64.0,2.02,100.0,66.0,0.0,69.63809660827336,True
eef9b891edbd4604,Mark Hunt,70.0,265.0,72.0,Orthodox,1974-03-23,13-14-1 (1 NC),13,14,1,1,2.81,43.0,2.9,51.0,0.51,55.0,64.0,0.2,72.0,False
ef1182eb28c17d4e,Mark Striegl,68.0,145.0,70.0,Southpaw,1988-06-23,18-4-0 (1 NC),18,4,0,1,1.4,45.0,4.07,40.0,0.0,0.0,66.0,0.0,70.0,False
ef44e4ea9050f2ea,Te Edwards,68.0,155.0,72.0,Orthodox,1990-09-11,6-3-0,6,3,0,0,1.5,41.0,4.15,44.0,0.72,100.0,44.0,0.0,72.0,False
ef5dcb10d2bd4b0f,Bogdan Guskov,75.0,205.0,76.0,Orthodox,1992-09-12,18-3-1,18,3,1,0,4.57,55.0,4.09,44.0,0.0,0.0,57.0,0.7,76.0,False
ef7fa30364cbe7f2,Hatsu Hioki,71.0,145.0,73.0,Orthodox,1983-07-18,29-10-2,29,10,2,0,2.42,42.0,2.12,65.0,2.55,56.0,54.0,0.6,73.0,False
efa1f6b42c86793c,Adam Wieczorek,77.0,250.0,81.0,Orthodox,1992-02-05,10-2-0,10,2,0,0,1.68,38.0,1.87,48.0,0.41,33.0,58.0,0.4,81.0,False
efaf544314bb5c2e,Ron Waterman,74.0,280.0,,Orthodox,1965-11-23,16-6-2,16,6,2,0,0.84,50.0,1.37,42.0,4.19,69.0,50.0,2.8,75.97017938505194,True
efb96bf3e9ada36f,Song Yadong,68.0,135.0,67.0,Orthodox,1997-12-02,23-9-1 (1 NC),23,9,1,1,4.34,43.0,3.81,55.0,0.82,41.0,73.0,0.2,67.0,False
efb9a43415a56d34,Sai Wang,72.0,170.0,,Southpaw,1986-01-14,20-6-1,20,6,1,0,3.17,46.0,2.27,53.0,0.0,0.0,77.0,0.0,73.85948512612573,True
efc67b07eed39794,Istela Nunes,64.0,115.0,66.0,Orthodox,1992-07-23,6-6-0 (1 NC),6,6,0,1,4.28,47.0,4.07,59.0,0.0,0.0,47.0,0.0,66.0,False
efd2b3e9bb7965a4,Bharat Kandare,67.0,135.0,72.0,Orthodox,1987-06-20,5-3-0,5,3,0,0,0.7,10.0,1.88,72.0,0.0,0.0,0.0,0.0,72.0,False
eff47295daf721a6,Tamdan McCrory,76.0,185.0,76.0,Switch,1986-11-05,14-5-0,14,5,0,0,2.07,49.0,1.6,46.0,2.28,50.0,33.0,2.5,76.0,False
eff9074bc066f0f2,Bia Mesquita,64.0,135.0,67.0,Orthodox,1991-04-07,8-0-0,8,0,0,0,4.52,57.0,1.27,71.0,3.57,75.0,0.0,3.6,67.0,False
effd9de9937996f8,Tyron Woodley,69.0,170.0,74.0,Orthodox,1982-04-07,19-7-1,19,7,1,0,2.36,48.0,2.76,54.0,1.06,40.0,87.0,0.4,74.0,False
f00ac08ab056af5d,Tagir Ulanbekov,67.0,125.0,70.0,Southpaw,1991-08-07,17-3-0,17,3,0,0,3.01,48.0,3.44,50.0,2.73,39.0,63.0,1.5,70.0,False
f0264252e191da22,Jason Thacker,70.0,185.0,,Orthodox,1975-08-18,0-1-0,0,1,0,0,0.63,33.0,17.05,32.0,0.0,0.0,0.0,0.0,71.74879086719955,True
f046d724d2a84ac5,Desmond Green,70.0,155.0,73.0,Southpaw,1989-10-11,23-8-0,23,8,0,0,3.7,46.0,2.51,69.0,1.62,50.0,75.0,0.0,73.0,False
f0abbb6f3444dae7,Paul Buentello,74.0,245.0,77.0,Orthodox,1974-01-16,35-17-0,35,17,0,0,3.29,45.0,3.83,52.0,0.19,33.0,39.0,0.4,77.0,False
f0fad0e9f3b65752,Jamey Simmons,66.0,135.0,70.0,Orthodox,1992-09-11,7-4-0,7,4,0,0,0.79,21.0,1.92,74.0,0.0,0.0,50.0,0.0,70.0,False
f0feeb2192937424,Angela Hill,63.0,115.0,64.0,Orthodox,1985-01-12,19-16-0,19,16,0,0,5.46,50.0,5.0,60.0,0.76,30.0,72.0,0.2,64.0,False
f1175ea3aafbf351,Hu Yaozong,75.0,185.0,72.0,Orthodox,1995-04-07,3-3-0,3,3,0,0,3.35,48.0,5.09,35.0,0.0,0.0,33.0,0.4,72.0,False
f12f979b657ab876,Dan Barrera,69.0,170.0,,Orthodox,1980-12-23,3-1-0,3,1,0,0,0.8,70.0,1.2,28.0,1.0,8.0,0.0,0.0,70.69344373773646,True
f139d6836efd43dd,Yaroslav Amosov,72.0,170.0,75.0,Orthodox,1993-09-09,30-1-0,30,1,0,0,2.65,53.0,1.38,60.0,11.11,53.0,0.0,3.2,75.0,False
f14cf73e51b29254,Sergei Pavlovich,75.0,257.0,84.0,Southpaw,1992-05-13,21-3-0,21,3,0,0,4.49,44.0,3.58,56.0,0.47,25.0,75.0,0.0,84.0,False
f14f644d41ade29f,Cody Brundage,72.0,185.0,72.0,Orthodox,1994-05-16,12-9-1 (1 NC),12,9,1,1,2.5,51.0,2.95,50.0,1.8,41.0,66.0,0.5,72.0,False
f166e93d04a8c274,Diego Lopes,71.0,145.0,72.0,Orthodox,1994-12-30,28-8-0,28,8,0,0,3.79,47.0,4.65,46.0,0.82,46.0,68.0,1.3,72.0,False
f1928a52590c5532,Curtis Millender,74.0,170.0,76.0,Orthodox,1987-12-01,17-5-0,17,5,0,0,3.86,46.0,2.95,61.0,0.43,100.0,57.0,0.0,76.0,False
f1ab6f37492c630a,Carli Judice,67.0,115.0,68.0,Southpaw,1999-03-02,6-2-0,6,2,0,0,9.32,50.0,6.62,57.0,0.52,25.0,80.0,0.0,68.0,False
f1b2a4365799c48b,Christian Wellisch,74.0,234.0,77.0,Orthodox,1975-09-13,8-5-0,8,5,0,0,3.12,27.0,3.04,56.0,1.22,42.0,45.0,1.2,77.0,False
f1b2aa7853d1ed6e,Kamaru Usman,72.0,185.0,76.0,Switch,1987-05-11,21-4-0,21,4,0,0,4.16,51.0,2.67,55.0,2.79,44.0,89.0,0.1,76.0,False
f1d64ae34e088832,Charles Jourdain,69.0,135.0,69.0,Switch,1995-11-27,18-8-1,18,8,1,0,5.36,49.0,4.11,56.0,0.38,21.0,46.0,0.6,69.0,False
f1f37d667bcd0d27,Willamy Freire,68.0,155.0,,Orthodox,1987-07-28,26-6-0,26,6,0,0,1.53,37.0,0.93,62.0,0.5,100.0,73.0,0.0,69.63809660827336,True
f1f9e48a0d150757,Steve Cantwell,74.0,185.0,75.0,Orthodox,1986-12-08,7-6-0,7,6,0,0,3.63,34.0,5.76,55.0,0.65,30.0,80.0,0.7,75.0,False
f1fac969a1d70b08,Leon Edwards,74.0,170.0,74.0,Southpaw,1991-08-25,22-6-0 (1 NC),22,6,0,1,2.6,54.0,2.44,52.0,1.25,37.0,63.0,0.4,74.0,False
f201f21cf2c79eb2,Sebastian Szalay,66.0,145.0,66.0,Orthodox,1994-02-03,10-2-0,10,2,0,0,4.94,41.0,2.2,65.0,0.51,20.0,84.0,0.0,66.0,False
f215cfbd4ba3c270,Garreth McLellan,73.0,185.0,72.0,Southpaw,1982-09-01,13-6-0,13,6,0,0,3.56,54.0,2.94,45.0,1.15,22.0,34.0,0.9,72.0,False
f2477cf43c4975cc,Jonathan Martinez,68.0,135.0,70.0,Southpaw,1994-04-20,19-6-0,19,6,0,0,4.44,49.0,4.09,56.0,0.38,35.0,68.0,0.1,70.0,False
f264ba50b007f39e,Victor Hugo,67.0,135.0,71.0,Orthodox,1992-11-22,25-5-0,25,5,0,0,3.27,44.0,2.95,56.0,0.81,33.0,73.0,1.2,71.0,False
f2688492b9a525a3,Frankie Edgar,66.0,135.0,68.0,Orthodox,1981-10-16,23-11-1,23,11,1,0,3.77,40.0,2.82,65.0,2.29,31.0,65.0,0.3,68.0,False
f2900678e98f6d6a,Ronaldo Rodriguez,66.0,125.0,65.0,Orthodox,1999-05-07,17-3-0,17,3,0,0,2.71,43.0,3.8,44.0,1.09,36.0,64.0,0.8,65.0,False
f2925e6db404bf1d,Robbie Lawler,71.0,170.0,74.0,Southpaw,1982-03-20,30-16-0 (1 NC),30,16,0,1,3.85,47.0,4.67,59.0,0.65,64.0,65.0,0.0,74.0,False
f29a6350c69f4a33,Miranda Maverick,63.0,125.0,65.0,Southpaw,1997-07-01,17-6-0,17,6,0,0,3.22,44.0,2.25,61.0,2.16,40.0,45.0,0.4,65.0,False
f2ad06f1007c481a,Alan Omer,70.0,145.0,,Orthodox,1988-09-14,20-5-0,20,5,0,0,3.49,55.0,2.21,64.0,1.69,42.0,66.0,0.0,71.74879086719955,True
f2b3f4ef3f780168,Nora Cornolle,67.0,135.0,67.0,Orthodox,1989-12-06,9-4-0,9,4,0,0,2.73,55.0,2.04,56.0,0.22,11.0,47.0,0.2,67.0,False
f2b6fdb20675b11c,Mike Perry,70.0,170.0,71.0,Orthodox,1991-09-15,14-8-0,14,8,0,0,4.32,47.0,5.16,52.0,0.81,40.0,78.0,0.2,71.0,False
f2c8ebbeafd45f2b,Aaron Riley,68.0,155.0,69.0,Southpaw,1980-12-09,30-14-1,30,14,1,0,3.45,34.0,3.78,61.0,1.18,34.0,60.0,0.1,69.0,False
f2f140ce7532e327,Gabriel Santos,69.0,145.0,70.0,Orthodox,1996-11-28,12-2-0,12,2,0,0,4.35,60.0,4.31,45.0,3.8,54.0,87.0,1.2,70.0,False
f300763147320d12,Liliya Shakirova,64.0,125.0,65.0,Orthodox,1991-10-24,8-2-0,8,2,0,0,2.7,30.0,2.58,74.0,0.0,0.0,0.0,0.0,65.0,False
f3388d2cf7ab3f64,Rob MacDonald,75.0,205.0,78.0,Orthodox,1978-09-05,5-4-0,5,4,0,0,1.8,50.0,2.04,46.0,7.19,80.0,80.0,5.4,78.0,False
f341f9551ba744e2,Paul Jones,69.0,199.0,,Orthodox,1963-06-16,11-1-1,11,1,1,0,0.0,0.0,0.0,0.0,0.0,0.0,0.0,0.0,70.69344373773646,True
f34312c2ccfa0e00,Spencer Fisher,67.0,155.0,68.0,Southpaw,1976-05-09,24-9-0,24,9,0,0,3.17,43.0,3.03,64.0,0.67,30.0,60.0,0.8,68.0,False
f348d05403fad037,Dan Bobish,74.0,345.0,,Southpaw,1970-01-26,17-9-0,17,9,0,0,2.06,44.0,1.74,34.0,2.44,42.0,0.0,1.6,75.97017938505194,True
f3a078277b3b8ff4,Masanori Kanehara,67.0,135.0,67.0,Orthodox,1982-11-19,26-12-5,26,12,5,0,1.88,49.0,1.63,62.0,1.44,50.0,63.0,0.9,67.0,False
f3a853544e4413c4,Anthony Lapsley,69.0,170.0,,Southpaw,1980-02-13,23-7-0 (2 NC),23,7,0,2,0.53,34.0,0.58,66.0,0.0,0.0,20.0,0.0,70.69344373773646,True
f3ca6908f78efebe,Terrence Mitchell,70.0,135.0,74.0,Orthodox,1989-12-30,14-4-0,14,4,0,0,2.21,34.0,8.85,41.0,3.69,50.0,0.0,0.0,74.0,False
f40ec51dd4de47c3,Jonavin Webb,70.0,170.0,,Orthodox,1989-04-28,9-2-0 (1 NC),9,2,0,1,1.47,30.0,2.27,64.0,2.5,31.0,40.0,1.0,71.74879086719955,True
f41b9f5efc7162d6,Jamal Pogues,75.0,205.0,77.0,Orthodox,1995-12-01,11-5-0,11,5,0,0,3.57,46.0,3.97,49.0,2.0,46.0,70.0,0.0,77.0,False
f4c49976c75c5ab2,Conor McGregor,69.0,155.0,74.0,Southpaw,1988-07-14,22-7-0,22,7,0,0,5.27,49.0,4.71,53.0,0.66,55.0,66.0,0.1,74.0,False
f4d92416da98804b,Bassil Hafez,71.0,170.0,72.0,Orthodox,1992-01-31,9-4-1,9,4,1,0,3.71,38.0,5.68,41.0,2.21,24.0,50.0,0.0,72.0,False
f50d95223751e6ca,Russell Doane,67.0,135.0,70.0,Orthodox,1986-08-13,15-8-0,15,8,0,0,1.75,40.0,1.68,53.0,2.11,45.0,52.0,0.8,70.0,False
f53c1f4ceeed8c08,Dustin Ortiz,65.0,125.0,65.0,Orthodox,1988-12-25,19-8-0,19,8,0,0,2.94,44.0,2.17,56.0,3.01,36.0,52.0,0.1,65.0,False
f53d4f21d1b5f2dc,Diego Ferreira,69.0,155.0,74.0,Orthodox,1985-01-18,19-7-0,19,7,0,0,4.7,39.0,3.46,55.0,0.82,30.0,57.0,0.6,74.0,False
f5431394fb284bb9,James Te Huna,74.0,185.0,75.0,Orthodox,1981-09-29,16-9-0,16,9,0,0,4.04,51.0,2.99,62.0,2.75,37.0,58.0,0.2,75.0,False
f5779a2303ed76ec,Valter Walker,78.0,244.0,78.0,Orthodox,1997-12-14,15-1-0,15,1,0,0,2.0,52.0,2.85,42.0,5.74,69.0,0.0,2.5,78.0,False
f57a8a52ca401ed9,Nick Diaz,73.0,170.0,76.0,Southpaw,1983-08-02,26-10-0 (2 NC),26,10,0,2,5.71,42.0,3.84,59.0,1.28,32.0,60.0,1.0,76.0,False
f57dd0bfa8c17813,Mark De La Rosa,66.0,135.0,65.0,Orthodox,1994-08-31,11-5-0,11,5,0,0,3.13,35.0,5.0,48.0,0.54,13.0,40.0,0.2,65.0,False
f5990c11974d8e9c,Mike Pyle,72.0,170.0,74.0,Orthodox,1975-09-18,27-14-1,27,14,1,0,2.74,45.0,2.84,60.0,1.8,35.0,70.0,1.5,74.0,False
f59e9e49ef85b469,Jason Young,69.0,145.0,73.0,Orthodox,1986-06-28,9-6-0,9,6,0,0,2.97,37.0,3.2,50.0,1.98,66.0,55.0,0.0,73.0,False
f59f1d3a2ff13edd,Eric Schafer,75.0,185.0,76.0,Orthodox,1977-09-20,14-8-2,14,8,2,0,1.89,34.0,3.38,56.0,1.81,36.0,50.0,1.8,76.0,False
f5d82eccdea4e2dd,Christian Edwards,77.0,205.0,78.0,Southpaw,1998-11-05,8-5-0,8,5,0,0,2.4,50.0,2.4,55.0,0.0,0.0,0.0,0.0,78.0,False
f5f6419c5f00abad,Tyler Diamond,67.0,145.0,69.0,Orthodox,1991-03-18,9-1-0,9,1,0,0,3.4,47.0,2.53,44.0,3.0,75.0,70.0,0.0,69.0,False
f5ff7bcdcfeba3ad,Trevor Prangley,73.0,185.0,75.0,Orthodox,1972-08-24,34-11-2,34,11,2,0,2.59,60.0,2.02,48.0,3.38,55.0,74.0,1.0,75.0,False
f626118b6da0e020,Bryan Battle,73.0,185.0,77.0,Orthodox,1994-09-21,13-2-0 (1 NC),13,2,0,1,5.12,52.0,4.11,44.0,0.77,17.0,53.0,0.4,77.0,False
f62850b3c7480db9,Keith Mielke,68.0,185.0,,,,0-5-0,0,5,0,0,0.0,0.0,0.0,0.0,0.0,0.0,0.0,0.0,69.63809660827336,True
f65dcb22dada2223,Josh Sampo,64.0,125.0,64.0,Orthodox,1984-07-24,11-5-0,11,5,0,0,1.99,36.0,2.96,55.0,1.06,33.0,40.0,2.1,64.0,False
f6ad6a1e4d600e0d,Mason Jones,70.0,155.0,74.0,Orthodox,1995-04-26,18-2-0 (1 NC),18,2,0,1,5.98,42.0,4.45,50.0,3.48,55.0,73.0,0.2,74.0,False
f6bcbd91b114ff58,Johnny Munoz,69.0,135.0,71.0,Orthodox,1993-02-16,12-4-0,12,4,0,0,2.44,36.0,2.66,55.0,2.4,25.0,45.0,1.8,71.0,False
f6e5972c9d16c40e,Victor Rodriguez,65.0,125.0,67.0,Switch,1992-09-05,7-4-0,7,4,0,0,1.59,37.0,6.11,50.0,0.0,0.0,0.0,0.0,67.0,False
f70144caea5c4c80,Eugenio Tadeu,68.0,160.0,,Orthodox,1963-08-17,2-3-0 (1 NC),2,3,0,1,0.0,0.0,0.0,0.0,0.0,0.0,0.0,0.0,69.63809660827336,True
f703250471acaf96,Harry Hunsucker,74.0,205.0,75.0,Orthodox,1989-01-03,7-6-0,7,6,0,0,3.54,52.0,6.53,42.0,0.0,0.0,0.0,2.0,75.0,False
f717b6002486f73f,Marcus Silveira,75.0,242.0,,Orthodox,1964-12-09,6-4-0 (1 NC),6,4,0,1,0.0,0.0,0.0,0.0,0.0,0.0,0.0,0.0,77.02552651451502,True
f72465a784c1b084,Jessica Eye,66.0,125.0,66.0,Orthodox,1986-07-27,15-11-0 (1 NC),15,11,0,1,3.86,37.0,4.19,55.0,0.58,40.0,57.0,0.5,66.0,False
f7467152fd9f18a2,Taila Santos,66.0,125.0,68.0,Orthodox,1993-06-22,19-3-0,19,3,0,0,3.39,48.0,2.64,58.0,2.0,76.0,86.0,1.1,68.0,False
f748267c4ab6c127,Rhys McKee,74.0,170.0,78.0,Orthodox,1995-09-10,14-7-1,14,7,1,0,4.71,40.0,7.15,47.0,0.0,0.0,47.0,0.0,78.0,False
f74e037b97917027,James Giboo,71.0,170.0,,Orthodox,1978-01-06,13-5-0,13,5,0,0,1.2,27.0,7.08,39.0,0.0,0.0,0.0,0.0,72.80413799666265,True
f75c5ca0d91b9115,Richie Smullen,69.0,155.0,68.0,Orthodox,1991-08-17,3-1-1,3,1,1,0,1.98,77.0,2.26,65.0,8.49,66.0,0.0,0.0,68.0,False
f77c68bb4be8516d,Yoel Romero,72.0,185.0,73.0,Southpaw,1977-04-30,13-5-0,13,5,0,0,3.44,49.0,3.05,60.0,1.57,30.0,78.0,0.0,73.0,False
f782f953bfe7b5f2,Jonathan Micallef,72.0,170.0,77.0,Southpaw,1999-03-05,10-1-0,10,1,0,0,3.85,43.0,3.64,56.0,1.08,42.0,66.0,0.7,77.0,False
f797f0c57a83353e,Trevor Smith,75.0,185.0,75.0,Orthodox,1981-01-05,15-10-0,15,10,0,0,3.29,55.0,3.31,51.0,1.7,32.0,60.0,0.7,75.0,False
f7a7f7118d4b01b6,Lyoto Machida,73.0,185.0,74.0,Southpaw,1978-05-30,24-8-0,24,8,0,0,2.59,53.0,1.57,61.0,1.21,65.0,75.0,0.4,74.0,False
f7be1db194e03d7e,Pedro Falcao,66.0,135.0,66.0,Orthodox,1992-07-30,16-5-0,16,5,0,0,3.21,48.0,3.39,50.0,2.73,25.0,66.0,0.0,66.0,False
f7d73e452b064bf2,Danny Henry,72.0,145.0,73.0,Orthodox,1988-07-17,12-4-0,12,4,0,0,5.2,51.0,4.16,45.0,0.74,33.0,50.0,2.2,73.0,False
f7e856a73c96048e,Gable Steveson,71.0,249.0,74.0,Orthodox,2000-05-31,4-0-0,4,0,0,0,16.29,71.0,5.17,60.0,0.0,0.0,0.0,0.0,74.0,False
f86cb5f25d545e0e,Daniel Spitz,79.0,245.0,82.0,Orthodox,1990-07-31,6-3-0,6,3,0,0,2.6,35.0,5.3,46.0,0.74,66.0,0.0,0.0,82.0,False
f8dc544e7077d014,Jorge Santiago,73.0,170.0,75.0,Orthodox,1980-10-09,25-12-0,25,12,0,0,1.69,35.0,2.62,56.0,0.58,30.0,52.0,0.8,75.0,False
f8f1ec513bcfef43,Alexander Munoz,69.0,155.0,72.0,Switch,1990-02-27,7-2-0,7,2,0,0,3.7,42.0,4.73,55.0,3.0,40.0,100.0,0.0,72.0,False
f8fe2053d73d7bcf,Nick Catone,72.0,185.0,72.0,Southpaw,1981-09-01,10-4-0,10,4,0,0,2.11,44.0,2.32,63.0,3.71,44.0,83.0,0.5,72.0,False
f9081770e28ea2e1,Reginaldo Vieira,67.0,135.0,65.0,Orthodox,1982-11-26,13-5-0,13,5,0,0,3.76,40.0,2.89,59.0,1.97,27.0,25.0,0.8,65.0,False
f923e012414c883e,Lauren Mueller,65.0,125.0,67.0,Orthodox,1991-11-15,5-3-0,5,3,0,0,4.08,41.0,3.77,58.0,0.7,50.0,71.0,0.0,67.0,False
f95381efb3051d81,Hugo Viana,66.0,135.0,67.0,Orthodox,1982-09-26,8-4-0,8,4,0,0,3.05,38.0,3.2,57.0,0.22,6.0,50.0,0.0,67.0,False
f96856f9d69fd7e4,Robert Bryczek,72.0,185.0,75.0,Orthodox,1990-07-04,18-7-0,18,7,0,0,2.8,37.0,4.51,55.0,0.36,100.0,71.0,0.4,75.0,False
f97c5433c77522d3,Nohelin Hernandez,70.0,135.0,71.0,Orthodox,1994-03-01,9-4-0,9,4,0,0,1.32,34.0,2.63,52.0,0.71,50.0,37.0,0.0,71.0,False
f998f5c102250d6e,Yohan Lainesse,73.0,170.0,76.0,Orthodox,1992-08-14,9-3-0,9,3,0,0,2.22,41.0,3.38,58.0,0.94,28.0,72.0,0.5,76.0,False
f9a20a17d712ef7c,Cole Williams,72.0,170.0,73.0,Orthodox,1983-12-15,11-3-0,11,3,0,0,0.31,27.0,5.34,23.0,0.0,0.0,25.0,0.0,73.0,False
f9ab66e67240db7b,Joselyne Edwards,68.0,135.0,70.0,Orthodox,1995-09-29,18-6-0,18,6,0,0,4.61,53.0,3.26,50.0,1.29,36.0,62.0,0.6,70.0,False
f9ae6914f604aa9f,Rin Nakai,61.0,135.0,,Orthodox,1986-10-22,19-2-1,19,2,1,0,1.57,33.0,3.9,60.0,3.0,18.0,75.0,0.5,62.250666702031694,True
f9b200db02b488d9,Lando Vannata,69.0,155.0,71.0,Orthodox,1992-03-14,12-8-2,12,8,2,0,4.52,45.0,4.71,54.0,1.24,36.0,66.0,0.3,71.0,False
f9d0cae37dabfafc,Ike Villanueva,73.0,205.0,73.0,Orthodox,1984-04-04,18-14-0,18,14,0,0,3.66,38.0,7.24,36.0,0.6,50.0,100.0,0.0,73.0,False
f9f07bb5a43535ed,Carlos Condit,74.0,170.0,75.0,Orthodox,1984-04-26,32-14-0,32,14,0,0,3.66,39.0,2.67,55.0,0.59,46.0,38.0,1.0,75.0,False
fa07345cc9db5cc9,Billy Ray Goff,70.0,170.0,72.0,Switch,1998-06-18,9-4-0,9,4,0,0,7.51,46.0,5.02,59.0,1.75,16.0,66.0,0.0,72.0,False
fa315e6c77eee106,Brandon Vera,75.0,230.0,78.0,Orthodox,1977-10-10,15-7-0 (1 NC),15,7,0,1,3.03,56.0,2.81,52.0,0.7,53.0,59.0,0.2,78.0,False
fa37628269132d1a,Godofredo Pepey,67.0,145.0,73.0,Orthodox,1987-07-02,13-6-0,13,6,0,0,2.32,38.0,3.23,47.0,0.37,7.0,35.0,1.5,73.0,False
fa6796c55d6c5440,Curtis Blaydes,76.0,265.0,80.0,Orthodox,1991-02-18,19-6-0 (1 NC),19,6,0,1,4.18,52.0,2.76,53.0,5.12,47.0,35.0,0.0,80.0,False
fa8b9e6b0c2269f8,Jason Dent,70.0,155.0,71.0,Orthodox,1980-06-12,22-13-0,22,13,0,0,2.01,39.0,3.7,62.0,0.0,0.0,26.0,1.4,71.0,False
fae67903c4fe636b,Antonio Braga Neto,75.0,185.0,77.0,Orthodox,1987-10-29,9-3-0 (1 NC),9,3,0,1,1.36,33.0,3.92,45.0,3.07,37.0,0.0,0.5,77.0,False
faf317c665546a36,Santiago Luna,69.0,135.0,74.0,Orthodox,2004-08-06,8-1-0,8,1,0,0,4.74,53.0,2.76,67.0,2.3,71.0,57.0,0.9,74.0,False
fb1538b46877a695,Jonathan Goulet,72.0,170.0,73.0,Orthodox,1979-07-13,23-12-0 (1 NC),23,12,0,1,1.61,41.0,2.01,46.0,4.17,70.0,45.0,0.6,73.0,False
fb37795db81f93f3,Bogdan Grad,68.0,145.0,70.0,Orthodox,1995-09-28,15-4-0,15,4,0,0,4.06,51.0,5.06,49.0,4.22,40.0,75.0,0.0,70.0,False
fb3e61720be4690c,Mike Davis,72.0,155.0,72.0,Orthodox,1992-10-07,12-3-0,12,3,0,0,4.73,53.0,5.23,54.0,2.4,44.0,60.0,0.8,72.0,False
fb41432b622992a9,Lukasz Sajewski,68.0,155.0,71.0,Orthodox,1990-11-27,13-3-0,13,3,0,0,2.06,35.0,3.88,57.0,1.01,25.0,66.0,0.0,71.0,False
fb79582c410d049e,Wagner Silva,72.0,170.0,,Orthodox,1987-02-07,6-3-0,6,3,0,0,1.69,29.0,2.87,65.0,0.0,0.0,58.0,0.0,73.85948512612573,True
fb8a3025ae722e64,Bobby Voelker,72.0,170.0,74.0,Orthodox,1979-04-26,19-13-0,19,13,0,0,4.01,35.0,5.84,42.0,1.04,50.0,66.0,0.0,74.0,False
fba03cd6cc28dc41,Josh Emmett,66.0,145.0,70.0,Orthodox,1985-03-04,19-7-0,19,7,0,0,3.67,35.0,4.52,59.0,1.07,36.0,43.0,0.1,70.0,False
fbb60f24af5d5a02,Torrez Finney,68.0,185.0,75.0,Orthodox,1998-10-24,11-1-0,11,1,0,0,1.78,54.0,3.34,40.0,6.86,59.0,75.0,0.8,75.0,False
fbbde91f7bc2d3c5,Gary Goodridge,75.0,249.0,,Orthodox,1966-01-17,23-22-1,23,22,1,0,1.84,56.0,2.14,48.0,0.4,100.0,53.0,0.8,77.02552651451502,True
fbf0537e420e698e,Daniel Teymur,65.0,145.0,69.0,Orthodox,1988-02-03,7-4-0,7,4,0,0,3.08,46.0,3.93,56.0,0.56,18.0,60.0,0.3,69.0,False
fbf0947399d14323,Ken Stone,68.0,135.0,71.0,Southpaw,1982-10-08,11-4-0,11,4,0,0,3.85,49.0,2.9,48.0,1.24,33.0,60.0,0.6,71.0,False
fc08099550072fe4,Waldo Cortes Acosta,76.0,260.0,78.0,Orthodox,1991-10-03,17-3-0,17,3,0,0,5.34,48.0,3.63,54.0,0.4,50.0,73.0,0.1,78.0,False
fc0a4053eb8a3a59,Nicolle Caliari,63.0,115.0,62.0,Orthodox,1996-11-04,9-4-0,9,4,0,0,2.88,39.0,5.59,52.0,3.38,29.0,50.0,1.0,62.0,False
fc169c387b4b465d,Raquel Pennington,67.0,135.0,67.0,Orthodox,1988-09-05,16-10-0,16,10,0,0,4.1,49.0,3.32,61.0,0.83,27.0,62.0,0.6,67.0,False
fc31f896cde2bc2e,John Howard,67.0,170.0,72.0,Orthodox,1983-03-01,24-13-0,24,13,0,0,2.15,50.0,3.08,51.0,2.7,49.0,53.0,0.4,72.0,False
fc60ecf0671b9489,Chris Holdsworth,71.0,135.0,,,1987-10-24,6-0-0,6,0,0,0,1.85,29.0,1.94,58.0,3.38,62.0,100.0,2.0,72.80413799666265,True
fc6e681bf6658faf,Ashlee Evans-Smith,68.0,135.0,67.0,Orthodox,1987-07-09,6-6-0,6,6,0,0,4.03,34.0,4.59,53.0,0.95,22.0,50.0,0.0,67.0,False
fc9a9559a05f2704,Eddie Wineland,67.0,135.0,69.0,Orthodox,1984-06-26,24-16-1,24,16,1,0,3.4,29.0,3.76,68.0,0.34,33.0,86.0,0.1,69.0,False
fcaae0385b514f11,Frank Shamrock,70.0,185.0,,Orthodox,1972-12-08,23-10-2,23,10,2,0,4.75,53.0,4.66,57.0,0.35,50.0,37.0,1.1,71.74879086719955,True
fcce75a25c14a804,Bojan Velickovic,72.0,170.0,76.0,Southpaw,1988-12-18,15-6-1,15,6,1,0,2.18,34.0,2.31,57.0,0.67,25.0,55.0,0.5,76.0,False
fccf811c1e8b01c7,Andrew Sanchez,73.0,185.0,74.0,Orthodox,1988-04-08,13-7-0,13,7,0,0,4.3,43.0,5.1,50.0,2.55,36.0,100.0,0.0,74.0,False
fcd448a2fe1a23cc,Gian Villante,75.0,230.0,76.0,Orthodox,1985-08-18,17-14-0,17,14,0,0,4.38,44.0,5.47,55.0,0.45,23.0,83.0,0.0,76.0,False
fcffee71cff5530e,Forrest Griffin,75.0,205.0,77.0,Orthodox,1979-03-16,19-7-0,19,7,0,0,4.38,36.0,2.81,61.0,1.05,48.0,57.0,0.7,77.0,False
fd406a32a6fb3a29,Chris Duncan,70.0,155.0,71.0,Orthodox,1993-05-10,15-3-0,15,3,0,0,4.83,45.0,4.57,50.0,2.92,40.0,55.0,0.6,71.0,False
fd55393021a8c255,Gunnar Nelson,71.0,170.0,72.0,Switch,1988-07-28,19-6-1,19,6,1,0,1.77,61.0,3.06,48.0,2.0,52.0,68.0,1.0,72.0,False
fd5b6598a3b70c0a,Seth Baczynski,75.0,170.0,75.0,Orthodox,1981-10-26,20-14-0,20,14,0,0,3.08,31.0,3.14,51.0,0.89,16.0,48.0,0.8,75.0,False
fd7ab338e4953644,Manolo Zecchini,68.0,145.0,68.0,Orthodox,1996-10-22,11-5-0,11,5,0,0,3.72,28.0,12.82,45.0,0.0,0.0,0.0,0.0,68.0,False
fd87b1bbfcde9d5e,Danillo Villefort,73.0,185.0,,Orthodox,1983-05-08,15-5-0,15,5,0,0,2.86,37.0,2.4,68.0,1.71,66.0,33.0,1.7,74.91483225558883,True
fdbefee0827e1567,Wu Yanan,68.0,135.0,66.0,Orthodox,1996-04-18,13-6-0,13,6,0,0,4.23,41.0,4.95,49.0,0.62,30.0,63.0,0.2,66.0,False
fdd22e895a70e4a8,Damian Pinas,73.0,185.0,79.0,Orthodox,2002-03-12,10-1-0,10,1,0,0,6.33,63.0,5.89,39.0,0.0,0.0,85.0,0.0,79.0,False
fdf18227faa596dd,Chad Griggs,73.0,205.0,73.0,Orthodox,1978-05-15,11-3-0,11,3,0,0,2.67,50.0,2.22,46.0,1.51,66.0,41.0,0.0,73.0,False
fdfef29ba17ee525,Alex Schoenauer,75.0,185.0,,Orthodox,1976-05-05,15-10-0,15,10,0,0,1.22,40.0,2.27,42.0,0.0,0.0,22.0,4.9,77.02552651451502,True
fe2babf95de24fb1,Raul Rosas Jr.,69.0,135.0,67.0,Switch,2004-10-08,12-1-0,12,1,0,0,1.34,42.0,1.24,52.0,6.1,54.0,25.0,0.9,67.0,False
fe435e440b5de0ff,Jake Shields,72.0,170.0,72.0,Orthodox,1979-01-09,31-9-1 (1 NC),31,9,1,1,2.45,36.0,1.8,56.0,2.83,29.0,35.0,1.2,72.0,False
fe5a9547479396ab,Jim Alers,69.0,145.0,71.0,Orthodox,1986-10-14,13-3-0 (1 NC),13,3,0,1,2.9,40.0,4.38,56.0,2.26,41.0,80.0,0.3,71.0,False
fe5ca7ef93c3f6a7,Roger Zapata,71.0,170.0,,Southpaw,1986-05-09,4-2-0,4,2,0,0,2.6,51.0,2.13,36.0,0.0,0.0,81.0,1.4,72.80413799666265,True
fe91d254db77a7fc,Dustin Kimura,67.0,135.0,71.0,Orthodox,1989-05-21,11-3-0,11,3,0,0,1.33,21.0,3.82,51.0,0.93,37.0,50.0,2.2,71.0,False
fea79f9bc8c68769,Marlon Moraes,66.0,135.0,67.0,Orthodox,1988-04-26,23-10-1,23,10,1,0,3.37,40.0,4.53,54.0,0.87,41.0,46.0,0.3,67.0,False
fea8acf9bfcf09ec,Simeon Thoresen,73.0,170.0,79.0,Orthodox,1984-03-14,17-6-1,17,6,1,0,3.85,43.0,3.85,64.0,1.12,40.0,50.0,1.7,79.0,False
feaf00f3373435d6,Chris Gruetzemacher,68.0,155.0,68.0,Orthodox,1986-06-16,15-5-0,15,5,0,0,6.18,57.0,4.96,52.0,0.21,50.0,65.0,0.0,68.0,False
feedf3053472fe56,Charles Radtke,69.0,170.0,72.0,Orthodox,1990-07-09,12-5-0,12,5,0,0,2.5,53.0,2.45,54.0,1.99,44.0,100.0,0.5,72.0,False
feef5f8f5629e5e7,Theodor Berggren,71.0,170.0,75.0,Switch,2000-04-09,8-4-0,8,4,0,0,3.49,35.0,10.78,33.0,0.0,0.0,0.0,0.0,75.0,False
fef3d17e27e916e7,Antonio Carvalho,69.0,145.0,70.0,Orthodox,1979-05-30,15-6-0,15,6,0,0,3.03,29.0,3.62,64.0,0.0,0.0,100.0,0.0,70.0,False
ff2c606c8bc365e3,Josh Rafferty,72.0,170.0,,Orthodox,1981-01-06,9-8-0,9,8,0,0,0.6,33.0,3.6,50.0,0.0,0.0,0.0,9.0,73.85948512612573,True
ff4c3ab594c7fac3,Cristiano Marcello,69.0,155.0,72.0,Orthodox,1977-12-03,13-6-0,13,6,0,0,2.56,33.0,3.61,58.0,0.44,11.0,20.0,0.9,72.0,False
ff62013d2fce6d13,Nazim Sadykhov,70.0,155.0,69.0,Southpaw,1994-05-16,11-3-1,11,3,1,0,4.69,48.0,5.42,49.0,1.08,45.0,72.0,0.2,69.0,False
ff6a1f63c254127e,Albert Tumenov,71.0,170.0,73.0,Orthodox,1991-12-26,18-4-0,18,4,0,0,3.76,42.0,3.34,58.0,0.2,20.0,75.0,0.0,73.0,False
ffc088e64fab57e9,Quinton Jackson,73.0,205.0,73.0,Orthodox,1978-06-20,37-12-0,37,12,0,0,3.25,54.0,2.51,55.0,1.52,56.0,73.0,0.1,73.0,False
ffc3e6daaa6da0b7,Johnny Bedford,70.0,135.0,71.0,Orthodox,1983-01-06,21-13-1 (1 NC),21,13,1,1,4.53,50.0,1.75,63.0,1.83,62.0,62.0,0.0,71.0,False
ffd3224638c01b57,Jean Matsumoto,66.0,135.0,68.0,Orthodox,1999-09-09,18-2-0,18,2,0,0,5.35,38.0,5.29,49.0,2.85,42.0,56.0,0.5,68.0,False
ffdeb4fbea09ce75,Jessica Rakoczy,67.0,115.0,,Orthodox,1977-04-14,1-5-0 (1 NC),1,5,0,1,2.5,44.0,3.55,64.0,0.75,20.0,0.0,0.8,68.58274947881027,True
ffe9703408fb5964,David Onama,71.0,145.0,74.0,Orthodox,1994-06-07,14-3-0,14,3,0,0,5.07,50.0,4.89,51.0,1.05,30.0,52.0,0.5,74.0,False
40a7ec5d1ad6ffa8,Anna Melisano,64.0,125.0,68.0,Orthodox,1997-05-20,6-2-0,6,2,0,0,0.49,33.0,1.23,28.0,0.0,0.0,50.0,0.0,68.0,False
9ac4e43ed56429ed,Levi Rodrigues Jr.,72.0,205.0,76.0,Orthodox,1996-10-15,5-1-0 (1 NC),5,1,0,1,2.6,50.0,4.6,29.0,0.0,0.0,57.0,0.0,76.0,False
b852ad2b35354fcb,Ezra Elliott,69.0,145.0,72.0,Orthodox,2000-05-18,8-0-0,8,0,0,0,0.4,54.0,0.47,65.0,12.0,66.0,100.0,3.0,72.0,False
df619b9a86ce0a9a,Damien Anderson,68.0,145.0,69.0,Southpaw,1997-01-04,5-1-0,5,1,0,0,0.47,35.0,0.4,45.0,0.0,0.0,33.0,1.0,69.0,False
e03187ec8b5b6abc,RJ Harris,75.0,258.0,78.0,Orthodox,1998-10-01,6-0-0,6,0,0,0,9.0,57.0,6.6,56.0,0.0,0.0,0.0,0.0,78.0,False
