event_name,event_url,fight_url,fighter_names,fighter_ids,winner,result_raw,method,round,time,weight_class,totals,per_round_breakdown
UFC 329: McGregor vs. Holloway 2,http://ufcstats.com/event-details/fccb0fee256b7b4d,http://ufcstats.com/fight-details/989760fa75321d69,Conor McGregor | Max Holloway,,Max Holloway,win,KO/TKO,1,1:09,Welterweight,"{""rows"": [{""Fighter"": [""Conor McGregor"", ""Max Holloway""], ""KD"": [""0"", ""0""], ""Sig. str."": [""0 of 6"", ""12 of 19""], ""Sig. str. %"": [""0%"", ""63%""], ""Total str."": [""5 of 11"", ""14 of 22""], ""Td"": [""0 of 0"", ""0 of 0""], ""Td %"": [""---"", ""---""], ""Sub. att"": [""0"", ""0""], ""Rev."": [""0"", ""0""], ""Ctrl"": [""0:00"", ""0:37""]}], ""fighters"": [""Conor McGregor"", ""Max Holloway""]}",Per round RD1 0 of 6 - 0% 12 of 19 - 63% Landed Attempted
UFC 329: McGregor vs. Holloway 2,http://ufcstats.com/event-details/fccb0fee256b7b4d,http://ufcstats.com/fight-details/130b325610c54a64,Benoit Saint Denis | Paddy Pimblett,,Paddy Pimblett,win,Submission,1,0:52,Lightweight,"{""rows"": [{""Fighter"": [""Benoit Saint Denis"", ""Paddy Pimblett""], ""KD"": [""0"", ""0""], ""Sig. str."": [""1 of 3"", ""4 of 5""], ""Sig. str. %"": [""33%"", ""80%""], ""Total str."": [""1 of 3"", ""4 of 5""], ""Td"": [""0 of 1"", ""0 of 0""], ""Td %"": [""0%"", ""---""], ""Sub. att"": [""0"", ""1""], ""Rev."": [""0"", ""0""], ""Ctrl"": [""0:04"", ""0:37""]}], ""fighters"": [""Benoit Saint Denis"", ""Paddy Pimblett""]}",Per round RD1 1 of 3 - 33% 4 of 5 - 80% Landed Attempted
UFC 329: McGregor vs. Holloway 2,http://ufcstats.com/event-details/fccb0fee256b7b4d,http://ufcstats.com/fight-details/c572daedf2012a49,Cory Sandhagen | Mario Bautista,,Mario Bautista,win,Decision - Unanimous,3,5:00,Bantamweight,"{""rows"": [{""Fighter"": [""Cory Sandhagen"", ""Mario Bautista""], ""KD"": [""0"", ""1""], ""Sig. str."": [""89 of 176"", ""114 of 185""], ""Sig. str. %"": [""50%"", ""61%""], ""Total str."": [""104 of 196"", ""143 of 215""], ""Td"": [""1 of 4"", ""8 of 20""], ""Td %"": [""25%"", ""40%""], ""Sub. att"": [""0"", ""3""], ""Rev."": [""0"", ""0""], ""Ctrl"": [""1:13"", ""3:21""]}], ""fighters"": [""Cory Sandhagen"", ""Mario Bautista""]}",Per round RD1 39 of 71 - 54% 35 of 52 - 67% RD2 39 of 77 - 50% 39 of 79 - 49% RD3 11 of 28 - 39% 40 of 54 - 74% Landed Attempted
UFC 329: McGregor vs. Holloway 2,http://ufcstats.com/event-details/fccb0fee256b7b4d,http://ufcstats.com/fight-details/a3ab1979192b647c,Brandon Royval | Lone'er Kavanagh,,Brandon Royval,win,Submission,3,3:40,Flyweight,"{""rows"": [{""Fighter"": [""Brandon Royval"", ""Lone'er Kavanagh""], ""KD"": [""0"", ""1""], ""Sig. str."": [""84 of 152"", ""56 of 94""], ""Sig. str. %"": [""55%"", ""59%""], ""Total str."": [""146 of 218"", ""63 of 101""], ""Td"": [""3 of 6"", ""1 of 2""], ""Td %"": [""50%"", ""50%""], ""Sub. att"": [""2"", ""1""], ""Rev."": [""0"", ""0""], ""Ctrl"": [""4:53"", ""2:09""]}], ""fighters"": [""Brandon Royval"", ""Lone'er Kavanagh""]}",Per round RD1 32 of 59 - 54% 19 of 34 - 55% RD2 31 of 66 - 46% 34 of 55 - 61% RD3 21 of 27 - 77% 3 of 5 - 60% Landed Attempted
UFC 329: McGregor vs. Holloway 2,http://ufcstats.com/event-details/fccb0fee256b7b4d,http://ufcstats.com/fight-details/a26ea74f2e908842,King Green | Terrance McKinney,,King Green,win,KO/TKO,1,4:59,Lightweight,"{""rows"": [{""Fighter"": [""King Green"", ""Terrance McKinney""], ""KD"": [""1"", ""0""], ""Sig. str."": [""43 of 72"", ""45 of 80""], ""Sig. str. %"": [""59%"", ""56%""], ""Total str."": [""57 of 86"", ""59 of 96""], ""Td"": [""0 of 0"", ""1 of 1""], ""Td %"": [""---"", ""100%""], ""Sub. att"": [""0"", ""0""], ""Rev."": [""0"", ""0""], ""Ctrl"": [""0:03"", ""2:12""]}], ""fighters"": [""King Green"", ""Terrance McKinney""]}",Per round RD1 43 of 72 - 59% 45 of 80 - 56% Landed Attempted
UFC 329: McGregor vs. Holloway 2,http://ufcstats.com/event-details/fccb0fee256b7b4d,http://ufcstats.com/fight-details/7765e5e779dd7dc9,Nikita Krylov | Robert Whittaker,,Robert Whittaker,win,KO/TKO,3,1:01,Light Heavyweight,"{""rows"": [{""Fighter"": [""Nikita Krylov"", ""Robert Whittaker""], ""KD"": [""0"", ""0""], ""Sig. str."": [""51 of 99"", ""54 of 111""], ""Sig. str. %"": [""51%"", ""48%""], ""Total str."": [""57 of 106"", ""55 of 112""], ""Td"": [""3 of 6"", ""0 of 0""], ""Td %"": [""50%"", ""---""], ""Sub. att"": [""0"", ""0""], ""Rev."": [""0"", ""0""], ""Ctrl"": [""2:10"", ""0:00""]}], ""fighters"": [""Nikita Krylov"", ""Robert Whittaker""]}",Per round RD1 20 of 40 - 50% 20 of 38 - 52% RD2 28 of 52 - 53% 29 of 61 - 47% RD3 3 of 7 - 42% 5 of 12 - 41% Landed Attempted
UFC 329: McGregor vs. Holloway 2,http://ufcstats.com/event-details/fccb0fee256b7b4d,http://ufcstats.com/fight-details/118c25bda9392140,Gable Steveson | Elisha Ellison,,Gable Steveson,win,KO/TKO,1,2:31,Heavyweight,"{""rows"": [{""Fighter"": [""Gable Steveson"", ""Elisha Ellison""], ""KD"": [""1"", ""0""], ""Sig. str."": [""41 of 57"", ""13 of 33""], ""Sig. str. %"": [""71%"", ""39%""], ""Total str."": [""41 of 57"", ""14 of 34""], ""Td"": [""0 of 1"", ""0 of 0""], ""Td %"": [""0%"", ""---""], ""Sub. att"": [""0"", ""0""], ""Rev."": [""0"", ""0""], ""Ctrl"": [""0:10"", ""0:00""]}], ""fighters"": [""Gable Steveson"", ""Elisha Ellison""]}",Per round RD1 41 of 57 - 71% 13 of 33 - 39% Landed Attempted
UFC 329: McGregor vs. Holloway 2,http://ufcstats.com/event-details/fccb0fee256b7b4d,http://ufcstats.com/fight-details/e9f389ba3a1e33c4,Cody Garbrandt | Adrian Yanez,,Adrian Yanez,win,KO/TKO,1,2:47,Bantamweight,"{""rows"": [{""Fighter"": [""Cody Garbrandt"", ""Adrian Yanez""], ""KD"": [""0"", ""1""], ""Sig. str."": [""13 of 32"", ""16 of 30""], ""Sig. str. %"": [""40%"", ""53%""], ""Total str."": [""13 of 32"", ""16 of 30""], ""Td"": [""0 of 1"", ""0 of 0""], ""Td %"": [""0%"", ""---""], ""Sub. att"": [""0"", ""0""], ""Rev."": [""0"", ""0""], ""Ctrl"": [""0:00"", ""0:00""]}], ""fighters"": [""Cody Garbrandt"", ""Adrian Yanez""]}",Per round RD1 13 of 32 - 40% 16 of 30 - 53% Landed Attempted
UFC 329: McGregor vs. Holloway 2,http://ufcstats.com/event-details/fccb0fee256b7b4d,http://ufcstats.com/fight-details/930317fde9dbc55e,Luke Riley | Kai Kamaka III,,Luke Riley,win,KO/TKO,1,3:03,Featherweight,"{""rows"": [{""Fighter"": [""Luke Riley"", ""Kai Kamaka III""], ""KD"": [""1"", ""0""], ""Sig. str."": [""43 of 67"", ""23 of 41""], ""Sig. str. %"": [""64%"", ""56%""], ""Total str."": [""43 of 67"", ""23 of 41""], ""Td"": [""0 of 0"", ""0 of 0""], ""Td %"": [""---"", ""---""], ""Sub. att"": [""0"", ""0""], ""Rev."": [""0"", ""0""], ""Ctrl"": [""0:02"", ""0:00""]}], ""fighters"": [""Luke Riley"", ""Kai Kamaka III""]}",Per round RD1 43 of 67 - 64% 23 of 41 - 56% Landed Attempted
UFC 329: McGregor vs. Holloway 2,http://ufcstats.com/event-details/fccb0fee256b7b4d,http://ufcstats.com/fight-details/e84c3f1f9a33fa90,Tracy Cortez | Wang Cong,,Wang Cong,win,Decision - Unanimous,3,5:00,Women's Flyweight,"{""rows"": [{""Fighter"": [""Tracy Cortez"", ""Wang Cong""], ""KD"": [""0"", ""0""], ""Sig. str."": [""72 of 156"", ""137 of 215""], ""Sig. str. %"": [""46%"", ""63%""], ""Total str."": [""74 of 158"", ""153 of 231""], ""Td"": [""1 of 9"", ""0 of 0""], ""Td %"": [""11%"", ""---""], ""Sub. att"": [""0"", ""0""], ""Rev."": [""0"", ""0""], ""Ctrl"": [""0:31"", ""1:22""]}], ""fighters"": [""Tracy Cortez"", ""Wang Cong""]}",Per round RD1 21 of 44 - 47% 41 of 63 - 65% RD2 27 of 56 - 48% 52 of 85 - 61% RD3 24 of 56 - 42% 44 of 67 - 65% Landed Attempted
UFC 329: McGregor vs. Holloway 2,http://ufcstats.com/event-details/fccb0fee256b7b4d,http://ufcstats.com/fight-details/b223b10ef19f912c,Damian Pinas | Cesar Almeida,,Damian Pinas,win,KO/TKO,1,4:44,Middleweight,"{""rows"": [{""Fighter"": [""Damian Pinas"", ""Cesar Almeida""], ""KD"": [""1"", ""0""], ""Sig. str."": [""25 of 33"", ""37 of 50""], ""Sig. str. %"": [""75%"", ""74%""], ""Total str."": [""28 of 37"", ""39 of 52""], ""Td"": [""0 of 1"", ""1 of 1""], ""Td %"": [""0%"", ""100%""], ""Sub. att"": [""0"", ""0""], ""Rev."": [""0"", ""0""], ""Ctrl"": [""0:03"", ""0:33""]}], ""fighters"": [""Damian Pinas"", ""Cesar Almeida""]}",Per round RD1 25 of 33 - 75% 37 of 50 - 74% Landed Attempted
UFC 329: McGregor vs. Holloway 2,http://ufcstats.com/event-details/fccb0fee256b7b4d,http://ufcstats.com/fight-details/9e00ee7644774e18,Farid Basharat | John Garza,,Farid Basharat,win,Decision - Unanimous,3,5:00,Bantamweight,"{""rows"": [{""Fighter"": [""Farid Basharat"", ""John Garza""], ""KD"": [""0"", ""0""], ""Sig. str."": [""86 of 134"", ""82 of 187""], ""Sig. str. %"": [""64%"", ""43%""], ""Total str."": [""95 of 145"", ""92 of 197""], ""Td"": [""5 of 22"", ""0 of 0""], ""Td %"": [""22%"", ""---""], ""Sub. att"": [""0"", ""0""], ""Rev."": [""0"", ""1""], ""Ctrl"": [""4:02"", ""0:13""]}], ""fighters"": [""Farid Basharat"", ""John Garza""]}",Per round RD1 23 of 35 - 65% 15 of 47 - 31% RD2 26 of 36 - 72% 33 of 76 - 43% RD3 37 of 63 - 58% 34 of 64 - 53% Landed Attempted
UFC 329: McGregor vs. Holloway 2,http://ufcstats.com/event-details/fccb0fee256b7b4d,http://ufcstats.com/fight-details/1162a74e3604c488,Ryan Gandra | Zach Reese,,Ryan Gandra,win,KO/TKO,1,1:15,Middleweight,"{""rows"": [{""Fighter"": [""Ryan Gandra"", ""Zach Reese""], ""KD"": [""1"", ""0""], ""Sig. str."": [""10 of 20"", ""5 of 10""], ""Sig. str. %"": [""50%"", ""50%""], ""Total str."": [""10 of 20"", ""5 of 10""], ""Td"": [""0 of 0"", ""0 of 0""], ""Td %"": [""---"", ""---""], ""Sub. att"": [""0"", ""0""], ""Rev."": [""0"", ""0""], ""Ctrl"": [""0:05"", ""0:00""]}], ""fighters"": [""Ryan Gandra"", ""Zach Reese""]}",Per round RD1 10 of 20 - 50% 5 of 10 - 50% Landed Attempted
UFC 329: McGregor vs. Holloway 2,http://ufcstats.com/event-details/fccb0fee256b7b4d,http://ufcstats.com/fight-details/1b6a3b0d27654d3e,Alessandro Costa | Cody Durden,,Alessandro Costa,win,Submission,2,2:19,Flyweight,"{""rows"": [{""Fighter"": [""Alessandro Costa"", ""Cody Durden""], ""KD"": [""0"", ""0""], ""Sig. str."": [""21 of 49"", ""28 of 73""], ""Sig. str. %"": [""42%"", ""38%""], ""Total str."": [""25 of 53"", ""30 of 75""], ""Td"": [""0 of 0"", ""0 of 2""], ""Td %"": [""---"", ""0%""], ""Sub. att"": [""2"", ""0""], ""Rev."": [""0"", ""0""], ""Ctrl"": [""1:01"", ""0:12""]}], ""fighters"": [""Alessandro Costa"", ""Cody Durden""]}",Per round RD1 16 of 37 - 43% 17 of 53 - 32% RD2 5 of 12 - 41% 11 of 20 - 55% Landed Attempted
UFC Fight Night: Fiziev vs. Torres,http://ufcstats.com/event-details/31e1ea6fe6b682f8,http://ufcstats.com/fight-details/c13dc0cccef263f7,Rafael Fiziev | Manuel Torres,c814b4c899793af6 | 2e7878927067fdca,Rafael Fiziev,win,KO/TKO,2,0:15,Lightweight,"{""rows"": [{""Fighter"": [""Rafael Fiziev"", ""Manuel Torres""], ""KD"": [""1"", ""0""], ""Sig. str."": [""25 of 39"", ""22 of 52""], ""Sig. str. %"": [""64%"", ""42%""], ""Total str."": [""28 of 43"", ""26 of 56""], ""Td"": [""2 of 2"", ""0 of 0""], ""Td %"": [""100%"", ""---""], ""Sub. att"": [""0"", ""0""], ""Rev."": [""0"", ""0""], ""Ctrl"": [""0:42"", ""0:06""]}], ""fighters"": [""Rafael Fiziev"", ""Manuel Torres""]}",Per round RD1 15 of 25 - 60% 21 of 51 - 41% RD2 10 of 14 - 71% 1 of 1 - 100% Landed Attempted
UFC Fight Night: Fiziev vs. Torres,http://ufcstats.com/event-details/31e1ea6fe6b682f8,http://ufcstats.com/fight-details/012c307c9d446c4d,Shara Magomedov | Michel Pereira,06734ca9d88dec3a | 595db60957de51d3,Shara Magomedov,win,Decision - Unanimous,3,5:00,Middleweight,"{""rows"": [{""Fighter"": [""Shara Magomedov"", ""Michel Pereira""], ""KD"": [""0"", ""1""], ""Sig. str."": [""52 of 85"", ""35 of 82""], ""Sig. str. %"": [""61%"", ""42%""], ""Total str."": [""112 of 165"", ""61 of 113""], ""Td"": [""0 of 0"", ""0 of 2""], ""Td %"": [""---"", ""0%""], ""Sub. att"": [""0"", ""0""], ""Rev."": [""1"", ""0""], ""Ctrl"": [""0:53"", ""4:04""]}], ""fighters"": [""Shara Magomedov"", ""Michel Pereira""]}",Per round RD1 6 of 7 - 85% 16 of 30 - 53% RD2 20 of 35 - 57% 6 of 17 - 35% RD3 26 of 43 - 60% 13 of 35 - 37% Landed Attempted
UFC Fight Night: Fiziev vs. Torres,http://ufcstats.com/event-details/31e1ea6fe6b682f8,http://ufcstats.com/fight-details/809814f03ff3140c,Nazim Sadykhov | Matheus Camilo,ff62013d2fce6d13 | 72f890c5d421e705,Matheus Camilo,win,KO/TKO,1,1:31,Lightweight,"{""rows"": [{""Fighter"": [""Nazim Sadykhov"", ""Matheus Camilo""], ""KD"": [""0"", ""1""], ""Sig. str."": [""0 of 16"", ""4 of 10""], ""Sig. str. %"": [""0%"", ""40%""], ""Total str."": [""0 of 16"", ""4 of 10""], ""Td"": [""0 of 0"", ""0 of 0""], ""Td %"": [""---"", ""---""], ""Sub. att"": [""0"", ""0""], ""Rev."": [""0"", ""0""], ""Ctrl"": [""0:00"", ""0:03""]}], ""fighters"": [""Nazim Sadykhov"", ""Matheus Camilo""]}",Per round RD1 0 of 16 - 0% 4 of 10 - 40% Landed Attempted
UFC Fight Night: Fiziev vs. Torres,http://ufcstats.com/event-details/31e1ea6fe6b682f8,http://ufcstats.com/fight-details/81cde317c156723b,Asu Almabayev | Charles Johnson,8d3273573b85be09 | 814e5233e2acf2ee,Asu Almabayev,win,Submission,3,3:33,Flyweight,"{""rows"": [{""Fighter"": [""Asu Almabayev"", ""Charles Johnson""], ""KD"": [""0"", ""0""], ""Sig. str."": [""28 of 51"", ""21 of 45""], ""Sig. str. %"": [""54%"", ""46%""], ""Total str."": [""73 of 102"", ""32 of 57""], ""Td"": [""6 of 9"", ""0 of 0""], ""Td %"": [""66%"", ""---""], ""Sub. att"": [""1"", ""1""], ""Rev."": [""0"", ""0""], ""Ctrl"": [""8:48"", ""0:00""]}], ""fighters"": [""Asu Almabayev"", ""Charles Johnson""]}",Per round RD1 8 of 17 - 47% 4 of 11 - 36% RD2 14 of 27 - 51% 15 of 30 - 50% RD3 6 of 7 - 85% 2 of 4 - 50% Landed Attempted
UFC Fight Night: Fiziev vs. Torres,http://ufcstats.com/event-details/31e1ea6fe6b682f8,http://ufcstats.com/fight-details/d83294b031502177,Ikram Aliskerov | Brunno Ferreira,b07aed698fba8624 | 1e719d4b676dc19a,Ikram Aliskerov,win,Decision - Unanimous,3,5:00,Middleweight,"{""rows"": [{""Fighter"": [""Ikram Aliskerov"", ""Brunno Ferreira""], ""KD"": [""0"", ""0""], ""Sig. str."": [""47 of 98"", ""19 of 55""], ""Sig. str. %"": [""47%"", ""34%""], ""Total str."": [""114 of 179"", ""23 of 61""], ""Td"": [""5 of 6"", ""0 of 1""], ""Td %"": [""83%"", ""0%""], ""Sub. att"": [""1"", ""0""], ""Rev."": [""0"", ""0""], ""Ctrl"": [""8:53"", ""0:07""]}], ""fighters"": [""Ikram Aliskerov"", ""Brunno Ferreira""]}",Per round RD1 15 of 29 - 51% 6 of 10 - 60% RD2 20 of 39 - 51% 10 of 26 - 38% RD3 12 of 30 - 40% 3 of 19 - 15% Landed Attempted
UFC Fight Night: Fiziev vs. Torres,http://ufcstats.com/event-details/31e1ea6fe6b682f8,http://ufcstats.com/fight-details/35985895d4ef321e,Abus Magomedov | Michal Oleksiejczuk,36b8f265bcd1b7a4 | 0d65c432720accb9,Abus Magomedov,win,Submission,1,3:25,Middleweight,"{""rows"": [{""Fighter"": [""Abus Magomedov"", ""Michal Oleksiejczuk""], ""KD"": [""1"", ""0""], ""Sig. str."": [""10 of 27"", ""5 of 19""], ""Sig. str. %"": [""37%"", ""26%""], ""Total str."": [""10 of 27"", ""5 of 19""], ""Td"": [""0 of 0"", ""0 of 0""], ""Td %"": [""---"", ""---""], ""Sub. att"": [""1"", ""0""], ""Rev."": [""0"", ""0""], ""Ctrl"": [""0:36"", ""0:03""]}], ""fighters"": [""Abus Magomedov"", ""Michal Oleksiejczuk""]}",Per round RD1 10 of 27 - 37% 5 of 19 - 26% Landed Attempted
UFC Fight Night: Fiziev vs. Torres,http://ufcstats.com/event-details/31e1ea6fe6b682f8,http://ufcstats.com/fight-details/6a35ff33b8597904,Farman Hasanov | Eric Nolan,c88f8a9c1ea7165d | 64b12fe31be7560c,Farman Hasanov,win,Decision - Unanimous,3,5:00,Welterweight,"{""rows"": [{""Fighter"": [""Farman Hasanov"", ""Eric Nolan""], ""KD"": [""0"", ""0""], ""Sig. str."": [""21 of 41"", ""15 of 51""], ""Sig. str. %"": [""51%"", ""29%""], ""Total str."": [""53 of 87"", ""29 of 67""], ""Td"": [""17 of 27"", ""0 of 0""], ""Td %"": [""62%"", ""---""], ""Sub. att"": [""0"", ""0""], ""Rev."": [""0"", ""0""], ""Ctrl"": [""11:12"", ""0:03""]}], ""fighters"": [""Farman Hasanov"", ""Eric Nolan""]}",Per round RD1 1 of 4 - 25% 0 of 5 - 0% RD2 10 of 17 - 58% 7 of 21 - 33% RD3 10 of 20 - 50% 8 of 25 - 32% Landed Attempted
UFC Fight Night: Fiziev vs. Torres,http://ufcstats.com/event-details/31e1ea6fe6b682f8,http://ufcstats.com/fight-details/48b1ee7ab45add4c,Abdul Rakhman Yakhyaev | Julius Walker,95aff2fd8d09a5f0 | 6add18754930182b,Abdul Rakhman Yakhyaev,win,KO/TKO,1,0:08,Light Heavyweight,"{""rows"": [{""Fighter"": [""Abdul Rakhman Yakhyaev"", ""Julius Walker""], ""KD"": [""1"", ""0""], ""Sig. str."": [""6 of 8"", ""0 of 1""], ""Sig. str. %"": [""75%"", ""0%""], ""Total str."": [""6 of 8"", ""0 of 1""], ""Td"": [""0 of 0"", ""0 of 0""], ""Td %"": [""---"", ""---""], ""Sub. att"": [""0"", ""0""], ""Rev."": [""0"", ""0""], ""Ctrl"": [""0:03"", ""0:00""]}], ""fighters"": [""Abdul Rakhman Yakhyaev"", ""Julius Walker""]}",Per round RD1 6 of 8 - 75% 0 of 1 - 0% Landed Attempted
UFC Fight Night: Fiziev vs. Torres,http://ufcstats.com/event-details/31e1ea6fe6b682f8,http://ufcstats.com/fight-details/5e7f4ba1210f433d,Nursulton Ruziboev | Andrey Pulyaev,49d2a08964c5eb11 | 22e07d3da1aa3475,Nursulton Ruziboev,win,Submission,1,3:58,Middleweight,"{""rows"": [{""Fighter"": [""Nursulton Ruziboev"", ""Andrey Pulyaev""], ""KD"": [""0"", ""0""], ""Sig. str."": [""1 of 3"", ""2 of 6""], ""Sig. str. %"": [""33%"", ""33%""], ""Total str."": [""13 of 18"", ""15 of 23""], ""Td"": [""2 of 2"", ""0 of 0""], ""Td %"": [""100%"", ""---""], ""Sub. att"": [""1"", ""0""], ""Rev."": [""0"", ""0""], ""Ctrl"": [""2:28"", ""0:00""]}], ""fighters"": [""Nursulton Ruziboev"", ""Andrey Pulyaev""]}",Per round RD1 1 of 3 - 33% 2 of 6 - 33% Landed Attempted
UFC Fight Night: Fiziev vs. Torres,http://ufcstats.com/event-details/31e1ea6fe6b682f8,http://ufcstats.com/fight-details/1a7119f3996b5635,Kaan Ofli | Javier Reyes,7facc9c45d792985 | 4a574b8512fc1b30,Kaan Ofli,win,Submission,1,4:16,Featherweight,"{""rows"": [{""Fighter"": [""Kaan Ofli"", ""Javier Reyes""], ""KD"": [""1"", ""0""], ""Sig. str."": [""17 of 26"", ""7 of 35""], ""Sig. str. %"": [""65%"", ""20%""], ""Total str."": [""42 of 53"", ""7 of 35""], ""Td"": [""0 of 0"", ""0 of 0""], ""Td %"": [""---"", ""---""], ""Sub. att"": [""1"", ""0""], ""Rev."": [""0"", ""0""], ""Ctrl"": [""0:32"", ""0:00""]}], ""fighters"": [""Kaan Ofli"", ""Javier Reyes""]}",Per round RD1 17 of 26 - 65% 7 of 35 - 20% Landed Attempted
UFC Fight Night: Fiziev vs. Torres,http://ufcstats.com/event-details/31e1ea6fe6b682f8,http://ufcstats.com/fight-details/0e60ab32f3d03929,Daniil Donchenko | Theodor Berggren,70dd69b6a703257e | feef5f8f5629e5e7,Daniil Donchenko,win,KO/TKO,2,1:35,Welterweight,"{""rows"": [{""Fighter"": [""Daniil Donchenko"", ""Theodor Berggren""], ""KD"": [""2"", ""0""], ""Sig. str."": [""71 of 107"", ""23 of 64""], ""Sig. str. %"": [""66%"", ""35%""], ""Total str."": [""73 of 109"", ""29 of 71""], ""Td"": [""0 of 0"", ""0 of 0""], ""Td %"": [""---"", ""---""], ""Sub. att"": [""0"", ""0""], ""Rev."": [""0"", ""0""], ""Ctrl"": [""0:27"", ""0:17""]}], ""fighters"": [""Daniil Donchenko"", ""Theodor Berggren""]}",Per round RD1 57 of 82 - 69% 17 of 47 - 36% RD2 14 of 25 - 56% 6 of 17 - 35% Landed Attempted
UFC Fight Night: Fiziev vs. Torres,http://ufcstats.com/event-details/31e1ea6fe6b682f8,http://ufcstats.com/fight-details/ae0a91c8f92f4758,Bekzat Almakhan | Jean Matsumoto,a4dc0f2b95df4cc1 | ffd3224638c01b57,Jean Matsumoto,win,Decision - Unanimous,3,5:00,Bantamweight,"{""rows"": [{""Fighter"": [""Bekzat Almakhan"", ""Jean Matsumoto""], ""KD"": [""1"", ""0""], ""Sig. str."": [""69 of 159"", ""79 of 229""], ""Sig. str. %"": [""43%"", ""34%""], ""Total str."": [""70 of 160"", ""89 of 241""], ""Td"": [""0 of 0"", ""2 of 10""], ""Td %"": [""---"", ""20%""], ""Sub. att"": [""0"", ""0""], ""Rev."": [""0"", ""0""], ""Ctrl"": [""0:02"", ""1:38""]}], ""fighters"": [""Bekzat Almakhan"", ""Jean Matsumoto""]}",Per round RD1 21 of 37 - 56% 20 of 52 - 38% RD2 28 of 65 - 43% 33 of 95 - 34% RD3 20 of 57 - 35% 26 of 82 - 31% Landed Attempted
UFC Fight Night: Fiziev vs. Torres,http://ufcstats.com/event-details/31e1ea6fe6b682f8,http://ufcstats.com/fight-details/f1cb2e7ef096ec7c,Tahir Abdullayev | Jefferson Nascimento,e047d3b541afd4a7 | 4b85abc5abbe657c,Tahir Abdullayev,win,KO/TKO,3,4:28,Welterweight,"{""rows"": [{""Fighter"": [""Tahir Abdullayev"", ""Jefferson Nascimento""], ""KD"": [""0"", ""0""], ""Sig. str."": [""37 of 87"", ""35 of 72""], ""Sig. str. %"": [""42%"", ""48%""], ""Total str."": [""60 of 111"", ""54 of 100""], ""Td"": [""2 of 6"", ""0 of 1""], ""Td %"": [""33%"", ""0%""], ""Sub. att"": [""0"", ""0""], ""Rev."": [""0"", ""0""], ""Ctrl"": [""3:12"", ""0:33""]}], ""fighters"": [""Tahir Abdullayev"", ""Jefferson Nascimento""]}",Per round RD1 5 of 20 - 25% 7 of 15 - 46% RD2 6 of 24 - 25% 15 of 34 - 44% RD3 26 of 43 - 60% 13 of 23 - 56% Landed Attempted
UFC Fight Night: Kape vs. Horiguchi,http://ufcstats.com/event-details/c8661e204c66f325,http://ufcstats.com/fight-details/33afdd7ad43a2756,Manel Kape | Kyoji Horiguchi,5d1b7e3dd9e11074 | 98aa60cf58071fd6,Manel Kape,win,KO/TKO,3,2:42,Flyweight,"{""rows"": [{""Fighter"": [""Manel Kape"", ""Kyoji Horiguchi""], ""KD"": [""1"", ""0""], ""Sig. str."": [""19 of 56"", ""27 of 53""], ""Sig. str. %"": [""33%"", ""50%""], ""Total str."": [""47 of 88"", ""53 of 89""], ""Td"": [""0 of 0"", ""2 of 5""], ""Td %"": [""---"", ""40%""], ""Sub. att"": [""0"", ""0""], ""Rev."": [""0"", ""0""], ""Ctrl"": [""0:10"", ""4:00""]}], ""fighters"": [""Manel Kape"", ""Kyoji Horiguchi""]}",Per round RD1 5 of 19 - 26% 8 of 15 - 53% RD2 2 of 5 - 40% 11 of 15 - 73% RD3 12 of 32 - 37% 8 of 23 - 34% Landed Attempted
UFC Fight Night: Kape vs. Horiguchi,http://ufcstats.com/event-details/c8661e204c66f325,http://ufcstats.com/fight-details/afc021700481ac4e,Ion Cutelaba | Navajo Stirling,cd13728ae1151f46 | b4b496ec2197ee3e,Navajo Stirling,win,KO/TKO,2,3:23,Light Heavyweight,"{""rows"": [{""Fighter"": [""Ion Cutelaba"", ""Navajo Stirling""], ""KD"": [""0"", ""0""], ""Sig. str."": [""19 of 48"", ""52 of 70""], ""Sig. str. %"": [""39%"", ""74%""], ""Total str."": [""58 of 88"", ""59 of 77""], ""Td"": [""5 of 7"", ""0 of 1""], ""Td %"": [""71%"", ""0%""], ""Sub. att"": [""1"", ""0""], ""Rev."": [""2"", ""2""], ""Ctrl"": [""3:01"", ""1:53""]}], ""fighters"": [""Ion Cutelaba"", ""Navajo Stirling""]}",Per round RD1 6 of 26 - 23% 16 of 24 - 66% RD2 13 of 22 - 59% 36 of 46 - 78% Landed Attempted
UFC Fight Night: Kape vs. Horiguchi,http://ufcstats.com/event-details/c8661e204c66f325,http://ufcstats.com/fight-details/aaec28fa3c0c576d,Hyder Amil | Christian Rodriguez,41cc71cbf210e0fe | 5ec591b78349ba7e,Christian Rodriguez,win,Submission,1,3:43,Featherweight,"{""rows"": [{""Fighter"": [""Hyder Amil"", ""Christian Rodriguez""], ""KD"": [""0"", ""1""], ""Sig. str."": [""23 of 48"", ""20 of 38""], ""Sig. str. %"": [""47%"", ""52%""], ""Total str."": [""23 of 48"", ""23 of 43""], ""Td"": [""0 of 1"", ""1 of 3""], ""Td %"": [""0%"", ""33%""], ""Sub. att"": [""0"", ""1""], ""Rev."": [""0"", ""0""], ""Ctrl"": [""0:00"", ""0:23""]}], ""fighters"": [""Hyder Amil"", ""Christian Rodriguez""]}",Per round RD1 23 of 48 - 47% 20 of 38 - 52% Landed Attempted
UFC Fight Night: Kape vs. Horiguchi,http://ufcstats.com/event-details/c8661e204c66f325,http://ufcstats.com/fight-details/e4849375d1949c74,Melsik Baghdasaryan | Murtazali Magomedov,a52bc1e62cf0b7c6 | d436f5d55156a521,Murtazali Magomedov,win,Submission,1,1:17,Featherweight,"{""rows"": [{""Fighter"": [""Melsik Baghdasaryan"", ""Murtazali Magomedov""], ""KD"": [""0"", ""0""], ""Sig. str."": [""3 of 13"", ""5 of 7""], ""Sig. str. %"": [""23%"", ""71%""], ""Total str."": [""3 of 13"", ""7 of 9""], ""Td"": [""0 of 0"", ""1 of 2""], ""Td %"": [""---"", ""50%""], ""Sub. att"": [""0"", ""1""], ""Rev."": [""0"", ""0""], ""Ctrl"": [""0:00"", ""0:27""]}], ""fighters"": [""Melsik Baghdasaryan"", ""Murtazali Magomedov""]}",Per round RD1 3 of 13 - 23% 5 of 7 - 71% Landed Attempted
UFC Fight Night: Kape vs. Horiguchi,http://ufcstats.com/event-details/c8661e204c66f325,http://ufcstats.com/fight-details/571a3eabff5c7ba7,Vinicius Oliveira | Andre Fili,18d01f7f8338ae72 | 8fd808923cffff82,Vinicius Oliveira,win,KO/TKO,2,4:56,Featherweight,"{""rows"": [{""Fighter"": [""Vinicius Oliveira"", ""Andre Fili""], ""KD"": [""1"", ""0""], ""Sig. str."": [""105 of 152"", ""40 of 113""], ""Sig. str. %"": [""69%"", ""35%""], ""Total str."": [""105 of 152"", ""40 of 113""], ""Td"": [""0 of 1"", ""0 of 1""], ""Td %"": [""0%"", ""0%""], ""Sub. att"": [""0"", ""0""], ""Rev."": [""0"", ""0""], ""Ctrl"": [""0:17"", ""0:00""]}], ""fighters"": [""Vinicius Oliveira"", ""Andre Fili""]}",Per round RD1 27 of 43 - 62% 22 of 53 - 41% RD2 78 of 109 - 71% 18 of 60 - 30% Landed Attempted
UFC Fight Night: Kape vs. Horiguchi,http://ufcstats.com/event-details/c8661e204c66f325,http://ufcstats.com/fight-details/17d31249c9ab18af,Andre Lima | Kevin Borjas,b1f21ce050035d58 | 34b96d52db1d26e6,Kevin Borjas,win,Decision - Unanimous,3,5:00,Flyweight,"{""rows"": [{""Fighter"": [""Andre Lima"", ""Kevin Borjas""], ""KD"": [""0"", ""0""], ""Sig. str."": [""51 of 114"", ""51 of 136""], ""Sig. str. %"": [""44%"", ""37%""], ""Total str."": [""58 of 121"", ""52 of 137""], ""Td"": [""0 of 2"", ""0 of 1""], ""Td %"": [""0%"", ""0%""], ""Sub. att"": [""0"", ""0""], ""Rev."": [""0"", ""0""], ""Ctrl"": [""1:41"", ""0:08""]}], ""fighters"": [""Andre Lima"", ""Kevin Borjas""]}",Per round RD1 20 of 42 - 47% 18 of 51 - 35% RD2 16 of 40 - 40% 18 of 46 - 39% RD3 15 of 32 - 46% 15 of 39 - 38% Landed Attempted
UFC Fight Night: Kape vs. Horiguchi,http://ufcstats.com/event-details/c8661e204c66f325,http://ufcstats.com/fight-details/c0980a613f24accd,Bia Mesquita | Melissa Mullins,eff9074bc066f0f2 | bd532e9a2b93870c,Bia Mesquita,win,Submission,1,3:16,Women's Bantamweight,"{""rows"": [{""Fighter"": [""Bia Mesquita"", ""Melissa Mullins""], ""KD"": [""0"", ""0""], ""Sig. str."": [""3 of 10"", ""10 of 25""], ""Sig. str. %"": [""30%"", ""40%""], ""Total str."": [""28 of 37"", ""13 of 28""], ""Td"": [""0 of 0"", ""1 of 1""], ""Td %"": [""---"", ""100%""], ""Sub. att"": [""1"", ""0""], ""Rev."": [""0"", ""0""], ""Ctrl"": [""0:12"", ""1:27""]}], ""fighters"": [""Bia Mesquita"", ""Melissa Mullins""]}",Per round RD1 3 of 10 - 30% 10 of 25 - 40% Landed Attempted
UFC Fight Night: Kape vs. Horiguchi,http://ufcstats.com/event-details/c8661e204c66f325,http://ufcstats.com/fight-details/3b4803afa824fea3,Allan Nascimento | Mitch Raposo,253076a23d03dcd0 | 0be6776db31d98ec,Mitch Raposo,win,Decision - Split,3,5:00,Flyweight,"{""rows"": [{""Fighter"": [""Allan Nascimento"", ""Mitch Raposo""], ""KD"": [""1"", ""0""], ""Sig. str."": [""58 of 142"", ""38 of 89""], ""Sig. str. %"": [""40%"", ""42%""], ""Total str."": [""98 of 195"", ""54 of 108""], ""Td"": [""0 of 4"", ""0 of 1""], ""Td %"": [""0%"", ""0%""], ""Sub. att"": [""0"", ""0""], ""Rev."": [""0"", ""0""], ""Ctrl"": [""4:21"", ""0:47""]}], ""fighters"": [""Allan Nascimento"", ""Mitch Raposo""]}",Per round RD1 14 of 54 - 25% 15 of 32 - 46% RD2 20 of 48 - 41% 19 of 48 - 39% RD3 24 of 40 - 60% 4 of 9 - 44% Landed Attempted
UFC Fight Night: Kape vs. Horiguchi,http://ufcstats.com/event-details/c8661e204c66f325,http://ufcstats.com/fight-details/8b809ba1880aded0,Gaston Bolanos | Michael Aswell Jr.,96924b0019b3aff1 | 01c9e4013afce141,Gaston Bolanos,win,Decision - Unanimous,3,5:00,Featherweight,"{""rows"": [{""Fighter"": [""Gaston Bolanos"", ""Michael Aswell Jr.""], ""KD"": [""0"", ""0""], ""Sig. str."": [""87 of 193"", ""105 of 252""], ""Sig. str. %"": [""45%"", ""41%""], ""Total str."": [""94 of 202"", ""115 of 267""], ""Td"": [""1 of 2"", ""0 of 3""], ""Td %"": [""50%"", ""0%""], ""Sub. att"": [""0"", ""0""], ""Rev."": [""0"", ""0""], ""Ctrl"": [""0:22"", ""1:06""]}], ""fighters"": [""Gaston Bolanos"", ""Michael Aswell Jr.""]}",Per round RD1 29 of 74 - 39% 47 of 100 - 47% RD2 36 of 71 - 50% 30 of 80 - 37% RD3 22 of 48 - 45% 28 of 72 - 38% Landed Attempted
UFC Fight Night: Kape vs. Horiguchi,http://ufcstats.com/event-details/c8661e204c66f325,http://ufcstats.com/fight-details/6658fe4531c86674,Leon Shahbazyan | Levan Chokheli,9eed2bcc9e0b92af | a69a7120cf26669d,Levan Chokheli,win,KO/TKO,1,0:23,Welterweight,"{""rows"": [{""Fighter"": [""Leon Shahbazyan"", ""Levan Chokheli""], ""KD"": [""0"", ""1""], ""Sig. str."": [""0 of 1"", ""6 of 11""], ""Sig. str. %"": [""0%"", ""54%""], ""Total str."": [""0 of 1"", ""6 of 11""], ""Td"": [""0 of 0"", ""0 of 0""], ""Td %"": [""---"", ""---""], ""Sub. att"": [""0"", ""0""], ""Rev."": [""0"", ""0""], ""Ctrl"": [""0:00"", ""0:01""]}], ""fighters"": [""Leon Shahbazyan"", ""Levan Chokheli""]}",Per round RD1 0 of 1 - 0% 6 of 11 - 54% Landed Attempted
UFC Fight Night: Kape vs. Horiguchi,http://ufcstats.com/event-details/c8661e204c66f325,http://ufcstats.com/fight-details/b23a1a5d35eb438a,Karol Rosa | Luana Santos,351c4ec637380ad5 | 5078e1dacf9d25f4,Luana Santos,win,Decision - Unanimous,3,5:00,Women's Bantamweight,"{""rows"": [{""Fighter"": [""Karol Rosa"", ""Luana Santos""], ""KD"": [""0"", ""0""], ""Sig. str."": [""7 of 26"", ""9 of 11""], ""Sig. str. %"": [""26%"", ""81%""], ""Total str."": [""126 of 147"", ""110 of 120""], ""Td"": [""0 of 0"", ""2 of 10""], ""Td %"": [""---"", ""20%""], ""Sub. att"": [""0"", ""0""], ""Rev."": [""0"", ""0""], ""Ctrl"": [""0:00"", ""12:21""]}], ""fighters"": [""Karol Rosa"", ""Luana Santos""]}",Per round RD1 4 of 16 - 25% 7 of 9 - 77% RD2 2 of 3 - 66% 2 of 2 - 100% RD3 1 of 7 - 14% 0 of 0 - 0% Landed Attempted
UFC Fight Night: Kape vs. Horiguchi,http://ufcstats.com/event-details/c8661e204c66f325,http://ufcstats.com/fight-details/9efa4de316b8bf43,Shane Collins | Otari Tanzilovi,70fc8214822b5a85 | b9124c308671e303,Shane Collins,win,Decision - Unanimous,3,5:00,Featherweight,"{""rows"": [{""Fighter"": [""Shane Collins"", ""Otari Tanzilovi""], ""KD"": [""0"", ""0""], ""Sig. str."": [""76 of 138"", ""58 of 89""], ""Sig. str. %"": [""55%"", ""65%""], ""Total str."": [""111 of 175"", ""74 of 105""], ""Td"": [""0 of 6"", ""5 of 9""], ""Td %"": [""0%"", ""55%""], ""Sub. att"": [""3"", ""0""], ""Rev."": [""0"", ""0""], ""Ctrl"": [""2:34"", ""4:14""]}], ""fighters"": [""Shane Collins"", ""Otari Tanzilovi""]}",Per round RD1 23 of 47 - 48% 20 of 27 - 74% RD2 21 of 38 - 55% 16 of 22 - 72% RD3 32 of 53 - 60% 22 of 40 - 55% Landed Attempted
UFC Freedom 250,http://ufcstats.com/event-details/48544433372ecfa6,http://ufcstats.com/fight-details/7208e40818401e88,Ilia Topuria | Justin Gaethje,54f64b5e283b0ce7 | 9e8f6c728eb01124,Justin Gaethje,win,KO/TKO,4,5:00,Lightweight,"{""rows"": [{""Fighter"": [""Ilia Topuria"", ""Justin Gaethje""], ""KD"": [""1"", ""0""], ""Sig. str."": [""97 of 162"", ""91 of 192""], ""Sig. str. %"": [""59%"", ""47%""], ""Total str."": [""111 of 177"", ""119 of 228""], ""Td"": [""1 of 3"", ""0 of 5""], ""Td %"": [""33%"", ""0%""], ""Sub. att"": [""0"", ""0""], ""Rev."": [""0"", ""0""], ""Ctrl"": [""2:32"", ""1:32""]}], ""fighters"": [""Ilia Topuria"", ""Justin Gaethje""]}",Per round RD1 29 of 58 - 50% 32 of 68 - 47% RD2 44 of 60 - 73% 12 of 35 - 34% RD3 7 of 15 - 46% 22 of 36 - 61% RD4 17 of 29 - 58% 25 of 53 - 47% Landed Attempted
UFC Freedom 250,http://ufcstats.com/event-details/48544433372ecfa6,http://ufcstats.com/fight-details/5727d5be8c373346,Alex Pereira | Ciryl Gane,e5549c82bfb5582d | 787bb1f087ccff8a,Ciryl Gane,win,KO/TKO,2,1:27,Heavyweight,"{""rows"": [{""Fighter"": [""Alex Pereira"", ""Ciryl Gane""], ""KD"": [""0"", ""1""], ""Sig. str."": [""12 of 33"", ""54 of 86""], ""Sig. str. %"": [""36%"", ""62%""], ""Total str."": [""12 of 33"", ""54 of 86""], ""Td"": [""0 of 0"", ""0 of 2""], ""Td %"": [""---"", ""0%""], ""Sub. att"": [""0"", ""0""], ""Rev."": [""0"", ""0""], ""Ctrl"": [""0:00"", ""0:12""]}], ""fighters"": [""Alex Pereira"", ""Ciryl Gane""]}",Per round RD1 11 of 26 - 42% 23 of 45 - 51% RD2 1 of 7 - 14% 31 of 41 - 75% Landed Attempted
UFC Freedom 250,http://ufcstats.com/event-details/48544433372ecfa6,http://ufcstats.com/fight-details/60de0423ae6ed097,Sean O'Malley | Aiemann Zahabi,b50a426a33da0012 | 24656ef4d605c96f,Sean O'Malley,win,KO/TKO,2,4:02,Bantamweight,"{""rows"": [{""Fighter"": [""Sean O'Malley"", ""Aiemann Zahabi""], ""KD"": [""1"", ""0""], ""Sig. str."": [""41 of 81"", ""32 of 56""], ""Sig. str. %"": [""50%"", ""57%""], ""Total str."": [""41 of 81"", ""32 of 56""], ""Td"": [""0 of 0"", ""0 of 0""], ""Td %"": [""---"", ""---""], ""Sub. att"": [""0"", ""0""], ""Rev."": [""0"", ""0""], ""Ctrl"": [""0:02"", ""0:00""]}], ""fighters"": [""Sean O'Malley"", ""Aiemann Zahabi""]}",Per round RD1 14 of 35 - 40% 8 of 16 - 50% RD2 27 of 46 - 58% 24 of 40 - 60% Landed Attempted
UFC Freedom 250,http://ufcstats.com/event-details/48544433372ecfa6,http://ufcstats.com/fight-details/30cdb851f6c63444,Josh Hokit | Derrick Lewis,955da1675ad58a50 | d3df1add9d9a7efb,Josh Hokit,win,KO/TKO,2,4:09,Heavyweight,"{""rows"": [{""Fighter"": [""Josh Hokit"", ""Derrick Lewis""], ""KD"": [""1"", ""0""], ""Sig. str."": [""86 of 117"", ""7 of 40""], ""Sig. str. %"": [""73%"", ""17%""], ""Total str."": [""105 of 138"", ""8 of 41""], ""Td"": [""2 of 3"", ""0 of 1""], ""Td %"": [""66%"", ""0%""], ""Sub. att"": [""1"", ""0""], ""Rev."": [""0"", ""0""], ""Ctrl"": [""4:04"", ""0:00""]}], ""fighters"": [""Josh Hokit"", ""Derrick Lewis""]}",Per round RD1 41 of 55 - 74% 1 of 5 - 20% RD2 45 of 62 - 72% 6 of 35 - 17% Landed Attempted
UFC Freedom 250,http://ufcstats.com/event-details/48544433372ecfa6,http://ufcstats.com/fight-details/9a9b30b3165b62e4,Mauricio Ruffy | Michael Chandler,9c393e836a852f30 | 4b93a88f3b1de35b,Mauricio Ruffy,win,KO/TKO,1,4:29,Lightweight,"{""rows"": [{""Fighter"": [""Mauricio Ruffy"", ""Michael Chandler""], ""KD"": [""2"", ""0""], ""Sig. str."": [""19 of 40"", ""3 of 12""], ""Sig. str. %"": [""47%"", ""25%""], ""Total str."": [""20 of 41"", ""3 of 12""], ""Td"": [""0 of 0"", ""0 of 3""], ""Td %"": [""---"", ""0%""], ""Sub. att"": [""0"", ""0""], ""Rev."": [""0"", ""0""], ""Ctrl"": [""0:13"", ""0:00""]}], ""fighters"": [""Mauricio Ruffy"", ""Michael Chandler""]}",Per round RD1 19 of 40 - 47% 3 of 12 - 25% Landed Attempted
UFC Freedom 250,http://ufcstats.com/event-details/48544433372ecfa6,http://ufcstats.com/fight-details/00e8d4b961a65d21,Bo Nickal | Kyle Daukaus,35673bf5204524ee | d6c0cdd7e467c440,Bo Nickal,win,KO/TKO,1,4:34,Middleweight,"{""rows"": [{""Fighter"": [""Bo Nickal"", ""Kyle Daukaus""], ""KD"": [""1"", ""0""], ""Sig. str."": [""16 of 24"", ""2 of 7""], ""Sig. str. %"": [""66%"", ""28%""], ""Total str."": [""44 of 53"", ""26 of 31""], ""Td"": [""1 of 1"", ""0 of 0""], ""Td %"": [""100%"", ""---""], ""Sub. att"": [""0"", ""0""], ""Rev."": [""0"", ""0""], ""Ctrl"": [""3:14"", ""0:00""]}], ""fighters"": [""Bo Nickal"", ""Kyle Daukaus""]}",Per round RD1 16 of 24 - 66% 2 of 7 - 28% Landed Attempted
UFC Freedom 250,http://ufcstats.com/event-details/48544433372ecfa6,http://ufcstats.com/fight-details/127ba4a1ccb3d4a6,Diego Lopes | Steve Garcia,f166e93d04a8c274 | 97cf1a2c7c5e7889,Diego Lopes,win,KO/TKO,2,2:42,Featherweight,"{""rows"": [{""Fighter"": [""Diego Lopes"", ""Steve Garcia""], ""KD"": [""1"", ""0""], ""Sig. str."": [""24 of 66"", ""47 of 104""], ""Sig. str. %"": [""36%"", ""45%""], ""Total str."": [""24 of 66"", ""47 of 104""], ""Td"": [""0 of 1"", ""0 of 0""], ""Td %"": [""0%"", ""---""], ""Sub. att"": [""0"", ""0""], ""Rev."": [""0"", ""0""], ""Ctrl"": [""0:05"", ""0:00""]}], ""fighters"": [""Diego Lopes"", ""Steve Garcia""]}",Per round RD1 6 of 32 - 18% 23 of 57 - 40% RD2 18 of 34 - 52% 24 of 47 - 51% Landed Attempted
UFC Fight Night: Muhammad vs. Bonfim,http://ufcstats.com/event-details/ba17afef01ed78b6,http://ufcstats.com/fight-details/5c69b019e6deee41,Belal Muhammad | Gabriel Bonfim,b1b0729d27936f2f | 01641ba5df0c69b0,Gabriel Bonfim,win,Decision - Unanimous,5,5:00,Welterweight,"{""rows"": [{""Fighter"": [""Belal Muhammad"", ""Gabriel Bonfim""], ""KD"": [""0"", ""0""], ""Sig. str."": [""86 of 275"", ""128 of 260""], ""Sig. str. %"": [""31%"", ""49%""], ""Total str."": [""86 of 275"", ""128 of 261""], ""Td"": [""0 of 2"", ""0 of 1""], ""Td %"": [""0%"", ""0%""], ""Sub. att"": [""0"", ""0""], ""Rev."": [""0"", ""0""], ""Ctrl"": [""0:08"", ""0:00""]}], ""fighters"": [""Belal Muhammad"", ""Gabriel Bonfim""]}",Per round RD1 13 of 36 - 36% 14 of 37 - 37% RD2 20 of 54 - 37% 30 of 60 - 50% RD3 14 of 39 - 35% 23 of 50 - 46% RD4 17 of 65 - 26% 26 of 53 - 49% RD5 22 of 81 - 27% 35 of 60 - 58% Landed Attempted
UFC Fight Night: Muhammad vs. Bonfim,http://ufcstats.com/event-details/ba17afef01ed78b6,http://ufcstats.com/fight-details/419fff06f338f5c6,Brendan Allen | Edmen Shahbazyan,2f181c0467965b98 | 4144798612ef96e5,Brendan Allen,win,Decision - Unanimous,3,5:00,Middleweight,"{""rows"": [{""Fighter"": [""Brendan Allen"", ""Edmen Shahbazyan""], ""KD"": [""0"", ""0""], ""Sig. str."": [""89 of 194"", ""90 of 180""], ""Sig. str. %"": [""45%"", ""50%""], ""Total str."": [""91 of 196"", ""90 of 180""], ""Td"": [""1 of 4"", ""0 of 1""], ""Td %"": [""25%"", ""0%""], ""Sub. att"": [""0"", ""0""], ""Rev."": [""0"", ""0""], ""Ctrl"": [""0:28"", ""0:08""]}], ""fighters"": [""Brendan Allen"", ""Edmen Shahbazyan""]}",Per round RD1 20 of 50 - 40% 22 of 38 - 57% RD2 28 of 64 - 43% 32 of 59 - 54% RD3 41 of 80 - 51% 36 of 83 - 43% Landed Attempted
UFC Fight Night: Muhammad vs. Bonfim,http://ufcstats.com/event-details/ba17afef01ed78b6,http://ufcstats.com/fight-details/58ffa2dac4f2e7d0,Fares Ziam | Tom Nolan,1e4f273069fb9e85 | 6c3b2525436cf5d4,Tom Nolan,win,Decision - Unanimous,3,5:00,Lightweight,"{""rows"": [{""Fighter"": [""Fares Ziam"", ""Tom Nolan""], ""KD"": [""0"", ""0""], ""Sig. str."": [""16 of 32"", ""31 of 66""], ""Sig. str. %"": [""50%"", ""46%""], ""Total str."": [""48 of 70"", ""65 of 116""], ""Td"": [""3 of 5"", ""2 of 6""], ""Td %"": [""60%"", ""33%""], ""Sub. att"": [""1"", ""0""], ""Rev."": [""1"", ""1""], ""Ctrl"": [""5:07"", ""6:47""]}], ""fighters"": [""Fares Ziam"", ""Tom Nolan""]}",Per round RD1 6 of 13 - 46% 13 of 25 - 52% RD2 6 of 13 - 46% 12 of 19 - 63% RD3 4 of 6 - 66% 6 of 22 - 27% Landed Attempted
UFC Fight Night: Muhammad vs. Bonfim,http://ufcstats.com/event-details/ba17afef01ed78b6,http://ufcstats.com/fight-details/c47796e11a801e12,Bryce Mitchell | Santiago Luna,d9c6f19f958643e9 | faf317c665546a36,Bryce Mitchell,win,Submission,3,4:52,Bantamweight,"{""rows"": [{""Fighter"": [""Bryce Mitchell"", ""Santiago Luna""], ""KD"": [""0"", ""0""], ""Sig. str."": [""22 of 41"", ""9 of 25""], ""Sig. str. %"": [""53%"", ""36%""], ""Total str."": [""54 of 77"", ""112 of 130""], ""Td"": [""2 of 5"", ""0 of 1""], ""Td %"": [""40%"", ""0%""], ""Sub. att"": [""2"", ""1""], ""Rev."": [""1"", ""1""], ""Ctrl"": [""11:40"", ""1:14""]}], ""fighters"": [""Bryce Mitchell"", ""Santiago Luna""]}",Per round RD1 11 of 13 - 84% 3 of 4 - 75% RD2 9 of 22 - 40% 3 of 12 - 25% RD3 2 of 6 - 33% 3 of 9 - 33% Landed Attempted
UFC Fight Night: Muhammad vs. Bonfim,http://ufcstats.com/event-details/ba17afef01ed78b6,http://ufcstats.com/fight-details/bfe4950b3de83e9c,Iwo Baraniewski | Junior Tafa,1c23ec2f1b71be40 | c15fa95b9a12fde4,Iwo Baraniewski,win,KO/TKO,1,1:25,Light Heavyweight,"{""rows"": [{""Fighter"": [""Iwo Baraniewski"", ""Junior Tafa""], ""KD"": [""1"", ""0""], ""Sig. str."": [""6 of 22"", ""0 of 8""], ""Sig. str. %"": [""27%"", ""0%""], ""Total str."": [""6 of 22"", ""0 of 8""], ""Td"": [""0 of 1"", ""0 of 0""], ""Td %"": [""0%"", ""---""], ""Sub. att"": [""0"", ""0""], ""Rev."": [""0"", ""0""], ""Ctrl"": [""0:17"", ""0:00""]}], ""fighters"": [""Iwo Baraniewski"", ""Junior Tafa""]}",Per round RD1 6 of 22 - 27% 0 of 8 - 0% Landed Attempted
UFC Fight Night: Muhammad vs. Bonfim,http://ufcstats.com/event-details/ba17afef01ed78b6,http://ufcstats.com/fight-details/5d2eedd05081ed23,Matt Schnell | Alessandro Costa,67c1d46f4ed16f9e | 3fa97913cfd205d3,Alessandro Costa,win,KO/TKO,1,2:28,Catch Weight,"{""rows"": [{""Fighter"": [""Matt Schnell"", ""Alessandro Costa""], ""KD"": [""0"", ""1""], ""Sig. str."": [""8 of 21"", ""19 of 23""], ""Sig. str. %"": [""38%"", ""82%""], ""Total str."": [""8 of 21"", ""19 of 23""], ""Td"": [""0 of 0"", ""0 of 0""], ""Td %"": [""---"", ""---""], ""Sub. att"": [""0"", ""0""], ""Rev."": [""0"", ""0""], ""Ctrl"": [""0:00"", ""0:05""]}], ""fighters"": [""Matt Schnell"", ""Alessandro Costa""]}",Per round RD1 8 of 21 - 38% 19 of 23 - 82% Landed Attempted
UFC Fight Night: Muhammad vs. Bonfim,http://ufcstats.com/event-details/ba17afef01ed78b6,http://ufcstats.com/fight-details/90940d93d6e0998f,Marcus McGhee | John Yannis,c0ac37a4a1133da9 | 450bcab0968562c4,Marcus McGhee,win,Decision - Unanimous,3,5:00,Bantamweight,"{""rows"": [{""Fighter"": [""Marcus McGhee"", ""John Yannis""], ""KD"": [""0"", ""0""], ""Sig. str."": [""79 of 202"", ""55 of 115""], ""Sig. str. %"": [""39%"", ""47%""], ""Total str."": [""79 of 202"", ""55 of 115""], ""Td"": [""0 of 2"", ""0 of 0""], ""Td %"": [""0%"", ""---""], ""Sub. att"": [""0"", ""0""], ""Rev."": [""0"", ""0""], ""Ctrl"": [""0:00"", ""0:00""]}], ""fighters"": [""Marcus McGhee"", ""John Yannis""]}",Per round RD1 14 of 51 - 27% 13 of 40 - 32% RD2 35 of 93 - 37% 30 of 45 - 66% RD3 30 of 58 - 51% 12 of 30 - 40% Landed Attempted
UFC Fight Night: Muhammad vs. Bonfim,http://ufcstats.com/event-details/ba17afef01ed78b6,http://ufcstats.com/fight-details/20d74ed23d3e9b3a,Bruno Silva | Edgar Chairez,294aa73dbf37d281 | 5ef94841c4bc3f86,Edgar Chairez,win,Submission,1,4:13,Flyweight,"{""rows"": [{""Fighter"": [""Bruno Silva"", ""Edgar Chairez""], ""KD"": [""0"", ""2""], ""Sig. str."": [""17 of 29"", ""24 of 44""], ""Sig. str. %"": [""58%"", ""54%""], ""Total str."": [""17 of 29"", ""24 of 44""], ""Td"": [""0 of 3"", ""0 of 0""], ""Td %"": [""0%"", ""---""], ""Sub. att"": [""0"", ""1""], ""Rev."": [""0"", ""0""], ""Ctrl"": [""0:00"", ""0:24""]}], ""fighters"": [""Bruno Silva"", ""Edgar Chairez""]}",Per round RD1 17 of 29 - 58% 24 of 44 - 54% Landed Attempted
UFC Fight Night: Muhammad vs. Bonfim,http://ufcstats.com/event-details/ba17afef01ed78b6,http://ufcstats.com/fight-details/98e77712f99956ff,Priscila Cachoeira | Chelsea Chandler,b1e5bcaad32a3cac | af9efbfd63d39734,Chelsea Chandler,win,Submission,1,3:42,Women's Bantamweight,"{""rows"": [{""Fighter"": [""Priscila Cachoeira"", ""Chelsea Chandler""], ""KD"": [""0"", ""1""], ""Sig. str."": [""7 of 13"", ""11 of 25""], ""Sig. str. %"": [""53%"", ""44%""], ""Total str."": [""9 of 16"", ""24 of 41""], ""Td"": [""1 of 1"", ""0 of 0""], ""Td %"": [""100%"", ""---""], ""Sub. att"": [""0"", ""1""], ""Rev."": [""0"", ""0""], ""Ctrl"": [""0:23"", ""1:52""]}], ""fighters"": [""Priscila Cachoeira"", ""Chelsea Chandler""]}",Per round RD1 7 of 13 - 53% 11 of 25 - 44% Landed Attempted
UFC Fight Night: Muhammad vs. Bonfim,http://ufcstats.com/event-details/ba17afef01ed78b6,http://ufcstats.com/fight-details/44cfbb8c3c356c65,Jordan Leavitt | Joanderson Brito,ac026518a9b4dc0f | 791c8437b341fba5,Joanderson Brito,win,Submission,1,4:19,Featherweight,"{""rows"": [{""Fighter"": [""Jordan Leavitt"", ""Joanderson Brito""], ""KD"": [""0"", ""0""], ""Sig. str."": [""7 of 9"", ""5 of 13""], ""Sig. str. %"": [""77%"", ""38%""], ""Total str."": [""27 of 29"", ""15 of 24""], ""Td"": [""0 of 5"", ""0 of 0""], ""Td %"": [""0%"", ""---""], ""Sub. att"": [""1"", ""1""], ""Rev."": [""1"", ""0""], ""Ctrl"": [""2:21"", ""1:17""]}], ""fighters"": [""Jordan Leavitt"", ""Joanderson Brito""]}",Per round RD1 7 of 9 - 77% 5 of 13 - 38% Landed Attempted
UFC Fight Night: Muhammad vs. Bonfim,http://ufcstats.com/event-details/ba17afef01ed78b6,http://ufcstats.com/fight-details/a6b211d8dab5edec,Jeisla Chaves | Yuneisy Duben,8061a3136026a673 | c3d2b9bcb4cead6b,Jeisla Chaves,win,Decision - Split,3,5:00,Women's Flyweight,"{""rows"": [{""Fighter"": [""Jeisla Chaves"", ""Yuneisy Duben""], ""KD"": [""0"", ""0""], ""Sig. str."": [""64 of 99"", ""62 of 112""], ""Sig. str. %"": [""64%"", ""55%""], ""Total str."": [""92 of 136"", ""110 of 165""], ""Td"": [""3 of 6"", ""2 of 4""], ""Td %"": [""50%"", ""50%""], ""Sub. att"": [""1"", ""0""], ""Rev."": [""0"", ""1""], ""Ctrl"": [""4:29"", ""3:18""]}], ""fighters"": [""Jeisla Chaves"", ""Yuneisy Duben""]}",Per round RD1 28 of 53 - 52% 26 of 56 - 46% RD2 18 of 25 - 72% 12 of 20 - 60% RD3 18 of 21 - 85% 24 of 36 - 66% Landed Attempted
UFC Fight Night: Muhammad vs. Bonfim,http://ufcstats.com/event-details/ba17afef01ed78b6,http://ufcstats.com/fight-details/b0474597b2c60482,Ketlen Souza | Ariane Carnelossi,8bd4200561c77a62 | c0d5c0c95c59050b,Ketlen Souza,win,KO/TKO,1,1:34,Women's Strawweight,"{""rows"": [{""Fighter"": [""Ketlen Souza"", ""Ariane Carnelossi""], ""KD"": [""1"", ""0""], ""Sig. str."": [""13 of 17"", ""8 of 21""], ""Sig. str. %"": [""76%"", ""38%""], ""Total str."": [""13 of 17"", ""8 of 21""], ""Td"": [""0 of 0"", ""0 of 0""], ""Td %"": [""---"", ""---""], ""Sub. att"": [""0"", ""0""], ""Rev."": [""0"", ""0""], ""Ctrl"": [""0:03"", ""0:00""]}], ""fighters"": [""Ketlen Souza"", ""Ariane Carnelossi""]}",Per round RD1 13 of 17 - 76% 8 of 21 - 38% Landed Attempted
UFC Fight Night: Song vs. Figueiredo,http://ufcstats.com/event-details/1e75e6c9de99fa76,http://ufcstats.com/fight-details/423f32dd018ac218,Song Yadong | Deiveson Figueiredo,efb96bf3e9ada36f | aa72b0f831d0bfe5,Song Yadong,win,Submission,2,4:42,Bantamweight,"{""rows"": [{""Fighter"": [""Song Yadong"", ""Deiveson Figueiredo""], ""KD"": [""0"", ""0""], ""Sig. str."": [""24 of 52"", ""9 of 17""], ""Sig. str. %"": [""46%"", ""52%""], ""Total str."": [""30 of 58"", ""17 of 26""], ""Td"": [""1 of 1"", ""1 of 4""], ""Td %"": [""100%"", ""25%""], ""Sub. att"": [""1"", ""0""], ""Rev."": [""0"", ""0""], ""Ctrl"": [""0:03"", ""0:35""]}], ""fighters"": [""Song Yadong"", ""Deiveson Figueiredo""]}",Per round RD1 9 of 22 - 40% 6 of 6 - 100% RD2 15 of 30 - 50% 3 of 11 - 27% Landed Attempted
UFC Fight Night: Song vs. Figueiredo,http://ufcstats.com/event-details/1e75e6c9de99fa76,http://ufcstats.com/fight-details/a23d84f15207e459,Zhang Mingyang | Alonzo Menifield,8a65fd9ba31fd3f7 | a495f599e787614f,Alonzo Menifield,win,KO/TKO,1,4:15,Light Heavyweight,"{""rows"": [{""Fighter"": [""Zhang Mingyang"", ""Alonzo Menifield""], ""KD"": [""0"", ""2""], ""Sig. str."": [""16 of 37"", ""28 of 52""], ""Sig. str. %"": [""43%"", ""53%""], ""Total str."": [""28 of 51"", ""42 of 68""], ""Td"": [""0 of 0"", ""0 of 0""], ""Td %"": [""---"", ""---""], ""Sub. att"": [""0"", ""0""], ""Rev."": [""0"", ""0""], ""Ctrl"": [""0:43"", ""1:47""]}], ""fighters"": [""Zhang Mingyang"", ""Alonzo Menifield""]}",Per round RD1 16 of 37 - 43% 28 of 52 - 53% Landed Attempted
UFC Fight Night: Song vs. Figueiredo,http://ufcstats.com/event-details/1e75e6c9de99fa76,http://ufcstats.com/fight-details/f74e4afdf6ae29d1,Sergei Pavlovich | Tallison Teixeira,f14cf73e51b29254 | 17923f676f100e16,Sergei Pavlovich,win,KO/TKO,1,0:39,Heavyweight,"{""rows"": [{""Fighter"": [""Sergei Pavlovich"", ""Tallison Teixeira""], ""KD"": [""1"", ""0""], ""Sig. str."": [""7 of 9"", ""0 of 4""], ""Sig. str. %"": [""77%"", ""0%""], ""Total str."": [""10 of 13"", ""0 of 4""], ""Td"": [""0 of 0"", ""0 of 0""], ""Td %"": [""---"", ""---""], ""Sub. att"": [""0"", ""0""], ""Rev."": [""0"", ""0""], ""Ctrl"": [""0:05"", ""0:00""]}], ""fighters"": [""Sergei Pavlovich"", ""Tallison Teixeira""]}",Per round RD1 7 of 9 - 77% 0 of 4 - 0% Landed Attempted
UFC Fight Night: Song vs. Figueiredo,http://ufcstats.com/event-details/1e75e6c9de99fa76,http://ufcstats.com/fight-details/00959e29e4a10e26,Kai Asakura | Cameron Smotherman,d33da8a3d82bdb62 | 5c84f673b7bb7c15,Kai Asakura,win,KO/TKO,1,1:50,Bantamweight,"{""rows"": [{""Fighter"": [""Kai Asakura"", ""Cameron Smotherman""], ""KD"": [""1"", ""0""], ""Sig. str."": [""9 of 21"", ""3 of 7""], ""Sig. str. %"": [""42%"", ""42%""], ""Total str."": [""9 of 21"", ""3 of 7""], ""Td"": [""0 of 0"", ""0 of 0""], ""Td %"": [""---"", ""---""], ""Sub. att"": [""0"", ""0""], ""Rev."": [""0"", ""0""], ""Ctrl"": [""0:03"", ""0:00""]}], ""fighters"": [""Kai Asakura"", ""Cameron Smotherman""]}",Per round RD1 9 of 21 - 42% 3 of 7 - 42% Landed Attempted
UFC Fight Night: Song vs. Figueiredo,http://ufcstats.com/event-details/1e75e6c9de99fa76,http://ufcstats.com/fight-details/c1c9dfd0c0952f18,Jake Matthews | Carlston Harris,a845f0735bc67405 | a53d30163304aa6e,Jake Matthews,win,Decision - Unanimous,3,5:00,Welterweight,"{""rows"": [{""Fighter"": [""Jake Matthews"", ""Carlston Harris""], ""KD"": [""1"", ""0""], ""Sig. str."": [""55 of 96"", ""27 of 75""], ""Sig. str. %"": [""57%"", ""36%""], ""Total str."": [""109 of 173"", ""40 of 88""], ""Td"": [""0 of 0"", ""0 of 3""], ""Td %"": [""---"", ""0%""], ""Sub. att"": [""0"", ""0""], ""Rev."": [""0"", ""1""], ""Ctrl"": [""9:30"", ""0:27""]}], ""fighters"": [""Jake Matthews"", ""Carlston Harris""]}",Per round RD1 46 of 83 - 55% 25 of 69 - 36% RD2 1 of 1 - 100% 0 of 0 - 0% RD3 8 of 12 - 66% 2 of 6 - 33% Landed Attempted
UFC Fight Night: Song vs. Figueiredo,http://ufcstats.com/event-details/1e75e6c9de99fa76,http://ufcstats.com/fight-details/7e8749cbf32ef1f8,Alex Perez | Sumudaerji,ab2b4ff41d6ebe0f | 3cf18e01cb6cbde3,,nc nc,Could Not Continue,2,1:45,Flyweight,"{""rows"": [{""Fighter"": [""Alex Perez"", ""Sumudaerji""], ""KD"": [""0"", ""1""], ""Sig. str."": [""9 of 45"", ""26 of 53""], ""Sig. str. %"": [""20%"", ""49%""], ""Total str."": [""22 of 58"", ""31 of 58""], ""Td"": [""0 of 2"", ""1 of 2""], ""Td %"": [""0%"", ""50%""], ""Sub. att"": [""1"", ""0""], ""Rev."": [""0"", ""0""], ""Ctrl"": [""0:32"", ""1:11""]}], ""fighters"": [""Alex Perez"", ""Sumudaerji""]}",Per round RD1 9 of 39 - 23% 16 of 35 - 45% RD2 0 of 6 - 0% 10 of 18 - 55% Landed Attempted
UFC Fight Night: Song vs. Figueiredo,http://ufcstats.com/event-details/1e75e6c9de99fa76,http://ufcstats.com/fight-details/f6d09973de0f83e7,YiSak Lee | Luis Felipe Dias,e6666480a830f764 | 33a86e839ad202d8,Luis Felipe Dias,win,KO/TKO,1,3:40,Middleweight,"{""rows"": [{""Fighter"": [""YiSak Lee"", ""Luis Felipe Dias""], ""KD"": [""0"", ""1""], ""Sig. str."": [""10 of 25"", ""21 of 40""], ""Sig. str. %"": [""40%"", ""52%""], ""Total str."": [""10 of 25"", ""21 of 40""], ""Td"": [""0 of 0"", ""0 of 0""], ""Td %"": [""---"", ""---""], ""Sub. att"": [""0"", ""0""], ""Rev."": [""0"", ""0""], ""Ctrl"": [""0:00"", ""0:03""]}], ""fighters"": [""YiSak Lee"", ""Luis Felipe Dias""]}",Per round RD1 10 of 25 - 40% 21 of 40 - 52% Landed Attempted
UFC Fight Night: Song vs. Figueiredo,http://ufcstats.com/event-details/1e75e6c9de99fa76,http://ufcstats.com/fight-details/bc0b3c16246e0d1d,Ding Meng | Jose Souza,e0664abaa023fd6f | 20a0e4cc5227c117,Jose Souza,win,Decision - Split,3,5:00,Welterweight,"{""rows"": [{""Fighter"": [""Ding Meng"", ""Jose Souza""], ""KD"": [""0"", ""0""], ""Sig. str."": [""63 of 146"", ""72 of 153""], ""Sig. str. %"": [""43%"", ""47%""], ""Total str."": [""63 of 146"", ""72 of 153""], ""Td"": [""0 of 0"", ""0 of 0""], ""Td %"": [""---"", ""---""], ""Sub. att"": [""0"", ""0""], ""Rev."": [""0"", ""0""], ""Ctrl"": [""0:00"", ""0:00""]}], ""fighters"": [""Ding Meng"", ""Jose Souza""]}",Per round RD1 24 of 40 - 60% 20 of 43 - 46% RD2 26 of 51 - 50% 23 of 51 - 45% RD3 13 of 55 - 23% 29 of 59 - 49% Landed Attempted
UFC Fight Night: Song vs. Figueiredo,http://ufcstats.com/event-details/1e75e6c9de99fa76,http://ufcstats.com/fight-details/3bc0190fb17ba42f,Aoriqileng | Cody Haddon,7d420039bbfe7c1a | 8e6654e9f0461b8f,Cody Haddon,win,KO/TKO,2,2:11,Bantamweight,"{""rows"": [{""Fighter"": [""Aoriqileng"", ""Cody Haddon""], ""KD"": [""0"", ""1""], ""Sig. str."": [""6 of 11"", ""57 of 70""], ""Sig. str. %"": [""54%"", ""81%""], ""Total str."": [""12 of 17"", ""84 of 105""], ""Td"": [""0 of 0"", ""2 of 6""], ""Td %"": [""---"", ""33%""], ""Sub. att"": [""1"", ""0""], ""Rev."": [""0"", ""0""], ""Ctrl"": [""0:00"", ""5:30""]}], ""fighters"": [""Aoriqileng"", ""Cody Haddon""]}",Per round RD1 2 of 3 - 66% 40 of 48 - 83% RD2 4 of 8 - 50% 17 of 22 - 77% Landed Attempted
UFC Fight Night: Song vs. Figueiredo,http://ufcstats.com/event-details/1e75e6c9de99fa76,http://ufcstats.com/fight-details/224dce2c0b03e7eb,Rei Tsuruya | Luis Gurule,2f43a3e82661fa99 | 29162be25ebef5f0,Rei Tsuruya,win,Submission,1,3:19,Bantamweight,"{""rows"": [{""Fighter"": [""Rei Tsuruya"", ""Luis Gurule""], ""KD"": [""0"", ""0""], ""Sig. str."": [""17 of 27"", ""1 of 2""], ""Sig. str. %"": [""62%"", ""50%""], ""Total str."": [""20 of 30"", ""1 of 2""], ""Td"": [""1 of 3"", ""0 of 0""], ""Td %"": [""33%"", ""---""], ""Sub. att"": [""1"", ""0""], ""Rev."": [""0"", ""0""], ""Ctrl"": [""2:17"", ""0:00""]}], ""fighters"": [""Rei Tsuruya"", ""Luis Gurule""]}",Per round RD1 17 of 27 - 62% 1 of 2 - 50% Landed Attempted
UFC Fight Night: Song vs. Figueiredo,http://ufcstats.com/event-details/1e75e6c9de99fa76,http://ufcstats.com/fight-details/3f719885c9916e06,Angela Hill | Xiong Jingnan,f0feeb2192937424 | 2cdb479a0ef0ee1d,Angela Hill,win,Decision - Unanimous,3,5:00,Women's Strawweight,"{""rows"": [{""Fighter"": [""Angela Hill"", ""Xiong Jingnan""], ""KD"": [""0"", ""0""], ""Sig. str."": [""122 of 197"", ""68 of 198""], ""Sig. str. %"": [""61%"", ""34%""], ""Total str."": [""136 of 212"", ""91 of 224""], ""Td"": [""1 of 4"", ""0 of 0""], ""Td %"": [""25%"", ""---""], ""Sub. att"": [""1"", ""0""], ""Rev."": [""0"", ""0""], ""Ctrl"": [""2:06"", ""0:07""]}], ""fighters"": [""Angela Hill"", ""Xiong Jingnan""]}",Per round RD1 36 of 57 - 63% 23 of 64 - 35% RD2 42 of 68 - 61% 25 of 72 - 34% RD3 44 of 72 - 61% 20 of 62 - 32% Landed Attempted
UFC Fight Night: Song vs. Figueiredo,http://ufcstats.com/event-details/1e75e6c9de99fa76,http://ufcstats.com/fight-details/34d5ec676fb5bce3,Zhu Kangjie | Rodrigo Vera,6f4ec5aa3eced219 | 2b266e623e20737a,Rodrigo Vera,win,KO/TKO,1,1:50,Featherweight,"{""rows"": [{""Fighter"": [""Zhu Kangjie"", ""Rodrigo Vera""], ""KD"": [""0"", ""1""], ""Sig. str."": [""7 of 14"", ""17 of 29""], ""Sig. str. %"": [""50%"", ""58%""], ""Total str."": [""12 of 19"", ""25 of 38""], ""Td"": [""0 of 0"", ""1 of 1""], ""Td %"": [""---"", ""100%""], ""Sub. att"": [""0"", ""0""], ""Rev."": [""0"", ""0""], ""Ctrl"": [""0:00"", ""0:41""]}], ""fighters"": [""Zhu Kangjie"", ""Rodrigo Vera""]}",Per round RD1 7 of 14 - 50% 17 of 29 - 58% Landed Attempted
UFC Fight Night: Song vs. Figueiredo,http://ufcstats.com/event-details/1e75e6c9de99fa76,http://ufcstats.com/fight-details/370ff29489150560,Loma Lookboonmee | Jaqueline Amorim,4e30e4250cb08b61 | bc7d1ad49fcb2d08,Jaqueline Amorim,win,Submission,1,4:04,Women's Strawweight,"{""rows"": [{""Fighter"": [""Loma Lookboonmee"", ""Jaqueline Amorim""], ""KD"": [""0"", ""0""], ""Sig. str."": [""3 of 7"", ""0 of 7""], ""Sig. str. %"": [""42%"", ""0%""], ""Total str."": [""10 of 16"", ""5 of 15""], ""Td"": [""0 of 0"", ""0 of 2""], ""Td %"": [""---"", ""0%""], ""Sub. att"": [""0"", ""3""], ""Rev."": [""0"", ""1""], ""Ctrl"": [""0:08"", ""2:58""]}], ""fighters"": [""Loma Lookboonmee"", ""Jaqueline Amorim""]}",Per round RD1 3 of 7 - 42% 0 of 7 - 0% Landed Attempted
UFC Fight Night: Allen vs. Costa,http://ufcstats.com/event-details/73abb7a5c57fb443,http://ufcstats.com/fight-details/e4aa608124896794,Arnold Allen | Melquizael Costa,040a74bb0a465c54 | 20bccc9bb4ceb23e,Arnold Allen,win,Decision - Unanimous,5,5:00,Featherweight,"{""rows"": [{""Fighter"": [""Arnold Allen"", ""Melquizael Costa""], ""KD"": [""1"", ""0""], ""Sig. str."": [""98 of 152"", ""100 of 254""], ""Sig. str. %"": [""64%"", ""39%""], ""Total str."": [""156 of 222"", ""118 of 280""], ""Td"": [""7 of 7"", ""0 of 4""], ""Td %"": [""100%"", ""0%""], ""Sub. att"": [""0"", ""0""], ""Rev."": [""0"", ""0""], ""Ctrl"": [""9:28"", ""1:45""]}], ""fighters"": [""Arnold Allen"", ""Melquizael Costa""]}",Per round RD1 9 of 9 - 100% 10 of 14 - 71% RD2 23 of 38 - 60% 26 of 78 - 33% RD3 32 of 52 - 61% 30 of 71 - 42% RD4 23 of 36 - 63% 23 of 63 - 36% RD5 11 of 17 - 64% 11 of 28 - 39% Landed Attempted
UFC Fight Night: Allen vs. Costa,http://ufcstats.com/event-details/73abb7a5c57fb443,http://ufcstats.com/fight-details/fc1266e2892ed111,Dooho Choi | Daniel Santos,e93b04e308913c2e | b67d6bacc68d4c92,Dooho Choi,win,KO/TKO,2,4:29,Featherweight,"{""rows"": [{""Fighter"": [""Dooho Choi"", ""Daniel Santos""], ""KD"": [""1"", ""0""], ""Sig. str."": [""72 of 138"", ""72 of 182""], ""Sig. str. %"": [""52%"", ""39%""], ""Total str."": [""79 of 145"", ""74 of 186""], ""Td"": [""0 of 0"", ""0 of 6""], ""Td %"": [""---"", ""0%""], ""Sub. att"": [""0"", ""0""], ""Rev."": [""0"", ""0""], ""Ctrl"": [""0:11"", ""0:54""]}], ""fighters"": [""Dooho Choi"", ""Daniel Santos""]}",Per round RD1 28 of 59 - 47% 47 of 106 - 44% RD2 44 of 79 - 55% 25 of 76 - 32% Landed Attempted
UFC Fight Night: Allen vs. Costa,http://ufcstats.com/event-details/73abb7a5c57fb443,http://ufcstats.com/fight-details/ecb7ff543dd41bf8,Malcolm Wellmaker | Juan Diaz,2e45d08b3f2f02c8 | 74939a16c7b56f33,Juan Diaz,win,Submission,2,4:08,Bantamweight,"{""rows"": [{""Fighter"": [""Malcolm Wellmaker"", ""Juan Diaz""], ""KD"": [""0"", ""0""], ""Sig. str."": [""15 of 33"", ""13 of 25""], ""Sig. str. %"": [""45%"", ""52%""], ""Total str."": [""15 of 34"", ""18 of 32""], ""Td"": [""0 of 0"", ""5 of 8""], ""Td %"": [""---"", ""62%""], ""Sub. att"": [""0"", ""1""], ""Rev."": [""0"", ""0""], ""Ctrl"": [""0:00"", ""3:48""]}], ""fighters"": [""Malcolm Wellmaker"", ""Juan Diaz""]}",Per round RD1 10 of 23 - 43% 6 of 16 - 37% RD2 5 of 10 - 50% 7 of 9 - 77% Landed Attempted
UFC Fight Night: Allen vs. Costa,http://ufcstats.com/event-details/73abb7a5c57fb443,http://ufcstats.com/fight-details/57bd683efc797fc1,Modestas Bukauskas | Christian Edwards,476fe566d2df676e | f5d82eccdea4e2dd,Modestas Bukauskas,win,Decision - Split,3,5:00,Catch Weight,"{""rows"": [{""Fighter"": [""Modestas Bukauskas"", ""Christian Edwards""], ""KD"": [""0"", ""0""], ""Sig. str."": [""36 of 80"", ""36 of 71""], ""Sig. str. %"": [""45%"", ""50%""], ""Total str."": [""52 of 99"", ""51 of 89""], ""Td"": [""0 of 0"", ""0 of 4""], ""Td %"": [""---"", ""0%""], ""Sub. att"": [""0"", ""0""], ""Rev."": [""0"", ""0""], ""Ctrl"": [""2:15"", ""4:22""]}], ""fighters"": [""Modestas Bukauskas"", ""Christian Edwards""]}",Per round RD1 10 of 29 - 34% 11 of 30 - 36% RD2 16 of 28 - 57% 11 of 22 - 50% RD3 10 of 23 - 43% 14 of 19 - 73% Landed Attempted
UFC Fight Night: Allen vs. Costa,http://ufcstats.com/event-details/73abb7a5c57fb443,http://ufcstats.com/fight-details/a6ec8573a9d38c51,Timmy Cuamba | Benardo Sopaj,0e46690e55a8df75 | b6c37948cb226e8c,Benardo Sopaj,win,Submission,2,2:25,Bantamweight,"{""rows"": [{""Fighter"": [""Timmy Cuamba"", ""Benardo Sopaj""], ""KD"": [""0"", ""1""], ""Sig. str."": [""29 of 80"", ""37 of 56""], ""Sig. str. %"": [""36%"", ""66%""], ""Total str."": [""29 of 80"", ""66 of 92""], ""Td"": [""0 of 0"", ""1 of 3""], ""Td %"": [""---"", ""33%""], ""Sub. att"": [""0"", ""2""], ""Rev."": [""0"", ""0""], ""Ctrl"": [""0:11"", ""1:54""]}], ""fighters"": [""Timmy Cuamba"", ""Benardo Sopaj""]}",Per round RD1 20 of 60 - 33% 11 of 20 - 55% RD2 9 of 20 - 45% 26 of 36 - 72% Landed Attempted
UFC Fight Night: Allen vs. Costa,http://ufcstats.com/event-details/73abb7a5c57fb443,http://ufcstats.com/fight-details/ec32745308e2b055,Nikolay Veretennikov | Khaos Williams,0f1efce7d2571d10 | 2558ae2e5671e318,Khaos Williams,win,KO/TKO,1,3:31,Welterweight,"{""rows"": [{""Fighter"": [""Nikolay Veretennikov"", ""Khaos Williams""], ""KD"": [""0"", ""1""], ""Sig. str."": [""13 of 25"", ""21 of 56""], ""Sig. str. %"": [""52%"", ""37%""], ""Total str."": [""20 of 33"", ""36 of 73""], ""Td"": [""0 of 0"", ""0 of 0""], ""Td %"": [""---"", ""---""], ""Sub. att"": [""0"", ""0""], ""Rev."": [""0"", ""0""], ""Ctrl"": [""0:00"", ""0:54""]}], ""fighters"": [""Nikolay Veretennikov"", ""Khaos Williams""]}",Per round RD1 13 of 25 - 52% 21 of 56 - 37% Landed Attempted
UFC Fight Night: Allen vs. Costa,http://ufcstats.com/event-details/73abb7a5c57fb443,http://ufcstats.com/fight-details/6242cda790f2085d,Tuco Tokkos | Ivan Erslan,3e8118c1ab52f211 | 64ad3e3b0efa30bb,Ivan Erslan,win,Decision - Unanimous,3,5:00,Light Heavyweight,"{""rows"": [{""Fighter"": [""Tuco Tokkos"", ""Ivan Erslan""], ""KD"": [""0"", ""0""], ""Sig. str."": [""54 of 123"", ""37 of 66""], ""Sig. str. %"": [""43%"", ""56%""], ""Total str."": [""57 of 126"", ""118 of 166""], ""Td"": [""0 of 6"", ""2 of 3""], ""Td %"": [""0%"", ""66%""], ""Sub. att"": [""1"", ""0""], ""Rev."": [""0"", ""0""], ""Ctrl"": [""1:09"", ""8:31""]}], ""fighters"": [""Tuco Tokkos"", ""Ivan Erslan""]}",Per round RD1 40 of 84 - 47% 25 of 40 - 62% RD2 10 of 25 - 40% 7 of 20 - 35% RD3 4 of 14 - 28% 5 of 6 - 83% Landed Attempted
UFC Fight Night: Allen vs. Costa,http://ufcstats.com/event-details/73abb7a5c57fb443,http://ufcstats.com/fight-details/c9e0aa88afb81dab,Tommy Gantt | Artur Minev,de83f920fd302871 | 20d37922ba85e6fc,Tommy Gantt,win,KO/TKO,2,2:51,Lightweight,"{""rows"": [{""Fighter"": [""Tommy Gantt"", ""Artur Minev""], ""KD"": [""0"", ""0""], ""Sig. str."": [""28 of 38"", ""8 of 13""], ""Sig. str. %"": [""73%"", ""61%""], ""Total str."": [""72 of 84"", ""28 of 33""], ""Td"": [""6 of 17"", ""0 of 1""], ""Td %"": [""35%"", ""0%""], ""Sub. att"": [""0"", ""0""], ""Rev."": [""0"", ""0""], ""Ctrl"": [""5:15"", ""0:53""]}], ""fighters"": [""Tommy Gantt"", ""Artur Minev""]}",Per round RD1 5 of 10 - 50% 5 of 7 - 71% RD2 23 of 28 - 82% 3 of 6 - 50% Landed Attempted
UFC Fight Night: Allen vs. Costa,http://ufcstats.com/event-details/73abb7a5c57fb443,http://ufcstats.com/fight-details/5f7111b982bcf6e3,Ketlen Vieira | Jacqueline Cavalcanti,b9706f80d005036c | e3964ece586e0635,Ketlen Vieira,win,Decision - Unanimous,3,5:00,Women's Bantamweight,"{""rows"": [{""Fighter"": [""Ketlen Vieira"", ""Jacqueline Cavalcanti""], ""KD"": [""0"", ""0""], ""Sig. str."": [""30 of 92"", ""53 of 110""], ""Sig. str. %"": [""32%"", ""48%""], ""Total str."": [""66 of 158"", ""72 of 130""], ""Td"": [""1 of 4"", ""0 of 0""], ""Td %"": [""25%"", ""---""], ""Sub. att"": [""0"", ""0""], ""Rev."": [""0"", ""0""], ""Ctrl"": [""4:42"", ""0:00""]}], ""fighters"": [""Ketlen Vieira"", ""Jacqueline Cavalcanti""]}",Per round RD1 11 of 47 - 23% 24 of 46 - 52% RD2 2 of 6 - 33% 1 of 3 - 33% RD3 17 of 39 - 43% 28 of 61 - 45% Landed Attempted
UFC Fight Night: Allen vs. Costa,http://ufcstats.com/event-details/73abb7a5c57fb443,http://ufcstats.com/fight-details/48cb604345f11766,Cody Brundage | Andre Petroski,f14f644d41ade29f | 5f61780fe5e9b6d0,Cody Brundage,win,KO/TKO,2,0:44,Middleweight,"{""rows"": [{""Fighter"": [""Cody Brundage"", ""Andre Petroski""], ""KD"": [""1"", ""0""], ""Sig. str."": [""43 of 60"", ""8 of 17""], ""Sig. str. %"": [""71%"", ""47%""], ""Total str."": [""44 of 62"", ""21 of 30""], ""Td"": [""0 of 0"", ""1 of 1""], ""Td %"": [""---"", ""100%""], ""Sub. att"": [""0"", ""0""], ""Rev."": [""0"", ""0""], ""Ctrl"": [""0:34"", ""1:56""]}], ""fighters"": [""Cody Brundage"", ""Andre Petroski""]}",Per round RD1 6 of 10 - 60% 8 of 16 - 50% RD2 37 of 50 - 74% 0 of 1 - 0% Landed Attempted
UFC Fight Night: Allen vs. Costa,http://ufcstats.com/event-details/73abb7a5c57fb443,http://ufcstats.com/fight-details/b98ead4eff6bf872,Alice Ardelean | Polyana Viana,87f8699fdcc2c404 | 9673a497a9da119a,Alice Ardelean,win,Submission,2,4:36,Women's Strawweight,"{""rows"": [{""Fighter"": [""Alice Ardelean"", ""Polyana Viana""], ""KD"": [""0"", ""0""], ""Sig. str."": [""46 of 94"", ""34 of 75""], ""Sig. str. %"": [""48%"", ""45%""], ""Total str."": [""80 of 139"", ""80 of 137""], ""Td"": [""1 of 1"", ""0 of 0""], ""Td %"": [""100%"", ""---""], ""Sub. att"": [""1"", ""0""], ""Rev."": [""0"", ""0""], ""Ctrl"": [""4:05"", ""0:13""]}], ""fighters"": [""Alice Ardelean"", ""Polyana Viana""]}",Per round RD1 41 of 85 - 48% 31 of 71 - 43% RD2 5 of 9 - 55% 3 of 4 - 75% Landed Attempted
UFC Fight Night: Allen vs. Costa,http://ufcstats.com/event-details/73abb7a5c57fb443,http://ufcstats.com/fight-details/b482d4452e4d0eee,Daniel Barez | Luis Gurule,e8fe9c15d348e778 | 29162be25ebef5f0,Luis Gurule,win,Decision - Unanimous,3,5:00,Flyweight,"{""rows"": [{""Fighter"": [""Daniel Barez"", ""Luis Gurule""], ""KD"": [""0"", ""0""], ""Sig. str."": [""113 of 246"", ""149 of 299""], ""Sig. str. %"": [""45%"", ""49%""], ""Total str."": [""117 of 252"", ""178 of 335""], ""Td"": [""1 of 3"", ""1 of 5""], ""Td %"": [""33%"", ""20%""], ""Sub. att"": [""0"", ""1""], ""Rev."": [""0"", ""1""], ""Ctrl"": [""0:48"", ""2:26""]}], ""fighters"": [""Daniel Barez"", ""Luis Gurule""]}",Per round RD1 20 of 41 - 48% 25 of 55 - 45% RD2 42 of 69 - 60% 51 of 107 - 47% RD3 51 of 136 - 37% 73 of 137 - 53% Landed Attempted
UFC Fight Night: Allen vs. Costa,http://ufcstats.com/event-details/73abb7a5c57fb443,http://ufcstats.com/fight-details/39417b7d07c2fd83,Shauna Bannon | Nicolle Caliari,9c442aaf149ea982 | fc0a4053eb8a3a59,Nicolle Caliari,win,Submission,3,3:08,Women's Strawweight,"{""rows"": [{""Fighter"": [""Shauna Bannon"", ""Nicolle Caliari""], ""KD"": [""0"", ""0""], ""Sig. str."": [""29 of 49"", ""20 of 38""], ""Sig. str. %"": [""59%"", ""52%""], ""Total str."": [""158 of 183"", ""50 of 68""], ""Td"": [""0 of 1"", ""4 of 9""], ""Td %"": [""0%"", ""44%""], ""Sub. att"": [""0"", ""1""], ""Rev."": [""0"", ""0""], ""Ctrl"": [""1:50"", ""9:18""]}], ""fighters"": [""Shauna Bannon"", ""Nicolle Caliari""]}",Per round RD1 2 of 7 - 28% 6 of 9 - 66% RD2 20 of 28 - 71% 6 of 14 - 42% RD3 7 of 14 - 50% 8 of 15 - 53% Landed Attempted
UFC 328: Chimaev vs. Strickland,http://ufcstats.com/event-details/9eedac48b497de5a,http://ufcstats.com/fight-details/70f1621080b3435c,Khamzat Chimaev | Sean Strickland,767755fd74662dbf | 0d8011111be000b2,Sean Strickland,win,Decision - Split,5,5:00,Middleweight,"{""rows"": [{""Fighter"": [""Khamzat Chimaev"", ""Sean Strickland""], ""KD"": [""0"", ""0""], ""Sig. str."": [""98 of 240"", ""123 of 312""], ""Sig. str. %"": [""40%"", ""39%""], ""Total str."": [""137 of 283"", ""160 of 355""], ""Td"": [""9 of 13"", ""0 of 1""], ""Td %"": [""69%"", ""0%""], ""Sub. att"": [""0"", ""0""], ""Rev."": [""0"", ""0""], ""Ctrl"": [""7:16"", ""3:01""]}], ""fighters"": [""Khamzat Chimaev"", ""Sean Strickland""]}",Per round RD1 0 of 3 - 0% 0 of 0 - 0% RD2 10 of 19 - 52% 15 of 38 - 39% RD3 29 of 89 - 32% 43 of 100 - 43% RD4 37 of 72 - 51% 34 of 86 - 39% RD5 22 of 57 - 38% 31 of 88 - 35% Landed Attempted
UFC 328: Chimaev vs. Strickland,http://ufcstats.com/event-details/9eedac48b497de5a,http://ufcstats.com/fight-details/c85b530861145935,Joshua Van | Tatsuro Taira,17e97649403ba428 | 4461d7e47375a895,Joshua Van,win,KO/TKO,5,1:32,Flyweight,"{""rows"": [{""Fighter"": [""Joshua Van"", ""Tatsuro Taira""], ""KD"": [""2"", ""0""], ""Sig. str."": [""131 of 209"", ""55 of 151""], ""Sig. str. %"": [""62%"", ""36%""], ""Total str."": [""190 of 269"", ""100 of 199""], ""Td"": [""1 of 2"", ""8 of 21""], ""Td %"": [""50%"", ""38%""], ""Sub. att"": [""2"", ""0""], ""Rev."": [""0"", ""0""], ""Ctrl"": [""1:21"", ""10:38""]}], ""fighters"": [""Joshua Van"", ""Tatsuro Taira""]}",Per round RD1 7 of 13 - 53% 16 of 26 - 61% RD2 21 of 32 - 65% 5 of 19 - 26% RD3 57 of 89 - 64% 14 of 49 - 28% RD4 19 of 37 - 51% 13 of 34 - 38% RD5 27 of 38 - 71% 7 of 23 - 30% Landed Attempted
UFC 328: Chimaev vs. Strickland,http://ufcstats.com/event-details/9eedac48b497de5a,http://ufcstats.com/fight-details/22ba4f1b0aafbf82,Alexander Volkov | Waldo Cortes Acosta,279566840aa55bf2 | fc08099550072fe4,Alexander Volkov,win,Decision - Unanimous,3,5:00,Heavyweight,"{""rows"": [{""Fighter"": [""Alexander Volkov"", ""Waldo Cortes Acosta""], ""KD"": [""0"", ""0""], ""Sig. str."": [""88 of 143"", ""54 of 130""], ""Sig. str. %"": [""61%"", ""41%""], ""Total str."": [""88 of 143"", ""54 of 130""], ""Td"": [""0 of 1"", ""0 of 1""], ""Td %"": [""0%"", ""0%""], ""Sub. att"": [""0"", ""0""], ""Rev."": [""0"", ""0""], ""Ctrl"": [""0:03"", ""0:01""]}], ""fighters"": [""Alexander Volkov"", ""Waldo Cortes Acosta""]}",Per round RD1 33 of 44 - 75% 15 of 33 - 45% RD2 34 of 56 - 60% 22 of 47 - 46% RD3 21 of 43 - 48% 17 of 50 - 34% Landed Attempted
UFC 328: Chimaev vs. Strickland,http://ufcstats.com/event-details/9eedac48b497de5a,http://ufcstats.com/fight-details/845b8653f9cf839c,Sean Brady | Joaquin Buckley,45f7cb591c3ab00b | b9437600497350f3,Sean Brady,win,Decision - Unanimous,3,5:00,Welterweight,"{""rows"": [{""Fighter"": [""Sean Brady"", ""Joaquin Buckley""], ""KD"": [""0"", ""0""], ""Sig. str."": [""77 of 180"", ""5 of 31""], ""Sig. str. %"": [""42%"", ""16%""], ""Total str."": [""245 of 416"", ""21 of 53""], ""Td"": [""4 of 10"", ""0 of 0""], ""Td %"": [""40%"", ""---""], ""Sub. att"": [""0"", ""0""], ""Rev."": [""0"", ""0""], ""Ctrl"": [""12:09"", ""0:00""]}], ""fighters"": [""Sean Brady"", ""Joaquin Buckley""]}",Per round RD1 34 of 68 - 50% 1 of 8 - 12% RD2 18 of 52 - 34% 4 of 16 - 25% RD3 25 of 60 - 41% 0 of 7 - 0% Landed Attempted
UFC 328: Chimaev vs. Strickland,http://ufcstats.com/event-details/9eedac48b497de5a,http://ufcstats.com/fight-details/1158a27a1a04b971,King Green | Jeremy Stephens,887961364be5ceb3 | 18968f97ad34f15c,King Green,win,Submission,1,4:20,Lightweight,"{""rows"": [{""Fighter"": [""King Green"", ""Jeremy Stephens""], ""KD"": [""0"", ""0""], ""Sig. str."": [""57 of 87"", ""5 of 13""], ""Sig. str. %"": [""65%"", ""38%""], ""Total str."": [""64 of 95"", ""7 of 15""], ""Td"": [""1 of 1"", ""0 of 0""], ""Td %"": [""100%"", ""---""], ""Sub. att"": [""1"", ""1""], ""Rev."": [""0"", ""0""], ""Ctrl"": [""1:34"", ""0:07""]}], ""fighters"": [""King Green"", ""Jeremy Stephens""]}",Per round RD1 57 of 87 - 65% 5 of 13 - 38% Landed Attempted
UFC 328: Chimaev vs. Strickland,http://ufcstats.com/event-details/9eedac48b497de5a,http://ufcstats.com/fight-details/770c5302e32916ea,Ateba Gautier | Ozzy Diaz,2f815ed5f8278ba6 | 6967153c7edb4d87,Ateba Gautier,win,KO/TKO,2,1:10,Middleweight,"{""rows"": [{""Fighter"": [""Ateba Gautier"", ""Ozzy Diaz""], ""KD"": [""1"", ""0""], ""Sig. str."": [""23 of 82"", ""6 of 20""], ""Sig. str. %"": [""28%"", ""30%""], ""Total str."": [""27 of 86"", ""8 of 22""], ""Td"": [""0 of 0"", ""0 of 3""], ""Td %"": [""---"", ""0%""], ""Sub. att"": [""0"", ""0""], ""Rev."": [""0"", ""0""], ""Ctrl"": [""0:00"", ""1:03""]}], ""fighters"": [""Ateba Gautier"", ""Ozzy Diaz""]}",Per round RD1 12 of 55 - 21% 4 of 12 - 33% RD2 11 of 27 - 40% 2 of 8 - 25% Landed Attempted
UFC 328: Chimaev vs. Strickland,http://ufcstats.com/event-details/9eedac48b497de5a,http://ufcstats.com/fight-details/f88dc6e0c29cff1d,Joel Alvarez | Yaroslav Amosov,58bbef3770bb2dfc | f139d6836efd43dd,Yaroslav Amosov,win,Submission,2,1:13,Welterweight,"{""rows"": [{""Fighter"": [""Joel Alvarez"", ""Yaroslav Amosov""], ""KD"": [""0"", ""0""], ""Sig. str."": [""8 of 22"", ""16 of 28""], ""Sig. str. %"": [""36%"", ""57%""], ""Total str."": [""9 of 23"", ""22 of 34""], ""Td"": [""0 of 0"", ""6 of 11""], ""Td %"": [""---"", ""54%""], ""Sub. att"": [""0"", ""1""], ""Rev."": [""0"", ""0""], ""Ctrl"": [""0:00"", ""3:52""]}], ""fighters"": [""Joel Alvarez"", ""Yaroslav Amosov""]}",Per round RD1 2 of 6 - 33% 10 of 17 - 58% RD2 6 of 16 - 37% 6 of 11 - 54% Landed Attempted
UFC 328: Chimaev vs. Strickland,http://ufcstats.com/event-details/9eedac48b497de5a,http://ufcstats.com/fight-details/ffcb47e17eebe6a6,Grant Dawson | Mateusz Rebecki,99bd51917728c25d | 849c5d9979df5357,Grant Dawson,win,Submission,3,4:42,Lightweight,"{""rows"": [{""Fighter"": [""Grant Dawson"", ""Mateusz Rebecki""], ""KD"": [""0"", ""1""], ""Sig. str."": [""35 of 94"", ""33 of 64""], ""Sig. str. %"": [""37%"", ""51%""], ""Total str."": [""71 of 136"", ""49 of 81""], ""Td"": [""1 of 3"", ""1 of 5""], ""Td %"": [""33%"", ""20%""], ""Sub. att"": [""4"", ""0""], ""Rev."": [""0"", ""1""], ""Ctrl"": [""7:08"", ""2:22""]}], ""fighters"": [""Grant Dawson"", ""Mateusz Rebecki""]}",Per round RD1 13 of 21 - 61% 8 of 11 - 72% RD2 20 of 69 - 28% 24 of 51 - 47% RD3 2 of 4 - 50% 1 of 2 - 50% Landed Attempted
UFC 328: Chimaev vs. Strickland,http://ufcstats.com/event-details/9eedac48b497de5a,http://ufcstats.com/fight-details/e50857173607d631,Jim Miller | Jared Gordon,d1941565abf50b16 | 7026eca45f65377b,Jim Miller,win,Submission,1,3:29,Lightweight,"{""rows"": [{""Fighter"": [""Jim Miller"", ""Jared Gordon""], ""KD"": [""0"", ""0""], ""Sig. str."": [""9 of 17"", ""7 of 16""], ""Sig. str. %"": [""52%"", ""43%""], ""Total str."": [""10 of 18"", ""8 of 17""], ""Td"": [""0 of 0"", ""2 of 2""], ""Td %"": [""---"", ""100%""], ""Sub. att"": [""1"", ""0""], ""Rev."": [""0"", ""0""], ""Ctrl"": [""0:00"", ""0:44""]}], ""fighters"": [""Jim Miller"", ""Jared Gordon""]}",Per round RD1 9 of 17 - 52% 7 of 16 - 43% Landed Attempted
UFC 328: Chimaev vs. Strickland,http://ufcstats.com/event-details/9eedac48b497de5a,http://ufcstats.com/fight-details/9d35723a53749931,Roman Kopylov | Marco Tulio,9d83f6da776ff7d6 | 9384e71bca6c409d,Roman Kopylov,win,Decision - Unanimous,3,5:00,Middleweight,"{""rows"": [{""Fighter"": [""Roman Kopylov"", ""Marco Tulio""], ""KD"": [""3"", ""0""], ""Sig. str."": [""61 of 124"", ""62 of 160""], ""Sig. str. %"": [""49%"", ""38%""], ""Total str."": [""69 of 132"", ""80 of 178""], ""Td"": [""1 of 1"", ""0 of 0""], ""Td %"": [""100%"", ""---""], ""Sub. att"": [""0"", ""0""], ""Rev."": [""0"", ""0""], ""Ctrl"": [""2:34"", ""0:00""]}], ""fighters"": [""Roman Kopylov"", ""Marco Tulio""]}",Per round RD1 15 of 39 - 38% 22 of 61 - 36% RD2 22 of 44 - 50% 26 of 57 - 45% RD3 24 of 41 - 58% 14 of 42 - 33% Landed Attempted
UFC 328: Chimaev vs. Strickland,http://ufcstats.com/event-details/9eedac48b497de5a,http://ufcstats.com/fight-details/303018d7459323b4,Pat Sabatini | William Gomis,b8bbdeff718dbb7d | e1d40e8782d80bc2,Pat Sabatini,win,Decision - Unanimous,3,5:00,Featherweight,"{""rows"": [{""Fighter"": [""Pat Sabatini"", ""William Gomis""], ""KD"": [""0"", ""0""], ""Sig. str."": [""25 of 70"", ""23 of 64""], ""Sig. str. %"": [""35%"", ""35%""], ""Total str."": [""78 of 125"", ""54 of 98""], ""Td"": [""3 of 20"", ""0 of 0""], ""Td %"": [""15%"", ""---""], ""Sub. att"": [""0"", ""0""], ""Rev."": [""0"", ""0""], ""Ctrl"": [""11:12"", ""0:00""]}], ""fighters"": [""Pat Sabatini"", ""William Gomis""]}",Per round RD1 3 of 11 - 27% 2 of 4 - 50% RD2 8 of 30 - 26% 10 of 30 - 33% RD3 14 of 29 - 48% 11 of 30 - 36% Landed Attempted
UFC 328: Chimaev vs. Strickland,http://ufcstats.com/event-details/9eedac48b497de5a,http://ufcstats.com/fight-details/1f5d0b106385b2ac,Baisangur Susurkaev | Djorden Santos,d1feea7a4bdcd503 | 312f7d7b2b2f7de4,Baisangur Susurkaev,win,Submission,3,4:12,Middleweight,"{""rows"": [{""Fighter"": [""Baisangur Susurkaev"", ""Djorden Santos""], ""KD"": [""0"", ""0""], ""Sig. str."": [""107 of 213"", ""78 of 211""], ""Sig. str. %"": [""50%"", ""36%""], ""Total str."": [""136 of 242"", ""89 of 222""], ""Td"": [""1 of 5"", ""0 of 1""], ""Td %"": [""20%"", ""0%""], ""Sub. att"": [""1"", ""0""], ""Rev."": [""0"", ""0""], ""Ctrl"": [""2:16"", ""0:21""]}], ""fighters"": [""Baisangur Susurkaev"", ""Djorden Santos""]}",Per round RD1 21 of 58 - 36% 19 of 58 - 32% RD2 56 of 104 - 53% 45 of 108 - 41% RD3 30 of 51 - 58% 14 of 45 - 31% Landed Attempted
UFC 328: Chimaev vs. Strickland,http://ufcstats.com/event-details/9eedac48b497de5a,http://ufcstats.com/fight-details/e92d89cb2d69235e,Clayton Carpenter | Jose Ochoa,b62d5280966b2460 | 88be62d6c1e6dadb,Jose Ochoa,win,Decision - Unanimous,3,5:00,Flyweight,"{""rows"": [{""Fighter"": [""Clayton Carpenter"", ""Jose Ochoa""], ""KD"": [""0"", ""1""], ""Sig. str."": [""68 of 153"", ""153 of 269""], ""Sig. str. %"": [""44%"", ""56%""], ""Total str."": [""70 of 155"", ""180 of 296""], ""Td"": [""1 of 7"", ""0 of 2""], ""Td %"": [""14%"", ""0%""], ""Sub. att"": [""0"", ""0""], ""Rev."": [""0"", ""0""], ""Ctrl"": [""1:07"", ""1:09""]}], ""fighters"": [""Clayton Carpenter"", ""Jose Ochoa""]}",Per round RD1 23 of 49 - 46% 54 of 98 - 55% RD2 25 of 54 - 46% 51 of 94 - 54% RD3 20 of 50 - 40% 48 of 77 - 62% Landed Attempted
UFC Fight Night: Della Maddalena vs. Prates,http://ufcstats.com/event-details/872b018076f831b0,http://ufcstats.com/fight-details/eb6d9fef6c374830,Jack Della Maddalena | Carlos Prates,6b453bc35a823c3f | 7ee0fd831c0fe7c3,Carlos Prates,win,KO/TKO,3,3:17,Welterweight,"{""rows"": [{""Fighter"": [""Jack Della Maddalena"", ""Carlos Prates""], ""KD"": [""0"", ""3""], ""Sig. str."": [""41 of 76"", ""104 of 193""], ""Sig. str. %"": [""53%"", ""53%""], ""Total str."": [""53 of 90"", ""104 of 193""], ""Td"": [""2 of 5"", ""0 of 0""], ""Td %"": [""40%"", ""---""], ""Sub. att"": [""0"", ""0""], ""Rev."": [""0"", ""0""], ""Ctrl"": [""1:13"", ""0:42""]}], ""fighters"": [""Jack Della Maddalena"", ""Carlos Prates""]}",Per round RD1 15 of 30 - 50% 22 of 45 - 48% RD2 25 of 39 - 64% 36 of 79 - 45% RD3 1 of 7 - 14% 46 of 69 - 66% Landed Attempted
UFC Fight Night: Della Maddalena vs. Prates,http://ufcstats.com/event-details/872b018076f831b0,http://ufcstats.com/fight-details/5c7c38dece435cde,Beneil Dariush | Quillan Salkilld,08af939f41b5a57b | 17734443a833cdf7,Quillan Salkilld,win,KO/TKO,1,3:29,Lightweight,"{""rows"": [{""Fighter"": [""Beneil Dariush"", ""Quillan Salkilld""], ""KD"": [""0"", ""1""], ""Sig. str."": [""3 of 9"", ""12 of 19""], ""Sig. str. %"": [""33%"", ""63%""], ""Total str."": [""4 of 10"", ""15 of 24""], ""Td"": [""2 of 5"", ""0 of 2""], ""Td %"": [""40%"", ""0%""], ""Sub. att"": [""0"", ""0""], ""Rev."": [""0"", ""0""], ""Ctrl"": [""2:32"", ""0:20""]}], ""fighters"": [""Beneil Dariush"", ""Quillan Salkilld""]}",Per round RD1 3 of 9 - 33% 12 of 19 - 63% Landed Attempted
UFC Fight Night: Della Maddalena vs. Prates,http://ufcstats.com/event-details/872b018076f831b0,http://ufcstats.com/fight-details/afec383a96893ec5,Tim Elliott | Steve Erceg,c96d9178c9ed9e62 | 32ab52e5de93092d,Steve Erceg,win,Decision - Unanimous,3,5:00,Flyweight,"{""rows"": [{""Fighter"": [""Tim Elliott"", ""Steve Erceg""], ""KD"": [""0"", ""0""], ""Sig. str."": [""90 of 261"", ""136 of 254""], ""Sig. str. %"": [""34%"", ""53%""], ""Total str."": [""93 of 265"", ""136 of 254""], ""Td"": [""2 of 11"", ""1 of 3""], ""Td %"": [""18%"", ""33%""], ""Sub. att"": [""0"", ""0""], ""Rev."": [""0"", ""0""], ""Ctrl"": [""0:34"", ""0:29""]}], ""fighters"": [""Tim Elliott"", ""Steve Erceg""]}",Per round RD1 39 of 91 - 42% 24 of 55 - 43% RD2 27 of 78 - 34% 47 of 85 - 55% RD3 24 of 92 - 26% 65 of 114 - 57% Landed Attempted
UFC Fight Night: Della Maddalena vs. Prates,http://ufcstats.com/event-details/872b018076f831b0,http://ufcstats.com/fight-details/cfc884a249141cba,Marwan Rahiki | Ollie Schmid,6eedb757f13b9978 | b701f095e6ccb149,Marwan Rahiki,win,KO/TKO,1,2:47,Featherweight,"{""rows"": [{""Fighter"": [""Marwan Rahiki"", ""Ollie Schmid""], ""KD"": [""1"", ""0""], ""Sig. str."": [""22 of 40"", ""9 of 30""], ""Sig. str. %"": [""55%"", ""30%""], ""Total str."": [""22 of 40"", ""9 of 30""], ""Td"": [""0 of 0"", ""0 of 0""], ""Td %"": [""---"", ""---""], ""Sub. att"": [""0"", ""0""], ""Rev."": [""0"", ""0""], ""Ctrl"": [""0:04"", ""0:00""]}], ""fighters"": [""Marwan Rahiki"", ""Ollie Schmid""]}",Per round RD1 22 of 40 - 55% 9 of 30 - 30% Landed Attempted
UFC Fight Night: Della Maddalena vs. Prates,http://ufcstats.com/event-details/872b018076f831b0,http://ufcstats.com/fight-details/a564219e7a964aa6,Shamil Gaziev | Brando Pericic,6747ccd6d1acd266 | d0fd0d9ee560dae7,Brando Pericic,win,KO/TKO,2,3:44,Heavyweight,"{""rows"": [{""Fighter"": [""Shamil Gaziev"", ""Brando Pericic""], ""KD"": [""0"", ""1""], ""Sig. str."": [""41 of 100"", ""89 of 163""], ""Sig. str. %"": [""41%"", ""54%""], ""Total str."": [""51 of 110"", ""100 of 177""], ""Td"": [""1 of 2"", ""0 of 0""], ""Td %"": [""50%"", ""---""], ""Sub. att"": [""0"", ""0""], ""Rev."": [""0"", ""0""], ""Ctrl"": [""3:36"", ""0:00""]}], ""fighters"": [""Shamil Gaziev"", ""Brando Pericic""]}",Per round RD1 25 of 47 - 53% 42 of 87 - 48% RD2 16 of 53 - 30% 47 of 76 - 61% Landed Attempted
UFC Fight Night: Della Maddalena vs. Prates,http://ufcstats.com/event-details/872b018076f831b0,http://ufcstats.com/fight-details/2afaa97901d5587c,Tai Tuivasa | Louie Sutherland,c62fbc117d57b943 | cdb7b38b1b357f26,Louie Sutherland,win,Decision - Unanimous,3,5:00,Heavyweight,"{""rows"": [{""Fighter"": [""Tai Tuivasa"", ""Louie Sutherland""], ""KD"": [""0"", ""0""], ""Sig. str."": [""13 of 22"", ""21 of 25""], ""Sig. str. %"": [""59%"", ""84%""], ""Total str."": [""27 of 37"", ""111 of 130""], ""Td"": [""0 of 0"", ""5 of 11""], ""Td %"": [""---"", ""45%""], ""Sub. att"": [""0"", ""0""], ""Rev."": [""0"", ""2""], ""Ctrl"": [""0:42"", ""11:45""]}], ""fighters"": [""Tai Tuivasa"", ""Louie Sutherland""]}",Per round RD1 6 of 9 - 66% 9 of 12 - 75% RD2 3 of 4 - 75% 7 of 7 - 100% RD3 4 of 9 - 44% 5 of 6 - 83% Landed Attempted
UFC Fight Night: Della Maddalena vs. Prates,http://ufcstats.com/event-details/872b018076f831b0,http://ufcstats.com/fight-details/46181797eb543a0b,Cam Rowston | Robert Bryczek,8ebc3a8da015d70c | f96856f9d69fd7e4,Cam Rowston,win,Decision - Unanimous,3,5:00,Middleweight,"{""rows"": [{""Fighter"": [""Cam Rowston"", ""Robert Bryczek""], ""KD"": [""0"", ""0""], ""Sig. str."": [""79 of 150"", ""17 of 37""], ""Sig. str. %"": [""52%"", ""45%""], ""Total str."": [""125 of 217"", ""39 of 65""], ""Td"": [""3 of 7"", ""0 of 0""], ""Td %"": [""42%"", ""---""], ""Sub. att"": [""0"", ""1""], ""Rev."": [""0"", ""0""], ""Ctrl"": [""10:10"", ""0:05""]}], ""fighters"": [""Cam Rowston"", ""Robert Bryczek""]}",Per round RD1 24 of 56 - 42% 8 of 17 - 47% RD2 32 of 56 - 57% 7 of 15 - 46% RD3 23 of 38 - 60% 2 of 5 - 40% Landed Attempted
UFC Fight Night: Della Maddalena vs. Prates,http://ufcstats.com/event-details/872b018076f831b0,http://ufcstats.com/fight-details/1cb0711cd49dd95e,Junior Tafa | Kevin Christian,c15fa95b9a12fde4 | 7e9b36a9847db116,Junior Tafa,win,KO/TKO,1,2:42,Light Heavyweight,"{""rows"": [{""Fighter"": [""Junior Tafa"", ""Kevin Christian""], ""KD"": [""0"", ""0""], ""Sig. str."": [""21 of 31"", ""13 of 21""], ""Sig. str. %"": [""67%"", ""61%""], ""Total str."": [""22 of 32"", ""13 of 21""], ""Td"": [""0 of 0"", ""0 of 2""], ""Td %"": [""---"", ""0%""], ""Sub. att"": [""0"", ""0""], ""Rev."": [""0"", ""0""], ""Ctrl"": [""0:09"", ""0:00""]}], ""fighters"": [""Junior Tafa"", ""Kevin Christian""]}",Per round RD1 21 of 31 - 67% 13 of 21 - 61% Landed Attempted
UFC Fight Night: Della Maddalena vs. Prates,http://ufcstats.com/event-details/872b018076f831b0,http://ufcstats.com/fight-details/edff38661bf2866b,Jacob Malkoun | Gerald Meerschaert,d4270315cbcf2569 | 6ac9bc2953c47345,Jacob Malkoun,win,Decision - Unanimous,3,5:00,Middleweight,"{""rows"": [{""Fighter"": [""Jacob Malkoun"", ""Gerald Meerschaert""], ""KD"": [""0"", ""0""], ""Sig. str."": [""36 of 82"", ""32 of 76""], ""Sig. str. %"": [""43%"", ""42%""], ""Total str."": [""54 of 103"", ""53 of 100""], ""Td"": [""3 of 3"", ""0 of 3""], ""Td %"": [""100%"", ""0%""], ""Sub. att"": [""0"", ""3""], ""Rev."": [""0"", ""2""], ""Ctrl"": [""2:17"", ""4:23""]}], ""fighters"": [""Jacob Malkoun"", ""Gerald Meerschaert""]}",Per round RD1 6 of 12 - 50% 4 of 5 - 80% RD2 18 of 42 - 42% 16 of 32 - 50% RD3 12 of 28 - 42% 12 of 39 - 30% Landed Attempted
UFC Fight Night: Della Maddalena vs. Prates,http://ufcstats.com/event-details/872b018076f831b0,http://ufcstats.com/fight-details/00bde62cac38e5e9,Colby Thicknesse | Vince Morales,ed7d329d7c29428d | 37098a6e6c27fb66,Colby Thicknesse,win,Decision - Unanimous,3,5:00,Bantamweight,"{""rows"": [{""Fighter"": [""Colby Thicknesse"", ""Vince Morales""], ""KD"": [""0"", ""0""], ""Sig. str."": [""46 of 117"", ""48 of 121""], ""Sig. str. %"": [""39%"", ""39%""], ""Total str."": [""57 of 132"", ""56 of 134""], ""Td"": [""0 of 6"", ""2 of 2""], ""Td %"": [""0%"", ""100%""], ""Sub. att"": [""4"", ""0""], ""Rev."": [""1"", ""1""], ""Ctrl"": [""3:01"", ""3:34""]}], ""fighters"": [""Colby Thicknesse"", ""Vince Morales""]}",Per round RD1 6 of 14 - 42% 5 of 15 - 33% RD2 27 of 54 - 50% 18 of 55 - 32% RD3 13 of 49 - 26% 25 of 51 - 49% Landed Attempted
UFC Fight Night: Della Maddalena vs. Prates,http://ufcstats.com/event-details/872b018076f831b0,http://ufcstats.com/fight-details/827c64369b374989,Ben Johnston | Wes Schultz,3261aa79bf6caa64 | b4443fae47e7eb9d,Wes Schultz,win,Submission,3,1:50,Middleweight,"{""rows"": [{""Fighter"": [""Ben Johnston"", ""Wes Schultz""], ""KD"": [""0"", ""1""], ""Sig. str."": [""12 of 16"", ""12 of 17""], ""Sig. str. %"": [""75%"", ""70%""], ""Total str."": [""38 of 44"", ""22 of 32""], ""Td"": [""2 of 2"", ""0 of 3""], ""Td %"": [""100%"", ""0%""], ""Sub. att"": [""0"", ""5""], ""Rev."": [""1"", ""1""], ""Ctrl"": [""9:16"", ""1:37""]}], ""fighters"": [""Ben Johnston"", ""Wes Schultz""]}",Per round RD1 7 of 8 - 87% 3 of 3 - 100% RD2 3 of 3 - 100% 2 of 3 - 66% RD3 2 of 5 - 40% 7 of 11 - 63% Landed Attempted
UFC Fight Night: Della Maddalena vs. Prates,http://ufcstats.com/event-details/872b018076f831b0,http://ufcstats.com/fight-details/7ac4ae301ed699ab,Jonathan Micallef | Themba Gorimbo,f782f953bfe7b5f2 | 40f3cb27fc7305a1,Jonathan Micallef,win,Decision - Split,3,5:00,Welterweight,"{""rows"": [{""Fighter"": [""Jonathan Micallef"", ""Themba Gorimbo""], ""KD"": [""0"", ""0""], ""Sig. str."": [""55 of 112"", ""39 of 90""], ""Sig. str. %"": [""49%"", ""43%""], ""Total str."": [""83 of 147"", ""74 of 132""], ""Td"": [""1 of 4"", ""2 of 5""], ""Td %"": [""25%"", ""40%""], ""Sub. att"": [""0"", ""0""], ""Rev."": [""1"", ""0""], ""Ctrl"": [""3:26"", ""5:25""]}], ""fighters"": [""Jonathan Micallef"", ""Themba Gorimbo""]}",Per round RD1 6 of 20 - 30% 11 of 23 - 47% RD2 4 of 7 - 57% 5 of 15 - 33% RD3 45 of 85 - 52% 23 of 52 - 44% Landed Attempted
UFC Fight Night: Della Maddalena vs. Prates,http://ufcstats.com/event-details/872b018076f831b0,http://ufcstats.com/fight-details/610a640a0cd81ce5,Dom Mar Fan | Kody Steele,530af2900b5a1693 | aebaa8cec15b083d,Kody Steele,win,Submission,1,3:56,Lightweight,"{""rows"": [{""Fighter"": [""Dom Mar Fan"", ""Kody Steele""], ""KD"": [""0"", ""0""], ""Sig. str."": [""1 of 2"", ""1 of 1""], ""Sig. str. %"": [""50%"", ""100%""], ""Total str."": [""3 of 5"", ""19 of 25""], ""Td"": [""0 of 0"", ""1 of 1""], ""Td %"": [""---"", ""100%""], ""Sub. att"": [""0"", ""1""], ""Rev."": [""1"", ""0""], ""Ctrl"": [""0:28"", ""1:44""]}], ""fighters"": [""Dom Mar Fan"", ""Kody Steele""]}",Per round RD1 1 of 2 - 50% 1 of 1 - 100% Landed Attempted
UFC Fight Night: Sterling vs. Zalal,http://ufcstats.com/event-details/e60d773a0a42048a,http://ufcstats.com/fight-details/f524e42c36028de0,Aljamain Sterling | Youssef Zalal,cb696ebfb6598724 | 52c2ae6d2f2d2613,Aljamain Sterling,win,Decision - Unanimous,5,5:00,Featherweight,"{""rows"": [{""Fighter"": [""Aljamain Sterling"", ""Youssef Zalal""], ""KD"": [""0"", ""0""], ""Sig. str."": [""46 of 89"", ""35 of 65""], ""Sig. str. %"": [""51%"", ""53%""], ""Total str."": [""220 of 293"", ""61 of 97""], ""Td"": [""6 of 11"", ""0 of 0""], ""Td %"": [""54%"", ""---""], ""Sub. att"": [""1"", ""1""], ""Rev."": [""0"", ""0""], ""Ctrl"": [""13:49"", ""3:59""]}], ""fighters"": [""Aljamain Sterling"", ""Youssef Zalal""]}",Per round RD1 8 of 24 - 33% 4 of 16 - 25% RD2 15 of 29 - 51% 15 of 23 - 65% RD3 2 of 3 - 66% 3 of 4 - 75% RD4 16 of 22 - 72% 3 of 4 - 75% RD5 5 of 11 - 45% 10 of 18 - 55% Landed Attempted
UFC Fight Night: Sterling vs. Zalal,http://ufcstats.com/event-details/e60d773a0a42048a,http://ufcstats.com/fight-details/cb745968bd16bf56,Norma Dumont | Joselyne Edwards,d3f5d33d61cd00c9 | f9ab66e67240db7b,Joselyne Edwards,win,Decision - Unanimous,3,5:00,Women's Bantamweight,"{""rows"": [{""Fighter"": [""Norma Dumont"", ""Joselyne Edwards""], ""KD"": [""0"", ""0""], ""Sig. str."": [""51 of 100"", ""70 of 152""], ""Sig. str. %"": [""51%"", ""46%""], ""Total str."": [""66 of 117"", ""121 of 207""], ""Td"": [""0 of 1"", ""0 of 3""], ""Td %"": [""0%"", ""0%""], ""Sub. att"": [""0"", ""0""], ""Rev."": [""0"", ""1""], ""Ctrl"": [""2:09"", ""2:21""]}], ""fighters"": [""Norma Dumont"", ""Joselyne Edwards""]}",Per round RD1 6 of 14 - 42% 6 of 13 - 46% RD2 24 of 45 - 53% 27 of 61 - 44% RD3 21 of 41 - 51% 37 of 78 - 47% Landed Attempted
UFC Fight Night: Sterling vs. Zalal,http://ufcstats.com/event-details/e60d773a0a42048a,http://ufcstats.com/fight-details/84951374e4cdc679,Rafa Garcia | Alexander Hernandez,e132d47bd9efbbe0 | 262a7d06203657e6,Rafa Garcia,win,Decision - Unanimous,3,5:00,Lightweight,"{""rows"": [{""Fighter"": [""Rafa Garcia"", ""Alexander Hernandez""], ""KD"": [""0"", ""0""], ""Sig. str."": [""59 of 169"", ""50 of 145""], ""Sig. str. %"": [""34%"", ""34%""], ""Total str."": [""79 of 194"", ""54 of 149""], ""Td"": [""4 of 7"", ""0 of 1""], ""Td %"": [""57%"", ""0%""], ""Sub. att"": [""0"", ""0""], ""Rev."": [""0"", ""0""], ""Ctrl"": [""1:50"", ""0:00""]}], ""fighters"": [""Rafa Garcia"", ""Alexander Hernandez""]}",Per round RD1 10 of 40 - 25% 8 of 27 - 29% RD2 20 of 66 - 30% 18 of 38 - 47% RD3 29 of 63 - 46% 24 of 80 - 30% Landed Attempted
UFC Fight Night: Sterling vs. Zalal,http://ufcstats.com/event-details/e60d773a0a42048a,http://ufcstats.com/fight-details/f5aff2f858311fbc,Davey Grant | Adrian Luna Martinetti,113df4fde64735c6 | e3b30b573e7f0d19,Davey Grant,win,Decision - Unanimous,3,5:00,Bantamweight,"{""rows"": [{""Fighter"": [""Davey Grant"", ""Adrian Luna Martinetti""], ""KD"": [""0"", ""0""], ""Sig. str."": [""162 of 307"", ""99 of 196""], ""Sig. str. %"": [""52%"", ""50%""], ""Total str."": [""164 of 309"", ""100 of 199""], ""Td"": [""0 of 1"", ""1 of 5""], ""Td %"": [""0%"", ""20%""], ""Sub. att"": [""0"", ""0""], ""Rev."": [""0"", ""0""], ""Ctrl"": [""0:02"", ""0:43""]}], ""fighters"": [""Davey Grant"", ""Adrian Luna Martinetti""]}",Per round RD1 44 of 89 - 49% 18 of 41 - 43% RD2 54 of 105 - 51% 38 of 79 - 48% RD3 64 of 113 - 56% 43 of 76 - 56% Landed Attempted
UFC Fight Night: Sterling vs. Zalal,http://ufcstats.com/event-details/e60d773a0a42048a,http://ufcstats.com/fight-details/348de8e364ecf041,Montel Jackson | Raoni Barcelos,cc1a8b4b38b92c6d | b9f28e7045fdfce7,Raoni Barcelos,win,Decision - Split,3,5:00,Bantamweight,"{""rows"": [{""Fighter"": [""Montel Jackson"", ""Raoni Barcelos""], ""KD"": [""1"", ""0""], ""Sig. str."": [""35 of 66"", ""21 of 38""], ""Sig. str. %"": [""53%"", ""55%""], ""Total str."": [""72 of 104"", ""33 of 51""], ""Td"": [""0 of 0"", ""6 of 18""], ""Td %"": [""---"", ""33%""], ""Sub. att"": [""0"", ""2""], ""Rev."": [""0"", ""0""], ""Ctrl"": [""0:23"", ""7:45""]}], ""fighters"": [""Montel Jackson"", ""Raoni Barcelos""]}",Per round RD1 14 of 24 - 58% 3 of 4 - 75% RD2 13 of 19 - 68% 8 of 17 - 47% RD3 8 of 23 - 34% 10 of 17 - 58% Landed Attempted
UFC Fight Night: Sterling vs. Zalal,http://ufcstats.com/event-details/e60d773a0a42048a,http://ufcstats.com/fight-details/7e551ddb1494a45f,Marcus Buchecha | Ryan Spann,095854a135e6db55 | a67f5afa8d6a1b80,Ryan Spann,win,KO/TKO,2,2:10,Heavyweight,"{""rows"": [{""Fighter"": [""Marcus Buchecha"", ""Ryan Spann""], ""KD"": [""0"", ""1""], ""Sig. str."": [""8 of 13"", ""15 of 27""], ""Sig. str. %"": [""61%"", ""55%""], ""Total str."": [""8 of 13"", ""20 of 35""], ""Td"": [""1 of 7"", ""0 of 0""], ""Td %"": [""14%"", ""---""], ""Sub. att"": [""1"", ""0""], ""Rev."": [""0"", ""0""], ""Ctrl"": [""1:09"", ""2:56""]}], ""fighters"": [""Marcus Buchecha"", ""Ryan Spann""]}",Per round RD1 4 of 6 - 66% 10 of 18 - 55% RD2 4 of 7 - 57% 5 of 9 - 55% Landed Attempted
UFC Fight Night: Sterling vs. Zalal,http://ufcstats.com/event-details/e60d773a0a42048a,http://ufcstats.com/fight-details/67f24cf244134661,Rodolfo Vieira | Eric McConico,260e9e0d4954aea6 | 9508cc6184cb2450,Eric McConico,win,Decision - Unanimous,3,5:00,Middleweight,"{""rows"": [{""Fighter"": [""Rodolfo Vieira"", ""Eric McConico""], ""KD"": [""1"", ""0""], ""Sig. str."": [""40 of 70"", ""54 of 102""], ""Sig. str. %"": [""57%"", ""52%""], ""Total str."": [""58 of 93"", ""73 of 123""], ""Td"": [""4 of 15"", ""2 of 2""], ""Td %"": [""26%"", ""100%""], ""Sub. att"": [""1"", ""0""], ""Rev."": [""0"", ""0""], ""Ctrl"": [""6:24"", ""0:51""]}], ""fighters"": [""Rodolfo Vieira"", ""Eric McConico""]}",Per round RD1 10 of 13 - 76% 11 of 14 - 78% RD2 20 of 33 - 60% 20 of 46 - 43% RD3 10 of 24 - 41% 23 of 42 - 54% Landed Attempted
UFC Fight Night: Sterling vs. Zalal,http://ufcstats.com/event-details/e60d773a0a42048a,http://ufcstats.com/fight-details/ef1cd6371a3f18e0,Jackson McVey | Sedriques Dumas,3eeec2f53cebdf12 | 4e6738062d469256,Jackson McVey,win,Submission,1,2:14,Middleweight,"{""rows"": [{""Fighter"": [""Jackson McVey"", ""Sedriques Dumas""], ""KD"": [""1"", ""0""], ""Sig. str."": [""21 of 29"", ""3 of 4""], ""Sig. str. %"": [""72%"", ""75%""], ""Total str."": [""38 of 50"", ""9 of 11""], ""Td"": [""0 of 0"", ""0 of 0""], ""Td %"": [""---"", ""---""], ""Sub. att"": [""1"", ""0""], ""Rev."": [""0"", ""0""], ""Ctrl"": [""2:03"", ""0:02""]}], ""fighters"": [""Jackson McVey"", ""Sedriques Dumas""]}",Per round RD1 21 of 29 - 72% 3 of 4 - 75% Landed Attempted
UFC Fight Night: Sterling vs. Zalal,http://ufcstats.com/event-details/e60d773a0a42048a,http://ufcstats.com/fight-details/dcfd594b68ff5ae1,Mayra Bueno Silva | Michelle Montague,cc8c623cca88f54f | ca80d72da81d7224,Michelle Montague,win,Decision - Unanimous,3,5:00,Women's Bantamweight,"{""rows"": [{""Fighter"": [""Mayra Bueno Silva"", ""Michelle Montague""], ""KD"": [""0"", ""0""], ""Sig. str."": [""26 of 45"", ""42 of 83""], ""Sig. str. %"": [""57%"", ""50%""], ""Total str."": [""34 of 53"", ""108 of 161""], ""Td"": [""0 of 0"", ""2 of 6""], ""Td %"": [""---"", ""33%""], ""Sub. att"": [""1"", ""0""], ""Rev."": [""1"", ""2""], ""Ctrl"": [""1:39"", ""10:14""]}], ""fighters"": [""Mayra Bueno Silva"", ""Michelle Montague""]}",Per round RD1 0 of 0 - 0% 16 of 20 - 80% RD2 20 of 37 - 54% 18 of 43 - 41% RD3 6 of 8 - 75% 8 of 20 - 40% Landed Attempted
UFC Fight Night: Sterling vs. Zalal,http://ufcstats.com/event-details/e60d773a0a42048a,http://ufcstats.com/fight-details/d421f3cd158fd055,Jafel Filho | Cody Durden,65adf3856c4d9256 | 7f6ed67d3ed3c036,Cody Durden,win,Decision - Unanimous,3,5:00,Bantamweight,"{""rows"": [{""Fighter"": [""Jafel Filho"", ""Cody Durden""], ""KD"": [""0"", ""0""], ""Sig. str."": [""23 of 63"", ""34 of 72""], ""Sig. str. %"": [""36%"", ""47%""], ""Total str."": [""50 of 93"", ""91 of 136""], ""Td"": [""2 of 3"", ""5 of 5""], ""Td %"": [""66%"", ""100%""], ""Sub. att"": [""0"", ""1""], ""Rev."": [""1"", ""0""], ""Ctrl"": [""3:08"", ""5:14""]}], ""fighters"": [""Jafel Filho"", ""Cody Durden""]}",Per round RD1 3 of 12 - 25% 11 of 23 - 47% RD2 8 of 28 - 28% 15 of 34 - 44% RD3 12 of 23 - 52% 8 of 15 - 53% Landed Attempted
UFC Fight Night: Sterling vs. Zalal,http://ufcstats.com/event-details/e60d773a0a42048a,http://ufcstats.com/fight-details/c7fb90f1355291e4,Francis Marshall | Lucas Brennan,5d495dec23d7c68e | 33a8708747b7f943,Francis Marshall,win,Decision - Unanimous,3,5:00,Lightweight,"{""rows"": [{""Fighter"": [""Francis Marshall"", ""Lucas Brennan""], ""KD"": [""0"", ""0""], ""Sig. str."": [""33 of 69"", ""9 of 36""], ""Sig. str. %"": [""47%"", ""25%""], ""Total str."": [""60 of 99"", ""20 of 48""], ""Td"": [""2 of 3"", ""0 of 6""], ""Td %"": [""66%"", ""0%""], ""Sub. att"": [""0"", ""1""], ""Rev."": [""0"", ""0""], ""Ctrl"": [""6:36"", ""0:47""]}], ""fighters"": [""Francis Marshall"", ""Lucas Brennan""]}",Per round RD1 9 of 16 - 56% 2 of 8 - 25% RD2 8 of 10 - 80% 1 of 7 - 14% RD3 16 of 43 - 37% 6 of 21 - 28% Landed Attempted
UFC Fight Night: Sterling vs. Zalal,http://ufcstats.com/event-details/e60d773a0a42048a,http://ufcstats.com/fight-details/2e7f8d0ad385876d,Max Griffin | Victor Valenzuela,b0d6a1d8ac3d563d | 078695e385ec2f57,Victor Valenzuela,win,Decision - Unanimous,3,5:00,Welterweight,"{""rows"": [{""Fighter"": [""Max Griffin"", ""Victor Valenzuela""], ""KD"": [""0"", ""0""], ""Sig. str."": [""40 of 89"", ""53 of 117""], ""Sig. str. %"": [""44%"", ""45%""], ""Total str."": [""43 of 94"", ""53 of 117""], ""Td"": [""4 of 9"", ""1 of 2""], ""Td %"": [""44%"", ""50%""], ""Sub. att"": [""0"", ""0""], ""Rev."": [""0"", ""0""], ""Ctrl"": [""1:03"", ""0:36""]}], ""fighters"": [""Max Griffin"", ""Victor Valenzuela""]}",Per round RD1 10 of 24 - 41% 12 of 29 - 41% RD2 10 of 27 - 37% 12 of 28 - 42% RD3 20 of 38 - 52% 29 of 60 - 48% Landed Attempted
UFC Fight Night: Sterling vs. Zalal,http://ufcstats.com/event-details/e60d773a0a42048a,http://ufcstats.com/fight-details/0df4f4ac27cf2d26,Talita Alencar | Julia Polastri,d35298b6df168456 | abb68e3c7ca128f2,Talita Alencar,win,Decision - Unanimous,3,5:00,Women's Strawweight,"{""rows"": [{""Fighter"": [""Talita Alencar"", ""Julia Polastri""], ""KD"": [""0"", ""0""], ""Sig. str."": [""60 of 195"", ""78 of 111""], ""Sig. str. %"": [""30%"", ""70%""], ""Total str."": [""80 of 216"", ""87 of 125""], ""Td"": [""3 of 5"", ""0 of 0""], ""Td %"": [""60%"", ""---""], ""Sub. att"": [""0"", ""0""], ""Rev."": [""0"", ""0""], ""Ctrl"": [""2:27"", ""0:04""]}], ""fighters"": [""Talita Alencar"", ""Julia Polastri""]}",Per round RD1 12 of 49 - 24% 21 of 26 - 80% RD2 20 of 65 - 30% 27 of 40 - 67% RD3 28 of 81 - 34% 30 of 45 - 66% Landed Attempted
UFC Fight Night: Burns vs. Malott,http://ufcstats.com/event-details/c3ac8d0da7b05772,http://ufcstats.com/fight-details/32054bf2b36b0e47,Gilbert Burns | Mike Malott,23024fdfc966410a | dd6103dd7127db1d,Mike Malott,win,KO/TKO,3,2:08,Welterweight,"{""rows"": [{""Fighter"": [""Gilbert Burns"", ""Mike Malott""], ""KD"": [""0"", ""2""], ""Sig. str."": [""40 of 92"", ""56 of 121""], ""Sig. str. %"": [""43%"", ""46%""], ""Total str."": [""42 of 94"", ""56 of 121""], ""Td"": [""0 of 7"", ""0 of 0""], ""Td %"": [""0%"", ""---""], ""Sub. att"": [""0"", ""0""], ""Rev."": [""0"", ""0""], ""Ctrl"": [""0:01"", ""0:14""]}], ""fighters"": [""Gilbert Burns"", ""Mike Malott""]}",Per round RD1 11 of 38 - 28% 13 of 34 - 38% RD2 23 of 37 - 62% 22 of 53 - 41% RD3 6 of 17 - 35% 21 of 34 - 61% Landed Attempted
UFC Fight Night: Burns vs. Malott,http://ufcstats.com/event-details/c3ac8d0da7b05772,http://ufcstats.com/fight-details/b5299e5b946015e5,Kyler Phillips | Charles Jourdain,60425d07ef4b91a7 | f1d64ae34e088832,Charles Jourdain,win,Decision - Unanimous,3,5:00,Bantamweight,"{""rows"": [{""Fighter"": [""Kyler Phillips"", ""Charles Jourdain""], ""KD"": [""0"", ""0""], ""Sig. str."": [""36 of 77"", ""58 of 104""], ""Sig. str. %"": [""46%"", ""55%""], ""Total str."": [""48 of 92"", ""88 of 142""], ""Td"": [""7 of 13"", ""1 of 4""], ""Td %"": [""53%"", ""25%""], ""Sub. att"": [""0"", ""0""], ""Rev."": [""0"", ""1""], ""Ctrl"": [""7:13"", ""0:21""]}], ""fighters"": [""Kyler Phillips"", ""Charles Jourdain""]}",Per round RD1 6 of 12 - 50% 5 of 10 - 50% RD2 10 of 22 - 45% 22 of 42 - 52% RD3 20 of 43 - 46% 31 of 52 - 59% Landed Attempted
UFC Fight Night: Burns vs. Malott,http://ufcstats.com/event-details/c3ac8d0da7b05772,http://ufcstats.com/fight-details/e644218737c1a778,Mandel Nallo | Jai Herbert,8f4528c10bd34fab | 4c88a1db5a46c6a4,Jai Herbert,win,KO/TKO,1,2:05,Lightweight,"{""rows"": [{""Fighter"": [""Mandel Nallo"", ""Jai Herbert""], ""KD"": [""1"", ""2""], ""Sig. str."": [""16 of 31"", ""19 of 28""], ""Sig. str. %"": [""51%"", ""67%""], ""Total str."": [""16 of 31"", ""30 of 43""], ""Td"": [""0 of 0"", ""0 of 0""], ""Td %"": [""---"", ""---""], ""Sub. att"": [""0"", ""0""], ""Rev."": [""0"", ""0""], ""Ctrl"": [""0:10"", ""0:27""]}], ""fighters"": [""Mandel Nallo"", ""Jai Herbert""]}",Per round RD1 16 of 31 - 51% 19 of 28 - 67% Landed Attempted
UFC Fight Night: Burns vs. Malott,http://ufcstats.com/event-details/c3ac8d0da7b05772,http://ufcstats.com/fight-details/5a209522211d7530,Jasmine Jasudavicius | Karine Silva,a9e260472d321361 | 9d62c2d8ee151f08,Jasmine Jasudavicius,win,Decision - Unanimous,3,5:00,Women's Flyweight,"{""rows"": [{""Fighter"": [""Jasmine Jasudavicius"", ""Karine Silva""], ""KD"": [""0"", ""0""], ""Sig. str."": [""18 of 76"", ""15 of 43""], ""Sig. str. %"": [""23%"", ""34%""], ""Total str."": [""72 of 138"", ""88 of 127""], ""Td"": [""3 of 5"", ""0 of 0""], ""Td %"": [""60%"", ""---""], ""Sub. att"": [""0"", ""2""], ""Rev."": [""0"", ""0""], ""Ctrl"": [""8:09"", ""0:00""]}], ""fighters"": [""Jasmine Jasudavicius"", ""Karine Silva""]}",Per round RD1 1 of 17 - 5% 7 of 12 - 58% RD2 9 of 37 - 24% 4 of 21 - 19% RD3 8 of 22 - 36% 4 of 10 - 40% Landed Attempted
UFC Fight Night: Burns vs. Malott,http://ufcstats.com/event-details/c3ac8d0da7b05772,http://ufcstats.com/fight-details/a661c0bee7c8d5af,Thiago Moises | Gauge Young,d945aae53e3e54e6 | b2a78df161bd67f9,Gauge Young,win,Decision - Split,3,5:00,Lightweight,"{""rows"": [{""Fighter"": [""Thiago Moises"", ""Gauge Young""], ""KD"": [""0"", ""1""], ""Sig. str."": [""45 of 101"", ""122 of 226""], ""Sig. str. %"": [""44%"", ""53%""], ""Total str."": [""46 of 103"", ""131 of 237""], ""Td"": [""2 of 15"", ""0 of 0""], ""Td %"": [""13%"", ""---""], ""Sub. att"": [""0"", ""0""], ""Rev."": [""0"", ""1""], ""Ctrl"": [""2:33"", ""1:07""]}], ""fighters"": [""Thiago Moises"", ""Gauge Young""]}",Per round RD1 8 of 13 - 61% 9 of 23 - 39% RD2 14 of 38 - 36% 44 of 88 - 50% RD3 23 of 50 - 46% 69 of 115 - 60% Landed Attempted
UFC Fight Night: Burns vs. Malott,http://ufcstats.com/event-details/c3ac8d0da7b05772,http://ufcstats.com/fight-details/678440bd8274a18e,Dennis Buzukja | Marcio Barbosa,c4d039123e62f6a9 | c85bad793cd14e28,Marcio Barbosa,win,KO/TKO,1,1:20,Featherweight,"{""rows"": [{""Fighter"": [""Dennis Buzukja"", ""Marcio Barbosa""], ""KD"": [""0"", ""1""], ""Sig. str."": [""5 of 13"", ""4 of 8""], ""Sig. str. %"": [""38%"", ""50%""], ""Total str."": [""5 of 13"", ""4 of 8""], ""Td"": [""0 of 0"", ""0 of 0""], ""Td %"": [""---"", ""---""], ""Sub. att"": [""0"", ""0""], ""Rev."": [""0"", ""0""], ""Ctrl"": [""0:00"", ""0:00""]}], ""fighters"": [""Dennis Buzukja"", ""Marcio Barbosa""]}",Per round RD1 5 of 13 - 38% 4 of 8 - 50% Landed Attempted
UFC Fight Night: Burns vs. Malott,http://ufcstats.com/event-details/c3ac8d0da7b05772,http://ufcstats.com/fight-details/9fab4b0ad082f670,Julien Leblanc | Robert Valentin,cd0dfd9846bd03b9 | 0cd0456d6029cec2,Robert Valentin,win,Submission,1,2:22,Middleweight,"{""rows"": [{""Fighter"": [""Julien Leblanc"", ""Robert Valentin""], ""KD"": [""0"", ""0""], ""Sig. str."": [""4 of 6"", ""7 of 13""], ""Sig. str. %"": [""66%"", ""53%""], ""Total str."": [""4 of 6"", ""14 of 20""], ""Td"": [""0 of 0"", ""1 of 1""], ""Td %"": [""---"", ""100%""], ""Sub. att"": [""0"", ""1""], ""Rev."": [""0"", ""0""], ""Ctrl"": [""0:00"", ""1:42""]}], ""fighters"": [""Julien Leblanc"", ""Robert Valentin""]}",Per round RD1 4 of 6 - 66% 7 of 13 - 53% Landed Attempted
UFC Fight Night: Burns vs. Malott,http://ufcstats.com/event-details/c3ac8d0da7b05772,http://ufcstats.com/fight-details/85c7a0f44aa3e10a,Tanner Boser | Gokhan Saricam,04c8b08b16a5b99e | 1a97a3ef4c758fae,Gokhan Saricam,win,KO/TKO,2,4:43,Heavyweight,"{""rows"": [{""Fighter"": [""Tanner Boser"", ""Gokhan Saricam""], ""KD"": [""0"", ""1""], ""Sig. str."": [""60 of 97"", ""57 of 121""], ""Sig. str. %"": [""61%"", ""47%""], ""Total str."": [""77 of 117"", ""79 of 145""], ""Td"": [""0 of 1"", ""0 of 4""], ""Td %"": [""0%"", ""0%""], ""Sub. att"": [""0"", ""0""], ""Rev."": [""0"", ""0""], ""Ctrl"": [""1:30"", ""1:20""]}], ""fighters"": [""Tanner Boser"", ""Gokhan Saricam""]}",Per round RD1 27 of 45 - 60% 28 of 66 - 42% RD2 33 of 52 - 63% 29 of 55 - 52% Landed Attempted
UFC Fight Night: Burns vs. Malott,http://ufcstats.com/event-details/c3ac8d0da7b05772,http://ufcstats.com/fight-details/bae4de7ef8c0769e,Melissa Croden | Daria Zhelezniakova,51e2f44a8dbf6984 | 07047eb7d17fb0a2,Melissa Croden,win,Decision - Unanimous,3,5:00,Women's Bantamweight,"{""rows"": [{""Fighter"": [""Melissa Croden"", ""Daria Zhelezniakova""], ""KD"": [""0"", ""0""], ""Sig. str."": [""69 of 153"", ""41 of 118""], ""Sig. str. %"": [""45%"", ""34%""], ""Total str."": [""92 of 185"", ""81 of 163""], ""Td"": [""4 of 8"", ""0 of 0""], ""Td %"": [""50%"", ""---""], ""Sub. att"": [""1"", ""0""], ""Rev."": [""0"", ""0""], ""Ctrl"": [""5:12"", ""0:00""]}], ""fighters"": [""Melissa Croden"", ""Daria Zhelezniakova""]}",Per round RD1 15 of 46 - 32% 14 of 40 - 35% RD2 27 of 56 - 48% 14 of 45 - 31% RD3 27 of 51 - 52% 13 of 33 - 39% Landed Attempted
UFC Fight Night: Burns vs. Malott,http://ufcstats.com/event-details/c3ac8d0da7b05772,http://ufcstats.com/fight-details/0b6c13ab8ad7f82b,JJ Aldrich | Jamey-Lyn Horth,6fd953151d981979 | 5c637af9472ae7cc,JJ Aldrich,win,Decision - Unanimous,3,5:00,Women's Flyweight,"{""rows"": [{""Fighter"": [""JJ Aldrich"", ""Jamey-Lyn Horth""], ""KD"": [""0"", ""0""], ""Sig. str."": [""50 of 149"", ""70 of 230""], ""Sig. str. %"": [""33%"", ""30%""], ""Total str."": [""52 of 154"", ""73 of 233""], ""Td"": [""0 of 2"", ""0 of 0""], ""Td %"": [""0%"", ""---""], ""Sub. att"": [""0"", ""0""], ""Rev."": [""0"", ""0""], ""Ctrl"": [""0:44"", ""0:00""]}], ""fighters"": [""JJ Aldrich"", ""Jamey-Lyn Horth""]}",Per round RD1 7 of 43 - 16% 21 of 54 - 38% RD2 16 of 46 - 34% 21 of 88 - 23% RD3 27 of 60 - 45% 28 of 88 - 31% Landed Attempted
UFC Fight Night: Burns vs. Malott,http://ufcstats.com/event-details/c3ac8d0da7b05772,http://ufcstats.com/fight-details/552f7cdaf93e1055,John Castaneda | Mark Vologdin,5fa2974cbd18e05c | 0e6b611451a9a7d8,,draw draw,Decision - Majority,3,5:00,Catch Weight,"{""rows"": [{""Fighter"": [""John Castaneda"", ""Mark Vologdin""], ""KD"": [""0"", ""0""], ""Sig. str."": [""135 of 253"", ""91 of 217""], ""Sig. str. %"": [""53%"", ""41%""], ""Total str."": [""160 of 279"", ""96 of 222""], ""Td"": [""0 of 0"", ""1 of 6""], ""Td %"": [""---"", ""16%""], ""Sub. att"": [""0"", ""0""], ""Rev."": [""0"", ""0""], ""Ctrl"": [""1:15"", ""0:31""]}], ""fighters"": [""John Castaneda"", ""Mark Vologdin""]}",Per round RD1 25 of 44 - 56% 24 of 52 - 46% RD2 45 of 86 - 52% 38 of 69 - 55% RD3 65 of 123 - 52% 29 of 96 - 30% Landed Attempted
UFC Fight Night: Burns vs. Malott,http://ufcstats.com/event-details/c3ac8d0da7b05772,http://ufcstats.com/fight-details/32087c183dffcae0,Jamie Siraj | John Yannis,e6679e38e7fab7a8 | 450bcab0968562c4,John Yannis,win,KO/TKO,1,2:43,Bantamweight,"{""rows"": [{""Fighter"": [""Jamie Siraj"", ""John Yannis""], ""KD"": [""0"", ""1""], ""Sig. str."": [""6 of 24"", ""21 of 34""], ""Sig. str. %"": [""25%"", ""61%""], ""Total str."": [""6 of 24"", ""21 of 34""], ""Td"": [""0 of 2"", ""0 of 0""], ""Td %"": [""0%"", ""---""], ""Sub. att"": [""0"", ""0""], ""Rev."": [""0"", ""0""], ""Ctrl"": [""0:00"", ""0:09""]}], ""fighters"": [""Jamie Siraj"", ""John Yannis""]}",Per round RD1 6 of 24 - 25% 21 of 34 - 61% Landed Attempted
UFC 327: Prochazka vs. Ulberg,http://ufcstats.com/event-details/f3eb664db7fb1df3,http://ufcstats.com/fight-details/a031f062b7ffefee,Jiri Prochazka | Carlos Ulberg,009341ed974bad72 | 9014c02eff8b3d62,Carlos Ulberg,win,KO/TKO,1,3:45,Light Heavyweight,"{""rows"": [{""Fighter"": [""Jiri Prochazka"", ""Carlos Ulberg""], ""KD"": [""0"", ""1""], ""Sig. str."": [""14 of 20"", ""27 of 42""], ""Sig. str. %"": [""70%"", ""64%""], ""Total str."": [""14 of 20"", ""27 of 42""], ""Td"": [""0 of 0"", ""0 of 0""], ""Td %"": [""---"", ""---""], ""Sub. att"": [""0"", ""0""], ""Rev."": [""0"", ""0""], ""Ctrl"": [""0:00"", ""0:04""]}], ""fighters"": [""Jiri Prochazka"", ""Carlos Ulberg""]}",Per round RD1 14 of 20 - 70% 27 of 42 - 64% Landed Attempted
UFC 327: Prochazka vs. Ulberg,http://ufcstats.com/event-details/f3eb664db7fb1df3,http://ufcstats.com/fight-details/aade9d76ac6c6aef,Azamat Murzakanov | Paulo Costa,e90a2f22417af68e | 2e5c2aa8e4ab9d82,Paulo Costa,win,KO/TKO,3,1:23,Light Heavyweight,"{""rows"": [{""Fighter"": [""Azamat Murzakanov"", ""Paulo Costa""], ""KD"": [""0"", ""1""], ""Sig. str."": [""34 of 70"", ""55 of 80""], ""Sig. str. %"": [""48%"", ""68%""], ""Total str."": [""34 of 70"", ""61 of 86""], ""Td"": [""1 of 2"", ""0 of 1""], ""Td %"": [""50%"", ""0%""], ""Sub. att"": [""1"", ""0""], ""Rev."": [""0"", ""1""], ""Ctrl"": [""0:20"", ""1:20""]}], ""fighters"": [""Azamat Murzakanov"", ""Paulo Costa""]}",Per round RD1 7 of 26 - 26% 21 of 31 - 67% RD2 23 of 38 - 60% 19 of 31 - 61% RD3 4 of 6 - 66% 15 of 18 - 83% Landed Attempted
UFC 327: Prochazka vs. Ulberg,http://ufcstats.com/event-details/f3eb664db7fb1df3,http://ufcstats.com/fight-details/903552edaba48f4a,Curtis Blaydes | Josh Hokit,fa6796c55d6c5440 | 955da1675ad58a50,Josh Hokit,win,Decision - Unanimous,3,5:00,Heavyweight,"{""rows"": [{""Fighter"": [""Curtis Blaydes"", ""Josh Hokit""], ""KD"": [""0"", ""0""], ""Sig. str."": [""174 of 302"", ""177 of 293""], ""Sig. str. %"": [""57%"", ""60%""], ""Total str."": [""214 of 345"", ""181 of 298""], ""Td"": [""2 of 7"", ""0 of 1""], ""Td %"": [""28%"", ""0%""], ""Sub. att"": [""0"", ""0""], ""Rev."": [""0"", ""0""], ""Ctrl"": [""2:05"", ""0:31""]}], ""fighters"": [""Curtis Blaydes"", ""Josh Hokit""]}",Per round RD1 58 of 108 - 53% 41 of 80 - 51% RD2 56 of 91 - 61% 54 of 86 - 62% RD3 60 of 103 - 58% 82 of 127 - 64% Landed Attempted
UFC 327: Prochazka vs. Ulberg,http://ufcstats.com/event-details/f3eb664db7fb1df3,http://ufcstats.com/fight-details/c4d060cff018979a,Dominick Reyes | Johnny Walker,2e19380f34871c6a | c21f26bbde777573,Dominick Reyes,win,Decision - Split,3,5:00,Light Heavyweight,"{""rows"": [{""Fighter"": [""Dominick Reyes"", ""Johnny Walker""], ""KD"": [""0"", ""0""], ""Sig. str."": [""34 of 73"", ""42 of 80""], ""Sig. str. %"": [""46%"", ""52%""], ""Total str."": [""34 of 73"", ""42 of 80""], ""Td"": [""0 of 0"", ""0 of 1""], ""Td %"": [""---"", ""0%""], ""Sub. att"": [""0"", ""0""], ""Rev."": [""0"", ""0""], ""Ctrl"": [""0:00"", ""0:10""]}], ""fighters"": [""Dominick Reyes"", ""Johnny Walker""]}",Per round RD1 10 of 19 - 52% 17 of 28 - 60% RD2 9 of 19 - 47% 13 of 28 - 46% RD3 15 of 35 - 42% 12 of 24 - 50% Landed Attempted
UFC 327: Prochazka vs. Ulberg,http://ufcstats.com/event-details/f3eb664db7fb1df3,http://ufcstats.com/fight-details/60949f33201415ca,Cub Swanson | Nate Landwehr,d247691a6c0e9034 | 583ee11abddfc581,Cub Swanson,win,KO/TKO,1,4:06,Featherweight,"{""rows"": [{""Fighter"": [""Cub Swanson"", ""Nate Landwehr""], ""KD"": [""2"", ""0""], ""Sig. str."": [""37 of 49"", ""15 of 30""], ""Sig. str. %"": [""75%"", ""50%""], ""Total str."": [""40 of 52"", ""15 of 30""], ""Td"": [""0 of 0"", ""0 of 0""], ""Td %"": [""---"", ""---""], ""Sub. att"": [""0"", ""0""], ""Rev."": [""0"", ""0""], ""Ctrl"": [""0:06"", ""0:00""]}], ""fighters"": [""Cub Swanson"", ""Nate Landwehr""]}",Per round RD1 37 of 49 - 75% 15 of 30 - 50% Landed Attempted
UFC 327: Prochazka vs. Ulberg,http://ufcstats.com/event-details/f3eb664db7fb1df3,http://ufcstats.com/fight-details/10ab34056720b6b4,Patricio Pitbull | Aaron Pico,98a58c26c5b1ed17 | 5537efc6e496dd84,Aaron Pico,win,Decision - Unanimous,3,5:00,Featherweight,"{""rows"": [{""Fighter"": [""Patricio Pitbull"", ""Aaron Pico""], ""KD"": [""0"", ""0""], ""Sig. str."": [""49 of 88"", ""100 of 181""], ""Sig. str. %"": [""55%"", ""55%""], ""Total str."": [""49 of 88"", ""104 of 185""], ""Td"": [""0 of 0"", ""6 of 13""], ""Td %"": [""---"", ""46%""], ""Sub. att"": [""0"", ""0""], ""Rev."": [""0"", ""0""], ""Ctrl"": [""0:00"", ""3:25""]}], ""fighters"": [""Patricio Pitbull"", ""Aaron Pico""]}",Per round RD1 17 of 28 - 60% 22 of 56 - 39% RD2 19 of 33 - 57% 49 of 77 - 63% RD3 13 of 27 - 48% 29 of 48 - 60% Landed Attempted
UFC 327: Prochazka vs. Ulberg,http://ufcstats.com/event-details/f3eb664db7fb1df3,http://ufcstats.com/fight-details/b4e16fb13153efdc,Kevin Holland | Randy Brown,3a46b268013afede | c6aee362c7a7d482,Kevin Holland,win,Decision - Unanimous,3,5:00,Welterweight,"{""rows"": [{""Fighter"": [""Kevin Holland"", ""Randy Brown""], ""KD"": [""0"", ""0""], ""Sig. str."": [""56 of 91"", ""46 of 95""], ""Sig. str. %"": [""61%"", ""48%""], ""Total str."": [""137 of 176"", ""67 of 121""], ""Td"": [""0 of 3"", ""0 of 4""], ""Td %"": [""0%"", ""0%""], ""Sub. att"": [""2"", ""0""], ""Rev."": [""0"", ""0""], ""Ctrl"": [""4:05"", ""2:43""]}], ""fighters"": [""Kevin Holland"", ""Randy Brown""]}",Per round RD1 20 of 34 - 58% 18 of 39 - 46% RD2 19 of 31 - 61% 14 of 26 - 53% RD3 17 of 26 - 65% 14 of 30 - 46% Landed Attempted
UFC 327: Prochazka vs. Ulberg,http://ufcstats.com/event-details/f3eb664db7fb1df3,http://ufcstats.com/fight-details/62b5ce408c150fa8,Mateusz Gamrot | Esteban Ribovics,72db2a14ffa73ece | 323d4ca260dfa0ba,Mateusz Gamrot,win,Submission,2,4:19,Lightweight,"{""rows"": [{""Fighter"": [""Mateusz Gamrot"", ""Esteban Ribovics""], ""KD"": [""0"", ""0""], ""Sig. str."": [""18 of 34"", ""4 of 21""], ""Sig. str. %"": [""52%"", ""19%""], ""Total str."": [""38 of 56"", ""16 of 34""], ""Td"": [""4 of 6"", ""0 of 0""], ""Td %"": [""66%"", ""---""], ""Sub. att"": [""1"", ""0""], ""Rev."": [""0"", ""0""], ""Ctrl"": [""6:50"", ""0:00""]}], ""fighters"": [""Mateusz Gamrot"", ""Esteban Ribovics""]}",Per round RD1 14 of 21 - 66% 1 of 12 - 8% RD2 4 of 13 - 30% 3 of 9 - 33% Landed Attempted
UFC 327: Prochazka vs. Ulberg,http://ufcstats.com/event-details/f3eb664db7fb1df3,http://ufcstats.com/fight-details/f506977877074aa6,Tatiana Suarez | Loopy Godinez,b08012bbe542592a | 8e5d953bdb9ae5e7,Tatiana Suarez,win,Submission,2,2:29,Women's Strawweight,"{""rows"": [{""Fighter"": [""Tatiana Suarez"", ""Loopy Godinez""], ""KD"": [""0"", ""0""], ""Sig. str."": [""12 of 26"", ""18 of 25""], ""Sig. str. %"": [""46%"", ""72%""], ""Total str."": [""56 of 77"", ""25 of 33""], ""Td"": [""3 of 3"", ""2 of 2""], ""Td %"": [""100%"", ""100%""], ""Sub. att"": [""1"", ""0""], ""Rev."": [""0"", ""0""], ""Ctrl"": [""5:12"", ""0:23""]}], ""fighters"": [""Tatiana Suarez"", ""Loopy Godinez""]}",Per round RD1 7 of 13 - 53% 17 of 22 - 77% RD2 5 of 13 - 38% 1 of 3 - 33% Landed Attempted
UFC 327: Prochazka vs. Ulberg,http://ufcstats.com/event-details/f3eb664db7fb1df3,http://ufcstats.com/fight-details/81d20c833e9a76eb,Chris Padilla | MarQuel Mederos,06626b6287e1ae1e | e2be0c1a9b886d92,,draw draw,Decision - Majority,3,5:00,Lightweight,"{""rows"": [{""Fighter"": [""Chris Padilla"", ""MarQuel Mederos""], ""KD"": [""0"", ""0""], ""Sig. str."": [""147 of 271"", ""112 of 180""], ""Sig. str. %"": [""54%"", ""62%""], ""Total str."": [""164 of 291"", ""117 of 186""], ""Td"": [""1 of 4"", ""1 of 6""], ""Td %"": [""25%"", ""16%""], ""Sub. att"": [""0"", ""0""], ""Rev."": [""0"", ""0""], ""Ctrl"": [""2:09"", ""0:16""]}], ""fighters"": [""Chris Padilla"", ""MarQuel Mederos""]}",Per round RD1 40 of 66 - 60% 27 of 41 - 65% RD2 63 of 119 - 52% 44 of 75 - 58% RD3 44 of 86 - 51% 41 of 64 - 64% Landed Attempted
UFC 327: Prochazka vs. Ulberg,http://ufcstats.com/event-details/f3eb664db7fb1df3,http://ufcstats.com/fight-details/20868a67bea63129,Kelvin Gastelum | Vicente Luque,8c0580d4fff106c1 | 6d4b63c767106d3a,Vicente Luque,win,Submission,1,4:08,Middleweight,"{""rows"": [{""Fighter"": [""Kelvin Gastelum"", ""Vicente Luque""], ""KD"": [""0"", ""1""], ""Sig. str."": [""9 of 20"", ""12 of 28""], ""Sig. str. %"": [""45%"", ""42%""], ""Total str."": [""12 of 23"", ""16 of 34""], ""Td"": [""1 of 1"", ""0 of 0""], ""Td %"": [""100%"", ""---""], ""Sub. att"": [""0"", ""1""], ""Rev."": [""0"", ""0""], ""Ctrl"": [""1:16"", ""1:04""]}], ""fighters"": [""Kelvin Gastelum"", ""Vicente Luque""]}",Per round RD1 9 of 20 - 45% 12 of 28 - 42% Landed Attempted
UFC 327: Prochazka vs. Ulberg,http://ufcstats.com/event-details/f3eb664db7fb1df3,http://ufcstats.com/fight-details/5b49c3d36907c6df,Charles Radtke | Francisco Prado,feedf3053472fe56 | 3920d0cc288f9b0d,Charles Radtke,win,Decision - Unanimous,3,5:00,Welterweight,"{""rows"": [{""Fighter"": [""Charles Radtke"", ""Francisco Prado""], ""KD"": [""0"", ""0""], ""Sig. str."": [""24 of 47"", ""29 of 66""], ""Sig. str. %"": [""51%"", ""43%""], ""Total str."": [""121 of 164"", ""41 of 79""], ""Td"": [""4 of 5"", ""0 of 0""], ""Td %"": [""80%"", ""---""], ""Sub. att"": [""0"", ""2""], ""Rev."": [""0"", ""2""], ""Ctrl"": [""9:07"", ""1:50""]}], ""fighters"": [""Charles Radtke"", ""Francisco Prado""]}",Per round RD1 7 of 11 - 63% 8 of 10 - 80% RD2 5 of 8 - 62% 10 of 22 - 45% RD3 12 of 28 - 42% 11 of 34 - 32% Landed Attempted
UFC Fight Night: Moicano vs. Duncan,http://ufcstats.com/event-details/9a70f67ad2187fa3,http://ufcstats.com/fight-details/d69bd8e53ec858dc,Renato Moicano | Chris Duncan,b6452706b373eea1 | fd406a32a6fb3a29,Renato Moicano,win,Submission,2,3:14,Lightweight,"{""rows"": [{""Fighter"": [""Renato Moicano"", ""Chris Duncan""], ""KD"": [""0"", ""0""], ""Sig. str."": [""21 of 36"", ""27 of 62""], ""Sig. str. %"": [""58%"", ""43%""], ""Total str."": [""62 of 84"", ""30 of 66""], ""Td"": [""1 of 4"", ""0 of 2""], ""Td %"": [""25%"", ""0%""], ""Sub. att"": [""1"", ""0""], ""Rev."": [""0"", ""0""], ""Ctrl"": [""3:16"", ""0:01""]}], ""fighters"": [""Renato Moicano"", ""Chris Duncan""]}",Per round RD1 14 of 20 - 70% 17 of 38 - 44% RD2 7 of 16 - 43% 10 of 24 - 41% Landed Attempted
UFC Fight Night: Moicano vs. Duncan,http://ufcstats.com/event-details/9a70f67ad2187fa3,http://ufcstats.com/fight-details/721642e7de112e9e,Virna Jandiroba | Tabatha Ricci,7dda2cf308f24a02 | d25240135aee03e5,Virna Jandiroba,win,Decision - Unanimous,3,5:00,Women's Strawweight,"{""rows"": [{""Fighter"": [""Virna Jandiroba"", ""Tabatha Ricci""], ""KD"": [""0"", ""0""], ""Sig. str."": [""26 of 64"", ""37 of 82""], ""Sig. str. %"": [""40%"", ""45%""], ""Total str."": [""122 of 174"", ""89 of 144""], ""Td"": [""6 of 12"", ""1 of 2""], ""Td %"": [""50%"", ""50%""], ""Sub. att"": [""0"", ""0""], ""Rev."": [""0"", ""1""], ""Ctrl"": [""8:00"", ""1:03""]}], ""fighters"": [""Virna Jandiroba"", ""Tabatha Ricci""]}",Per round RD1 3 of 10 - 30% 7 of 13 - 53% RD2 9 of 16 - 56% 6 of 14 - 42% RD3 14 of 38 - 36% 24 of 55 - 43% Landed Attempted
UFC Fight Night: Moicano vs. Duncan,http://ufcstats.com/event-details/9a70f67ad2187fa3,http://ufcstats.com/fight-details/ad487d1c6141d90a,Abdul Rakhman Yakhyaev | Brendson Ribeiro,95aff2fd8d09a5f0 | 49edd0d90f60fb7d,Abdul Rakhman Yakhyaev,win,Submission,1,2:52,Light Heavyweight,"{""rows"": [{""Fighter"": [""Abdul Rakhman Yakhyaev"", ""Brendson Ribeiro""], ""KD"": [""0"", ""0""], ""Sig. str."": [""7 of 15"", ""8 of 17""], ""Sig. str. %"": [""46%"", ""47%""], ""Total str."": [""23 of 38"", ""8 of 17""], ""Td"": [""2 of 3"", ""0 of 0""], ""Td %"": [""66%"", ""---""], ""Sub. att"": [""1"", ""0""], ""Rev."": [""0"", ""0""], ""Ctrl"": [""1:56"", ""0:00""]}], ""fighters"": [""Abdul Rakhman Yakhyaev"", ""Brendson Ribeiro""]}",Per round RD1 7 of 15 - 46% 8 of 17 - 47% Landed Attempted
UFC Fight Night: Moicano vs. Duncan,http://ufcstats.com/event-details/9a70f67ad2187fa3,http://ufcstats.com/fight-details/fef80c98b2fba70c,Ethyn Ewing | Rafael Estevam,d776b5814f2400b4 | 83455a9d17f57dae,Ethyn Ewing,win,KO/TKO,3,1:44,Bantamweight,"{""rows"": [{""Fighter"": [""Ethyn Ewing"", ""Rafael Estevam""], ""KD"": [""1"", ""0""], ""Sig. str."": [""114 of 197"", ""44 of 185""], ""Sig. str. %"": [""57%"", ""23%""], ""Total str."": [""116 of 200"", ""45 of 186""], ""Td"": [""0 of 0"", ""0 of 8""], ""Td %"": [""---"", ""0%""], ""Sub. att"": [""0"", ""0""], ""Rev."": [""0"", ""0""], ""Ctrl"": [""0:22"", ""0:00""]}], ""fighters"": [""Ethyn Ewing"", ""Rafael Estevam""]}",Per round RD1 20 of 47 - 42% 17 of 63 - 26% RD2 67 of 109 - 61% 14 of 79 - 17% RD3 27 of 41 - 65% 13 of 43 - 30% Landed Attempted
UFC Fight Night: Moicano vs. Duncan,http://ufcstats.com/event-details/9a70f67ad2187fa3,http://ufcstats.com/fight-details/c27bec45d5a29a2c,Tommy McMillen | Manolo Zecchini,6b0a6def604de298 | fd7ab338e4953644,Tommy McMillen,win,KO/TKO,1,3:57,Featherweight,"{""rows"": [{""Fighter"": [""Tommy McMillen"", ""Manolo Zecchini""], ""KD"": [""1"", ""0""], ""Sig. str."": [""74 of 134"", ""20 of 61""], ""Sig. str. %"": [""55%"", ""32%""], ""Total str."": [""76 of 138"", ""21 of 64""], ""Td"": [""0 of 0"", ""0 of 0""], ""Td %"": [""---"", ""---""], ""Sub. att"": [""0"", ""0""], ""Rev."": [""0"", ""0""], ""Ctrl"": [""0:06"", ""0:15""]}], ""fighters"": [""Tommy McMillen"", ""Manolo Zecchini""]}",Per round RD1 74 of 134 - 55% 20 of 61 - 32% Landed Attempted
UFC Fight Night: Moicano vs. Duncan,http://ufcstats.com/event-details/9a70f67ad2187fa3,http://ufcstats.com/fight-details/7924f10aac3543de,Jose Delano | Robert Ruchala,d7c4956d61ae76a9 | 92aed9d16794f42b,Jose Delano,win,Decision - Unanimous,3,5:00,Featherweight,"{""rows"": [{""Fighter"": [""Jose Delano"", ""Robert Ruchala""], ""KD"": [""0"", ""0""], ""Sig. str."": [""107 of 172"", ""67 of 198""], ""Sig. str. %"": [""62%"", ""33%""], ""Total str."": [""127 of 193"", ""69 of 200""], ""Td"": [""0 of 5"", ""0 of 3""], ""Td %"": [""0%"", ""0%""], ""Sub. att"": [""0"", ""0""], ""Rev."": [""0"", ""0""], ""Ctrl"": [""0:38"", ""1:08""]}], ""fighters"": [""Jose Delano"", ""Robert Ruchala""]}",Per round RD1 21 of 42 - 50% 25 of 62 - 40% RD2 44 of 65 - 67% 20 of 65 - 30% RD3 42 of 65 - 64% 22 of 71 - 30% Landed Attempted
UFC Fight Night: Moicano vs. Duncan,http://ufcstats.com/event-details/9a70f67ad2187fa3,http://ufcstats.com/fight-details/0760bc02280574dd,Guilherme Pat | Thomas Petersen,ba15006c804a8de0 | 764d39074a352e33,Thomas Petersen,win,Decision - Majority,3,5:00,Heavyweight,"{""rows"": [{""Fighter"": [""Guilherme Pat"", ""Thomas Petersen""], ""KD"": [""0"", ""1""], ""Sig. str."": [""17 of 31"", ""28 of 41""], ""Sig. str. %"": [""54%"", ""68%""], ""Total str."": [""25 of 42"", ""164 of 199""], ""Td"": [""0 of 0"", ""0 of 5""], ""Td %"": [""---"", ""0%""], ""Sub. att"": [""0"", ""0""], ""Rev."": [""0"", ""0""], ""Ctrl"": [""0:00"", ""8:36""]}], ""fighters"": [""Guilherme Pat"", ""Thomas Petersen""]}",Per round RD1 8 of 11 - 72% 4 of 9 - 44% RD2 7 of 17 - 41% 8 of 12 - 66% RD3 2 of 3 - 66% 16 of 20 - 80% Landed Attempted
UFC Fight Night: Moicano vs. Duncan,http://ufcstats.com/event-details/9a70f67ad2187fa3,http://ufcstats.com/fight-details/af2a9d47ca8115e4,Alessandro Costa | Stewart Nicoll,3fa97913cfd205d3 | 2bd98ab77a8daa75,Alessandro Costa,win,KO/TKO,2,4:56,Flyweight,"{""rows"": [{""Fighter"": [""Alessandro Costa"", ""Stewart Nicoll""], ""KD"": [""1"", ""0""], ""Sig. str."": [""43 of 89"", ""47 of 99""], ""Sig. str. %"": [""48%"", ""47%""], ""Total str."": [""47 of 97"", ""47 of 99""], ""Td"": [""2 of 3"", ""0 of 5""], ""Td %"": [""66%"", ""0%""], ""Sub. att"": [""0"", ""0""], ""Rev."": [""0"", ""0""], ""Ctrl"": [""1:18"", ""0:06""]}], ""fighters"": [""Alessandro Costa"", ""Stewart Nicoll""]}",Per round RD1 20 of 46 - 43% 27 of 59 - 45% RD2 23 of 43 - 53% 20 of 40 - 50% Landed Attempted
UFC Fight Night: Moicano vs. Duncan,http://ufcstats.com/event-details/9a70f67ad2187fa3,http://ufcstats.com/fight-details/9c9c26679701b84d,Lando Vannata | Darrius Flowers,f9b200db02b488d9 | 65db4065e2bc107d,Darrius Flowers,win,KO/TKO,2,0:52,Lightweight,"{""rows"": [{""Fighter"": [""Lando Vannata"", ""Darrius Flowers""], ""KD"": [""0"", ""0""], ""Sig. str."": [""27 of 36"", ""20 of 36""], ""Sig. str. %"": [""75%"", ""55%""], ""Total str."": [""31 of 42"", ""44 of 69""], ""Td"": [""2 of 7"", ""2 of 2""], ""Td %"": [""28%"", ""100%""], ""Sub. att"": [""0"", ""1""], ""Rev."": [""0"", ""0""], ""Ctrl"": [""2:16"", ""0:23""]}], ""fighters"": [""Lando Vannata"", ""Darrius Flowers""]}",Per round RD1 22 of 29 - 75% 17 of 30 - 56% RD2 5 of 7 - 71% 3 of 6 - 50% Landed Attempted
UFC Fight Night: Moicano vs. Duncan,http://ufcstats.com/event-details/9a70f67ad2187fa3,http://ufcstats.com/fight-details/74bb036ef0493bf7,Alice Pereira | Hailey Cowan,81d2c551886bd5a1 | 3c26c420584d912d,Alice Pereira,win,KO/TKO,2,4:24,Women's Bantamweight,"{""rows"": [{""Fighter"": [""Alice Pereira"", ""Hailey Cowan""], ""KD"": [""1"", ""0""], ""Sig. str."": [""32 of 71"", ""31 of 64""], ""Sig. str. %"": [""45%"", ""48%""], ""Total str."": [""86 of 128"", ""56 of 97""], ""Td"": [""0 of 0"", ""2 of 3""], ""Td %"": [""---"", ""66%""], ""Sub. att"": [""0"", ""0""], ""Rev."": [""0"", ""0""], ""Ctrl"": [""0:03"", ""4:16""]}], ""fighters"": [""Alice Pereira"", ""Hailey Cowan""]}",Per round RD1 24 of 50 - 48% 18 of 44 - 40% RD2 8 of 21 - 38% 13 of 20 - 65% Landed Attempted
UFC Fight Night: Moicano vs. Duncan,http://ufcstats.com/event-details/9a70f67ad2187fa3,http://ufcstats.com/fight-details/e284a194fb4648a9,Azamat Bekoev | Tresean Gore,3bc3f60b21cddc6a | 147e70aa6cc48cfc,Tresean Gore,win,Submission,3,3:27,Middleweight,"{""rows"": [{""Fighter"": [""Azamat Bekoev"", ""Tresean Gore""], ""KD"": [""1"", ""0""], ""Sig. str."": [""70 of 115"", ""78 of 113""], ""Sig. str. %"": [""60%"", ""69%""], ""Total str."": [""128 of 175"", ""98 of 136""], ""Td"": [""2 of 5"", ""2 of 3""], ""Td %"": [""40%"", ""66%""], ""Sub. att"": [""0"", ""1""], ""Rev."": [""0"", ""0""], ""Ctrl"": [""1:57"", ""4:09""]}], ""fighters"": [""Azamat Bekoev"", ""Tresean Gore""]}",Per round RD1 35 of 61 - 57% 33 of 46 - 71% RD2 30 of 46 - 65% 25 of 40 - 62% RD3 5 of 8 - 62% 20 of 27 - 74% Landed Attempted
UFC Fight Night: Moicano vs. Duncan,http://ufcstats.com/event-details/9a70f67ad2187fa3,http://ufcstats.com/fight-details/caf13346cbcfdb03,Dione Barbosa | Melissa Gatto,27b388f0aab49780 | a4a80dd7336ffd59,Dione Barbosa,win,Decision - Majority,3,5:00,Women's Flyweight,"{""rows"": [{""Fighter"": [""Dione Barbosa"", ""Melissa Gatto""], ""KD"": [""0"", ""0""], ""Sig. str."": [""30 of 67"", ""33 of 67""], ""Sig. str. %"": [""44%"", ""49%""], ""Total str."": [""108 of 154"", ""64 of 109""], ""Td"": [""3 of 6"", ""3 of 12""], ""Td %"": [""50%"", ""25%""], ""Sub. att"": [""1"", ""0""], ""Rev."": [""1"", ""1""], ""Ctrl"": [""6:06"", ""4:48""]}], ""fighters"": [""Dione Barbosa"", ""Melissa Gatto""]}",Per round RD1 16 of 37 - 43% 21 of 48 - 43% RD2 9 of 20 - 45% 5 of 7 - 71% RD3 5 of 10 - 50% 7 of 12 - 58% Landed Attempted
UFC Fight Night: Moicano vs. Duncan,http://ufcstats.com/event-details/9a70f67ad2187fa3,http://ufcstats.com/fight-details/a5a749aa0061fdb4,Kai Kamaka III | Dakota Hope,eee0ef3e2b14816b | 6142edbd477d20c9,Kai Kamaka III,win,Decision - Split,3,5:00,Lightweight,"{""rows"": [{""Fighter"": [""Kai Kamaka III"", ""Dakota Hope""], ""KD"": [""0"", ""1""], ""Sig. str."": [""105 of 159"", ""106 of 258""], ""Sig. str. %"": [""66%"", ""41%""], ""Total str."": [""144 of 199"", ""155 of 312""], ""Td"": [""0 of 1"", ""1 of 3""], ""Td %"": [""0%"", ""33%""], ""Sub. att"": [""0"", ""0""], ""Rev."": [""0"", ""0""], ""Ctrl"": [""0:23"", ""1:18""]}], ""fighters"": [""Kai Kamaka III"", ""Dakota Hope""]}",Per round RD1 21 of 36 - 58% 42 of 89 - 47% RD2 41 of 54 - 75% 32 of 83 - 38% RD3 43 of 69 - 62% 32 of 86 - 37% Landed Attempted
UFC Fight Night: Adesanya vs. Pyfer,http://ufcstats.com/event-details/5c38639f860a5542,http://ufcstats.com/fight-details/85e94a6c071fd9fa,Israel Adesanya | Joe Pyfer,1338e2c7480bdf9e | c1085e1701b13eca,Joe Pyfer,win,KO/TKO,2,4:18,Middleweight,"{""rows"": [{""Fighter"": [""Israel Adesanya"", ""Joe Pyfer""], ""KD"": [""0"", ""0""], ""Sig. str."": [""42 of 75"", ""36 of 70""], ""Sig. str. %"": [""56%"", ""51%""], ""Total str."": [""58 of 92"", ""52 of 90""], ""Td"": [""0 of 2"", ""2 of 8""], ""Td %"": [""0%"", ""25%""], ""Sub. att"": [""0"", ""0""], ""Rev."": [""0"", ""0""], ""Ctrl"": [""0:00"", ""2:44""]}], ""fighters"": [""Israel Adesanya"", ""Joe Pyfer""]}",Per round RD1 24 of 42 - 57% 9 of 23 - 39% RD2 18 of 33 - 54% 27 of 47 - 57% Landed Attempted
UFC Fight Night: Adesanya vs. Pyfer,http://ufcstats.com/event-details/5c38639f860a5542,http://ufcstats.com/fight-details/9a0ecee6e8ca173f,Alexa Grasso | Maycee Barber,e8b731feff72294b | 6a740daf1b279661,Alexa Grasso,win,KO/TKO,1,2:42,Women's Flyweight,"{""rows"": [{""Fighter"": [""Alexa Grasso"", ""Maycee Barber""], ""KD"": [""1"", ""0""], ""Sig. str."": [""12 of 38"", ""5 of 25""], ""Sig. str. %"": [""31%"", ""20%""], ""Total str."": [""12 of 38"", ""5 of 25""], ""Td"": [""0 of 0"", ""0 of 0""], ""Td %"": [""---"", ""---""], ""Sub. att"": [""1"", ""0""], ""Rev."": [""0"", ""0""], ""Ctrl"": [""0:02"", ""0:00""]}], ""fighters"": [""Alexa Grasso"", ""Maycee Barber""]}",Per round RD1 12 of 38 - 31% 5 of 25 - 20% Landed Attempted
UFC Fight Night: Adesanya vs. Pyfer,http://ufcstats.com/event-details/5c38639f860a5542,http://ufcstats.com/fight-details/6102e7a6dcbc62f0,Michael Chiesa | Niko Price,c58f51dedb310998 | d8da10db80131bec,Michael Chiesa,win,Submission,1,1:03,Welterweight,"{""rows"": [{""Fighter"": [""Michael Chiesa"", ""Niko Price""], ""KD"": [""0"", ""0""], ""Sig. str."": [""0 of 1"", ""1 of 3""], ""Sig. str. %"": [""0%"", ""33%""], ""Total str."": [""0 of 1"", ""1 of 3""], ""Td"": [""1 of 2"", ""1 of 1""], ""Td %"": [""50%"", ""100%""], ""Sub. att"": [""1"", ""0""], ""Rev."": [""0"", ""0""], ""Ctrl"": [""0:23"", ""0:08""]}], ""fighters"": [""Michael Chiesa"", ""Niko Price""]}",Per round RD1 0 of 1 - 0% 1 of 3 - 33% Landed Attempted
UFC Fight Night: Adesanya vs. Pyfer,http://ufcstats.com/event-details/5c38639f860a5542,http://ufcstats.com/fight-details/f9f5071b993a5f4b,Julian Erosa | Lerryan Douglas,902ec2cc48c8ae8a | 640a0f838f057a81,Lerryan Douglas,win,KO/TKO,1,3:33,Featherweight,"{""rows"": [{""Fighter"": [""Julian Erosa"", ""Lerryan Douglas""], ""KD"": [""0"", ""2""], ""Sig. str."": [""17 of 46"", ""29 of 48""], ""Sig. str. %"": [""36%"", ""60%""], ""Total str."": [""18 of 47"", ""30 of 49""], ""Td"": [""0 of 0"", ""0 of 0""], ""Td %"": [""---"", ""---""], ""Sub. att"": [""0"", ""0""], ""Rev."": [""0"", ""0""], ""Ctrl"": [""0:03"", ""0:05""]}], ""fighters"": [""Julian Erosa"", ""Lerryan Douglas""]}",Per round RD1 17 of 46 - 36% 29 of 48 - 60% Landed Attempted
UFC Fight Night: Adesanya vs. Pyfer,http://ufcstats.com/event-details/5c38639f860a5542,http://ufcstats.com/fight-details/e32dc26b11d1f81d,Mansur Abdul-Malik | Yousri Belgaroui,841695e02c99a521 | 7674b836ce0698a0,Yousri Belgaroui,win,KO/TKO,3,3:39,Middleweight,"{""rows"": [{""Fighter"": [""Mansur Abdul-Malik"", ""Yousri Belgaroui""], ""KD"": [""0"", ""2""], ""Sig. str."": [""16 of 60"", ""94 of 156""], ""Sig. str. %"": [""26%"", ""60%""], ""Total str."": [""16 of 61"", ""107 of 170""], ""Td"": [""3 of 8"", ""0 of 0""], ""Td %"": [""37%"", ""---""], ""Sub. att"": [""0"", ""0""], ""Rev."": [""0"", ""0""], ""Ctrl"": [""2:07"", ""0:59""]}], ""fighters"": [""Mansur Abdul-Malik"", ""Yousri Belgaroui""]}",Per round RD1 7 of 24 - 29% 22 of 47 - 46% RD2 7 of 20 - 35% 44 of 63 - 69% RD3 2 of 16 - 12% 28 of 46 - 60% Landed Attempted
UFC Fight Night: Adesanya vs. Pyfer,http://ufcstats.com/event-details/5c38639f860a5542,http://ufcstats.com/fight-details/a76e14495e61cf19,Terrance McKinney | Kyle Nelson,809bd1a871491508 | 31f8081c7600da93,Terrance McKinney,win,KO/TKO,1,0:24,Lightweight,"{""rows"": [{""Fighter"": [""Terrance McKinney"", ""Kyle Nelson""], ""KD"": [""0"", ""0""], ""Sig. str."": [""13 of 27"", ""1 of 3""], ""Sig. str. %"": [""48%"", ""33%""], ""Total str."": [""15 of 29"", ""1 of 3""], ""Td"": [""0 of 0"", ""0 of 0""], ""Td %"": [""---"", ""---""], ""Sub. att"": [""0"", ""0""], ""Rev."": [""0"", ""0""], ""Ctrl"": [""0:13"", ""0:00""]}], ""fighters"": [""Terrance McKinney"", ""Kyle Nelson""]}",Per round RD1 13 of 27 - 48% 1 of 3 - 33% Landed Attempted
UFC Fight Night: Adesanya vs. Pyfer,http://ufcstats.com/event-details/5c38639f860a5542,http://ufcstats.com/fight-details/fa96d6252579b51e,Ignacio Bahamondes | Tofiq Musayev,e4a47b07044ddd72 | ae81a3ac7b260411,Tofiq Musayev,win,Decision - Unanimous,3,5:00,Lightweight,"{""rows"": [{""Fighter"": [""Ignacio Bahamondes"", ""Tofiq Musayev""], ""KD"": [""1"", ""0""], ""Sig. str."": [""32 of 62"", ""34 of 72""], ""Sig. str. %"": [""51%"", ""47%""], ""Total str."": [""46 of 83"", ""93 of 167""], ""Td"": [""0 of 1"", ""3 of 5""], ""Td %"": [""0%"", ""60%""], ""Sub. att"": [""2"", ""0""], ""Rev."": [""1"", ""1""], ""Ctrl"": [""1:17"", ""7:51""]}], ""fighters"": [""Ignacio Bahamondes"", ""Tofiq Musayev""]}",Per round RD1 20 of 39 - 51% 11 of 32 - 34% RD2 9 of 16 - 56% 17 of 29 - 58% RD3 3 of 7 - 42% 6 of 11 - 54% Landed Attempted
UFC Fight Night: Adesanya vs. Pyfer,http://ufcstats.com/event-details/5c38639f860a5542,http://ufcstats.com/fight-details/689384b01b40ef5c,Chase Hooper | Lance Gibson Jr.,971246648e162f0d | 07bc580bdf3eb9c8,Lance Gibson Jr.,win,KO/TKO,1,2:56,Lightweight,"{""rows"": [{""Fighter"": [""Chase Hooper"", ""Lance Gibson Jr.""], ""KD"": [""0"", ""1""], ""Sig. str."": [""11 of 32"", ""13 of 22""], ""Sig. str. %"": [""34%"", ""59%""], ""Total str."": [""13 of 34"", ""19 of 28""], ""Td"": [""0 of 2"", ""0 of 0""], ""Td %"": [""0%"", ""---""], ""Sub. att"": [""0"", ""0""], ""Rev."": [""0"", ""0""], ""Ctrl"": [""0:06"", ""0:07""]}], ""fighters"": [""Chase Hooper"", ""Lance Gibson Jr.""]}",Per round RD1 11 of 32 - 34% 13 of 22 - 59% Landed Attempted
UFC Fight Night: Adesanya vs. Pyfer,http://ufcstats.com/event-details/5c38639f860a5542,http://ufcstats.com/fight-details/08d4e3864c44f8a5,Marcin Tybura | Tyrell Fortune,c9cf753cfdf77fc2 | bc7f4b2d4c2724a2,Tyrell Fortune,win,Decision - Unanimous,3,5:00,Heavyweight,"{""rows"": [{""Fighter"": [""Marcin Tybura"", ""Tyrell Fortune""], ""KD"": [""0"", ""0""], ""Sig. str."": [""47 of 110"", ""30 of 59""], ""Sig. str. %"": [""42%"", ""50%""], ""Total str."": [""85 of 153"", ""49 of 81""], ""Td"": [""0 of 1"", ""3 of 5""], ""Td %"": [""0%"", ""60%""], ""Sub. att"": [""0"", ""0""], ""Rev."": [""0"", ""0""], ""Ctrl"": [""0:41"", ""5:07""]}], ""fighters"": [""Marcin Tybura"", ""Tyrell Fortune""]}",Per round RD1 8 of 22 - 36% 9 of 15 - 60% RD2 19 of 50 - 38% 13 of 26 - 50% RD3 20 of 38 - 52% 8 of 18 - 44% Landed Attempted
UFC Fight Night: Adesanya vs. Pyfer,http://ufcstats.com/event-details/5c38639f860a5542,http://ufcstats.com/fight-details/1c50e43770ba84fc,Casey O'Neill | Gabriella Fernandes,04835018f90b118c | a6eb54ae17a551be,Casey O'Neill,win,KO/TKO,1,3:11,Women's Flyweight,"{""rows"": [{""Fighter"": [""Casey O'Neill"", ""Gabriella Fernandes""], ""KD"": [""1"", ""0""], ""Sig. str."": [""25 of 66"", ""8 of 33""], ""Sig. str. %"": [""37%"", ""24%""], ""Total str."": [""25 of 66"", ""8 of 33""], ""Td"": [""0 of 0"", ""0 of 0""], ""Td %"": [""---"", ""---""], ""Sub. att"": [""0"", ""0""], ""Rev."": [""0"", ""0""], ""Ctrl"": [""0:00"", ""0:00""]}], ""fighters"": [""Casey O'Neill"", ""Gabriella Fernandes""]}",Per round RD1 25 of 66 - 37% 8 of 33 - 24% Landed Attempted
UFC Fight Night: Adesanya vs. Pyfer,http://ufcstats.com/event-details/5c38639f860a5542,http://ufcstats.com/fight-details/dbf1ee1a1912c735,Navajo Stirling | Bruno Lopes,b4b496ec2197ee3e | 0abcf6bc47191219,Navajo Stirling,win,KO/TKO,2,4:05,Light Heavyweight,"{""rows"": [{""Fighter"": [""Navajo Stirling"", ""Bruno Lopes""], ""KD"": [""1"", ""0""], ""Sig. str."": [""63 of 119"", ""28 of 63""], ""Sig. str. %"": [""52%"", ""44%""], ""Total str."": [""90 of 157"", ""36 of 71""], ""Td"": [""0 of 0"", ""0 of 8""], ""Td %"": [""---"", ""0%""], ""Sub. att"": [""0"", ""0""], ""Rev."": [""0"", ""0""], ""Ctrl"": [""1:31"", ""1:00""]}], ""fighters"": [""Navajo Stirling"", ""Bruno Lopes""]}",Per round RD1 22 of 54 - 40% 16 of 36 - 44% RD2 41 of 65 - 63% 12 of 27 - 44% Landed Attempted
UFC Fight Night: Adesanya vs. Pyfer,http://ufcstats.com/event-details/5c38639f860a5542,http://ufcstats.com/fight-details/a997593977ba8cad,Ricky Simon | Adrian Yanez,5987b2458f4b5290 | 0232cabbc30a2372,,draw draw,Decision - Majority,3,5:00,Bantamweight,"{""rows"": [{""Fighter"": [""Ricky Simon"", ""Adrian Yanez""], ""KD"": [""0"", ""1""], ""Sig. str."": [""44 of 139"", ""71 of 169""], ""Sig. str. %"": [""31%"", ""42%""], ""Total str."": [""52 of 149"", ""73 of 171""], ""Td"": [""2 of 5"", ""0 of 0""], ""Td %"": [""40%"", ""---""], ""Sub. att"": [""0"", ""0""], ""Rev."": [""0"", ""0""], ""Ctrl"": [""2:06"", ""0:06""]}], ""fighters"": [""Ricky Simon"", ""Adrian Yanez""]}",Per round RD1 12 of 55 - 21% 16 of 46 - 34% RD2 15 of 35 - 42% 15 of 29 - 51% RD3 17 of 49 - 34% 40 of 94 - 42% Landed Attempted
UFC Fight Night: Adesanya vs. Pyfer,http://ufcstats.com/event-details/5c38639f860a5542,http://ufcstats.com/fight-details/796e1151896195aa,Alexia Thainara | Bruna Brasil,545092d13c67aa49 | 7138a15258dabf20,Alexia Thainara,win,Decision - Unanimous,3,5:00,Women's Strawweight,"{""rows"": [{""Fighter"": [""Alexia Thainara"", ""Bruna Brasil""], ""KD"": [""0"", ""0""], ""Sig. str."": [""73 of 150"", ""37 of 56""], ""Sig. str. %"": [""48%"", ""66%""], ""Total str."": [""137 of 227"", ""72 of 94""], ""Td"": [""6 of 11"", ""0 of 1""], ""Td %"": [""54%"", ""0%""], ""Sub. att"": [""2"", ""0""], ""Rev."": [""0"", ""0""], ""Ctrl"": [""9:34"", ""0:00""]}], ""fighters"": [""Alexia Thainara"", ""Bruna Brasil""]}",Per round RD1 29 of 59 - 49% 16 of 23 - 69% RD2 28 of 51 - 54% 15 of 20 - 75% RD3 16 of 40 - 40% 6 of 13 - 46% Landed Attempted
UFC Fight Night: Evloev vs. Murphy,http://ufcstats.com/event-details/69108cb8b32efe04,http://ufcstats.com/fight-details/346e3897c2ead99a,Movsar Evloev | Lerone Murphy,76e2870ffafbe38f | 396fe87b84ac2e1c,Movsar Evloev,win,Decision - Majority,5,5:00,Featherweight,"{""rows"": [{""Fighter"": [""Movsar Evloev"", ""Lerone Murphy""], ""KD"": [""0"", ""0""], ""Sig. str."": [""86 of 189"", ""89 of 239""], ""Sig. str. %"": [""45%"", ""37%""], ""Total str."": [""124 of 234"", ""89 of 239""], ""Td"": [""9 of 10"", ""0 of 0""], ""Td %"": [""90%"", ""---""], ""Sub. att"": [""0"", ""0""], ""Rev."": [""0"", ""0""], ""Ctrl"": [""3:54"", ""0:00""]}], ""fighters"": [""Movsar Evloev"", ""Lerone Murphy""]}",Per round RD1 11 of 31 - 35% 14 of 49 - 28% RD2 17 of 37 - 45% 24 of 57 - 42% RD3 25 of 50 - 50% 23 of 48 - 47% RD4 21 of 35 - 60% 16 of 39 - 41% RD5 12 of 36 - 33% 12 of 46 - 26% Landed Attempted
UFC Fight Night: Evloev vs. Murphy,http://ufcstats.com/event-details/69108cb8b32efe04,http://ufcstats.com/fight-details/fa534aaa5b997a69,Luke Riley | Michael Aswell Jr.,b1de86d835638319 | 01c9e4013afce141,Luke Riley,win,Decision - Unanimous,3,5:00,Featherweight,"{""rows"": [{""Fighter"": [""Luke Riley"", ""Michael Aswell Jr.""], ""KD"": [""0"", ""0""], ""Sig. str."": [""100 of 177"", ""61 of 180""], ""Sig. str. %"": [""56%"", ""33%""], ""Total str."": [""113 of 192"", ""107 of 233""], ""Td"": [""0 of 0"", ""1 of 1""], ""Td %"": [""---"", ""100%""], ""Sub. att"": [""0"", ""0""], ""Rev."": [""0"", ""0""], ""Ctrl"": [""0:00"", ""2:49""]}], ""fighters"": [""Luke Riley"", ""Michael Aswell Jr.""]}",Per round RD1 33 of 56 - 58% 20 of 59 - 33% RD2 35 of 70 - 50% 30 of 81 - 37% RD3 32 of 51 - 62% 11 of 40 - 27% Landed Attempted
UFC Fight Night: Evloev vs. Murphy,http://ufcstats.com/event-details/69108cb8b32efe04,http://ufcstats.com/fight-details/5ee11b727e89e8ad,Michael Page | Sam Patterson,a67d071163962af8 | 8b6e5dc2ba1edbe7,Michael Page,win,Decision - Unanimous,3,5:00,Welterweight,"{""rows"": [{""Fighter"": [""Michael Page"", ""Sam Patterson""], ""KD"": [""0"", ""0""], ""Sig. str."": [""27 of 55"", ""12 of 64""], ""Sig. str. %"": [""49%"", ""18%""], ""Total str."": [""33 of 61"", ""25 of 78""], ""Td"": [""0 of 0"", ""0 of 2""], ""Td %"": [""---"", ""0%""], ""Sub. att"": [""0"", ""0""], ""Rev."": [""0"", ""0""], ""Ctrl"": [""0:26"", ""2:47""]}], ""fighters"": [""Michael Page"", ""Sam Patterson""]}",Per round RD1 5 of 12 - 41% 4 of 11 - 36% RD2 10 of 24 - 41% 2 of 26 - 7% RD3 12 of 19 - 63% 6 of 27 - 22% Landed Attempted
UFC Fight Night: Evloev vs. Murphy,http://ufcstats.com/event-details/69108cb8b32efe04,http://ufcstats.com/fight-details/43e26b46cbb51985,Iwo Baraniewski | Austen Lane,1c23ec2f1b71be40 | be9bdec19b7e9ffe,Iwo Baraniewski,win,KO/TKO,1,0:28,Light Heavyweight,"{""rows"": [{""Fighter"": [""Iwo Baraniewski"", ""Austen Lane""], ""KD"": [""1"", ""0""], ""Sig. str."": [""10 of 13"", ""0 of 4""], ""Sig. str. %"": [""76%"", ""0%""], ""Total str."": [""10 of 13"", ""0 of 4""], ""Td"": [""0 of 0"", ""0 of 0""], ""Td %"": [""---"", ""---""], ""Sub. att"": [""0"", ""0""], ""Rev."": [""0"", ""0""], ""Ctrl"": [""0:04"", ""0:00""]}], ""fighters"": [""Iwo Baraniewski"", ""Austen Lane""]}",Per round RD1 10 of 13 - 76% 0 of 4 - 0% Landed Attempted
UFC Fight Night: Evloev vs. Murphy,http://ufcstats.com/event-details/69108cb8b32efe04,http://ufcstats.com/fight-details/562d916f55918901,Roman Dolidze | Christian Leroy Duncan,327d5f279895110d | a93f94c923c3a9cb,Christian Leroy Duncan,win,Decision - Unanimous,3,5:00,Middleweight,"{""rows"": [{""Fighter"": [""Roman Dolidze"", ""Christian Leroy Duncan""], ""KD"": [""0"", ""0""], ""Sig. str."": [""10 of 34"", ""54 of 99""], ""Sig. str. %"": [""29%"", ""54%""], ""Total str."": [""40 of 94"", ""78 of 125""], ""Td"": [""3 of 4"", ""0 of 2""], ""Td %"": [""75%"", ""0%""], ""Sub. att"": [""0"", ""0""], ""Rev."": [""0"", ""0""], ""Ctrl"": [""7:07"", ""1:08""]}], ""fighters"": [""Roman Dolidze"", ""Christian Leroy Duncan""]}",Per round RD1 2 of 6 - 33% 16 of 29 - 55% RD2 5 of 19 - 26% 20 of 44 - 45% RD3 3 of 9 - 33% 18 of 26 - 69% Landed Attempted
UFC Fight Night: Evloev vs. Murphy,http://ufcstats.com/event-details/69108cb8b32efe04,http://ufcstats.com/fight-details/4e58bcc0d27042fd,Kurtis Campbell | Danny Silva,9d51798e61f2e0c7 | d964a59c48381cb6,Danny Silva,win,KO/TKO,2,0:31,Featherweight,"{""rows"": [{""Fighter"": [""Kurtis Campbell"", ""Danny Silva""], ""KD"": [""0"", ""2""], ""Sig. str."": [""17 of 41"", ""16 of 32""], ""Sig. str. %"": [""41%"", ""50%""], ""Total str."": [""17 of 43"", ""20 of 36""], ""Td"": [""2 of 5"", ""1 of 1""], ""Td %"": [""40%"", ""100%""], ""Sub. att"": [""0"", ""0""], ""Rev."": [""0"", ""1""], ""Ctrl"": [""1:56"", ""1:05""]}], ""fighters"": [""Kurtis Campbell"", ""Danny Silva""]}",Per round RD1 15 of 36 - 41% 6 of 20 - 30% RD2 2 of 5 - 40% 10 of 12 - 83% Landed Attempted
UFC Fight Night: Evloev vs. Murphy,http://ufcstats.com/event-details/69108cb8b32efe04,http://ufcstats.com/fight-details/3ee578ddd071ad4c,Mason Jones | Axel Sola,f6ad6a1e4d600e0d | 1d2d98ddd05b38fb,Mason Jones,win,Decision - Unanimous,3,5:00,Lightweight,"{""rows"": [{""Fighter"": [""Mason Jones"", ""Axel Sola""], ""KD"": [""0"", ""0""], ""Sig. str."": [""110 of 236"", ""65 of 135""], ""Sig. str. %"": [""46%"", ""48%""], ""Total str."": [""123 of 251"", ""68 of 141""], ""Td"": [""0 of 0"", ""3 of 7""], ""Td %"": [""---"", ""42%""], ""Sub. att"": [""0"", ""0""], ""Rev."": [""0"", ""0""], ""Ctrl"": [""0:05"", ""2:19""]}], ""fighters"": [""Mason Jones"", ""Axel Sola""]}",Per round RD1 18 of 46 - 39% 15 of 32 - 46% RD2 34 of 73 - 46% 22 of 51 - 43% RD3 58 of 117 - 49% 28 of 52 - 53% Landed Attempted
UFC Fight Night: Evloev vs. Murphy,http://ufcstats.com/event-details/69108cb8b32efe04,http://ufcstats.com/fight-details/3b9f50f07d9a1601,Nathaniel Wood | Losene Keita,329e403448756217 | 5b43d68174b6e2ab,Nathaniel Wood,win,Decision - Split,3,5:00,Featherweight,"{""rows"": [{""Fighter"": [""Nathaniel Wood"", ""Losene Keita""], ""KD"": [""0"", ""0""], ""Sig. str."": [""67 of 178"", ""52 of 119""], ""Sig. str. %"": [""37%"", ""43%""], ""Total str."": [""67 of 178"", ""52 of 119""], ""Td"": [""0 of 1"", ""0 of 0""], ""Td %"": [""0%"", ""---""], ""Sub. att"": [""0"", ""0""], ""Rev."": [""0"", ""0""], ""Ctrl"": [""0:00"", ""0:00""]}], ""fighters"": [""Nathaniel Wood"", ""Losene Keita""]}",Per round RD1 17 of 56 - 30% 11 of 26 - 42% RD2 19 of 56 - 33% 23 of 42 - 54% RD3 31 of 66 - 46% 18 of 51 - 35% Landed Attempted
UFC Fight Night: Evloev vs. Murphy,http://ufcstats.com/event-details/69108cb8b32efe04,http://ufcstats.com/fight-details/90187edeeda7e6d6,Mario Pinto | Felipe Franco,39d309957c5c210d | e564146b9cf6dbef,Mario Pinto,win,Decision - Unanimous,3,5:00,Heavyweight,"{""rows"": [{""Fighter"": [""Mario Pinto"", ""Felipe Franco""], ""KD"": [""0"", ""0""], ""Sig. str."": [""34 of 58"", ""21 of 60""], ""Sig. str. %"": [""58%"", ""35%""], ""Total str."": [""137 of 166"", ""60 of 100""], ""Td"": [""2 of 14"", ""0 of 1""], ""Td %"": [""14%"", ""0%""], ""Sub. att"": [""0"", ""0""], ""Rev."": [""0"", ""0""], ""Ctrl"": [""6:15"", ""0:00""]}], ""fighters"": [""Mario Pinto"", ""Felipe Franco""]}",Per round RD1 16 of 28 - 57% 9 of 25 - 36% RD2 9 of 20 - 45% 3 of 19 - 15% RD3 9 of 10 - 90% 9 of 16 - 56% Landed Attempted
UFC Fight Night: Evloev vs. Murphy,http://ufcstats.com/event-details/69108cb8b32efe04,http://ufcstats.com/fight-details/8817bd21b6d0a989,Mantas Kondratavicius | Antonio Trocoli,3cc506f115cbb9d5 | 6d48a2df51749d91,Mantas Kondratavicius,win,Decision - Unanimous,3,5:00,Middleweight,"{""rows"": [{""Fighter"": [""Mantas Kondratavicius"", ""Antonio Trocoli""], ""KD"": [""1"", ""0""], ""Sig. str."": [""75 of 107"", ""17 of 39""], ""Sig. str. %"": [""70%"", ""43%""], ""Total str."": [""135 of 177"", ""29 of 54""], ""Td"": [""2 of 4"", ""1 of 12""], ""Td %"": [""50%"", ""8%""], ""Sub. att"": [""1"", ""0""], ""Rev."": [""0"", ""0""], ""Ctrl"": [""6:06"", ""5:03""]}], ""fighters"": [""Mantas Kondratavicius"", ""Antonio Trocoli""]}",Per round RD1 28 of 42 - 66% 6 of 14 - 42% RD2 39 of 47 - 82% 5 of 10 - 50% RD3 8 of 18 - 44% 6 of 15 - 40% Landed Attempted
UFC Fight Night: Evloev vs. Murphy,http://ufcstats.com/event-details/69108cb8b32efe04,http://ufcstats.com/fight-details/bfd17ed83ec5b598,Louie Sutherland | Brando Pericic,cdb7b38b1b357f26 | d0fd0d9ee560dae7,Brando Pericic,win,KO/TKO,1,1:48,Heavyweight,"{""rows"": [{""Fighter"": [""Louie Sutherland"", ""Brando Pericic""], ""KD"": [""0"", ""0""], ""Sig. str."": [""9 of 18"", ""19 of 26""], ""Sig. str. %"": [""50%"", ""73%""], ""Total str."": [""9 of 18"", ""34 of 46""], ""Td"": [""1 of 3"", ""0 of 0""], ""Td %"": [""33%"", ""---""], ""Sub. att"": [""0"", ""0""], ""Rev."": [""0"", ""0""], ""Ctrl"": [""0:40"", ""0:19""]}], ""fighters"": [""Louie Sutherland"", ""Brando Pericic""]}",Per round RD1 9 of 18 - 50% 19 of 26 - 73% Landed Attempted
UFC Fight Night: Evloev vs. Murphy,http://ufcstats.com/event-details/69108cb8b32efe04,http://ufcstats.com/fight-details/bbe0f3653de9f6a8,Shem Rock | Abdul-Kareem Al-Selwady,52b6bf4528130e86 | 597499ac7a5aac62,Abdul-Kareem Al-Selwady,win,Decision - Unanimous,3,5:00,Lightweight,"{""rows"": [{""Fighter"": [""Shem Rock"", ""Abdul-Kareem Al-Selwady""], ""KD"": [""0"", ""0""], ""Sig. str."": [""47 of 128"", ""81 of 146""], ""Sig. str. %"": [""36%"", ""55%""], ""Total str."": [""52 of 134"", ""105 of 173""], ""Td"": [""1 of 6"", ""0 of 4""], ""Td %"": [""16%"", ""0%""], ""Sub. att"": [""0"", ""0""], ""Rev."": [""0"", ""0""], ""Ctrl"": [""0:55"", ""0:19""]}], ""fighters"": [""Shem Rock"", ""Abdul-Kareem Al-Selwady""]}",Per round RD1 17 of 46 - 36% 27 of 52 - 51% RD2 11 of 36 - 30% 25 of 50 - 50% RD3 19 of 46 - 41% 29 of 44 - 65% Landed Attempted
UFC Fight Night: Evloev vs. Murphy,http://ufcstats.com/event-details/69108cb8b32efe04,http://ufcstats.com/fight-details/216bc9b661485017,Shanelle Dyer | Ravena Oliveira,cfbb3edab781dfd2 | 4948e412fa6ab67d,Shanelle Dyer,win,KO/TKO,2,1:17,Women's Strawweight,"{""rows"": [{""Fighter"": [""Shanelle Dyer"", ""Ravena Oliveira""], ""KD"": [""0"", ""0""], ""Sig. str."": [""49 of 78"", ""26 of 80""], ""Sig. str. %"": [""62%"", ""32%""], ""Total str."": [""50 of 79"", ""32 of 86""], ""Td"": [""1 of 1"", ""0 of 1""], ""Td %"": [""100%"", ""0%""], ""Sub. att"": [""0"", ""0""], ""Rev."": [""0"", ""0""], ""Ctrl"": [""0:34"", ""0:12""]}], ""fighters"": [""Shanelle Dyer"", ""Ravena Oliveira""]}",Per round RD1 32 of 47 - 68% 20 of 67 - 29% RD2 17 of 31 - 54% 6 of 13 - 46% Landed Attempted
UFC Fight Night: Emmett vs. Vallejos,http://ufcstats.com/event-details/babc6b5745335f18,http://ufcstats.com/fight-details/f594fc5c2bc6237e,Josh Emmett | Kevin Vallejos,fba03cd6cc28dc41 | 239d8e5359022f3b,Kevin Vallejos,win,KO/TKO,1,3:33,Featherweight,"{""rows"": [{""Fighter"": [""Josh Emmett"", ""Kevin Vallejos""], ""KD"": [""0"", ""2""], ""Sig. str."": [""3 of 12"", ""36 of 55""], ""Sig. str. %"": [""25%"", ""65%""], ""Total str."": [""3 of 12"", ""43 of 68""], ""Td"": [""0 of 1"", ""0 of 0""], ""Td %"": [""0%"", ""---""], ""Sub. att"": [""0"", ""0""], ""Rev."": [""0"", ""0""], ""Ctrl"": [""0:00"", ""0:38""]}], ""fighters"": [""Josh Emmett"", ""Kevin Vallejos""]}",Per round RD1 3 of 12 - 25% 36 of 55 - 65% Landed Attempted
UFC Fight Night: Emmett vs. Vallejos,http://ufcstats.com/event-details/babc6b5745335f18,http://ufcstats.com/fight-details/3b7b771b9578383d,Amanda Lemos | Gillian Robertson,3df5493bb279226f | 38c7f72747f4f712,Gillian Robertson,win,Decision - Unanimous,3,5:00,Women's Strawweight,"{""rows"": [{""Fighter"": [""Amanda Lemos"", ""Gillian Robertson""], ""KD"": [""0"", ""0""], ""Sig. str."": [""42 of 73"", ""12 of 26""], ""Sig. str. %"": [""57%"", ""46%""], ""Total str."": [""51 of 84"", ""64 of 81""], ""Td"": [""1 of 1"", ""3 of 7""], ""Td %"": [""100%"", ""42%""], ""Sub. att"": [""1"", ""0""], ""Rev."": [""1"", ""2""], ""Ctrl"": [""2:04"", ""9:17""]}], ""fighters"": [""Amanda Lemos"", ""Gillian Robertson""]}",Per round RD1 25 of 37 - 67% 5 of 15 - 33% RD2 10 of 19 - 52% 2 of 3 - 66% RD3 7 of 17 - 41% 5 of 8 - 62% Landed Attempted
UFC Fight Night: Emmett vs. Vallejos,http://ufcstats.com/event-details/babc6b5745335f18,http://ufcstats.com/fight-details/8bee5192baec71d8,Andre Fili | Jose Delgado,8fd808923cffff82 | 7d6ceff6747f2de2,Jose Delgado,win,Decision - Split,3,5:00,Featherweight,"{""rows"": [{""Fighter"": [""Andre Fili"", ""Jose Delgado""], ""KD"": [""0"", ""0""], ""Sig. str."": [""62 of 141"", ""94 of 169""], ""Sig. str. %"": [""43%"", ""55%""], ""Total str."": [""70 of 154"", ""103 of 179""], ""Td"": [""4 of 6"", ""1 of 3""], ""Td %"": [""66%"", ""33%""], ""Sub. att"": [""0"", ""0""], ""Rev."": [""1"", ""0""], ""Ctrl"": [""0:59"", ""0:36""]}], ""fighters"": [""Andre Fili"", ""Jose Delgado""]}",Per round RD1 19 of 39 - 48% 23 of 46 - 50% RD2 18 of 39 - 46% 30 of 62 - 48% RD3 25 of 63 - 39% 41 of 61 - 67% Landed Attempted
UFC Fight Night: Emmett vs. Vallejos,http://ufcstats.com/event-details/babc6b5745335f18,http://ufcstats.com/fight-details/e0acd0cf4930671b,Marwan Rahiki | Harry Hardwick,6eedb757f13b9978 | 2dbc60c52de126d8,Marwan Rahiki,win,KO/TKO,2,5:00,Featherweight,"{""rows"": [{""Fighter"": [""Marwan Rahiki"", ""Harry Hardwick""], ""KD"": [""0"", ""0""], ""Sig. str."": [""90 of 164"", ""65 of 149""], ""Sig. str. %"": [""54%"", ""43%""], ""Total str."": [""93 of 171"", ""76 of 164""], ""Td"": [""0 of 0"", ""0 of 1""], ""Td %"": [""---"", ""0%""], ""Sub. att"": [""0"", ""0""], ""Rev."": [""0"", ""0""], ""Ctrl"": [""1:35"", ""0:44""]}], ""fighters"": [""Marwan Rahiki"", ""Harry Hardwick""]}",Per round RD1 44 of 83 - 53% 40 of 94 - 42% RD2 46 of 81 - 56% 25 of 55 - 45% Landed Attempted
UFC Fight Night: Emmett vs. Vallejos,http://ufcstats.com/event-details/babc6b5745335f18,http://ufcstats.com/fight-details/db7694f4513120d5,Ion Cutelaba | Oumar Sy,cd13728ae1151f46 | 46e2011d92463b7e,Ion Cutelaba,win,Submission,1,4:24,Light Heavyweight,"{""rows"": [{""Fighter"": [""Ion Cutelaba"", ""Oumar Sy""], ""KD"": [""0"", ""0""], ""Sig. str."": [""14 of 20"", ""5 of 11""], ""Sig. str. %"": [""70%"", ""45%""], ""Total str."": [""40 of 49"", ""5 of 11""], ""Td"": [""1 of 2"", ""0 of 1""], ""Td %"": [""50%"", ""0%""], ""Sub. att"": [""1"", ""0""], ""Rev."": [""0"", ""0""], ""Ctrl"": [""2:27"", ""0:18""]}], ""fighters"": [""Ion Cutelaba"", ""Oumar Sy""]}",Per round RD1 14 of 20 - 70% 5 of 11 - 45% Landed Attempted
UFC Fight Night: Emmett vs. Vallejos,http://ufcstats.com/event-details/babc6b5745335f18,http://ufcstats.com/fight-details/fc9168fd102e2e66,Charles Johnson | Bruno Silva,814e5233e2acf2ee | 294aa73dbf37d281,Charles Johnson,win,Decision - Split,3,5:00,Flyweight,"{""rows"": [{""Fighter"": [""Charles Johnson"", ""Bruno Silva""], ""KD"": [""0"", ""0""], ""Sig. str."": [""85 of 162"", ""73 of 136""], ""Sig. str. %"": [""52%"", ""53%""], ""Total str."": [""110 of 189"", ""101 of 171""], ""Td"": [""0 of 6"", ""0 of 8""], ""Td %"": [""0%"", ""0%""], ""Sub. att"": [""0"", ""0""], ""Rev."": [""0"", ""0""], ""Ctrl"": [""0:06"", ""3:43""]}], ""fighters"": [""Charles Johnson"", ""Bruno Silva""]}",Per round RD1 18 of 34 - 52% 12 of 19 - 63% RD2 33 of 60 - 55% 27 of 53 - 50% RD3 34 of 68 - 50% 34 of 64 - 53% Landed Attempted
UFC Fight Night: Emmett vs. Vallejos,http://ufcstats.com/event-details/babc6b5745335f18,http://ufcstats.com/fight-details/f26c0bdf7689aea2,Chris Curtis | Myktybek Orolbai,5442f1bc4b47eaf3 | bf2c8e01b07d3eb1,Myktybek Orolbai,win,Decision - Unanimous,3,5:00,Welterweight,"{""rows"": [{""Fighter"": [""Chris Curtis"", ""Myktybek Orolbai""], ""KD"": [""0"", ""0""], ""Sig. str."": [""12 of 31"", ""20 of 28""], ""Sig. str. %"": [""38%"", ""71%""], ""Total str."": [""57 of 81"", ""83 of 102""], ""Td"": [""0 of 0"", ""19 of 24""], ""Td %"": [""---"", ""79%""], ""Sub. att"": [""0"", ""0""], ""Rev."": [""0"", ""0""], ""Ctrl"": [""0:06"", ""12:33""]}], ""fighters"": [""Chris Curtis"", ""Myktybek Orolbai""]}",Per round RD1 2 of 10 - 20% 16 of 21 - 76% RD2 6 of 13 - 46% 2 of 3 - 66% RD3 4 of 8 - 50% 2 of 4 - 50% Landed Attempted
UFC Fight Night: Emmett vs. Vallejos,http://ufcstats.com/event-details/babc6b5745335f18,http://ufcstats.com/fight-details/2c330a6f7f1e55f0,Vitor Petrino | Steven Asplund,71171fc96445bf65 | e56cee1ad697db04,Vitor Petrino,win,Decision - Unanimous,3,5:00,Heavyweight,"{""rows"": [{""Fighter"": [""Vitor Petrino"", ""Steven Asplund""], ""KD"": [""0"", ""1""], ""Sig. str."": [""92 of 161"", ""61 of 158""], ""Sig. str. %"": [""57%"", ""38%""], ""Total str."": [""92 of 162"", ""73 of 172""], ""Td"": [""0 of 4"", ""0 of 0""], ""Td %"": [""0%"", ""---""], ""Sub. att"": [""0"", ""0""], ""Rev."": [""0"", ""0""], ""Ctrl"": [""1:17"", ""0:12""]}], ""fighters"": [""Vitor Petrino"", ""Steven Asplund""]}",Per round RD1 19 of 37 - 51% 20 of 45 - 44% RD2 34 of 52 - 65% 14 of 50 - 28% RD3 39 of 72 - 54% 27 of 63 - 42% Landed Attempted
UFC Fight Night: Emmett vs. Vallejos,http://ufcstats.com/event-details/babc6b5745335f18,http://ufcstats.com/fight-details/f44b4e998b6829f6,Elijah Smith | SuYoung You,7478b7f959ba61f5 | a474aade8eb3a8f0,Elijah Smith,win,Submission,2,1:04,Bantamweight,"{""rows"": [{""Fighter"": [""Elijah Smith"", ""SuYoung You""], ""KD"": [""1"", ""0""], ""Sig. str."": [""16 of 27"", ""3 of 3""], ""Sig. str. %"": [""59%"", ""100%""], ""Total str."": [""18 of 29"", ""21 of 27""], ""Td"": [""0 of 0"", ""4 of 8""], ""Td %"": [""---"", ""50%""], ""Sub. att"": [""1"", ""0""], ""Rev."": [""1"", ""0""], ""Ctrl"": [""1:35"", ""2:42""]}], ""fighters"": [""Elijah Smith"", ""SuYoung You""]}",Per round RD1 3 of 6 - 50% 1 of 1 - 100% RD2 13 of 21 - 61% 2 of 2 - 100% Landed Attempted
UFC Fight Night: Emmett vs. Vallejos,http://ufcstats.com/event-details/babc6b5745335f18,http://ufcstats.com/fight-details/c769dd861357af9f,Bolaji Oki | Manoel Sousa,4bdedbdeedff7d1d | 5870c541798124ae,Manoel Sousa,win,KO/TKO,3,4:12,Lightweight,"{""rows"": [{""Fighter"": [""Bolaji Oki"", ""Manoel Sousa""], ""KD"": [""0"", ""2""], ""Sig. str."": [""84 of 170"", ""71 of 179""], ""Sig. str. %"": [""49%"", ""39%""], ""Total str."": [""108 of 196"", ""86 of 196""], ""Td"": [""1 of 2"", ""0 of 3""], ""Td %"": [""50%"", ""0%""], ""Sub. att"": [""0"", ""1""], ""Rev."": [""0"", ""0""], ""Ctrl"": [""3:23"", ""1:09""]}], ""fighters"": [""Bolaji Oki"", ""Manoel Sousa""]}",Per round RD1 20 of 26 - 76% 10 of 21 - 47% RD2 32 of 72 - 44% 13 of 66 - 19% RD3 32 of 72 - 44% 48 of 92 - 52% Landed Attempted
UFC Fight Night: Emmett vs. Vallejos,http://ufcstats.com/event-details/babc6b5745335f18,http://ufcstats.com/fight-details/cff81d681a01ae18,Brad Tavares | Eryk Anders,0c6d9ea8306c029e | cad24459b28592ca,Eryk Anders,win,Decision - Unanimous,3,5:00,Middleweight,"{""rows"": [{""Fighter"": [""Brad Tavares"", ""Eryk Anders""], ""KD"": [""1"", ""0""], ""Sig. str."": [""48 of 86"", ""35 of 84""], ""Sig. str. %"": [""55%"", ""41%""], ""Total str."": [""55 of 95"", ""68 of 133""], ""Td"": [""0 of 1"", ""3 of 9""], ""Td %"": [""0%"", ""33%""], ""Sub. att"": [""0"", ""0""], ""Rev."": [""0"", ""1""], ""Ctrl"": [""0:29"", ""9:20""]}], ""fighters"": [""Brad Tavares"", ""Eryk Anders""]}",Per round RD1 18 of 35 - 51% 20 of 41 - 48% RD2 18 of 31 - 58% 11 of 31 - 35% RD3 12 of 20 - 60% 4 of 12 - 33% Landed Attempted
UFC Fight Night: Emmett vs. Vallejos,http://ufcstats.com/event-details/babc6b5745335f18,http://ufcstats.com/fight-details/8cab057e6549afd0,Bia Mesquita | Montse Rendon,eff9074bc066f0f2 | 60193e707634e560,Bia Mesquita,win,Submission,1,2:07,Women's Bantamweight,"{""rows"": [{""Fighter"": [""Bia Mesquita"", ""Montse Rendon""], ""KD"": [""0"", ""0""], ""Sig. str."": [""18 of 27"", ""0 of 8""], ""Sig. str. %"": [""66%"", ""0%""], ""Total str."": [""31 of 40"", ""0 of 8""], ""Td"": [""1 of 1"", ""0 of 0""], ""Td %"": [""100%"", ""---""], ""Sub. att"": [""1"", ""0""], ""Rev."": [""0"", ""0""], ""Ctrl"": [""1:46"", ""0:00""]}], ""fighters"": [""Bia Mesquita"", ""Montse Rendon""]}",Per round RD1 18 of 27 - 66% 0 of 8 - 0% Landed Attempted
UFC Fight Night: Emmett vs. Vallejos,http://ufcstats.com/event-details/babc6b5745335f18,http://ufcstats.com/fight-details/32d371462c539bee,Luan Lacerda | Hecher Sosa,6fc506e1099afe20 | ec3bd30378d63dd1,Hecher Sosa,win,Decision - Unanimous,3,5:00,Bantamweight,"{""rows"": [{""Fighter"": [""Luan Lacerda"", ""Hecher Sosa""], ""KD"": [""0"", ""0""], ""Sig. str."": [""62 of 168"", ""104 of 221""], ""Sig. str. %"": [""36%"", ""47%""], ""Total str."": [""72 of 182"", ""137 of 263""], ""Td"": [""4 of 11"", ""0 of 0""], ""Td %"": [""36%"", ""---""], ""Sub. att"": [""0"", ""0""], ""Rev."": [""0"", ""0""], ""Ctrl"": [""3:06"", ""0:34""]}], ""fighters"": [""Luan Lacerda"", ""Hecher Sosa""]}",Per round RD1 19 of 43 - 44% 22 of 50 - 44% RD2 23 of 64 - 35% 42 of 90 - 46% RD3 20 of 61 - 32% 40 of 81 - 49% Landed Attempted
UFC Fight Night: Emmett vs. Vallejos,http://ufcstats.com/event-details/babc6b5745335f18,http://ufcstats.com/fight-details/244285b7fd0ddece,Piera Rodriguez | Sam Hughes,e375cb5caf4717b6 | e94085e821bd81de,Piera Rodriguez,win,Decision - Unanimous,3,5:00,Women's Strawweight,"{""rows"": [{""Fighter"": [""Piera Rodriguez"", ""Sam Hughes""], ""KD"": [""0"", ""0""], ""Sig. str."": [""107 of 231"", ""77 of 144""], ""Sig. str. %"": [""46%"", ""53%""], ""Total str."": [""111 of 237"", ""91 of 160""], ""Td"": [""1 of 6"", ""0 of 7""], ""Td %"": [""16%"", ""0%""], ""Sub. att"": [""0"", ""0""], ""Rev."": [""0"", ""0""], ""Ctrl"": [""2:35"", ""0:22""]}], ""fighters"": [""Piera Rodriguez"", ""Sam Hughes""]}",Per round RD1 40 of 85 - 47% 33 of 43 - 76% RD2 30 of 63 - 47% 22 of 37 - 59% RD3 37 of 83 - 44% 22 of 64 - 34% Landed Attempted
UFC 326: Holloway vs. Oliveira 2,http://ufcstats.com/event-details/15ec018d144710db,http://ufcstats.com/fight-details/f030febede41c661,Max Holloway | Charles Oliveira,150ff4cc642270b9 | 07225ba28ae309b6,Charles Oliveira,win,Decision - Unanimous,5,5:00,Lightweight,"{""rows"": [{""Fighter"": [""Max Holloway"", ""Charles Oliveira""], ""KD"": [""0"", ""0""], ""Sig. str."": [""26 of 45"", ""50 of 66""], ""Sig. str. %"": [""57%"", ""75%""], ""Total str."": [""73 of 92"", ""110 of 137""], ""Td"": [""0 of 0"", ""5 of 13""], ""Td %"": [""---"", ""38%""], ""Sub. att"": [""0"", ""4""], ""Rev."": [""0"", ""0""], ""Ctrl"": [""1:36"", ""20:49""]}], ""fighters"": [""Max Holloway"", ""Charles Oliveira""]}",Per round RD1 8 of 13 - 61% 10 of 14 - 71% RD2 5 of 7 - 71% 13 of 15 - 86% RD3 2 of 5 - 40% 9 of 14 - 64% RD4 6 of 11 - 54% 9 of 11 - 81% RD5 5 of 9 - 55% 9 of 12 - 75% Landed Attempted
UFC 326: Holloway vs. Oliveira 2,http://ufcstats.com/event-details/15ec018d144710db,http://ufcstats.com/fight-details/d564db29997e1371,Caio Borralho | Reinier de Ridder,4126a78111c0855a | d549cefc7c54ab78,Caio Borralho,win,Decision - Unanimous,3,5:00,Middleweight,"{""rows"": [{""Fighter"": [""Caio Borralho"", ""Reinier de Ridder""], ""KD"": [""0"", ""0""], ""Sig. str."": [""57 of 98"", ""55 of 141""], ""Sig. str. %"": [""58%"", ""39%""], ""Total str."": [""71 of 112"", ""111 of 199""], ""Td"": [""1 of 1"", ""2 of 8""], ""Td %"": [""100%"", ""25%""], ""Sub. att"": [""0"", ""0""], ""Rev."": [""0"", ""0""], ""Ctrl"": [""2:52"", ""2:46""]}], ""fighters"": [""Caio Borralho"", ""Reinier de Ridder""]}",Per round RD1 24 of 42 - 57% 19 of 51 - 37% RD2 14 of 25 - 56% 17 of 43 - 39% RD3 19 of 31 - 61% 19 of 47 - 40% Landed Attempted
UFC 326: Holloway vs. Oliveira 2,http://ufcstats.com/event-details/15ec018d144710db,http://ufcstats.com/fight-details/bed89a91da9d04c1,Rob Font | Raul Rosas Jr.,05339613bf8e9808 | fe2babf95de24fb1,Raul Rosas Jr.,win,Decision - Unanimous,3,5:00,Bantamweight,"{""rows"": [{""Fighter"": [""Rob Font"", ""Raul Rosas Jr.""], ""KD"": [""0"", ""0""], ""Sig. str."": [""10 of 31"", ""8 of 33""], ""Sig. str. %"": [""32%"", ""24%""], ""Total str."": [""29 of 50"", ""47 of 75""], ""Td"": [""0 of 1"", ""16 of 18""], ""Td %"": [""0%"", ""88%""], ""Sub. att"": [""0"", ""0""], ""Rev."": [""1"", ""1""], ""Ctrl"": [""0:13"", ""10:05""]}], ""fighters"": [""Rob Font"", ""Raul Rosas Jr.""]}",Per round RD1 7 of 20 - 35% 5 of 22 - 22% RD2 0 of 2 - 0% 1 of 5 - 20% RD3 3 of 9 - 33% 2 of 6 - 33% Landed Attempted
UFC 326: Holloway vs. Oliveira 2,http://ufcstats.com/event-details/15ec018d144710db,http://ufcstats.com/fight-details/f02c0adc4ae629c6,Drew Dober | Michael Johnson,519e4fe37ce9ff75 | 511e82663651438d,Drew Dober,win,KO/TKO,2,1:53,Lightweight,"{""rows"": [{""Fighter"": [""Drew Dober"", ""Michael Johnson""], ""KD"": [""1"", ""0""], ""Sig. str."": [""22 of 55"", ""27 of 76""], ""Sig. str. %"": [""40%"", ""35%""], ""Total str."": [""22 of 55"", ""27 of 76""], ""Td"": [""0 of 0"", ""0 of 0""], ""Td %"": [""---"", ""---""], ""Sub. att"": [""0"", ""0""], ""Rev."": [""0"", ""0""], ""Ctrl"": [""0:00"", ""0:00""]}], ""fighters"": [""Drew Dober"", ""Michael Johnson""]}",Per round RD1 11 of 29 - 37% 18 of 51 - 35% RD2 11 of 26 - 42% 9 of 25 - 36% Landed Attempted
UFC 326: Holloway vs. Oliveira 2,http://ufcstats.com/event-details/15ec018d144710db,http://ufcstats.com/fight-details/6a4738656c493ee9,Gregory Rodrigues | Brunno Ferreira,d1c65d2cf2925ddd | 1e719d4b676dc19a,Gregory Rodrigues,win,KO/TKO,1,1:47,Middleweight,"{""rows"": [{""Fighter"": [""Gregory Rodrigues"", ""Brunno Ferreira""], ""KD"": [""1"", ""0""], ""Sig. str."": [""2 of 6"", ""2 of 5""], ""Sig. str. %"": [""33%"", ""40%""], ""Total str."": [""2 of 6"", ""2 of 5""], ""Td"": [""0 of 0"", ""0 of 0""], ""Td %"": [""---"", ""---""], ""Sub. att"": [""0"", ""0""], ""Rev."": [""0"", ""0""], ""Ctrl"": [""0:00"", ""0:00""]}], ""fighters"": [""Gregory Rodrigues"", ""Brunno Ferreira""]}",Per round RD1 2 of 6 - 33% 2 of 5 - 40% Landed Attempted
UFC 326: Holloway vs. Oliveira 2,http://ufcstats.com/event-details/15ec018d144710db,http://ufcstats.com/fight-details/ecd16d14a138d7fb,Cody Garbrandt | Xiao Long,d8c7c61b176e3994 | 86bace9e4ad85542,Cody Garbrandt,win,Decision - Unanimous,3,5:00,Bantamweight,"{""rows"": [{""Fighter"": [""Cody Garbrandt"", ""Xiao Long""], ""KD"": [""0"", ""0""], ""Sig. str."": [""28 of 54"", ""59 of 108""], ""Sig. str. %"": [""51%"", ""54%""], ""Total str."": [""28 of 54"", ""70 of 119""], ""Td"": [""0 of 8"", ""1 of 2""], ""Td %"": [""0%"", ""50%""], ""Sub. att"": [""0"", ""0""], ""Rev."": [""0"", ""0""], ""Ctrl"": [""0:53"", ""0:47""]}], ""fighters"": [""Cody Garbrandt"", ""Xiao Long""]}",Per round RD1 10 of 20 - 50% 20 of 31 - 64% RD2 7 of 15 - 46% 21 of 41 - 51% RD3 11 of 19 - 57% 18 of 36 - 50% Landed Attempted
UFC 326: Holloway vs. Oliveira 2,http://ufcstats.com/event-details/15ec018d144710db,http://ufcstats.com/fight-details/9c8d5dbd8905a715,Donte Johnson | Cody Brundage,ad5cb64af10fc946 | f14f644d41ade29f,Donte Johnson,win,Decision - Split,3,5:00,Middleweight,"{""rows"": [{""Fighter"": [""Donte Johnson"", ""Cody Brundage""], ""KD"": [""0"", ""0""], ""Sig. str."": [""45 of 106"", ""31 of 83""], ""Sig. str. %"": [""42%"", ""37%""], ""Total str."": [""84 of 146"", ""34 of 88""], ""Td"": [""0 of 0"", ""2 of 7""], ""Td %"": [""---"", ""28%""], ""Sub. att"": [""0"", ""0""], ""Rev."": [""1"", ""0""], ""Ctrl"": [""3:32"", ""4:22""]}], ""fighters"": [""Donte Johnson"", ""Cody Brundage""]}",Per round RD1 10 of 25 - 40% 5 of 20 - 25% RD2 13 of 30 - 43% 6 of 14 - 42% RD3 22 of 51 - 43% 20 of 49 - 40% Landed Attempted
UFC 326: Holloway vs. Oliveira 2,http://ufcstats.com/event-details/15ec018d144710db,http://ufcstats.com/fight-details/6feb49a6b7e8433c,Ricky Turcios | Alberto Montes,cd3d7e37ff2d679c | a112097ad877a48f,Alberto Montes,win,Submission,2,0:40,Featherweight,"{""rows"": [{""Fighter"": [""Ricky Turcios"", ""Alberto Montes""], ""KD"": [""0"", ""0""], ""Sig. str."": [""22 of 60"", ""32 of 58""], ""Sig. str. %"": [""36%"", ""55%""], ""Total str."": [""36 of 74"", ""39 of 65""], ""Td"": [""0 of 3"", ""0 of 0""], ""Td %"": [""0%"", ""---""], ""Sub. att"": [""0"", ""1""], ""Rev."": [""0"", ""0""], ""Ctrl"": [""1:54"", ""0:21""]}], ""fighters"": [""Ricky Turcios"", ""Alberto Montes""]}",Per round RD1 19 of 53 - 35% 26 of 47 - 55% RD2 3 of 7 - 42% 6 of 11 - 54% Landed Attempted
UFC 326: Holloway vs. Oliveira 2,http://ufcstats.com/event-details/15ec018d144710db,http://ufcstats.com/fight-details/f661ef429055f8c1,Cody Durden | Nyamjargal Tumendemberel,7f6ed67d3ed3c036 | 17cb6d8e8187f304,Nyamjargal Tumendemberel,win,Decision - Unanimous,3,5:00,Flyweight,"{""rows"": [{""Fighter"": [""Cody Durden"", ""Nyamjargal Tumendemberel""], ""KD"": [""0"", ""0""], ""Sig. str."": [""8 of 21"", ""25 of 42""], ""Sig. str. %"": [""38%"", ""59%""], ""Total str."": [""54 of 69"", ""43 of 60""], ""Td"": [""3 of 8"", ""4 of 4""], ""Td %"": [""37%"", ""100%""], ""Sub. att"": [""0"", ""1""], ""Rev."": [""3"", ""2""], ""Ctrl"": [""4:50"", ""6:52""]}], ""fighters"": [""Cody Durden"", ""Nyamjargal Tumendemberel""]}",Per round RD1 4 of 8 - 50% 9 of 13 - 69% RD2 4 of 11 - 36% 12 of 22 - 54% RD3 0 of 2 - 0% 4 of 7 - 57% Landed Attempted
UFC 326: Holloway vs. Oliveira 2,http://ufcstats.com/event-details/15ec018d144710db,http://ufcstats.com/fight-details/a22fd3735819d858,Sumudaerji | Jesus Aguilar,3cf18e01cb6cbde3 | c051c2e12d692b8a,Sumudaerji,win,Decision - Unanimous,3,5:00,Flyweight,"{""rows"": [{""Fighter"": [""Sumudaerji"", ""Jesus Aguilar""], ""KD"": [""0"", ""0""], ""Sig. str."": [""62 of 148"", ""31 of 106""], ""Sig. str. %"": [""41%"", ""29%""], ""Total str."": [""69 of 156"", ""42 of 120""], ""Td"": [""4 of 5"", ""1 of 5""], ""Td %"": [""80%"", ""20%""], ""Sub. att"": [""0"", ""0""], ""Rev."": [""0"", ""0""], ""Ctrl"": [""2:36"", ""2:05""]}], ""fighters"": [""Sumudaerji"", ""Jesus Aguilar""]}",Per round RD1 16 of 44 - 36% 13 of 35 - 37% RD2 17 of 47 - 36% 6 of 27 - 22% RD3 29 of 57 - 50% 12 of 44 - 27% Landed Attempted
UFC 326: Holloway vs. Oliveira 2,http://ufcstats.com/event-details/15ec018d144710db,http://ufcstats.com/fight-details/cc03e698c4b7da52,Rafael Tobias | Diyar Nurgozhay,d6a8edb7410223a0 | 709fadb644ee3f51,Diyar Nurgozhay,win,Decision - Unanimous,3,5:00,Light Heavyweight,"{""rows"": [{""Fighter"": [""Rafael Tobias"", ""Diyar Nurgozhay""], ""KD"": [""0"", ""0""], ""Sig. str."": [""39 of 101"", ""94 of 143""], ""Sig. str. %"": [""38%"", ""65%""], ""Total str."": [""52 of 114"", ""100 of 150""], ""Td"": [""2 of 8"", ""0 of 1""], ""Td %"": [""25%"", ""0%""], ""Sub. att"": [""1"", ""0""], ""Rev."": [""0"", ""1""], ""Ctrl"": [""2:31"", ""1:28""]}], ""fighters"": [""Rafael Tobias"", ""Diyar Nurgozhay""]}",Per round RD1 10 of 38 - 26% 36 of 57 - 63% RD2 16 of 34 - 47% 27 of 46 - 58% RD3 13 of 29 - 44% 31 of 40 - 77% Landed Attempted
UFC 326: Holloway vs. Oliveira 2,http://ufcstats.com/event-details/15ec018d144710db,http://ufcstats.com/fight-details/a5abdc461cb1538e,Luke Fernandez | Rodolfo Bellato,d62e280d0f7b6d6f | 69898645d600abdb,Rodolfo Bellato,win,KO/TKO,1,2:42,Light Heavyweight,"{""rows"": [{""Fighter"": [""Luke Fernandez"", ""Rodolfo Bellato""], ""KD"": [""0"", ""1""], ""Sig. str."": [""16 of 33"", ""30 of 46""], ""Sig. str. %"": [""48%"", ""65%""], ""Total str."": [""26 of 43"", ""32 of 48""], ""Td"": [""0 of 0"", ""0 of 0""], ""Td %"": [""---"", ""---""], ""Sub. att"": [""0"", ""0""], ""Rev."": [""0"", ""0""], ""Ctrl"": [""0:22"", ""0:11""]}], ""fighters"": [""Luke Fernandez"", ""Rodolfo Bellato""]}",Per round RD1 16 of 33 - 48% 30 of 46 - 65% Landed Attempted
UFC Fight Night: Moreno vs. Kavanagh,http://ufcstats.com/event-details/0cfbbfa0ba6d9855,http://ufcstats.com/fight-details/1330b5c21269fe92,Brandon Moreno | Lone'er Kavanagh,792be9a24df82ed6 | bb2c3c3a466224af,Lone'er Kavanagh,win,Decision - Unanimous,5,5:00,Flyweight,"{""rows"": [{""Fighter"": [""Brandon Moreno"", ""Lone'er Kavanagh""], ""KD"": [""0"", ""0""], ""Sig. str."": [""79 of 168"", ""97 of 205""], ""Sig. str. %"": [""47%"", ""47%""], ""Total str."": [""134 of 229"", ""136 of 245""], ""Td"": [""0 of 8"", ""0 of 1""], ""Td %"": [""0%"", ""0%""], ""Sub. att"": [""0"", ""0""], ""Rev."": [""0"", ""0""], ""Ctrl"": [""7:20"", ""0:00""]}], ""fighters"": [""Brandon Moreno"", ""Lone'er Kavanagh""]}",Per round RD1 19 of 40 - 47% 18 of 45 - 40% RD2 24 of 54 - 44% 42 of 83 - 50% RD3 16 of 40 - 40% 17 of 44 - 38% RD4 9 of 15 - 60% 8 of 14 - 57% RD5 11 of 19 - 57% 12 of 19 - 63% Landed Attempted
UFC Fight Night: Moreno vs. Kavanagh,http://ufcstats.com/event-details/0cfbbfa0ba6d9855,http://ufcstats.com/fight-details/36d12b31957e94db,Marlon Vera | David Martinez,7c7332319c14094c | 9a97acbfd5a08bfa,David Martinez,win,Decision - Unanimous,3,5:00,Bantamweight,"{""rows"": [{""Fighter"": [""Marlon Vera"", ""David Martinez""], ""KD"": [""0"", ""0""], ""Sig. str."": [""42 of 145"", ""71 of 155""], ""Sig. str. %"": [""28%"", ""45%""], ""Total str."": [""52 of 156"", ""86 of 173""], ""Td"": [""0 of 0"", ""2 of 4""], ""Td %"": [""---"", ""50%""], ""Sub. att"": [""0"", ""0""], ""Rev."": [""0"", ""0""], ""Ctrl"": [""0:04"", ""1:43""]}], ""fighters"": [""Marlon Vera"", ""David Martinez""]}",Per round RD1 5 of 39 - 12% 19 of 41 - 46% RD2 13 of 40 - 32% 21 of 43 - 48% RD3 24 of 66 - 36% 31 of 71 - 43% Landed Attempted
UFC Fight Night: Moreno vs. Kavanagh,http://ufcstats.com/event-details/0cfbbfa0ba6d9855,http://ufcstats.com/fight-details/81f3d28d30d17378,Daniel Zellhuber | King Green,4148802ae4a50768 | 887961364be5ceb3,King Green,win,KO/TKO,2,4:55,Lightweight,"{""rows"": [{""Fighter"": [""Daniel Zellhuber"", ""King Green""], ""KD"": [""0"", ""1""], ""Sig. str."": [""17 of 78"", ""86 of 134""], ""Sig. str. %"": [""21%"", ""64%""], ""Total str."": [""17 of 78"", ""100 of 148""], ""Td"": [""0 of 0"", ""3 of 3""], ""Td %"": [""---"", ""100%""], ""Sub. att"": [""1"", ""0""], ""Rev."": [""0"", ""0""], ""Ctrl"": [""0:00"", ""2:05""]}], ""fighters"": [""Daniel Zellhuber"", ""King Green""]}",Per round RD1 11 of 46 - 23% 41 of 64 - 64% RD2 6 of 32 - 18% 45 of 70 - 64% Landed Attempted
UFC Fight Night: Moreno vs. Kavanagh,http://ufcstats.com/event-details/0cfbbfa0ba6d9855,http://ufcstats.com/fight-details/7df505d8260ba680,Edgar Chairez | Felipe Bunes,5ef94841c4bc3f86 | 53c10176e3bc7416,Edgar Chairez,win,Decision - Split,3,5:00,Flyweight,"{""rows"": [{""Fighter"": [""Edgar Chairez"", ""Felipe Bunes""], ""KD"": [""0"", ""0""], ""Sig. str."": [""66 of 136"", ""54 of 132""], ""Sig. str. %"": [""48%"", ""40%""], ""Total str."": [""69 of 139"", ""113 of 202""], ""Td"": [""0 of 0"", ""1 of 3""], ""Td %"": [""---"", ""33%""], ""Sub. att"": [""0"", ""0""], ""Rev."": [""0"", ""0""], ""Ctrl"": [""0:00"", ""3:50""]}], ""fighters"": [""Edgar Chairez"", ""Felipe Bunes""]}",Per round RD1 4 of 9 - 44% 5 of 13 - 38% RD2 21 of 52 - 40% 20 of 53 - 37% RD3 41 of 75 - 54% 29 of 66 - 43% Landed Attempted
UFC Fight Night: Moreno vs. Kavanagh,http://ufcstats.com/event-details/0cfbbfa0ba6d9855,http://ufcstats.com/fight-details/15068d7b095ca9bd,Imanol Rodriguez | Kevin Borjas,6e8349a0a0476d60 | 34b96d52db1d26e6,Imanol Rodriguez,win,KO/TKO,2,4:21,Flyweight,"{""rows"": [{""Fighter"": [""Imanol Rodriguez"", ""Kevin Borjas""], ""KD"": [""1"", ""2""], ""Sig. str."": [""46 of 84"", ""22 of 52""], ""Sig. str. %"": [""54%"", ""42%""], ""Total str."": [""55 of 93"", ""24 of 54""], ""Td"": [""1 of 3"", ""0 of 0""], ""Td %"": [""33%"", ""---""], ""Sub. att"": [""0"", ""0""], ""Rev."": [""0"", ""0""], ""Ctrl"": [""3:33"", ""0:00""]}], ""fighters"": [""Imanol Rodriguez"", ""Kevin Borjas""]}",Per round RD1 12 of 22 - 54% 12 of 23 - 52% RD2 34 of 62 - 54% 10 of 29 - 34% Landed Attempted
UFC Fight Night: Moreno vs. Kavanagh,http://ufcstats.com/event-details/0cfbbfa0ba6d9855,http://ufcstats.com/fight-details/3b76a00f5d0400eb,Santiago Luna | Angel Pacheco,faf317c665546a36 | 07797f10b9569cfc,Santiago Luna,win,Decision - Unanimous,3,5:00,Bantamweight,"{""rows"": [{""Fighter"": [""Santiago Luna"", ""Angel Pacheco""], ""KD"": [""0"", ""0""], ""Sig. str."": [""131 of 227"", ""56 of 216""], ""Sig. str. %"": [""57%"", ""25%""], ""Total str."": [""155 of 257"", ""77 of 238""], ""Td"": [""5 of 5"", ""1 of 1""], ""Td %"": [""100%"", ""100%""], ""Sub. att"": [""1"", ""0""], ""Rev."": [""0"", ""0""], ""Ctrl"": [""3:23"", ""0:43""]}], ""fighters"": [""Santiago Luna"", ""Angel Pacheco""]}",Per round RD1 26 of 56 - 46% 25 of 74 - 33% RD2 56 of 92 - 60% 14 of 68 - 20% RD3 49 of 79 - 62% 17 of 74 - 22% Landed Attempted
UFC Fight Night: Moreno vs. Kavanagh,http://ufcstats.com/event-details/0cfbbfa0ba6d9855,http://ufcstats.com/fight-details/45ec0c5f19c9adbe,Ryan Gandra | Jose Daniel Medina,e463ce0a2ca474f4 | baa9be02c3e3e038,Ryan Gandra,win,KO/TKO,1,0:41,Middleweight,"{""rows"": [{""Fighter"": [""Ryan Gandra"", ""Jose Daniel Medina""], ""KD"": [""1"", ""0""], ""Sig. str."": [""14 of 29"", ""0 of 3""], ""Sig. str. %"": [""48%"", ""0%""], ""Total str."": [""14 of 29"", ""0 of 3""], ""Td"": [""0 of 0"", ""0 of 0""], ""Td %"": [""---"", ""---""], ""Sub. att"": [""0"", ""0""], ""Rev."": [""0"", ""0""], ""Ctrl"": [""0:00"", ""0:00""]}], ""fighters"": [""Ryan Gandra"", ""Jose Daniel Medina""]}",Per round RD1 14 of 29 - 48% 0 of 3 - 0% Landed Attempted
UFC Fight Night: Moreno vs. Kavanagh,http://ufcstats.com/event-details/0cfbbfa0ba6d9855,http://ufcstats.com/fight-details/c40b934d2666e351,Ailin Perez | Macy Chiasson,06e4245d16fc5315 | 9cdd2da1a9104a0b,Ailin Perez,win,Decision - Unanimous,3,5:00,Women's Bantamweight,"{""rows"": [{""Fighter"": [""Ailin Perez"", ""Macy Chiasson""], ""KD"": [""0"", ""0""], ""Sig. str."": [""27 of 38"", ""8 of 23""], ""Sig. str. %"": [""71%"", ""34%""], ""Total str."": [""68 of 83"", ""41 of 74""], ""Td"": [""6 of 10"", ""0 of 2""], ""Td %"": [""60%"", ""0%""], ""Sub. att"": [""0"", ""0""], ""Rev."": [""0"", ""2""], ""Ctrl"": [""7:36"", ""3:51""]}], ""fighters"": [""Ailin Perez"", ""Macy Chiasson""]}",Per round RD1 6 of 7 - 85% 4 of 5 - 80% RD2 13 of 20 - 65% 1 of 14 - 7% RD3 8 of 11 - 72% 3 of 4 - 75% Landed Attempted
UFC Fight Night: Moreno vs. Kavanagh,http://ufcstats.com/event-details/0cfbbfa0ba6d9855,http://ufcstats.com/fight-details/25ab195cefbce1d0,Cristian Quinonez | Kris Moutinho,7debc13b36343605 | 9c27f3217891f3f0,Cristian Quinonez,win,Decision - Unanimous,3,5:00,Bantamweight,"{""rows"": [{""Fighter"": [""Cristian Quinonez"", ""Kris Moutinho""], ""KD"": [""0"", ""0""], ""Sig. str."": [""38 of 61"", ""28 of 71""], ""Sig. str. %"": [""62%"", ""39%""], ""Total str."": [""54 of 80"", ""32 of 75""], ""Td"": [""7 of 10"", ""0 of 2""], ""Td %"": [""70%"", ""0%""], ""Sub. att"": [""2"", ""0""], ""Rev."": [""0"", ""0""], ""Ctrl"": [""7:06"", ""0:31""]}], ""fighters"": [""Cristian Quinonez"", ""Kris Moutinho""]}",Per round RD1 23 of 37 - 62% 16 of 39 - 41% RD2 8 of 11 - 72% 7 of 14 - 50% RD3 7 of 13 - 53% 5 of 18 - 27% Landed Attempted
UFC Fight Night: Moreno vs. Kavanagh,http://ufcstats.com/event-details/0cfbbfa0ba6d9855,http://ufcstats.com/fight-details/6154ee95d3f4fc32,Douglas Silva de Andrade | Javier Reyes,3a314d9fa7c6825d | 4a574b8512fc1b30,Javier Reyes,win,KO/TKO,1,4:59,Featherweight,"{""rows"": [{""Fighter"": [""Douglas Silva de Andrade"", ""Javier Reyes""], ""KD"": [""0"", ""1""], ""Sig. str."": [""17 of 27"", ""46 of 75""], ""Sig. str. %"": [""62%"", ""61%""], ""Total str."": [""19 of 29"", ""87 of 125""], ""Td"": [""0 of 0"", ""1 of 2""], ""Td %"": [""---"", ""50%""], ""Sub. att"": [""0"", ""0""], ""Rev."": [""0"", ""0""], ""Ctrl"": [""0:04"", ""1:57""]}], ""fighters"": [""Douglas Silva de Andrade"", ""Javier Reyes""]}",Per round RD1 17 of 27 - 62% 46 of 75 - 61% Landed Attempted
UFC Fight Night: Moreno vs. Kavanagh,http://ufcstats.com/event-details/0cfbbfa0ba6d9855,http://ufcstats.com/fight-details/44d58943ac8e47e1,Regina Tarin | Ernesta Kareckaite,9f5609dba6584ab2 | e4faa79383c9f214,Regina Tarin,win,Decision - Unanimous,3,5:00,Catch Weight,"{""rows"": [{""Fighter"": [""Regina Tarin"", ""Ernesta Kareckaite""], ""KD"": [""0"", ""0""], ""Sig. str."": [""114 of 239"", ""105 of 249""], ""Sig. str. %"": [""47%"", ""42%""], ""Total str."": [""125 of 250"", ""127 of 279""], ""Td"": [""1 of 3"", ""1 of 2""], ""Td %"": [""33%"", ""50%""], ""Sub. att"": [""0"", ""0""], ""Rev."": [""0"", ""0""], ""Ctrl"": [""1:02"", ""1:17""]}], ""fighters"": [""Regina Tarin"", ""Ernesta Kareckaite""]}",Per round RD1 37 of 79 - 46% 33 of 82 - 40% RD2 31 of 68 - 45% 32 of 70 - 45% RD3 46 of 92 - 50% 40 of 97 - 41% Landed Attempted
UFC Fight Night: Moreno vs. Kavanagh,http://ufcstats.com/event-details/0cfbbfa0ba6d9855,http://ufcstats.com/fight-details/581292ffe5b09344,Erik Silva | Francis Marshall,21b813b919776d90 | 5d495dec23d7c68e,Francis Marshall,win,Submission,1,2:29,Featherweight,"{""rows"": [{""Fighter"": [""Erik Silva"", ""Francis Marshall""], ""KD"": [""0"", ""0""], ""Sig. str."": [""5 of 9"", ""3 of 5""], ""Sig. str. %"": [""55%"", ""60%""], ""Total str."": [""5 of 9"", ""10 of 13""], ""Td"": [""0 of 0"", ""1 of 2""], ""Td %"": [""---"", ""50%""], ""Sub. att"": [""0"", ""1""], ""Rev."": [""0"", ""0""], ""Ctrl"": [""0:00"", ""1:42""]}], ""fighters"": [""Erik Silva"", ""Francis Marshall""]}",Per round RD1 5 of 9 - 55% 3 of 5 - 60% Landed Attempted
UFC Fight Night: Moreno vs. Kavanagh,http://ufcstats.com/event-details/0cfbbfa0ba6d9855,http://ufcstats.com/fight-details/c6a85b67fdd2ef3d,Damian Pinas | Wes Schultz,fdd22e895a70e4a8 | b4443fae47e7eb9d,Damian Pinas,win,KO/TKO,1,2:30,Middleweight,"{""rows"": [{""Fighter"": [""Damian Pinas"", ""Wes Schultz""], ""KD"": [""2"", ""0""], ""Sig. str."": [""15 of 23"", ""3 of 13""], ""Sig. str. %"": [""65%"", ""23%""], ""Total str."": [""22 of 30"", ""5 of 16""], ""Td"": [""0 of 0"", ""0 of 6""], ""Td %"": [""---"", ""0%""], ""Sub. att"": [""0"", ""0""], ""Rev."": [""0"", ""0""], ""Ctrl"": [""0:49"", ""0:28""]}], ""fighters"": [""Damian Pinas"", ""Wes Schultz""]}",Per round RD1 15 of 23 - 65% 3 of 13 - 23% Landed Attempted
UFC Fight Night: Strickland vs. Hernandez,http://ufcstats.com/event-details/79ab17db3b40831a,http://ufcstats.com/fight-details/8d740c844353ae0e,Sean Strickland | Anthony Hernandez,0d8011111be000b2 | 093e1f5bb73850be,Sean Strickland,win,KO/TKO,3,2:23,Middleweight,"{""rows"": [{""Fighter"": [""Sean Strickland"", ""Anthony Hernandez""], ""KD"": [""1"", ""0""], ""Sig. str."": [""110 of 241"", ""55 of 122""], ""Sig. str. %"": [""45%"", ""45%""], ""Total str."": [""111 of 242"", ""57 of 124""], ""Td"": [""0 of 0"", ""0 of 1""], ""Td %"": [""---"", ""0%""], ""Sub. att"": [""0"", ""0""], ""Rev."": [""0"", ""0""], ""Ctrl"": [""0:18"", ""0:32""]}], ""fighters"": [""Sean Strickland"", ""Anthony Hernandez""]}",Per round RD1 32 of 90 - 35% 23 of 48 - 47% RD2 37 of 79 - 46% 23 of 47 - 48% RD3 41 of 72 - 56% 9 of 27 - 33% Landed Attempted
UFC Fight Night: Strickland vs. Hernandez,http://ufcstats.com/event-details/79ab17db3b40831a,http://ufcstats.com/fight-details/dd12bf51c5ed7f1e,Geoff Neal | Uros Medic,b997be68943010fc | 681399317dbf4701,Uros Medic,win,KO/TKO,1,1:19,Welterweight,"{""rows"": [{""Fighter"": [""Geoff Neal"", ""Uros Medic""], ""KD"": [""0"", ""1""], ""Sig. str."": [""3 of 10"", ""10 of 19""], ""Sig. str. %"": [""30%"", ""52%""], ""Total str."": [""3 of 10"", ""10 of 19""], ""Td"": [""0 of 0"", ""0 of 0""], ""Td %"": [""---"", ""---""], ""Sub. att"": [""0"", ""0""], ""Rev."": [""0"", ""0""], ""Ctrl"": [""0:00"", ""0:00""]}], ""fighters"": [""Geoff Neal"", ""Uros Medic""]}",Per round RD1 3 of 10 - 30% 10 of 19 - 52% Landed Attempted
UFC Fight Night: Strickland vs. Hernandez,http://ufcstats.com/event-details/79ab17db3b40831a,http://ufcstats.com/fight-details/dc6f6c8228390ebb,Dan Ige | Melquizael Costa,82a5152216251682 | 20bccc9bb4ceb23e,Melquizael Costa,win,KO/TKO,1,4:56,Featherweight,"{""rows"": [{""Fighter"": [""Dan Ige"", ""Melquizael Costa""], ""KD"": [""0"", ""1""], ""Sig. str."": [""7 of 11"", ""19 of 40""], ""Sig. str. %"": [""63%"", ""47%""], ""Total str."": [""12 of 16"", ""26 of 48""], ""Td"": [""1 of 3"", ""1 of 1""], ""Td %"": [""33%"", ""100%""], ""Sub. att"": [""0"", ""0""], ""Rev."": [""0"", ""0""], ""Ctrl"": [""1:31"", ""0:32""]}], ""fighters"": [""Dan Ige"", ""Melquizael Costa""]}",Per round RD1 7 of 11 - 63% 19 of 40 - 47% Landed Attempted
UFC Fight Night: Strickland vs. Hernandez,http://ufcstats.com/event-details/79ab17db3b40831a,http://ufcstats.com/fight-details/04b7bcc0e8488604,Serghei Spivac | Ante Delija,e2f6b2769aaedd6c | 7d8435c56043b0ae,Serghei Spivac,win,Decision - Unanimous,3,5:00,Heavyweight,"{""rows"": [{""Fighter"": [""Serghei Spivac"", ""Ante Delija""], ""KD"": [""0"", ""0""], ""Sig. str."": [""67 of 149"", ""61 of 172""], ""Sig. str. %"": [""44%"", ""35%""], ""Total str."": [""102 of 185"", ""61 of 173""], ""Td"": [""1 of 4"", ""0 of 0""], ""Td %"": [""25%"", ""---""], ""Sub. att"": [""0"", ""0""], ""Rev."": [""0"", ""0""], ""Ctrl"": [""3:00"", ""0:12""]}], ""fighters"": [""Serghei Spivac"", ""Ante Delija""]}",Per round RD1 20 of 46 - 43% 19 of 58 - 32% RD2 20 of 41 - 48% 26 of 63 - 41% RD3 27 of 62 - 43% 16 of 51 - 31% Landed Attempted
UFC Fight Night: Strickland vs. Hernandez,http://ufcstats.com/event-details/79ab17db3b40831a,http://ufcstats.com/fight-details/54437b8dba3a6110,Jacobe Smith | Josiah Harrell,85497ffd934ecf7e | e5864a42c80294f6,Jacobe Smith,win,KO/TKO,1,3:01,Welterweight,"{""rows"": [{""Fighter"": [""Jacobe Smith"", ""Josiah Harrell""], ""KD"": [""0"", ""0""], ""Sig. str."": [""33 of 47"", ""7 of 14""], ""Sig. str. %"": [""70%"", ""50%""], ""Total str."": [""37 of 51"", ""7 of 14""], ""Td"": [""2 of 2"", ""0 of 2""], ""Td %"": [""100%"", ""0%""], ""Sub. att"": [""0"", ""0""], ""Rev."": [""0"", ""0""], ""Ctrl"": [""0:21"", ""0:01""]}], ""fighters"": [""Jacobe Smith"", ""Josiah Harrell""]}",Per round RD1 33 of 47 - 70% 7 of 14 - 50% Landed Attempted
UFC Fight Night: Strickland vs. Hernandez,http://ufcstats.com/event-details/79ab17db3b40831a,http://ufcstats.com/fight-details/372d1dee0db8dbee,Zach Reese | Michel Pereira,23dec7c47cb418f8 | 595db60957de51d3,Michel Pereira,win,Decision - Split,3,5:00,Middleweight,"{""rows"": [{""Fighter"": [""Zach Reese"", ""Michel Pereira""], ""KD"": [""0"", ""0""], ""Sig. str."": [""74 of 148"", ""63 of 132""], ""Sig. str. %"": [""50%"", ""47%""], ""Total str."": [""81 of 160"", ""70 of 139""], ""Td"": [""1 of 3"", ""2 of 2""], ""Td %"": [""33%"", ""100%""], ""Sub. att"": [""1"", ""0""], ""Rev."": [""0"", ""0""], ""Ctrl"": [""0:47"", ""0:48""]}], ""fighters"": [""Zach Reese"", ""Michel Pereira""]}",Per round RD1 23 of 51 - 45% 18 of 40 - 45% RD2 24 of 44 - 54% 22 of 42 - 52% RD3 27 of 53 - 50% 23 of 50 - 46% Landed Attempted
UFC Fight Night: Strickland vs. Hernandez,http://ufcstats.com/event-details/79ab17db3b40831a,http://ufcstats.com/fight-details/202d3277e569ad03,Chidi Njokuani | Carlos Leal,c68c68efaa5ca6ef | 28d421729451c8ca,Carlos Leal,win,Decision - Unanimous,3,5:00,Welterweight,"{""rows"": [{""Fighter"": [""Chidi Njokuani"", ""Carlos Leal""], ""KD"": [""0"", ""0""], ""Sig. str."": [""120 of 205"", ""115 of 276""], ""Sig. str. %"": [""58%"", ""41%""], ""Total str."": [""124 of 210"", ""126 of 287""], ""Td"": [""0 of 2"", ""0 of 5""], ""Td %"": [""0%"", ""0%""], ""Sub. att"": [""0"", ""0""], ""Rev."": [""0"", ""0""], ""Ctrl"": [""0:06"", ""2:20""]}], ""fighters"": [""Chidi Njokuani"", ""Carlos Leal""]}",Per round RD1 46 of 70 - 65% 60 of 131 - 45% RD2 22 of 35 - 62% 5 of 20 - 25% RD3 52 of 100 - 52% 50 of 125 - 40% Landed Attempted
UFC Fight Night: Strickland vs. Hernandez,http://ufcstats.com/event-details/79ab17db3b40831a,http://ufcstats.com/fight-details/7ffdaa44fc8d111b,Ode Osbourne | Alibi Idiris,6d68c1afe954f121 | 30cad5a751adcb48,,nc nc,Overturned,3,5:00,Flyweight,"{""rows"": [{""Fighter"": [""Ode Osbourne"", ""Alibi Idiris""], ""KD"": [""0"", ""0""], ""Sig. str."": [""32 of 90"", ""30 of 75""], ""Sig. str. %"": [""35%"", ""40%""], ""Total str."": [""48 of 107"", ""62 of 117""], ""Td"": [""0 of 1"", ""5 of 15""], ""Td %"": [""0%"", ""33%""], ""Sub. att"": [""0"", ""0""], ""Rev."": [""1"", ""0""], ""Ctrl"": [""0:58"", ""6:10""]}], ""fighters"": [""Ode Osbourne"", ""Alibi Idiris""]}",Per round RD1 8 of 26 - 30% 12 of 30 - 40% RD2 14 of 33 - 42% 7 of 23 - 30% RD3 10 of 31 - 32% 11 of 22 - 50% Landed Attempted
UFC Fight Night: Strickland vs. Hernandez,http://ufcstats.com/event-details/79ab17db3b40831a,http://ufcstats.com/fight-details/ac39c1f00ae31e58,Alden Coria | Luis Gurule,5e9ca8dd7d783a75 | 29162be25ebef5f0,Alden Coria,win,Decision - Unanimous,3,5:00,Flyweight,"{""rows"": [{""Fighter"": [""Alden Coria"", ""Luis Gurule""], ""KD"": [""0"", ""0""], ""Sig. str."": [""79 of 175"", ""50 of 150""], ""Sig. str. %"": [""45%"", ""33%""], ""Total str."": [""96 of 193"", ""59 of 169""], ""Td"": [""1 of 4"", ""1 of 3""], ""Td %"": [""25%"", ""33%""], ""Sub. att"": [""0"", ""0""], ""Rev."": [""1"", ""0""], ""Ctrl"": [""1:42"", ""1:21""]}], ""fighters"": [""Alden Coria"", ""Luis Gurule""]}",Per round RD1 24 of 51 - 47% 11 of 33 - 33% RD2 22 of 51 - 43% 12 of 38 - 31% RD3 33 of 73 - 45% 27 of 79 - 34% Landed Attempted
UFC Fight Night: Strickland vs. Hernandez,http://ufcstats.com/event-details/79ab17db3b40831a,http://ufcstats.com/fight-details/fd56a469e4589ebc,Nora Cornolle | Joselyne Edwards,f2b3f4ef3f780168 | f9ab66e67240db7b,Joselyne Edwards,win,Submission,2,2:44,Women's Bantamweight,"{""rows"": [{""Fighter"": [""Nora Cornolle"", ""Joselyne Edwards""], ""KD"": [""0"", ""0""], ""Sig. str."": [""20 of 35"", ""19 of 30""], ""Sig. str. %"": [""57%"", ""63%""], ""Total str."": [""37 of 58"", ""44 of 63""], ""Td"": [""0 of 0"", ""2 of 4""], ""Td %"": [""---"", ""50%""], ""Sub. att"": [""0"", ""1""], ""Rev."": [""0"", ""0""], ""Ctrl"": [""0:23"", ""4:33""]}], ""fighters"": [""Nora Cornolle"", ""Joselyne Edwards""]}",Per round RD1 16 of 29 - 55% 5 of 13 - 38% RD2 4 of 6 - 66% 14 of 17 - 82% Landed Attempted
UFC Fight Night: Strickland vs. Hernandez,http://ufcstats.com/event-details/79ab17db3b40831a,http://ufcstats.com/fight-details/8f9896e60047007f,Ramiz Brahimaj | Punahele Soriano,3d074044a33825e7 | 64facb6cc564262d,Punahele Soriano,win,Decision - Unanimous,3,5:00,Welterweight,"{""rows"": [{""Fighter"": [""Ramiz Brahimaj"", ""Punahele Soriano""], ""KD"": [""0"", ""0""], ""Sig. str."": [""38 of 67"", ""40 of 92""], ""Sig. str. %"": [""56%"", ""43%""], ""Total str."": [""43 of 73"", ""66 of 123""], ""Td"": [""3 of 11"", ""3 of 4""], ""Td %"": [""27%"", ""75%""], ""Sub. att"": [""0"", ""0""], ""Rev."": [""0"", ""0""], ""Ctrl"": [""3:48"", ""5:00""]}], ""fighters"": [""Ramiz Brahimaj"", ""Punahele Soriano""]}",Per round RD1 31 of 56 - 55% 17 of 52 - 32% RD2 5 of 7 - 71% 7 of 12 - 58% RD3 2 of 4 - 50% 16 of 28 - 57% Landed Attempted
UFC Fight Night: Strickland vs. Hernandez,http://ufcstats.com/event-details/79ab17db3b40831a,http://ufcstats.com/fight-details/508e622130b0a84d,Phil Rowe | Jean-Paul Lebosnoyani,8e382b585a92affe | a3dda21be645be93,Jean-Paul Lebosnoyani,win,Decision - Split,3,5:00,Welterweight,"{""rows"": [{""Fighter"": [""Phil Rowe"", ""Jean-Paul Lebosnoyani""], ""KD"": [""0"", ""0""], ""Sig. str."": [""54 of 111"", ""66 of 111""], ""Sig. str. %"": [""48%"", ""59%""], ""Total str."": [""59 of 117"", ""84 of 136""], ""Td"": [""0 of 0"", ""3 of 9""], ""Td %"": [""---"", ""33%""], ""Sub. att"": [""0"", ""2""], ""Rev."": [""0"", ""0""], ""Ctrl"": [""0:15"", ""5:17""]}], ""fighters"": [""Phil Rowe"", ""Jean-Paul Lebosnoyani""]}",Per round RD1 14 of 26 - 53% 32 of 38 - 84% RD2 16 of 31 - 51% 19 of 32 - 59% RD3 24 of 54 - 44% 15 of 41 - 36% Landed Attempted
UFC Fight Night: Strickland vs. Hernandez,http://ufcstats.com/event-details/79ab17db3b40831a,http://ufcstats.com/fight-details/5b97f47cdd355cbe,Jordan Leavitt | Yadier del Valle,ac026518a9b4dc0f | 70380ccdc81915b8,Jordan Leavitt,win,Decision - Unanimous,3,5:00,Featherweight,"{""rows"": [{""Fighter"": [""Jordan Leavitt"", ""Yadier del Valle""], ""KD"": [""0"", ""0""], ""Sig. str."": [""17 of 45"", ""13 of 42""], ""Sig. str. %"": [""37%"", ""30%""], ""Total str."": [""45 of 86"", ""76 of 112""], ""Td"": [""4 of 8"", ""0 of 0""], ""Td %"": [""50%"", ""---""], ""Sub. att"": [""0"", ""0""], ""Rev."": [""0"", ""0""], ""Ctrl"": [""7:57"", ""2:17""]}], ""fighters"": [""Jordan Leavitt"", ""Yadier del Valle""]}",Per round RD1 7 of 14 - 50% 3 of 7 - 42% RD2 7 of 19 - 36% 5 of 17 - 29% RD3 3 of 12 - 25% 5 of 18 - 27% Landed Attempted
UFC Fight Night: Strickland vs. Hernandez,http://ufcstats.com/event-details/79ab17db3b40831a,http://ufcstats.com/fight-details/6e78d874097a3d22,Juliana Miller | Carli Judice,aa0c573da7119292 | f1ab6f37492c630a,Carli Judice,win,Decision - Unanimous,3,5:00,Women's Flyweight,"{""rows"": [{""Fighter"": [""Juliana Miller"", ""Carli Judice""], ""KD"": [""0"", ""0""], ""Sig. str."": [""36 of 122"", ""79 of 185""], ""Sig. str. %"": [""29%"", ""42%""], ""Total str."": [""46 of 138"", ""104 of 214""], ""Td"": [""2 of 13"", ""0 of 0""], ""Td %"": [""15%"", ""---""], ""Sub. att"": [""1"", ""0""], ""Rev."": [""0"", ""0""], ""Ctrl"": [""3:38"", ""1:07""]}], ""fighters"": [""Juliana Miller"", ""Carli Judice""]}",Per round RD1 10 of 25 - 40% 18 of 40 - 45% RD2 17 of 58 - 29% 35 of 89 - 39% RD3 9 of 39 - 23% 26 of 56 - 46% Landed Attempted
UFC Fight Night: Bautista vs. Oliveira,http://ufcstats.com/event-details/c337c3c85b1871e0,http://ufcstats.com/fight-details/fb4b1754d510b0d0,Mario Bautista | Vinicius Oliveira,bc711b6dd95c1af6 | 18d01f7f8338ae72,Mario Bautista,win,Submission,2,4:46,Bantamweight,"{""rows"": [{""Fighter"": [""Mario Bautista"", ""Vinicius Oliveira""], ""KD"": [""0"", ""0""], ""Sig. str."": [""15 of 27"", ""12 of 21""], ""Sig. str. %"": [""55%"", ""57%""], ""Total str."": [""49 of 63"", ""18 of 27""], ""Td"": [""5 of 7"", ""0 of 1""], ""Td %"": [""71%"", ""0%""], ""Sub. att"": [""1"", ""0""], ""Rev."": [""0"", ""0""], ""Ctrl"": [""5:47"", ""1:39""]}], ""fighters"": [""Mario Bautista"", ""Vinicius Oliveira""]}",Per round RD1 3 of 9 - 33% 6 of 8 - 75% RD2 12 of 18 - 66% 6 of 13 - 46% Landed Attempted
UFC Fight Night: Bautista vs. Oliveira,http://ufcstats.com/event-details/c337c3c85b1871e0,http://ufcstats.com/fight-details/dbbf8334a2600895,Amir Albazi | Kyoji Horiguchi,6d35bf94f7d30241 | 98aa60cf58071fd6,Kyoji Horiguchi,win,Decision - Unanimous,3,5:00,Flyweight,"{""rows"": [{""Fighter"": [""Amir Albazi"", ""Kyoji Horiguchi""], ""KD"": [""0"", ""0""], ""Sig. str."": [""16 of 67"", ""73 of 136""], ""Sig. str. %"": [""23%"", ""53%""], ""Total str."": [""20 of 75"", ""99 of 163""], ""Td"": [""0 of 7"", ""0 of 2""], ""Td %"": [""0%"", ""0%""], ""Sub. att"": [""0"", ""0""], ""Rev."": [""0"", ""0""], ""Ctrl"": [""3:50"", ""1:02""]}], ""fighters"": [""Amir Albazi"", ""Kyoji Horiguchi""]}",Per round RD1 3 of 17 - 17% 14 of 26 - 53% RD2 8 of 27 - 29% 34 of 58 - 58% RD3 5 of 23 - 21% 25 of 52 - 48% Landed Attempted
UFC Fight Night: Bautista vs. Oliveira,http://ufcstats.com/event-details/c337c3c85b1871e0,http://ufcstats.com/fight-details/a5c5f76cf0a7c784,Jailton Almeida | Rizvan Kuniev,41e83a89929d1327 | 739fd4fbb5d862f4,Rizvan Kuniev,win,Decision - Unanimous,3,5:00,Heavyweight,"{""rows"": [{""Fighter"": [""Jailton Almeida"", ""Rizvan Kuniev""], ""KD"": [""0"", ""0""], ""Sig. str."": [""31 of 67"", ""43 of 93""], ""Sig. str. %"": [""46%"", ""46%""], ""Total str."": [""50 of 92"", ""102 of 153""], ""Td"": [""0 of 8"", ""0 of 0""], ""Td %"": [""0%"", ""---""], ""Sub. att"": [""0"", ""0""], ""Rev."": [""0"", ""0""], ""Ctrl"": [""1:24"", ""6:35""]}], ""fighters"": [""Jailton Almeida"", ""Rizvan Kuniev""]}",Per round RD1 5 of 12 - 41% 12 of 24 - 50% RD2 8 of 21 - 38% 15 of 35 - 42% RD3 18 of 34 - 52% 16 of 34 - 47% Landed Attempted
UFC Fight Night: Bautista vs. Oliveira,http://ufcstats.com/event-details/c337c3c85b1871e0,http://ufcstats.com/fight-details/8fea32ab0445859c,Michal Oleksiejczuk | Marc-Andre Barriault,0d65c432720accb9 | 8e9eb3fc86db0f7d,Michal Oleksiejczuk,win,Decision - Unanimous,3,5:00,Middleweight,"{""rows"": [{""Fighter"": [""Michal Oleksiejczuk"", ""Marc-Andre Barriault""], ""KD"": [""0"", ""0""], ""Sig. str."": [""140 of 221"", ""77 of 201""], ""Sig. str. %"": [""63%"", ""38%""], ""Total str."": [""143 of 225"", ""79 of 204""], ""Td"": [""1 of 3"", ""0 of 0""], ""Td %"": [""33%"", ""---""], ""Sub. att"": [""0"", ""0""], ""Rev."": [""0"", ""0""], ""Ctrl"": [""0:30"", ""0:02""]}], ""fighters"": [""Michal Oleksiejczuk"", ""Marc-Andre Barriault""]}",Per round RD1 47 of 73 - 64% 19 of 54 - 35% RD2 41 of 68 - 60% 33 of 80 - 41% RD3 52 of 80 - 65% 25 of 67 - 37% Landed Attempted
UFC Fight Night: Bautista vs. Oliveira,http://ufcstats.com/event-details/c337c3c85b1871e0,http://ufcstats.com/fight-details/2a26c0cfa06265b7,Jean Matsumoto | Farid Basharat,ffd3224638c01b57 | a09ed60aa67a3f67,Farid Basharat,win,Decision - Split,3,5:00,Bantamweight,"{""rows"": [{""Fighter"": [""Jean Matsumoto"", ""Farid Basharat""], ""KD"": [""0"", ""0""], ""Sig. str."": [""76 of 220"", ""80 of 152""], ""Sig. str. %"": [""34%"", ""52%""], ""Total str."": [""111 of 263"", ""95 of 172""], ""Td"": [""7 of 11"", ""2 of 7""], ""Td %"": [""63%"", ""28%""], ""Sub. att"": [""0"", ""0""], ""Rev."": [""0"", ""1""], ""Ctrl"": [""4:40"", ""2:23""]}], ""fighters"": [""Jean Matsumoto"", ""Farid Basharat""]}",Per round RD1 19 of 52 - 36% 20 of 36 - 55% RD2 20 of 66 - 30% 31 of 52 - 59% RD3 37 of 102 - 36% 29 of 64 - 45% Landed Attempted
UFC Fight Night: Bautista vs. Oliveira,http://ufcstats.com/event-details/c337c3c85b1871e0,http://ufcstats.com/fight-details/6cca11f353a2b42d,Dustin Jacoby | Julius Walker,e4277e87a789d687 | 6add18754930182b,Dustin Jacoby,win,KO/TKO,2,1:42,Light Heavyweight,"{""rows"": [{""Fighter"": [""Dustin Jacoby"", ""Julius Walker""], ""KD"": [""1"", ""0""], ""Sig. str."": [""42 of 71"", ""7 of 21""], ""Sig. str. %"": [""59%"", ""33%""], ""Total str."": [""47 of 79"", ""12 of 26""], ""Td"": [""0 of 0"", ""3 of 7""], ""Td %"": [""---"", ""42%""], ""Sub. att"": [""0"", ""0""], ""Rev."": [""0"", ""0""], ""Ctrl"": [""0:59"", ""2:47""]}], ""fighters"": [""Dustin Jacoby"", ""Julius Walker""]}",Per round RD1 13 of 20 - 65% 5 of 15 - 33% RD2 29 of 51 - 56% 2 of 6 - 33% Landed Attempted
UFC Fight Night: Bautista vs. Oliveira,http://ufcstats.com/event-details/c337c3c85b1871e0,http://ufcstats.com/fight-details/f964d2dda87f25f0,Alex Morono | Daniil Donchenko,cdb96af67d096b1e | 70dd69b6a703257e,Daniil Donchenko,win,Decision - Unanimous,3,5:00,Welterweight,"{""rows"": [{""Fighter"": [""Alex Morono"", ""Daniil Donchenko""], ""KD"": [""0"", ""1""], ""Sig. str."": [""40 of 146"", ""100 of 162""], ""Sig. str. %"": [""27%"", ""61%""], ""Total str."": [""48 of 154"", ""134 of 214""], ""Td"": [""0 of 0"", ""0 of 0""], ""Td %"": [""---"", ""---""], ""Sub. att"": [""0"", ""0""], ""Rev."": [""0"", ""0""], ""Ctrl"": [""0:00"", ""2:20""]}], ""fighters"": [""Alex Morono"", ""Daniil Donchenko""]}",Per round RD1 16 of 38 - 42% 39 of 59 - 66% RD2 6 of 43 - 13% 27 of 40 - 67% RD3 18 of 65 - 27% 34 of 63 - 53% Landed Attempted
UFC Fight Night: Bautista vs. Oliveira,http://ufcstats.com/event-details/c337c3c85b1871e0,http://ufcstats.com/fight-details/abefaf1807941ee4,Nikolay Veretennikov | Niko Price,0f1efce7d2571d10 | d8da10db80131bec,Nikolay Veretennikov,win,KO/TKO,1,1:42,Welterweight,"{""rows"": [{""Fighter"": [""Nikolay Veretennikov"", ""Niko Price""], ""KD"": [""0"", ""0""], ""Sig. str."": [""19 of 30"", ""9 of 23""], ""Sig. str. %"": [""63%"", ""39%""], ""Total str."": [""20 of 31"", ""12 of 27""], ""Td"": [""0 of 0"", ""0 of 0""], ""Td %"": [""---"", ""---""], ""Sub. att"": [""0"", ""0""], ""Rev."": [""0"", ""0""], ""Ctrl"": [""0:17"", ""0:00""]}], ""fighters"": [""Nikolay Veretennikov"", ""Niko Price""]}",Per round RD1 19 of 30 - 63% 9 of 23 - 39% Landed Attempted
UFC Fight Night: Bautista vs. Oliveira,http://ufcstats.com/event-details/c337c3c85b1871e0,http://ufcstats.com/fight-details/cc5c5a8cff4c1ae9,Bruna Brasil | Ketlen Souza,7138a15258dabf20 | 8bd4200561c77a62,Ketlen Souza,win,Decision - Unanimous,3,5:00,Women's Strawweight,"{""rows"": [{""Fighter"": [""Bruna Brasil"", ""Ketlen Souza""], ""KD"": [""0"", ""0""], ""Sig. str."": [""31 of 60"", ""33 of 69""], ""Sig. str. %"": [""51%"", ""47%""], ""Total str."": [""65 of 101"", ""64 of 109""], ""Td"": [""1 of 4"", ""1 of 8""], ""Td %"": [""25%"", ""12%""], ""Sub. att"": [""0"", ""0""], ""Rev."": [""0"", ""0""], ""Ctrl"": [""0:41"", ""8:03""]}], ""fighters"": [""Bruna Brasil"", ""Ketlen Souza""]}",Per round RD1 12 of 19 - 63% 5 of 13 - 38% RD2 7 of 16 - 43% 14 of 30 - 46% RD3 12 of 25 - 48% 14 of 26 - 53% Landed Attempted
UFC Fight Night: Bautista vs. Oliveira,http://ufcstats.com/event-details/c337c3c85b1871e0,http://ufcstats.com/fight-details/86df0e75f41784d8,Javid Basharat | Gianni Vazquez,bbab3baf66128ae2 | 51ec9dc3b4964f19,Javid Basharat,win,Decision - Unanimous,3,5:00,Bantamweight,"{""rows"": [{""Fighter"": [""Javid Basharat"", ""Gianni Vazquez""], ""KD"": [""1"", ""0""], ""Sig. str."": [""59 of 97"", ""24 of 108""], ""Sig. str. %"": [""60%"", ""22%""], ""Total str."": [""85 of 132"", ""41 of 132""], ""Td"": [""3 of 8"", ""0 of 0""], ""Td %"": [""37%"", ""---""], ""Sub. att"": [""0"", ""2""], ""Rev."": [""0"", ""1""], ""Ctrl"": [""5:38"", ""0:25""]}], ""fighters"": [""Javid Basharat"", ""Gianni Vazquez""]}",Per round RD1 31 of 50 - 62% 7 of 32 - 21% RD2 16 of 27 - 59% 14 of 43 - 32% RD3 12 of 20 - 60% 3 of 33 - 9% Landed Attempted
UFC Fight Night: Bautista vs. Oliveira,http://ufcstats.com/event-details/c337c3c85b1871e0,http://ufcstats.com/fight-details/84e8ccc3c97c2b4c,Wang Cong | Eduarda Moura,2997e7fe3c9d3d4a | de594b35c45c2e9a,Wang Cong,win,Decision - Unanimous,3,5:00,Catch Weight,"{""rows"": [{""Fighter"": [""Wang Cong"", ""Eduarda Moura""], ""KD"": [""1"", ""0""], ""Sig. str."": [""39 of 71"", ""12 of 34""], ""Sig. str. %"": [""54%"", ""35%""], ""Total str."": [""147 of 195"", ""40 of 70""], ""Td"": [""0 of 0"", ""3 of 12""], ""Td %"": [""---"", ""25%""], ""Sub. att"": [""1"", ""1""], ""Rev."": [""0"", ""0""], ""Ctrl"": [""3:11"", ""8:06""]}], ""fighters"": [""Wang Cong"", ""Eduarda Moura""]}",Per round RD1 26 of 46 - 56% 8 of 24 - 33% RD2 3 of 4 - 75% 0 of 3 - 0% RD3 10 of 21 - 47% 4 of 7 - 57% Landed Attempted
UFC Fight Night: Bautista vs. Oliveira,http://ufcstats.com/event-details/c337c3c85b1871e0,http://ufcstats.com/fight-details/9d30c887e8bd8824,Muin Gafurov | Jakub Wiklacz,a54660deb6a8489c | 6902fcf0610dd303,Jakub Wiklacz,win,Submission,3,4:59,Bantamweight,"{""rows"": [{""Fighter"": [""Muin Gafurov"", ""Jakub Wiklacz""], ""KD"": [""0"", ""0""], ""Sig. str."": [""79 of 158"", ""56 of 148""], ""Sig. str. %"": [""50%"", ""37%""], ""Total str."": [""92 of 174"", ""97 of 193""], ""Td"": [""2 of 5"", ""0 of 0""], ""Td %"": [""40%"", ""---""], ""Sub. att"": [""0"", ""2""], ""Rev."": [""0"", ""2""], ""Ctrl"": [""1:44"", ""4:33""]}], ""fighters"": [""Muin Gafurov"", ""Jakub Wiklacz""]}",Per round RD1 27 of 61 - 44% 27 of 67 - 40% RD2 2 of 5 - 40% 7 of 11 - 63% RD3 50 of 92 - 54% 22 of 70 - 31% Landed Attempted
UFC Fight Night: Bautista vs. Oliveira,http://ufcstats.com/event-details/c337c3c85b1871e0,http://ufcstats.com/fight-details/2bbfbb234c255249,Klaudia Sygula | Priscila Cachoeira,9f5e3c20ce40b344 | b1e5bcaad32a3cac,Klaudia Sygula,win,Decision - Unanimous,3,5:00,Women's Bantamweight,"{""rows"": [{""Fighter"": [""Klaudia Sygula"", ""Priscila Cachoeira""], ""KD"": [""0"", ""0""], ""Sig. str."": [""151 of 335"", ""99 of 219""], ""Sig. str. %"": [""45%"", ""45%""], ""Total str."": [""159 of 349"", ""102 of 222""], ""Td"": [""0 of 3"", ""1 of 2""], ""Td %"": [""0%"", ""50%""], ""Sub. att"": [""0"", ""0""], ""Rev."": [""0"", ""0""], ""Ctrl"": [""0:00"", ""0:16""]}], ""fighters"": [""Klaudia Sygula"", ""Priscila Cachoeira""]}",Per round RD1 61 of 136 - 44% 34 of 71 - 47% RD2 40 of 94 - 42% 33 of 71 - 46% RD3 50 of 105 - 47% 32 of 77 - 41% Landed Attempted
UFC 325: Volkanovski vs. Lopes 2,http://ufcstats.com/event-details/30ad2050273d016a,http://ufcstats.com/fight-details/b06b43670238c2d8,Alexander Volkanovski | Diego Lopes,e1248941344b3288 | f166e93d04a8c274,Alexander Volkanovski,win,Decision - Unanimous,5,5:00,Featherweight,"{""rows"": [{""Fighter"": [""Alexander Volkanovski"", ""Diego Lopes""], ""KD"": [""0"", ""0""], ""Sig. str."": [""98 of 160"", ""70 of 158""], ""Sig. str. %"": [""61%"", ""44%""], ""Total str."": [""112 of 178"", ""74 of 162""], ""Td"": [""2 of 7"", ""2 of 5""], ""Td %"": [""28%"", ""40%""], ""Sub. att"": [""1"", ""0""], ""Rev."": [""0"", ""0""], ""Ctrl"": [""2:49"", ""1:50""]}], ""fighters"": [""Alexander Volkanovski"", ""Diego Lopes""]}",Per round RD1 12 of 27 - 44% 12 of 28 - 42% RD2 19 of 30 - 63% 16 of 34 - 47% RD3 21 of 35 - 60% 17 of 38 - 44% RD4 25 of 44 - 56% 22 of 48 - 45% RD5 21 of 24 - 87% 3 of 10 - 30% Landed Attempted
UFC 325: Volkanovski vs. Lopes 2,http://ufcstats.com/event-details/30ad2050273d016a,http://ufcstats.com/fight-details/a7ae8f6eb5fc3a79,Dan Hooker | Benoit Saint Denis,193b9d1858bc4df3 | c2299ec916bc7c56,Benoit Saint Denis,win,KO/TKO,2,4:45,Lightweight,"{""rows"": [{""Fighter"": [""Dan Hooker"", ""Benoit Saint Denis""], ""KD"": [""0"", ""0""], ""Sig. str."": [""30 of 47"", ""97 of 127""], ""Sig. str. %"": [""63%"", ""76%""], ""Total str."": [""51 of 68"", ""170 of 205""], ""Td"": [""0 of 1"", ""2 of 9""], ""Td %"": [""0%"", ""22%""], ""Sub. att"": [""2"", ""2""], ""Rev."": [""0"", ""0""], ""Ctrl"": [""0:28"", ""6:14""]}], ""fighters"": [""Dan Hooker"", ""Benoit Saint Denis""]}",Per round RD1 26 of 41 - 63% 35 of 46 - 76% RD2 4 of 6 - 66% 62 of 81 - 76% Landed Attempted
UFC 325: Volkanovski vs. Lopes 2,http://ufcstats.com/event-details/30ad2050273d016a,http://ufcstats.com/fight-details/57d7a683b85bb87b,Rafael Fiziev | Mauricio Ruffy,c814b4c899793af6 | 9c393e836a852f30,Mauricio Ruffy,win,KO/TKO,2,4:30,Lightweight,"{""rows"": [{""Fighter"": [""Rafael Fiziev"", ""Mauricio Ruffy""], ""KD"": [""0"", ""1""], ""Sig. str."": [""36 of 66"", ""55 of 88""], ""Sig. str. %"": [""54%"", ""62%""], ""Total str."": [""37 of 67"", ""60 of 93""], ""Td"": [""0 of 1"", ""0 of 0""], ""Td %"": [""0%"", ""---""], ""Sub. att"": [""0"", ""0""], ""Rev."": [""0"", ""0""], ""Ctrl"": [""0:00"", ""0:45""]}], ""fighters"": [""Rafael Fiziev"", ""Mauricio Ruffy""]}",Per round RD1 16 of 33 - 48% 18 of 28 - 64% RD2 20 of 33 - 60% 37 of 60 - 61% Landed Attempted
UFC 325: Volkanovski vs. Lopes 2,http://ufcstats.com/event-details/30ad2050273d016a,http://ufcstats.com/fight-details/67765535bd0b6bdf,Tai Tuivasa | Tallison Teixeira,c62fbc117d57b943 | 17923f676f100e16,Tallison Teixeira,win,Decision - Unanimous,3,5:00,Heavyweight,"{""rows"": [{""Fighter"": [""Tai Tuivasa"", ""Tallison Teixeira""], ""KD"": [""0"", ""0""], ""Sig. str."": [""42 of 58"", ""51 of 74""], ""Sig. str. %"": [""72%"", ""68%""], ""Total str."": [""56 of 74"", ""117 of 144""], ""Td"": [""0 of 0"", ""3 of 9""], ""Td %"": [""---"", ""33%""], ""Sub. att"": [""0"", ""0""], ""Rev."": [""0"", ""0""], ""Ctrl"": [""3:58"", ""7:00""]}], ""fighters"": [""Tai Tuivasa"", ""Tallison Teixeira""]}",Per round RD1 2 of 4 - 50% 19 of 23 - 82% RD2 13 of 18 - 72% 21 of 31 - 67% RD3 27 of 36 - 75% 11 of 20 - 55% Landed Attempted
UFC 325: Volkanovski vs. Lopes 2,http://ufcstats.com/event-details/30ad2050273d016a,http://ufcstats.com/fight-details/32e9bc4d0a19a923,Quillan Salkilld | Jamie Mullarkey,17734443a833cdf7 | af9f42e6894047fc,Quillan Salkilld,win,Submission,1,3:02,Lightweight,"{""rows"": [{""Fighter"": [""Quillan Salkilld"", ""Jamie Mullarkey""], ""KD"": [""0"", ""0""], ""Sig. str."": [""5 of 8"", ""1 of 4""], ""Sig. str. %"": [""62%"", ""25%""], ""Total str."": [""18 of 21"", ""6 of 9""], ""Td"": [""2 of 3"", ""1 of 1""], ""Td %"": [""66%"", ""100%""], ""Sub. att"": [""1"", ""0""], ""Rev."": [""0"", ""0""], ""Ctrl"": [""0:39"", ""1:14""]}], ""fighters"": [""Quillan Salkilld"", ""Jamie Mullarkey""]}",Per round RD1 5 of 8 - 62% 1 of 4 - 25% Landed Attempted
UFC 325: Volkanovski vs. Lopes 2,http://ufcstats.com/event-details/30ad2050273d016a,http://ufcstats.com/fight-details/d94f1b32a81e3fa1,Junior Tafa | Billy Elekana,c15fa95b9a12fde4 | 07a74004d964c7f4,Billy Elekana,win,Submission,2,3:18,Light Heavyweight,"{""rows"": [{""Fighter"": [""Junior Tafa"", ""Billy Elekana""], ""KD"": [""1"", ""0""], ""Sig. str."": [""38 of 70"", ""24 of 51""], ""Sig. str. %"": [""54%"", ""47%""], ""Total str."": [""38 of 70"", ""27 of 54""], ""Td"": [""0 of 0"", ""1 of 5""], ""Td %"": [""---"", ""20%""], ""Sub. att"": [""0"", ""1""], ""Rev."": [""0"", ""0""], ""Ctrl"": [""0:07"", ""1:40""]}], ""fighters"": [""Junior Tafa"", ""Billy Elekana""]}",Per round RD1 26 of 46 - 56% 9 of 24 - 37% RD2 12 of 24 - 50% 15 of 27 - 55% Landed Attempted
UFC 325: Volkanovski vs. Lopes 2,http://ufcstats.com/event-details/30ad2050273d016a,http://ufcstats.com/fight-details/47362cae6ba0e077,Cam Rowston | Cody Brundage,8ebc3a8da015d70c | f14f644d41ade29f,Cam Rowston,win,KO/TKO,2,4:08,Middleweight,"{""rows"": [{""Fighter"": [""Cam Rowston"", ""Cody Brundage""], ""KD"": [""0"", ""0""], ""Sig. str."": [""57 of 119"", ""29 of 65""], ""Sig. str. %"": [""47%"", ""44%""], ""Total str."": [""73 of 139"", ""31 of 67""], ""Td"": [""0 of 0"", ""0 of 1""], ""Td %"": [""---"", ""0%""], ""Sub. att"": [""0"", ""0""], ""Rev."": [""0"", ""0""], ""Ctrl"": [""2:04"", ""0:19""]}], ""fighters"": [""Cam Rowston"", ""Cody Brundage""]}",Per round RD1 23 of 54 - 42% 20 of 43 - 46% RD2 34 of 65 - 52% 9 of 22 - 40% Landed Attempted
UFC 325: Volkanovski vs. Lopes 2,http://ufcstats.com/event-details/30ad2050273d016a,http://ufcstats.com/fight-details/0047f8aadca1936f,Jacob Malkoun | Torrez Finney,d4270315cbcf2569 | fbb60f24af5d5a02,Jacob Malkoun,win,Decision - Unanimous,3,5:00,Middleweight,"{""rows"": [{""Fighter"": [""Jacob Malkoun"", ""Torrez Finney""], ""KD"": [""1"", ""0""], ""Sig. str."": [""117 of 181"", ""27 of 77""], ""Sig. str. %"": [""64%"", ""35%""], ""Total str."": [""151 of 219"", ""42 of 95""], ""Td"": [""2 of 8"", ""0 of 1""], ""Td %"": [""25%"", ""0%""], ""Sub. att"": [""3"", ""0""], ""Rev."": [""0"", ""0""], ""Ctrl"": [""5:16"", ""0:20""]}], ""fighters"": [""Jacob Malkoun"", ""Torrez Finney""]}",Per round RD1 61 of 98 - 62% 7 of 26 - 26% RD2 37 of 53 - 69% 8 of 21 - 38% RD3 19 of 30 - 63% 12 of 30 - 40% Landed Attempted
UFC 325: Volkanovski vs. Lopes 2,http://ufcstats.com/event-details/30ad2050273d016a,http://ufcstats.com/fight-details/78912b78aa946375,Jonathan Micallef | Oban Elliott,f782f953bfe7b5f2 | 6b56e94a59b7b134,Jonathan Micallef,win,Submission,2,3:31,Welterweight,"{""rows"": [{""Fighter"": [""Jonathan Micallef"", ""Oban Elliott""], ""KD"": [""0"", ""0""], ""Sig. str."": [""19 of 59"", ""40 of 82""], ""Sig. str. %"": [""32%"", ""48%""], ""Total str."": [""30 of 70"", ""47 of 89""], ""Td"": [""1 of 1"", ""0 of 2""], ""Td %"": [""100%"", ""0%""], ""Sub. att"": [""1"", ""0""], ""Rev."": [""0"", ""0""], ""Ctrl"": [""1:35"", ""1:11""]}], ""fighters"": [""Jonathan Micallef"", ""Oban Elliott""]}",Per round RD1 11 of 36 - 30% 21 of 49 - 42% RD2 8 of 23 - 34% 19 of 33 - 57% Landed Attempted
UFC 325: Volkanovski vs. Lopes 2,http://ufcstats.com/event-details/30ad2050273d016a,http://ufcstats.com/fight-details/4c1e7e1765a5438a,Kaan Ofli | Yizha,7facc9c45d792985 | 3f11fd1751fa83b1,Kaan Ofli,win,Decision - Majority,3,5:00,Featherweight,"{""rows"": [{""Fighter"": [""Kaan Ofli"", ""Yizha""], ""KD"": [""0"", ""1""], ""Sig. str."": [""48 of 107"", ""68 of 124""], ""Sig. str. %"": [""44%"", ""54%""], ""Total str."": [""53 of 114"", ""75 of 133""], ""Td"": [""0 of 7"", ""3 of 3""], ""Td %"": [""0%"", ""100%""], ""Sub. att"": [""0"", ""0""], ""Rev."": [""1"", ""0""], ""Ctrl"": [""2:57"", ""1:15""]}], ""fighters"": [""Kaan Ofli"", ""Yizha""]}",Per round RD1 23 of 38 - 60% 19 of 34 - 55% RD2 10 of 38 - 26% 31 of 57 - 54% RD3 15 of 31 - 48% 18 of 33 - 54% Landed Attempted
UFC 325: Volkanovski vs. Lopes 2,http://ufcstats.com/event-details/30ad2050273d016a,http://ufcstats.com/fight-details/ad14c502c9c5a7e9,Sangwook Kim | Dom Mar Fan,a264d4e9a4d6bfe4 | 530af2900b5a1693,Dom Mar Fan,win,Decision - Unanimous,3,5:00,Lightweight,"{""rows"": [{""Fighter"": [""Sangwook Kim"", ""Dom Mar Fan""], ""KD"": [""0"", ""0""], ""Sig. str."": [""68 of 134"", ""99 of 173""], ""Sig. str. %"": [""50%"", ""57%""], ""Total str."": [""92 of 160"", ""135 of 211""], ""Td"": [""1 of 10"", ""1 of 4""], ""Td %"": [""10%"", ""25%""], ""Sub. att"": [""0"", ""0""], ""Rev."": [""0"", ""1""], ""Ctrl"": [""5:30"", ""3:07""]}], ""fighters"": [""Sangwook Kim"", ""Dom Mar Fan""]}",Per round RD1 10 of 12 - 83% 16 of 19 - 84% RD2 19 of 42 - 45% 44 of 68 - 64% RD3 39 of 80 - 48% 39 of 86 - 45% Landed Attempted
UFC 325: Volkanovski vs. Lopes 2,http://ufcstats.com/event-details/30ad2050273d016a,http://ufcstats.com/fight-details/780bae82bdfc7112,Keiichiro Nakamura | Sebastian Szalay,3618e0632ecdba9c | f201f21cf2c79eb2,Keiichiro Nakamura,win,KO/TKO,3,3:48,Featherweight,"{""rows"": [{""Fighter"": [""Keiichiro Nakamura"", ""Sebastian Szalay""], ""KD"": [""1"", ""0""], ""Sig. str."": [""45 of 119"", ""79 of 204""], ""Sig. str. %"": [""37%"", ""38%""], ""Total str."": [""46 of 120"", ""80 of 205""], ""Td"": [""0 of 0"", ""1 of 1""], ""Td %"": [""---"", ""100%""], ""Sub. att"": [""0"", ""0""], ""Rev."": [""0"", ""0""], ""Ctrl"": [""0:04"", ""0:00""]}], ""fighters"": [""Keiichiro Nakamura"", ""Sebastian Szalay""]}",Per round RD1 13 of 33 - 39% 23 of 63 - 36% RD2 11 of 39 - 28% 24 of 78 - 30% RD3 21 of 47 - 44% 32 of 63 - 50% Landed Attempted
UFC 325: Volkanovski vs. Lopes 2,http://ufcstats.com/event-details/30ad2050273d016a,http://ufcstats.com/fight-details/5c73e0013b859664,Sulangrangbo | Lawrence Lui,1dd1a3aacde66f72 | a1ad35b98a9136e5,Lawrence Lui,win,Decision - Split,3,5:00,Bantamweight,"{""rows"": [{""Fighter"": [""Sulangrangbo"", ""Lawrence Lui""], ""KD"": [""0"", ""0""], ""Sig. str."": [""56 of 125"", ""52 of 150""], ""Sig. str. %"": [""44%"", ""34%""], ""Total str."": [""62 of 131"", ""82 of 181""], ""Td"": [""0 of 0"", ""7 of 15""], ""Td %"": [""---"", ""46%""], ""Sub. att"": [""0"", ""0""], ""Rev."": [""0"", ""0""], ""Ctrl"": [""0:14"", ""4:59""]}], ""fighters"": [""Sulangrangbo"", ""Lawrence Lui""]}",Per round RD1 25 of 44 - 56% 12 of 40 - 30% RD2 12 of 38 - 31% 20 of 53 - 37% RD3 19 of 43 - 44% 20 of 57 - 35% Landed Attempted
UFC 324: Gaethje vs. Pimblett,http://ufcstats.com/event-details/00e11b5c8b7bfeeb,http://ufcstats.com/fight-details/fa4b3f5ce8055921,Justin Gaethje | Paddy Pimblett,9e8f6c728eb01124 | 7826923b47f8d72a,Justin Gaethje,win,Decision - Unanimous,5,5:00,Lightweight,"{""rows"": [{""Fighter"": [""Justin Gaethje"", ""Paddy Pimblett""], ""KD"": [""2"", ""0""], ""Sig. str."": [""144 of 254"", ""156 of 311""], ""Sig. str. %"": [""56%"", ""50%""], ""Total str."": [""200 of 313"", ""170 of 326""], ""Td"": [""3 of 3"", ""0 of 5""], ""Td %"": [""100%"", ""0%""], ""Sub. att"": [""0"", ""0""], ""Rev."": [""0"", ""0""], ""Ctrl"": [""5:55"", ""0:48""]}], ""fighters"": [""Justin Gaethje"", ""Paddy Pimblett""]}",Per round RD1 27 of 45 - 60% 37 of 65 - 56% RD2 32 of 50 - 64% 22 of 47 - 46% RD3 24 of 53 - 45% 41 of 78 - 52% RD4 32 of 54 - 59% 35 of 58 - 60% RD5 29 of 52 - 55% 21 of 63 - 33% Landed Attempted
UFC 324: Gaethje vs. Pimblett,http://ufcstats.com/event-details/00e11b5c8b7bfeeb,http://ufcstats.com/fight-details/007e8e0d4a39d82c,Sean O'Malley | Song Yadong,b50a426a33da0012 | efb96bf3e9ada36f,Sean O'Malley,win,Decision - Unanimous,3,5:00,Bantamweight,"{""rows"": [{""Fighter"": [""Sean O'Malley"", ""Song Yadong""], ""KD"": [""0"", ""0""], ""Sig. str."": [""48 of 92"", ""36 of 94""], ""Sig. str. %"": [""52%"", ""38%""], ""Total str."": [""67 of 111"", ""69 of 130""], ""Td"": [""0 of 0"", ""3 of 7""], ""Td %"": [""---"", ""42%""], ""Sub. att"": [""0"", ""0""], ""Rev."": [""0"", ""0""], ""Ctrl"": [""0:00"", ""2:06""]}], ""fighters"": [""Sean O'Malley"", ""Song Yadong""]}",Per round RD1 16 of 26 - 61% 10 of 23 - 43% RD2 7 of 20 - 35% 14 of 31 - 45% RD3 25 of 46 - 54% 12 of 40 - 30% Landed Attempted
UFC 324: Gaethje vs. Pimblett,http://ufcstats.com/event-details/00e11b5c8b7bfeeb,http://ufcstats.com/fight-details/d93ee3860196c4ae,Waldo Cortes Acosta | Derrick Lewis,fc08099550072fe4 | d3df1add9d9a7efb,Waldo Cortes Acosta,win,KO/TKO,2,3:14,Heavyweight,"{""rows"": [{""Fighter"": [""Waldo Cortes Acosta"", ""Derrick Lewis""], ""KD"": [""1"", ""0""], ""Sig. str."": [""44 of 62"", ""8 of 43""], ""Sig. str. %"": [""70%"", ""18%""], ""Total str."": [""46 of 64"", ""8 of 43""], ""Td"": [""1 of 1"", ""0 of 0""], ""Td %"": [""100%"", ""---""], ""Sub. att"": [""0"", ""0""], ""Rev."": [""0"", ""0""], ""Ctrl"": [""0:28"", ""0:00""]}], ""fighters"": [""Waldo Cortes Acosta"", ""Derrick Lewis""]}",Per round RD1 12 of 16 - 75% 4 of 22 - 18% RD2 32 of 46 - 69% 4 of 21 - 19% Landed Attempted
UFC 324: Gaethje vs. Pimblett,http://ufcstats.com/event-details/00e11b5c8b7bfeeb,http://ufcstats.com/fight-details/d63c9aa4f4873001,Natalia Silva | Rose Namajunas,262d32ebda89efc4 | 47b63240018d5d86,Natalia Silva,win,Decision - Unanimous,3,5:00,Women's Flyweight,"{""rows"": [{""Fighter"": [""Natalia Silva"", ""Rose Namajunas""], ""KD"": [""0"", ""0""], ""Sig. str."": [""51 of 133"", ""26 of 94""], ""Sig. str. %"": [""38%"", ""27%""], ""Total str."": [""63 of 147"", ""46 of 119""], ""Td"": [""1 of 2"", ""1 of 5""], ""Td %"": [""50%"", ""20%""], ""Sub. att"": [""0"", ""0""], ""Rev."": [""0"", ""0""], ""Ctrl"": [""1:24"", ""2:09""]}], ""fighters"": [""Natalia Silva"", ""Rose Namajunas""]}",Per round RD1 15 of 44 - 34% 13 of 39 - 33% RD2 8 of 27 - 29% 5 of 18 - 27% RD3 28 of 62 - 45% 8 of 37 - 21% Landed Attempted
UFC 324: Gaethje vs. Pimblett,http://ufcstats.com/event-details/00e11b5c8b7bfeeb,http://ufcstats.com/fight-details/836a188a90e479a5,Arnold Allen | Jean Silva,040a74bb0a465c54 | 52ef95b5860fb28c,Jean Silva,win,Decision - Unanimous,3,5:00,Featherweight,"{""rows"": [{""Fighter"": [""Arnold Allen"", ""Jean Silva""], ""KD"": [""0"", ""0""], ""Sig. str."": [""56 of 116"", ""74 of 136""], ""Sig. str. %"": [""48%"", ""54%""], ""Total str."": [""60 of 121"", ""78 of 141""], ""Td"": [""0 of 0"", ""4 of 6""], ""Td %"": [""---"", ""66%""], ""Sub. att"": [""0"", ""0""], ""Rev."": [""0"", ""0""], ""Ctrl"": [""0:54"", ""0:32""]}], ""fighters"": [""Arnold Allen"", ""Jean Silva""]}",Per round RD1 22 of 45 - 48% 16 of 31 - 51% RD2 18 of 43 - 41% 32 of 60 - 53% RD3 16 of 28 - 57% 26 of 45 - 57% Landed Attempted
UFC 324: Gaethje vs. Pimblett,http://ufcstats.com/event-details/00e11b5c8b7bfeeb,http://ufcstats.com/fight-details/6c9f4799990c3c33,Umar Nurmagomedov | Deiveson Figueiredo,2b6fc1c02736833d | aa72b0f831d0bfe5,Umar Nurmagomedov,win,Decision - Unanimous,3,5:00,Bantamweight,"{""rows"": [{""Fighter"": [""Umar Nurmagomedov"", ""Deiveson Figueiredo""], ""KD"": [""0"", ""0""], ""Sig. str."": [""34 of 72"", ""8 of 27""], ""Sig. str. %"": [""47%"", ""29%""], ""Total str."": [""103 of 167"", ""28 of 58""], ""Td"": [""2 of 6"", ""0 of 0""], ""Td %"": [""33%"", ""---""], ""Sub. att"": [""0"", ""0""], ""Rev."": [""0"", ""0""], ""Ctrl"": [""4:50"", ""0:09""]}], ""fighters"": [""Umar Nurmagomedov"", ""Deiveson Figueiredo""]}",Per round RD1 9 of 19 - 47% 0 of 6 - 0% RD2 19 of 40 - 47% 8 of 20 - 40% RD3 6 of 13 - 46% 0 of 1 - 0% Landed Attempted
UFC 324: Gaethje vs. Pimblett,http://ufcstats.com/event-details/00e11b5c8b7bfeeb,http://ufcstats.com/fight-details/33be2456161c14c3,Ateba Gautier | Andrey Pulyaev,2f815ed5f8278ba6 | 22e07d3da1aa3475,Ateba Gautier,win,Decision - Unanimous,3,5:00,Middleweight,"{""rows"": [{""Fighter"": [""Ateba Gautier"", ""Andrey Pulyaev""], ""KD"": [""2"", ""0""], ""Sig. str."": [""34 of 112"", ""59 of 123""], ""Sig. str. %"": [""30%"", ""47%""], ""Total str."": [""34 of 112"", ""59 of 123""], ""Td"": [""0 of 0"", ""0 of 0""], ""Td %"": [""---"", ""---""], ""Sub. att"": [""0"", ""0""], ""Rev."": [""0"", ""0""], ""Ctrl"": [""0:00"", ""0:00""]}], ""fighters"": [""Ateba Gautier"", ""Andrey Pulyaev""]}",Per round RD1 8 of 42 - 19% 19 of 37 - 51% RD2 15 of 41 - 36% 24 of 46 - 52% RD3 11 of 29 - 37% 16 of 40 - 40% Landed Attempted
UFC 324: Gaethje vs. Pimblett,http://ufcstats.com/event-details/00e11b5c8b7bfeeb,http://ufcstats.com/fight-details/780cab0cd07589e4,Nikita Krylov | Modestas Bukauskas,1091d4d957141094 | 476fe566d2df676e,Nikita Krylov,win,KO/TKO,3,4:57,Light Heavyweight,"{""rows"": [{""Fighter"": [""Nikita Krylov"", ""Modestas Bukauskas""], ""KD"": [""1"", ""0""], ""Sig. str."": [""72 of 137"", ""40 of 108""], ""Sig. str. %"": [""52%"", ""37%""], ""Total str."": [""94 of 164"", ""43 of 111""], ""Td"": [""1 of 4"", ""0 of 0""], ""Td %"": [""25%"", ""---""], ""Sub. att"": [""0"", ""0""], ""Rev."": [""0"", ""0""], ""Ctrl"": [""2:37"", ""0:56""]}], ""fighters"": [""Nikita Krylov"", ""Modestas Bukauskas""]}",Per round RD1 10 of 28 - 35% 11 of 21 - 52% RD2 23 of 40 - 57% 11 of 32 - 34% RD3 39 of 69 - 56% 18 of 55 - 32% Landed Attempted
UFC 324: Gaethje vs. Pimblett,http://ufcstats.com/event-details/00e11b5c8b7bfeeb,http://ufcstats.com/fight-details/b5aafe149bec4306,Alex Perez | Charles Johnson,ab2b4ff41d6ebe0f | 814e5233e2acf2ee,Alex Perez,win,KO/TKO,1,3:16,Flyweight,"{""rows"": [{""Fighter"": [""Alex Perez"", ""Charles Johnson""], ""KD"": [""2"", ""0""], ""Sig. str."": [""39 of 75"", ""8 of 25""], ""Sig. str. %"": [""52%"", ""32%""], ""Total str."": [""55 of 94"", ""8 of 25""], ""Td"": [""0 of 0"", ""0 of 1""], ""Td %"": [""---"", ""0%""], ""Sub. att"": [""0"", ""0""], ""Rev."": [""0"", ""0""], ""Ctrl"": [""0:14"", ""0:00""]}], ""fighters"": [""Alex Perez"", ""Charles Johnson""]}",Per round RD1 39 of 75 - 52% 8 of 25 - 32% Landed Attempted
UFC 324: Gaethje vs. Pimblett,http://ufcstats.com/event-details/00e11b5c8b7bfeeb,http://ufcstats.com/fight-details/abfb3ed6dcb0e1f0,Josh Hokit | Denzel Freeman,955da1675ad58a50 | b5c19c34f12c917e,Josh Hokit,win,KO/TKO,1,4:59,Heavyweight,"{""rows"": [{""Fighter"": [""Josh Hokit"", ""Denzel Freeman""], ""KD"": [""0"", ""0""], ""Sig. str."": [""37 of 57"", ""0 of 7""], ""Sig. str. %"": [""64%"", ""0%""], ""Total str."": [""71 of 97"", ""0 of 8""], ""Td"": [""1 of 2"", ""0 of 1""], ""Td %"": [""50%"", ""0%""], ""Sub. att"": [""0"", ""0""], ""Rev."": [""0"", ""0""], ""Ctrl"": [""3:47"", ""0:00""]}], ""fighters"": [""Josh Hokit"", ""Denzel Freeman""]}",Per round RD1 37 of 57 - 64% 0 of 7 - 0% Landed Attempted
UFC 324: Gaethje vs. Pimblett,http://ufcstats.com/event-details/00e11b5c8b7bfeeb,http://ufcstats.com/fight-details/210fc45074fba464,Adam Fugitt | Ty Miller,a01a62132460a98d | 0859524157a19045,Ty Miller,win,KO/TKO,1,4:59,Welterweight,"{""rows"": [{""Fighter"": [""Adam Fugitt"", ""Ty Miller""], ""KD"": [""0"", ""1""], ""Sig. str."": [""36 of 73"", ""59 of 121""], ""Sig. str. %"": [""49%"", ""48%""], ""Total str."": [""39 of 76"", ""65 of 129""], ""Td"": [""0 of 2"", ""0 of 0""], ""Td %"": [""0%"", ""---""], ""Sub. att"": [""0"", ""0""], ""Rev."": [""0"", ""0""], ""Ctrl"": [""0:00"", ""0:03""]}], ""fighters"": [""Adam Fugitt"", ""Ty Miller""]}",Per round RD1 36 of 73 - 49% 59 of 121 - 48% Landed Attempted
UFC Fight Night: Royval vs. Kape,http://ufcstats.com/event-details/bc0f994de0521926,http://ufcstats.com/fight-details/a5a81a39ccf9b680,Brandon Royval | Manel Kape,6e15f63b6c2e2c15 | 5d1b7e3dd9e11074,Manel Kape,win,KO/TKO,1,3:18,Flyweight,"{""rows"": [{""Fighter"": [""Brandon Royval"", ""Manel Kape""], ""KD"": [""0"", ""1""], ""Sig. str."": [""17 of 26"", ""17 of 23""], ""Sig. str. %"": [""65%"", ""73%""], ""Total str."": [""17 of 26"", ""18 of 24""], ""Td"": [""0 of 0"", ""0 of 0""], ""Td %"": [""---"", ""---""], ""Sub. att"": [""0"", ""0""], ""Rev."": [""0"", ""0""], ""Ctrl"": [""0:00"", ""0:04""]}], ""fighters"": [""Brandon Royval"", ""Manel Kape""]}",Per round RD1 17 of 26 - 65% 17 of 23 - 73% Landed Attempted
UFC Fight Night: Royval vs. Kape,http://ufcstats.com/event-details/bc0f994de0521926,http://ufcstats.com/fight-details/24bb03f0a3415fbe,Giga Chikadze | Kevin Vallejos,9560ff14eb3129f7 | 239d8e5359022f3b,Kevin Vallejos,win,KO/TKO,2,1:29,Featherweight,"{""rows"": [{""Fighter"": [""Giga Chikadze"", ""Kevin Vallejos""], ""KD"": [""0"", ""1""], ""Sig. str."": [""12 of 22"", ""20 of 32""], ""Sig. str. %"": [""54%"", ""62%""], ""Total str."": [""19 of 29"", ""23 of 35""], ""Td"": [""0 of 0"", ""0 of 1""], ""Td %"": [""---"", ""0%""], ""Sub. att"": [""0"", ""0""], ""Rev."": [""0"", ""0""], ""Ctrl"": [""0:00"", ""1:28""]}], ""fighters"": [""Giga Chikadze"", ""Kevin Vallejos""]}",Per round RD1 9 of 17 - 52% 9 of 18 - 50% RD2 3 of 5 - 60% 11 of 14 - 78% Landed Attempted
UFC Fight Night: Royval vs. Kape,http://ufcstats.com/event-details/bc0f994de0521926,http://ufcstats.com/fight-details/d000cb692343cdcd,Cesar Almeida | Cezary Oleksiejczuk,64d47ef881a437a4 | 084532da3d25f3b8,Cezary Oleksiejczuk,win,Decision - Unanimous,3,5:00,Middleweight,"{""rows"": [{""Fighter"": [""Cesar Almeida"", ""Cezary Oleksiejczuk""], ""KD"": [""0"", ""0""], ""Sig. str."": [""12 of 20"", ""14 of 19""], ""Sig. str. %"": [""60%"", ""73%""], ""Total str."": [""25 of 37"", ""113 of 126""], ""Td"": [""0 of 0"", ""6 of 7""], ""Td %"": [""---"", ""85%""], ""Sub. att"": [""0"", ""0""], ""Rev."": [""1"", ""1""], ""Ctrl"": [""0:29"", ""11:15""]}], ""fighters"": [""Cesar Almeida"", ""Cezary Oleksiejczuk""]}",Per round RD1 4 of 5 - 80% 5 of 6 - 83% RD2 6 of 12 - 50% 6 of 10 - 60% RD3 2 of 3 - 66% 3 of 3 - 100% Landed Attempted
UFC Fight Night: Royval vs. Kape,http://ufcstats.com/event-details/bc0f994de0521926,http://ufcstats.com/fight-details/93ca562453f65b8d,Melquizael Costa | Morgan Charriere,20bccc9bb4ceb23e | 5b03b61f9d90125e,Melquizael Costa,win,KO/TKO,1,1:14,Featherweight,"{""rows"": [{""Fighter"": [""Melquizael Costa"", ""Morgan Charriere""], ""KD"": [""1"", ""0""], ""Sig. str."": [""4 of 9"", ""2 of 4""], ""Sig. str. %"": [""44%"", ""50%""], ""Total str."": [""4 of 9"", ""2 of 4""], ""Td"": [""0 of 0"", ""0 of 0""], ""Td %"": [""---"", ""---""], ""Sub. att"": [""0"", ""0""], ""Rev."": [""0"", ""0""], ""Ctrl"": [""0:02"", ""0:00""]}], ""fighters"": [""Melquizael Costa"", ""Morgan Charriere""]}",Per round RD1 4 of 9 - 44% 2 of 4 - 50% Landed Attempted
UFC Fight Night: Royval vs. Kape,http://ufcstats.com/event-details/bc0f994de0521926,http://ufcstats.com/fight-details/47149f3187661509,Kennedy Nzechukwu | Marcus Buchecha,8667caa0451d245b | 095854a135e6db55,,draw draw,Decision - Unanimous,3,5:00,Heavyweight,"{""rows"": [{""Fighter"": [""Kennedy Nzechukwu"", ""Marcus Buchecha""], ""KD"": [""0"", ""0""], ""Sig. str."": [""24 of 48"", ""27 of 44""], ""Sig. str. %"": [""50%"", ""61%""], ""Total str."": [""58 of 87"", ""47 of 66""], ""Td"": [""0 of 0"", ""3 of 13""], ""Td %"": [""---"", ""23%""], ""Sub. att"": [""0"", ""0""], ""Rev."": [""0"", ""0""], ""Ctrl"": [""3:37"", ""6:20""]}], ""fighters"": [""Kennedy Nzechukwu"", ""Marcus Buchecha""]}",Per round RD1 9 of 18 - 50% 2 of 9 - 22% RD2 7 of 18 - 38% 25 of 35 - 71% RD3 8 of 12 - 66% 0 of 0 - 0% Landed Attempted
UFC Fight Night: Royval vs. Kape,http://ufcstats.com/event-details/bc0f994de0521926,http://ufcstats.com/fight-details/fc4ab243d21b795d,King Green | Lance Gibson Jr.,887961364be5ceb3 | 07bc580bdf3eb9c8,King Green,win,Decision - Split,3,5:00,Catch Weight,"{""rows"": [{""Fighter"": [""King Green"", ""Lance Gibson Jr.""], ""KD"": [""0"", ""0""], ""Sig. str."": [""65 of 141"", ""30 of 72""], ""Sig. str. %"": [""46%"", ""41%""], ""Total str."": [""74 of 150"", ""35 of 77""], ""Td"": [""1 of 2"", ""2 of 3""], ""Td %"": [""50%"", ""66%""], ""Sub. att"": [""0"", ""0""], ""Rev."": [""0"", ""0""], ""Ctrl"": [""0:44"", ""1:10""]}], ""fighters"": [""King Green"", ""Lance Gibson Jr.""]}",Per round RD1 22 of 51 - 43% 12 of 35 - 34% RD2 15 of 37 - 40% 13 of 25 - 52% RD3 28 of 53 - 52% 5 of 12 - 41% Landed Attempted
UFC Fight Night: Royval vs. Kape,http://ufcstats.com/event-details/bc0f994de0521926,http://ufcstats.com/fight-details/0fca825e14429c1f,Neil Magny | Yaroslav Amosov,84b3e7d38f2d2ec5 | f139d6836efd43dd,Yaroslav Amosov,win,Submission,1,3:14,Welterweight,"{""rows"": [{""Fighter"": [""Neil Magny"", ""Yaroslav Amosov""], ""KD"": [""0"", ""0""], ""Sig. str."": [""5 of 11"", ""9 of 19""], ""Sig. str. %"": [""45%"", ""47%""], ""Total str."": [""15 of 24"", ""13 of 27""], ""Td"": [""0 of 0"", ""1 of 2""], ""Td %"": [""---"", ""50%""], ""Sub. att"": [""0"", ""1""], ""Rev."": [""0"", ""0""], ""Ctrl"": [""0:00"", ""1:56""]}], ""fighters"": [""Neil Magny"", ""Yaroslav Amosov""]}",Per round RD1 5 of 11 - 45% 9 of 19 - 47% Landed Attempted
UFC Fight Night: Royval vs. Kape,http://ufcstats.com/event-details/bc0f994de0521926,http://ufcstats.com/fight-details/225e93ebed9b71b8,Joanderson Brito | Isaac Thomson,791c8437b341fba5 | 5d8006587d6a6711,Joanderson Brito,win,Decision - Unanimous,3,5:00,Featherweight,"{""rows"": [{""Fighter"": [""Joanderson Brito"", ""Isaac Thomson""], ""KD"": [""0"", ""0""], ""Sig. str."": [""33 of 57"", ""21 of 47""], ""Sig. str. %"": [""57%"", ""44%""], ""Total str."": [""66 of 93"", ""127 of 164""], ""Td"": [""8 of 12"", ""4 of 5""], ""Td %"": [""66%"", ""80%""], ""Sub. att"": [""2"", ""0""], ""Rev."": [""1"", ""1""], ""Ctrl"": [""7:59"", ""3:00""]}], ""fighters"": [""Joanderson Brito"", ""Isaac Thomson""]}",Per round RD1 4 of 7 - 57% 6 of 10 - 60% RD2 13 of 21 - 61% 7 of 16 - 43% RD3 16 of 29 - 55% 8 of 21 - 38% Landed Attempted
UFC Fight Night: Royval vs. Kape,http://ufcstats.com/event-details/bc0f994de0521926,http://ufcstats.com/fight-details/a2523a8565fe4361,Sean Sharaf | Steven Asplund,0f3a990526c5e706 | e56cee1ad697db04,Steven Asplund,win,KO/TKO,2,3:49,Heavyweight,"{""rows"": [{""Fighter"": [""Sean Sharaf"", ""Steven Asplund""], ""KD"": [""0"", ""0""], ""Sig. str."": [""66 of 153"", ""170 of 292""], ""Sig. str. %"": [""43%"", ""58%""], ""Total str."": [""66 of 154"", ""172 of 294""], ""Td"": [""0 of 1"", ""0 of 0""], ""Td %"": [""0%"", ""---""], ""Sub. att"": [""0"", ""0""], ""Rev."": [""0"", ""0""], ""Ctrl"": [""0:00"", ""0:03""]}], ""fighters"": [""Sean Sharaf"", ""Steven Asplund""]}",Per round RD1 43 of 89 - 48% 71 of 137 - 51% RD2 23 of 64 - 35% 99 of 155 - 63% Landed Attempted
UFC Fight Night: Royval vs. Kape,http://ufcstats.com/event-details/bc0f994de0521926,http://ufcstats.com/fight-details/ceb5b0f1f6daddf6,Melissa Croden | Luana Santos,51e2f44a8dbf6984 | 5078e1dacf9d25f4,Luana Santos,win,Decision - Unanimous,3,5:00,Women's Bantamweight,"{""rows"": [{""Fighter"": [""Melissa Croden"", ""Luana Santos""], ""KD"": [""0"", ""0""], ""Sig. str."": [""22 of 74"", ""12 of 24""], ""Sig. str. %"": [""29%"", ""50%""], ""Total str."": [""56 of 109"", ""93 of 110""], ""Td"": [""0 of 1"", ""3 of 7""], ""Td %"": [""0%"", ""42%""], ""Sub. att"": [""0"", ""1""], ""Rev."": [""1"", ""0""], ""Ctrl"": [""0:44"", ""9:21""]}], ""fighters"": [""Melissa Croden"", ""Luana Santos""]}",Per round RD1 7 of 27 - 25% 10 of 13 - 76% RD2 10 of 21 - 47% 2 of 8 - 25% RD3 5 of 26 - 19% 0 of 3 - 0% Landed Attempted
UFC Fight Night: Royval vs. Kape,http://ufcstats.com/event-details/bc0f994de0521926,http://ufcstats.com/fight-details/ac56a1052c4c8f63,Allen Frye Jr. | Guilherme Pat,73a78713bd899f4c | ba15006c804a8de0,Guilherme Pat,win,Decision - Unanimous,3,5:00,Heavyweight,"{""rows"": [{""Fighter"": [""Allen Frye Jr."", ""Guilherme Pat""], ""KD"": [""0"", ""0""], ""Sig. str."": [""33 of 86"", ""64 of 100""], ""Sig. str. %"": [""38%"", ""64%""], ""Total str."": [""73 of 132"", ""76 of 114""], ""Td"": [""0 of 0"", ""0 of 0""], ""Td %"": [""---"", ""---""], ""Sub. att"": [""0"", ""0""], ""Rev."": [""0"", ""0""], ""Ctrl"": [""7:55"", ""0:44""]}], ""fighters"": [""Allen Frye Jr."", ""Guilherme Pat""]}",Per round RD1 19 of 49 - 38% 24 of 35 - 68% RD2 10 of 25 - 40% 13 of 30 - 43% RD3 4 of 12 - 33% 27 of 35 - 77% Landed Attempted
UFC Fight Night: Royval vs. Kape,http://ufcstats.com/event-details/bc0f994de0521926,http://ufcstats.com/fight-details/71170fb7ade3e1f4,Jamey-Lyn Horth | Tereza Bleda,5c637af9472ae7cc | 59c438c81fbf3ece,Jamey-Lyn Horth,win,KO/TKO,1,2:05,Women's Flyweight,"{""rows"": [{""Fighter"": [""Jamey-Lyn Horth"", ""Tereza Bleda""], ""KD"": [""0"", ""0""], ""Sig. str."": [""16 of 22"", ""2 of 12""], ""Sig. str. %"": [""72%"", ""16%""], ""Total str."": [""18 of 24"", ""2 of 12""], ""Td"": [""0 of 0"", ""0 of 4""], ""Td %"": [""---"", ""0%""], ""Sub. att"": [""0"", ""0""], ""Rev."": [""0"", ""0""], ""Ctrl"": [""0:03"", ""1:20""]}], ""fighters"": [""Jamey-Lyn Horth"", ""Tereza Bleda""]}",Per round RD1 16 of 22 - 72% 2 of 12 - 16% Landed Attempted
UFC 323: Dvalishvili vs. Yan 2,http://ufcstats.com/event-details/bd92cf5da5413d2a,http://ufcstats.com/fight-details/4a0db214d9721d6e,Merab Dvalishvili | Petr Yan,c03520b5c88ed6b4 | d661ce4da776fc20,Petr Yan,win,Decision - Unanimous,5,5:00,Bantamweight,"{""rows"": [{""Fighter"": [""Merab Dvalishvili"", ""Petr Yan""], ""KD"": [""0"", ""0""], ""Sig. str."": [""134 of 383"", ""139 of 230""], ""Sig. str. %"": [""34%"", ""60%""], ""Total str."": [""196 of 458"", ""159 of 251""], ""Td"": [""2 of 29"", ""5 of 9""], ""Td %"": [""6%"", ""55%""], ""Sub. att"": [""2"", ""0""], ""Rev."": [""1"", ""0""], ""Ctrl"": [""5:12"", ""2:55""]}], ""fighters"": [""Merab Dvalishvili"", ""Petr Yan""]}",Per round RD1 22 of 68 - 32% 17 of 32 - 53% RD2 19 of 73 - 26% 21 of 34 - 61% RD3 21 of 62 - 33% 25 of 46 - 54% RD4 37 of 71 - 52% 38 of 55 - 69% RD5 35 of 109 - 32% 38 of 63 - 60% Landed Attempted
UFC 323: Dvalishvili vs. Yan 2,http://ufcstats.com/event-details/bd92cf5da5413d2a,http://ufcstats.com/fight-details/dfa692db6d39330c,Alexandre Pantoja | Joshua Van,a0f0004aadf10b71 | 17e97649403ba428,Joshua Van,win,KO/TKO,1,0:26,Flyweight,"{""rows"": [{""Fighter"": [""Alexandre Pantoja"", ""Joshua Van""], ""KD"": [""0"", ""0""], ""Sig. str."": [""6 of 11"", ""2 of 4""], ""Sig. str. %"": [""54%"", ""50%""], ""Total str."": [""6 of 11"", ""2 of 4""], ""Td"": [""0 of 0"", ""0 of 0""], ""Td %"": [""---"", ""---""], ""Sub. att"": [""0"", ""0""], ""Rev."": [""0"", ""0""], ""Ctrl"": [""0:00"", ""0:00""]}], ""fighters"": [""Alexandre Pantoja"", ""Joshua Van""]}",Per round RD1 6 of 11 - 54% 2 of 4 - 50% Landed Attempted
UFC 323: Dvalishvili vs. Yan 2,http://ufcstats.com/event-details/bd92cf5da5413d2a,http://ufcstats.com/fight-details/fbbb9e72900b71f5,Brandon Moreno | Tatsuro Taira,792be9a24df82ed6 | 4461d7e47375a895,Tatsuro Taira,win,KO/TKO,2,2:24,Flyweight,"{""rows"": [{""Fighter"": [""Brandon Moreno"", ""Tatsuro Taira""], ""KD"": [""0"", ""0""], ""Sig. str."": [""9 of 17"", ""28 of 48""], ""Sig. str. %"": [""52%"", ""58%""], ""Total str."": [""9 of 17"", ""45 of 65""], ""Td"": [""0 of 0"", ""1 of 4""], ""Td %"": [""---"", ""25%""], ""Sub. att"": [""1"", ""0""], ""Rev."": [""0"", ""1""], ""Ctrl"": [""0:05"", ""4:27""]}], ""fighters"": [""Brandon Moreno"", ""Tatsuro Taira""]}",Per round RD1 2 of 4 - 50% 2 of 9 - 22% RD2 7 of 13 - 53% 26 of 39 - 66% Landed Attempted
UFC 323: Dvalishvili vs. Yan 2,http://ufcstats.com/event-details/bd92cf5da5413d2a,http://ufcstats.com/fight-details/1dc29f4c6fcdd356,Henry Cejudo | Payton Talbott,056c493bbd76a918 | 6e743a33d56bdaa4,Payton Talbott,win,Decision - Unanimous,3,5:00,Bantamweight,"{""rows"": [{""Fighter"": [""Henry Cejudo"", ""Payton Talbott""], ""KD"": [""0"", ""1""], ""Sig. str."": [""60 of 116"", ""134 of 217""], ""Sig. str. %"": [""51%"", ""61%""], ""Total str."": [""77 of 136"", ""156 of 240""], ""Td"": [""1 of 7"", ""3 of 5""], ""Td %"": [""14%"", ""60%""], ""Sub. att"": [""0"", ""0""], ""Rev."": [""0"", ""0""], ""Ctrl"": [""2:39"", ""3:31""]}], ""fighters"": [""Henry Cejudo"", ""Payton Talbott""]}",Per round RD1 22 of 44 - 50% 40 of 57 - 70% RD2 18 of 38 - 47% 50 of 88 - 56% RD3 20 of 34 - 58% 44 of 72 - 61% Landed Attempted
UFC 323: Dvalishvili vs. Yan 2,http://ufcstats.com/event-details/bd92cf5da5413d2a,http://ufcstats.com/fight-details/6d6ab10cbaa45e8c,Jan Blachowicz | Bogdan Guskov,99df7d0a2a08a8a8 | ef5dcb10d2bd4b0f,,draw draw,Decision - Majority,3,5:00,Light Heavyweight,"{""rows"": [{""Fighter"": [""Jan Blachowicz"", ""Bogdan Guskov""], ""KD"": [""1"", ""1""], ""Sig. str."": [""84 of 149"", ""80 of 140""], ""Sig. str. %"": [""56%"", ""57%""], ""Total str."": [""100 of 173"", ""98 of 160""], ""Td"": [""0 of 0"", ""0 of 0""], ""Td %"": [""---"", ""---""], ""Sub. att"": [""1"", ""0""], ""Rev."": [""0"", ""0""], ""Ctrl"": [""0:08"", ""4:09""]}], ""fighters"": [""Jan Blachowicz"", ""Bogdan Guskov""]}",Per round RD1 25 of 52 - 48% 21 of 44 - 47% RD2 11 of 13 - 84% 32 of 51 - 62% RD3 48 of 84 - 57% 27 of 45 - 60% Landed Attempted
UFC 323: Dvalishvili vs. Yan 2,http://ufcstats.com/event-details/bd92cf5da5413d2a,http://ufcstats.com/fight-details/c797b58d85c840a4,Grant Dawson | Manuel Torres,99bd51917728c25d | 2e7878927067fdca,Manuel Torres,win,KO/TKO,1,2:25,Lightweight,"{""rows"": [{""Fighter"": [""Grant Dawson"", ""Manuel Torres""], ""KD"": [""0"", ""1""], ""Sig. str."": [""8 of 21"", ""9 of 17""], ""Sig. str. %"": [""38%"", ""52%""], ""Total str."": [""8 of 21"", ""9 of 17""], ""Td"": [""0 of 2"", ""0 of 0""], ""Td %"": [""0%"", ""---""], ""Sub. att"": [""0"", ""0""], ""Rev."": [""0"", ""0""], ""Ctrl"": [""0:00"", ""0:04""]}], ""fighters"": [""Grant Dawson"", ""Manuel Torres""]}",Per round RD1 8 of 21 - 38% 9 of 17 - 52% Landed Attempted
UFC 323: Dvalishvili vs. Yan 2,http://ufcstats.com/event-details/bd92cf5da5413d2a,http://ufcstats.com/fight-details/b3d2ac2244e4f791,Terrance McKinney | Chris Duncan,809bd1a871491508 | fd406a32a6fb3a29,Chris Duncan,win,Submission,1,2:30,Lightweight,"{""rows"": [{""Fighter"": [""Terrance McKinney"", ""Chris Duncan""], ""KD"": [""0"", ""1""], ""Sig. str."": [""31 of 57"", ""38 of 55""], ""Sig. str. %"": [""54%"", ""69%""], ""Total str."": [""31 of 57"", ""53 of 75""], ""Td"": [""0 of 0"", ""1 of 2""], ""Td %"": [""---"", ""50%""], ""Sub. att"": [""0"", ""1""], ""Rev."": [""0"", ""0""], ""Ctrl"": [""0:00"", ""1:10""]}], ""fighters"": [""Terrance McKinney"", ""Chris Duncan""]}",Per round RD1 31 of 57 - 54% 38 of 55 - 69% Landed Attempted
UFC 323: Dvalishvili vs. Yan 2,http://ufcstats.com/event-details/bd92cf5da5413d2a,http://ufcstats.com/fight-details/2417cc7bc1eea75b,Maycee Barber | Karine Silva,6a740daf1b279661 | 9d62c2d8ee151f08,Maycee Barber,win,Decision - Unanimous,3,5:00,Women's Flyweight,"{""rows"": [{""Fighter"": [""Maycee Barber"", ""Karine Silva""], ""KD"": [""0"", ""0""], ""Sig. str."": [""55 of 85"", ""21 of 45""], ""Sig. str. %"": [""64%"", ""46%""], ""Total str."": [""89 of 130"", ""57 of 87""], ""Td"": [""3 of 5"", ""2 of 3""], ""Td %"": [""60%"", ""66%""], ""Sub. att"": [""0"", ""0""], ""Rev."": [""1"", ""1""], ""Ctrl"": [""6:20"", ""3:28""]}], ""fighters"": [""Maycee Barber"", ""Karine Silva""]}",Per round RD1 15 of 31 - 48% 8 of 18 - 44% RD2 21 of 25 - 84% 11 of 16 - 68% RD3 19 of 29 - 65% 2 of 11 - 18% Landed Attempted
UFC 323: Dvalishvili vs. Yan 2,http://ufcstats.com/event-details/bd92cf5da5413d2a,http://ufcstats.com/fight-details/10a57b983e59f727,Nazim Sadykhov | Fares Ziam,ff62013d2fce6d13 | 1e4f273069fb9e85,Fares Ziam,win,KO/TKO,2,4:59,Lightweight,"{""rows"": [{""Fighter"": [""Nazim Sadykhov"", ""Fares Ziam""], ""KD"": [""0"", ""1""], ""Sig. str."": [""4 of 16"", ""31 of 49""], ""Sig. str. %"": [""25%"", ""63%""], ""Total str."": [""7 of 21"", ""76 of 96""], ""Td"": [""0 of 2"", ""2 of 5""], ""Td %"": [""0%"", ""40%""], ""Sub. att"": [""0"", ""2""], ""Rev."": [""0"", ""0""], ""Ctrl"": [""0:39"", ""5:58""]}], ""fighters"": [""Nazim Sadykhov"", ""Fares Ziam""]}",Per round RD1 0 of 1 - 0% 8 of 10 - 80% RD2 4 of 15 - 26% 23 of 39 - 58% Landed Attempted
UFC 323: Dvalishvili vs. Yan 2,http://ufcstats.com/event-details/bd92cf5da5413d2a,http://ufcstats.com/fight-details/3c683da1924b6c44,Marvin Vettori | Brunno Ferreira,7acbb0972e75281a | 1e719d4b676dc19a,Brunno Ferreira,win,Decision - Unanimous,3,5:00,Middleweight,"{""rows"": [{""Fighter"": [""Marvin Vettori"", ""Brunno Ferreira""], ""KD"": [""0"", ""0""], ""Sig. str."": [""88 of 186"", ""77 of 149""], ""Sig. str. %"": [""47%"", ""51%""], ""Total str."": [""90 of 188"", ""77 of 149""], ""Td"": [""1 of 4"", ""1 of 7""], ""Td %"": [""25%"", ""14%""], ""Sub. att"": [""0"", ""0""], ""Rev."": [""0"", ""0""], ""Ctrl"": [""1:08"", ""0:05""]}], ""fighters"": [""Marvin Vettori"", ""Brunno Ferreira""]}",Per round RD1 27 of 49 - 55% 25 of 47 - 53% RD2 31 of 71 - 43% 30 of 55 - 54% RD3 30 of 66 - 45% 22 of 47 - 46% Landed Attempted
UFC 323: Dvalishvili vs. Yan 2,http://ufcstats.com/event-details/bd92cf5da5413d2a,http://ufcstats.com/fight-details/7af407397532f7cf,Edson Barboza | Jalin Turner,64a50dad704d1d49 | 4d8fa64202cee4c1,Jalin Turner,win,KO/TKO,1,2:24,Lightweight,"{""rows"": [{""Fighter"": [""Edson Barboza"", ""Jalin Turner""], ""KD"": [""0"", ""2""], ""Sig. str."": [""10 of 20"", ""39 of 66""], ""Sig. str. %"": [""50%"", ""59%""], ""Total str."": [""10 of 20"", ""43 of 73""], ""Td"": [""0 of 0"", ""0 of 0""], ""Td %"": [""---"", ""---""], ""Sub. att"": [""0"", ""0""], ""Rev."": [""1"", ""0""], ""Ctrl"": [""0:07"", ""0:38""]}], ""fighters"": [""Edson Barboza"", ""Jalin Turner""]}",Per round RD1 10 of 20 - 50% 39 of 66 - 59% Landed Attempted
UFC 323: Dvalishvili vs. Yan 2,http://ufcstats.com/event-details/bd92cf5da5413d2a,http://ufcstats.com/fight-details/ea660db65bfa998f,Iwo Baraniewski | Ibo Aslan,1c23ec2f1b71be40 | 6e8f1bcdda94ff45,Iwo Baraniewski,win,KO/TKO,1,1:29,Light Heavyweight,"{""rows"": [{""Fighter"": [""Iwo Baraniewski"", ""Ibo Aslan""], ""KD"": [""2"", ""1""], ""Sig. str."": [""22 of 32"", ""30 of 53""], ""Sig. str. %"": [""68%"", ""56%""], ""Total str."": [""28 of 39"", ""31 of 54""], ""Td"": [""0 of 1"", ""0 of 1""], ""Td %"": [""0%"", ""0%""], ""Sub. att"": [""0"", ""0""], ""Rev."": [""0"", ""0""], ""Ctrl"": [""0:11"", ""0:06""]}], ""fighters"": [""Iwo Baraniewski"", ""Ibo Aslan""]}",Per round RD1 22 of 32 - 68% 30 of 53 - 56% Landed Attempted
UFC 323: Dvalishvili vs. Yan 2,http://ufcstats.com/event-details/bd92cf5da5413d2a,http://ufcstats.com/fight-details/964ea1777695851b,Mansur Abdul-Malik | Antonio Trocoli,841695e02c99a521 | 6d48a2df51749d91,Mansur Abdul-Malik,win,Submission,1,1:09,Middleweight,"{""rows"": [{""Fighter"": [""Mansur Abdul-Malik"", ""Antonio Trocoli""], ""KD"": [""0"", ""0""], ""Sig. str."": [""2 of 4"", ""3 of 6""], ""Sig. str. %"": [""50%"", ""50%""], ""Total str."": [""2 of 4"", ""3 of 6""], ""Td"": [""1 of 1"", ""0 of 1""], ""Td %"": [""100%"", ""0%""], ""Sub. att"": [""1"", ""0""], ""Rev."": [""0"", ""0""], ""Ctrl"": [""0:42"", ""0:00""]}], ""fighters"": [""Mansur Abdul-Malik"", ""Antonio Trocoli""]}",Per round RD1 2 of 4 - 50% 3 of 6 - 50% Landed Attempted
UFC 323: Dvalishvili vs. Yan 2,http://ufcstats.com/event-details/bd92cf5da5413d2a,http://ufcstats.com/fight-details/40fa4f8b4b93884e,Muhammad Naimov | Mairon Santos,8d11d9c13e2ccdf7 | 480779d7f9a424d3,Mairon Santos,win,KO/TKO,3,0:21,Featherweight,"{""rows"": [{""Fighter"": [""Muhammad Naimov"", ""Mairon Santos""], ""KD"": [""0"", ""1""], ""Sig. str."": [""18 of 48"", ""27 of 45""], ""Sig. str. %"": [""37%"", ""60%""], ""Total str."": [""35 of 69"", ""43 of 61""], ""Td"": [""0 of 5"", ""0 of 1""], ""Td %"": [""0%"", ""0%""], ""Sub. att"": [""0"", ""0""], ""Rev."": [""0"", ""0""], ""Ctrl"": [""2:08"", ""0:47""]}], ""fighters"": [""Muhammad Naimov"", ""Mairon Santos""]}",Per round RD1 11 of 18 - 61% 7 of 15 - 46% RD2 6 of 26 - 23% 16 of 24 - 66% RD3 1 of 4 - 25% 4 of 6 - 66% Landed Attempted
UFC Fight Night: Tsarukyan vs. Hooker,http://ufcstats.com/event-details/92c96df8bdab5fea,http://ufcstats.com/fight-details/5f5b626e67529056,Arman Tsarukyan | Dan Hooker,eae48ff31db420c2 | 193b9d1858bc4df3,Arman Tsarukyan,win,Submission,2,3:34,Lightweight,"{""rows"": [{""Fighter"": [""Arman Tsarukyan"", ""Dan Hooker""], ""KD"": [""0"", ""0""], ""Sig. str."": [""42 of 60"", ""10 of 33""], ""Sig. str. %"": [""70%"", ""30%""], ""Total str."": [""69 of 89"", ""17 of 41""], ""Td"": [""2 of 4"", ""0 of 0""], ""Td %"": [""50%"", ""---""], ""Sub. att"": [""1"", ""2""], ""Rev."": [""0"", ""0""], ""Ctrl"": [""6:02"", ""0:10""]}], ""fighters"": [""Arman Tsarukyan"", ""Dan Hooker""]}",Per round RD1 19 of 30 - 63% 5 of 20 - 25% RD2 23 of 30 - 76% 5 of 13 - 38% Landed Attempted
UFC Fight Night: Tsarukyan vs. Hooker,http://ufcstats.com/event-details/92c96df8bdab5fea,http://ufcstats.com/fight-details/b2218930b982d9b6,Belal Muhammad | Ian Machado Garry,b1b0729d27936f2f | 442c9011034ae1fd,Ian Machado Garry,win,Decision - Unanimous,3,5:00,Welterweight,"{""rows"": [{""Fighter"": [""Belal Muhammad"", ""Ian Machado Garry""], ""KD"": [""0"", ""0""], ""Sig. str."": [""56 of 139"", ""72 of 141""], ""Sig. str. %"": [""40%"", ""51%""], ""Total str."": [""97 of 197"", ""96 of 167""], ""Td"": [""0 of 7"", ""0 of 2""], ""Td %"": [""0%"", ""0%""], ""Sub. att"": [""0"", ""0""], ""Rev."": [""0"", ""0""], ""Ctrl"": [""3:35"", ""0:39""]}], ""fighters"": [""Belal Muhammad"", ""Ian Machado Garry""]}",Per round RD1 24 of 57 - 42% 27 of 53 - 50% RD2 11 of 33 - 33% 20 of 39 - 51% RD3 21 of 49 - 42% 25 of 49 - 51% Landed Attempted
UFC Fight Night: Tsarukyan vs. Hooker,http://ufcstats.com/event-details/92c96df8bdab5fea,http://ufcstats.com/fight-details/870d374f8d9af65a,Volkan Oezdemir | Alonzo Menifield,0845c81e37d3bcb3 | a495f599e787614f,Volkan Oezdemir,win,KO/TKO,1,1:27,Light Heavyweight,"{""rows"": [{""Fighter"": [""Volkan Oezdemir"", ""Alonzo Menifield""], ""KD"": [""1"", ""0""], ""Sig. str."": [""13 of 35"", ""2 of 7""], ""Sig. str. %"": [""37%"", ""28%""], ""Total str."": [""14 of 37"", ""2 of 7""], ""Td"": [""0 of 0"", ""0 of 0""], ""Td %"": [""---"", ""---""], ""Sub. att"": [""0"", ""0""], ""Rev."": [""0"", ""0""], ""Ctrl"": [""0:00"", ""0:00""]}], ""fighters"": [""Volkan Oezdemir"", ""Alonzo Menifield""]}",Per round RD1 13 of 35 - 37% 2 of 7 - 28% Landed Attempted
UFC Fight Night: Tsarukyan vs. Hooker,http://ufcstats.com/event-details/92c96df8bdab5fea,http://ufcstats.com/fight-details/8ed609d80e135d94,Jack Hermansson | Myktybek Orolbai,0a1942069c9ad6b6 | bf2c8e01b07d3eb1,Myktybek Orolbai,win,KO/TKO,1,2:46,Welterweight,"{""rows"": [{""Fighter"": [""Jack Hermansson"", ""Myktybek Orolbai""], ""KD"": [""0"", ""1""], ""Sig. str."": [""19 of 38"", ""15 of 33""], ""Sig. str. %"": [""50%"", ""45%""], ""Total str."": [""19 of 38"", ""15 of 33""], ""Td"": [""0 of 0"", ""0 of 0""], ""Td %"": [""---"", ""---""], ""Sub. att"": [""0"", ""0""], ""Rev."": [""0"", ""0""], ""Ctrl"": [""0:00"", ""0:03""]}], ""fighters"": [""Jack Hermansson"", ""Myktybek Orolbai""]}",Per round RD1 19 of 38 - 50% 15 of 33 - 45% Landed Attempted
UFC Fight Night: Tsarukyan vs. Hooker,http://ufcstats.com/event-details/92c96df8bdab5fea,http://ufcstats.com/fight-details/e8307c7686c42d8c,Waldo Cortes Acosta | Shamil Gaziev,fc08099550072fe4 | 6747ccd6d1acd266,Waldo Cortes Acosta,win,KO/TKO,1,1:22,Heavyweight,"{""rows"": [{""Fighter"": [""Waldo Cortes Acosta"", ""Shamil Gaziev""], ""KD"": [""2"", ""0""], ""Sig. str."": [""10 of 21"", ""6 of 15""], ""Sig. str. %"": [""47%"", ""40%""], ""Total str."": [""15 of 26"", ""6 of 15""], ""Td"": [""0 of 0"", ""0 of 0""], ""Td %"": [""---"", ""---""], ""Sub. att"": [""0"", ""0""], ""Rev."": [""0"", ""0""], ""Ctrl"": [""0:08"", ""0:00""]}], ""fighters"": [""Waldo Cortes Acosta"", ""Shamil Gaziev""]}",Per round RD1 10 of 21 - 47% 6 of 15 - 40% Landed Attempted
UFC Fight Night: Tsarukyan vs. Hooker,http://ufcstats.com/event-details/92c96df8bdab5fea,http://ufcstats.com/fight-details/00ee51bba08b7a08,Tagir Ulanbekov | Kyoji Horiguchi,f00ac08ab056af5d | 98aa60cf58071fd6,Kyoji Horiguchi,win,Submission,3,2:18,Flyweight,"{""rows"": [{""Fighter"": [""Tagir Ulanbekov"", ""Kyoji Horiguchi""], ""KD"": [""0"", ""2""], ""Sig. str."": [""6 of 27"", ""49 of 77""], ""Sig. str. %"": [""22%"", ""63%""], ""Total str."": [""10 of 32"", ""120 of 157""], ""Td"": [""1 of 2"", ""0 of 1""], ""Td %"": [""50%"", ""0%""], ""Sub. att"": [""1"", ""1""], ""Rev."": [""0"", ""0""], ""Ctrl"": [""1:25"", ""5:34""]}], ""fighters"": [""Tagir Ulanbekov"", ""Kyoji Horiguchi""]}",Per round RD1 5 of 24 - 20% 16 of 25 - 64% RD2 1 of 3 - 33% 13 of 24 - 54% RD3 0 of 0 - 0% 20 of 28 - 71% Landed Attempted
UFC Fight Night: Tsarukyan vs. Hooker,http://ufcstats.com/event-details/92c96df8bdab5fea,http://ufcstats.com/fight-details/5e6a74db89f5410c,Bogdan Grad | Luke Riley,fb37795db81f93f3 | b1de86d835638319,Luke Riley,win,KO/TKO,2,0:30,Featherweight,"{""rows"": [{""Fighter"": [""Bogdan Grad"", ""Luke Riley""], ""KD"": [""0"", ""1""], ""Sig. str."": [""7 of 13"", ""14 of 23""], ""Sig. str. %"": [""53%"", ""60%""], ""Total str."": [""17 of 24"", ""20 of 32""], ""Td"": [""4 of 7"", ""0 of 0""], ""Td %"": [""57%"", ""---""], ""Sub. att"": [""0"", ""0""], ""Rev."": [""0"", ""0""], ""Ctrl"": [""3:55"", ""0:15""]}], ""fighters"": [""Bogdan Grad"", ""Luke Riley""]}",Per round RD1 6 of 9 - 66% 3 of 7 - 42% RD2 1 of 4 - 25% 11 of 16 - 68% Landed Attempted
UFC Fight Night: Tsarukyan vs. Hooker,http://ufcstats.com/event-details/92c96df8bdab5fea,http://ufcstats.com/fight-details/c49485cedb878cf0,Nicolas Dalby | Saygid Izagakhmaev,9d19d9e4aa2662e8 | de26d906f2874dd4,Nicolas Dalby,win,Decision - Split,3,5:00,Welterweight,"{""rows"": [{""Fighter"": [""Nicolas Dalby"", ""Saygid Izagakhmaev""], ""KD"": [""0"", ""0""], ""Sig. str."": [""26 of 63"", ""20 of 34""], ""Sig. str. %"": [""41%"", ""58%""], ""Total str."": [""87 of 140"", ""65 of 88""], ""Td"": [""0 of 2"", ""4 of 10""], ""Td %"": [""0%"", ""40%""], ""Sub. att"": [""0"", ""0""], ""Rev."": [""1"", ""0""], ""Ctrl"": [""6:29"", ""5:18""]}], ""fighters"": [""Nicolas Dalby"", ""Saygid Izagakhmaev""]}",Per round RD1 5 of 15 - 33% 7 of 12 - 58% RD2 3 of 7 - 42% 2 of 4 - 50% RD3 18 of 41 - 43% 11 of 18 - 61% Landed Attempted
UFC Fight Night: Tsarukyan vs. Hooker,http://ufcstats.com/event-details/92c96df8bdab5fea,http://ufcstats.com/fight-details/443f30a4a856584a,Alex Perez | Asu Almabayev,ab2b4ff41d6ebe0f | 8d3273573b85be09,Asu Almabayev,win,Submission,3,0:22,Flyweight,"{""rows"": [{""Fighter"": [""Alex Perez"", ""Asu Almabayev""], ""KD"": [""0"", ""0""], ""Sig. str."": [""40 of 98"", ""36 of 90""], ""Sig. str. %"": [""40%"", ""40%""], ""Total str."": [""84 of 143"", ""68 of 126""], ""Td"": [""3 of 5"", ""2 of 5""], ""Td %"": [""60%"", ""40%""], ""Sub. att"": [""0"", ""1""], ""Rev."": [""0"", ""0""], ""Ctrl"": [""2:18"", ""1:12""]}], ""fighters"": [""Alex Perez"", ""Asu Almabayev""]}",Per round RD1 18 of 60 - 30% 20 of 45 - 44% RD2 21 of 37 - 56% 13 of 40 - 32% RD3 1 of 1 - 100% 3 of 5 - 60% Landed Attempted
UFC Fight Night: Tsarukyan vs. Hooker,http://ufcstats.com/event-details/92c96df8bdab5fea,http://ufcstats.com/fight-details/f5564a9eeebd4ea0,Abdul Rakhman Yakhyaev | Rafael Cerqueira,95aff2fd8d09a5f0 | 09a4447655fd4b7b,Abdul Rakhman Yakhyaev,win,Submission,1,0:33,Light Heavyweight,"{""rows"": [{""Fighter"": [""Abdul Rakhman Yakhyaev"", ""Rafael Cerqueira""], ""KD"": [""1"", ""0""], ""Sig. str."": [""6 of 10"", ""0 of 1""], ""Sig. str. %"": [""60%"", ""0%""], ""Total str."": [""11 of 16"", ""0 of 1""], ""Td"": [""1 of 1"", ""0 of 0""], ""Td %"": [""100%"", ""---""], ""Sub. att"": [""1"", ""0""], ""Rev."": [""0"", ""0""], ""Ctrl"": [""0:24"", ""0:00""]}], ""fighters"": [""Abdul Rakhman Yakhyaev"", ""Rafael Cerqueira""]}",Per round RD1 6 of 10 - 60% 0 of 1 - 0% Landed Attempted
UFC Fight Night: Tsarukyan vs. Hooker,http://ufcstats.com/event-details/92c96df8bdab5fea,http://ufcstats.com/fight-details/6f0231915cc28507,Bekzat Almakhan | Aleksandre Topuria,a4dc0f2b95df4cc1 | 4a6dff1b260bcf61,Aleksandre Topuria,win,Decision - Unanimous,3,5:00,Bantamweight,"{""rows"": [{""Fighter"": [""Bekzat Almakhan"", ""Aleksandre Topuria""], ""KD"": [""0"", ""0""], ""Sig. str."": [""39 of 119"", ""47 of 81""], ""Sig. str. %"": [""32%"", ""58%""], ""Total str."": [""42 of 122"", ""55 of 89""], ""Td"": [""0 of 1"", ""2 of 7""], ""Td %"": [""0%"", ""28%""], ""Sub. att"": [""0"", ""0""], ""Rev."": [""0"", ""0""], ""Ctrl"": [""0:01"", ""2:20""]}], ""fighters"": [""Bekzat Almakhan"", ""Aleksandre Topuria""]}",Per round RD1 12 of 39 - 30% 17 of 28 - 60% RD2 13 of 31 - 41% 15 of 26 - 57% RD3 14 of 49 - 28% 15 of 27 - 55% Landed Attempted
UFC Fight Night: Tsarukyan vs. Hooker,http://ufcstats.com/event-details/92c96df8bdab5fea,http://ufcstats.com/fight-details/335064c3380e2f10,Ismail Naurdiev | Ryan Loder,6a96ad1bc34fb113 | d5bab53a1a603aac,Ismail Naurdiev,win,KO/TKO,1,1:26,Middleweight,"{""rows"": [{""Fighter"": [""Ismail Naurdiev"", ""Ryan Loder""], ""KD"": [""1"", ""0""], ""Sig. str."": [""3 of 6"", ""1 of 4""], ""Sig. str. %"": [""50%"", ""25%""], ""Total str."": [""3 of 6"", ""1 of 4""], ""Td"": [""0 of 0"", ""0 of 0""], ""Td %"": [""---"", ""---""], ""Sub. att"": [""0"", ""0""], ""Rev."": [""0"", ""0""], ""Ctrl"": [""0:02"", ""0:00""]}], ""fighters"": [""Ismail Naurdiev"", ""Ryan Loder""]}",Per round RD1 3 of 6 - 50% 1 of 4 - 25% Landed Attempted
UFC Fight Night: Tsarukyan vs. Hooker,http://ufcstats.com/event-details/92c96df8bdab5fea,http://ufcstats.com/fight-details/46f81d5ecd974c1c,Nurullo Aliev | Shem Rock,ca28cdf526d6b6e9 | 52b6bf4528130e86,Nurullo Aliev,win,Decision - Unanimous,3,5:00,Lightweight,"{""rows"": [{""Fighter"": [""Nurullo Aliev"", ""Shem Rock""], ""KD"": [""0"", ""0""], ""Sig. str."": [""51 of 117"", ""44 of 104""], ""Sig. str. %"": [""43%"", ""42%""], ""Total str."": [""63 of 133"", ""77 of 141""], ""Td"": [""1 of 5"", ""1 of 9""], ""Td %"": [""20%"", ""11%""], ""Sub. att"": [""1"", ""0""], ""Rev."": [""0"", ""0""], ""Ctrl"": [""3:44"", ""0:32""]}], ""fighters"": [""Nurullo Aliev"", ""Shem Rock""]}",Per round RD1 28 of 53 - 52% 12 of 29 - 41% RD2 14 of 45 - 31% 20 of 44 - 45% RD3 9 of 19 - 47% 12 of 31 - 38% Landed Attempted
UFC Fight Night: Tsarukyan vs. Hooker,http://ufcstats.com/event-details/92c96df8bdab5fea,http://ufcstats.com/fight-details/9027e156c6f1988a,Marek Bujlo | Denzel Freeman,ac0874309da489b9 | b5c19c34f12c917e,Denzel Freeman,win,Decision - Unanimous,3,5:00,Heavyweight,"{""rows"": [{""Fighter"": [""Marek Bujlo"", ""Denzel Freeman""], ""KD"": [""0"", ""0""], ""Sig. str."": [""31 of 80"", ""49 of 79""], ""Sig. str. %"": [""38%"", ""62%""], ""Total str."": [""31 of 80"", ""49 of 79""], ""Td"": [""0 of 0"", ""0 of 0""], ""Td %"": [""---"", ""---""], ""Sub. att"": [""0"", ""0""], ""Rev."": [""0"", ""0""], ""Ctrl"": [""0:28"", ""0:00""]}], ""fighters"": [""Marek Bujlo"", ""Denzel Freeman""]}",Per round RD1 14 of 26 - 53% 13 of 22 - 59% RD2 14 of 28 - 50% 15 of 24 - 62% RD3 3 of 26 - 11% 21 of 33 - 63% Landed Attempted
UFC 322: Della Maddalena vs. Makhachev,http://ufcstats.com/event-details/8db1b36dde268ef6,http://ufcstats.com/fight-details/856f6ee049373843,Jack Della Maddalena | Islam Makhachev,6b453bc35a823c3f | 275aca31f61ba28c,Islam Makhachev,win,Decision - Unanimous,5,5:00,Welterweight,"{""rows"": [{""Fighter"": [""Jack Della Maddalena"", ""Islam Makhachev""], ""KD"": [""0"", ""0""], ""Sig. str."": [""18 of 61"", ""30 of 57""], ""Sig. str. %"": [""29%"", ""52%""], ""Total str."": [""30 of 74"", ""140 of 188""], ""Td"": [""0 of 1"", ""4 of 4""], ""Td %"": [""0%"", ""100%""], ""Sub. att"": [""0"", ""0""], ""Rev."": [""0"", ""0""], ""Ctrl"": [""0:00"", ""19:10""]}], ""fighters"": [""Jack Della Maddalena"", ""Islam Makhachev""]}",Per round RD1 4 of 18 - 22% 3 of 8 - 37% RD2 3 of 6 - 50% 9 of 17 - 52% RD3 9 of 20 - 45% 11 of 18 - 61% RD4 1 of 11 - 9% 7 of 12 - 58% RD5 1 of 6 - 16% 0 of 2 - 0% Landed Attempted
UFC 322: Della Maddalena vs. Makhachev,http://ufcstats.com/event-details/8db1b36dde268ef6,http://ufcstats.com/fight-details/7606f6b6c19f2d73,Valentina Shevchenko | Zhang Weili,132deb59abae64b1 | 1ebe20ebbfa15e29,Valentina Shevchenko,win,Decision - Unanimous,5,5:00,Women's Flyweight,"{""rows"": [{""Fighter"": [""Valentina Shevchenko"", ""Zhang Weili""], ""KD"": [""0"", ""0""], ""Sig. str."": [""41 of 68"", ""32 of 98""], ""Sig. str. %"": [""60%"", ""32%""], ""Total str."": [""137 of 186"", ""80 of 161""], ""Td"": [""5 of 6"", ""0 of 1""], ""Td %"": [""83%"", ""0%""], ""Sub. att"": [""0"", ""0""], ""Rev."": [""0"", ""0""], ""Ctrl"": [""13:24"", ""0:46""]}], ""fighters"": [""Valentina Shevchenko"", ""Zhang Weili""]}",Per round RD1 8 of 13 - 61% 7 of 17 - 41% RD2 9 of 10 - 90% 1 of 8 - 12% RD3 7 of 18 - 38% 9 of 26 - 34% RD4 13 of 21 - 61% 10 of 30 - 33% RD5 4 of 6 - 66% 5 of 17 - 29% Landed Attempted
UFC 322: Della Maddalena vs. Makhachev,http://ufcstats.com/event-details/8db1b36dde268ef6,http://ufcstats.com/fight-details/477af74ea3cbba8b,Sean Brady | Michael Morales,45f7cb591c3ab00b | c32aeb1a59e6272d,Michael Morales,win,KO/TKO,1,3:27,Welterweight,"{""rows"": [{""Fighter"": [""Sean Brady"", ""Michael Morales""], ""KD"": [""0"", ""1""], ""Sig. str."": [""8 of 22"", ""24 of 52""], ""Sig. str. %"": [""36%"", ""46%""], ""Total str."": [""8 of 22"", ""24 of 52""], ""Td"": [""0 of 1"", ""0 of 0""], ""Td %"": [""0%"", ""---""], ""Sub. att"": [""0"", ""0""], ""Rev."": [""0"", ""0""], ""Ctrl"": [""0:00"", ""0:02""]}], ""fighters"": [""Sean Brady"", ""Michael Morales""]}",Per round RD1 8 of 22 - 36% 24 of 52 - 46% Landed Attempted
UFC 322: Della Maddalena vs. Makhachev,http://ufcstats.com/event-details/8db1b36dde268ef6,http://ufcstats.com/fight-details/3c60884853766487,Leon Edwards | Carlos Prates,f1fac969a1d70b08 | 7ee0fd831c0fe7c3,Carlos Prates,win,KO/TKO,2,1:28,Welterweight,"{""rows"": [{""Fighter"": [""Leon Edwards"", ""Carlos Prates""], ""KD"": [""0"", ""1""], ""Sig. str."": [""12 of 17"", ""21 of 32""], ""Sig. str. %"": [""70%"", ""65%""], ""Total str."": [""25 of 30"", ""24 of 35""], ""Td"": [""2 of 3"", ""0 of 0""], ""Td %"": [""66%"", ""---""], ""Sub. att"": [""0"", ""0""], ""Rev."": [""0"", ""0""], ""Ctrl"": [""3:00"", ""0:01""]}], ""fighters"": [""Leon Edwards"", ""Carlos Prates""]}",Per round RD1 7 of 10 - 70% 9 of 17 - 52% RD2 5 of 7 - 71% 12 of 15 - 80% Landed Attempted
UFC 322: Della Maddalena vs. Makhachev,http://ufcstats.com/event-details/8db1b36dde268ef6,http://ufcstats.com/fight-details/9b5f190cd3f5ce16,Beneil Dariush | Benoit Saint Denis,08af939f41b5a57b | c2299ec916bc7c56,Benoit Saint Denis,win,KO/TKO,1,0:16,Lightweight,"{""rows"": [{""Fighter"": [""Beneil Dariush"", ""Benoit Saint Denis""], ""KD"": [""0"", ""1""], ""Sig. str."": [""3 of 5"", ""3 of 5""], ""Sig. str. %"": [""60%"", ""60%""], ""Total str."": [""3 of 5"", ""3 of 5""], ""Td"": [""0 of 0"", ""0 of 0""], ""Td %"": [""---"", ""---""], ""Sub. att"": [""0"", ""0""], ""Rev."": [""0"", ""0""], ""Ctrl"": [""0:00"", ""0:00""]}], ""fighters"": [""Beneil Dariush"", ""Benoit Saint Denis""]}",Per round RD1 3 of 5 - 60% 3 of 5 - 60% Landed Attempted
UFC 322: Della Maddalena vs. Makhachev,http://ufcstats.com/event-details/8db1b36dde268ef6,http://ufcstats.com/fight-details/292b83afa418635f,Bo Nickal | Rodolfo Vieira,35673bf5204524ee | 260e9e0d4954aea6,Bo Nickal,win,KO/TKO,3,2:24,Middleweight,"{""rows"": [{""Fighter"": [""Bo Nickal"", ""Rodolfo Vieira""], ""KD"": [""1"", ""0""], ""Sig. str."": [""77 of 121"", ""24 of 64""], ""Sig. str. %"": [""63%"", ""37%""], ""Total str."": [""94 of 143"", ""31 of 71""], ""Td"": [""2 of 3"", ""0 of 6""], ""Td %"": [""66%"", ""0%""], ""Sub. att"": [""1"", ""0""], ""Rev."": [""0"", ""0""], ""Ctrl"": [""1:28"", ""1:00""]}], ""fighters"": [""Bo Nickal"", ""Rodolfo Vieira""]}",Per round RD1 28 of 46 - 60% 7 of 19 - 36% RD2 38 of 59 - 64% 14 of 39 - 35% RD3 11 of 16 - 68% 3 of 6 - 50% Landed Attempted
UFC 322: Della Maddalena vs. Makhachev,http://ufcstats.com/event-details/8db1b36dde268ef6,http://ufcstats.com/fight-details/ebb012c5f3fd0cbb,Roman Kopylov | Gregory Rodrigues,9d83f6da776ff7d6 | d1c65d2cf2925ddd,Gregory Rodrigues,win,Decision - Unanimous,3,5:00,Middleweight,"{""rows"": [{""Fighter"": [""Roman Kopylov"", ""Gregory Rodrigues""], ""KD"": [""0"", ""0""], ""Sig. str."": [""52 of 105"", ""90 of 173""], ""Sig. str. %"": [""49%"", ""52%""], ""Total str."": [""54 of 109"", ""91 of 174""], ""Td"": [""2 of 2"", ""0 of 4""], ""Td %"": [""100%"", ""0%""], ""Sub. att"": [""0"", ""1""], ""Rev."": [""0"", ""0""], ""Ctrl"": [""0:35"", ""0:24""]}], ""fighters"": [""Roman Kopylov"", ""Gregory Rodrigues""]}",Per round RD1 9 of 16 - 56% 20 of 35 - 57% RD2 23 of 36 - 63% 37 of 70 - 52% RD3 20 of 53 - 37% 33 of 68 - 48% Landed Attempted
UFC 322: Della Maddalena vs. Makhachev,http://ufcstats.com/event-details/8db1b36dde268ef6,http://ufcstats.com/fight-details/909cd8633507a0c8,Erin Blanchfield | Tracy Cortez,669970f7feba8ecd | 68d4a891e5cf2029,Erin Blanchfield,win,Submission,2,4:44,Women's Flyweight,"{""rows"": [{""Fighter"": [""Erin Blanchfield"", ""Tracy Cortez""], ""KD"": [""0"", ""0""], ""Sig. str."": [""52 of 116"", ""46 of 104""], ""Sig. str. %"": [""44%"", ""44%""], ""Total str."": [""65 of 134"", ""50 of 108""], ""Td"": [""2 of 3"", ""1 of 3""], ""Td %"": [""66%"", ""33%""], ""Sub. att"": [""1"", ""0""], ""Rev."": [""1"", ""0""], ""Ctrl"": [""2:43"", ""0:30""]}], ""fighters"": [""Erin Blanchfield"", ""Tracy Cortez""]}",Per round RD1 43 of 92 - 46% 32 of 76 - 42% RD2 9 of 24 - 37% 14 of 28 - 50% Landed Attempted
UFC 322: Della Maddalena vs. Makhachev,http://ufcstats.com/event-details/8db1b36dde268ef6,http://ufcstats.com/fight-details/e313286b307334a7,Malcolm Wellmaker | Ethyn Ewing,2e45d08b3f2f02c8 | d776b5814f2400b4,Ethyn Ewing,win,Decision - Unanimous,3,5:00,Featherweight,"{""rows"": [{""Fighter"": [""Malcolm Wellmaker"", ""Ethyn Ewing""], ""KD"": [""0"", ""0""], ""Sig. str."": [""77 of 146"", ""85 of 163""], ""Sig. str. %"": [""52%"", ""52%""], ""Total str."": [""82 of 151"", ""99 of 179""], ""Td"": [""0 of 3"", ""3 of 5""], ""Td %"": [""0%"", ""60%""], ""Sub. att"": [""0"", ""0""], ""Rev."": [""0"", ""0""], ""Ctrl"": [""1:11"", ""1:19""]}], ""fighters"": [""Malcolm Wellmaker"", ""Ethyn Ewing""]}",Per round RD1 21 of 27 - 77% 12 of 29 - 41% RD2 34 of 68 - 50% 41 of 72 - 56% RD3 22 of 51 - 43% 32 of 62 - 51% Landed Attempted
UFC 322: Della Maddalena vs. Makhachev,http://ufcstats.com/event-details/8db1b36dde268ef6,http://ufcstats.com/fight-details/9bbdc2a2ab334541,Kyle Daukaus | Gerald Meerschaert,d6c0cdd7e467c440 | 6ac9bc2953c47345,Kyle Daukaus,win,Submission,1,0:50,Middleweight,"{""rows"": [{""Fighter"": [""Kyle Daukaus"", ""Gerald Meerschaert""], ""KD"": [""1"", ""0""], ""Sig. str."": [""8 of 11"", ""0 of 2""], ""Sig. str. %"": [""72%"", ""0%""], ""Total str."": [""8 of 11"", ""0 of 2""], ""Td"": [""0 of 0"", ""0 of 0""], ""Td %"": [""---"", ""---""], ""Sub. att"": [""1"", ""0""], ""Rev."": [""0"", ""0""], ""Ctrl"": [""0:17"", ""0:00""]}], ""fighters"": [""Kyle Daukaus"", ""Gerald Meerschaert""]}",Per round RD1 8 of 11 - 72% 0 of 2 - 0% Landed Attempted
UFC 322: Della Maddalena vs. Makhachev,http://ufcstats.com/event-details/8db1b36dde268ef6,http://ufcstats.com/fight-details/e3cbd663732f4a98,Pat Sabatini | Chepe Mariscal,b8bbdeff718dbb7d | e0c6edcb5b5d0b90,Pat Sabatini,win,Decision - Unanimous,3,5:00,Featherweight,"{""rows"": [{""Fighter"": [""Pat Sabatini"", ""Chepe Mariscal""], ""KD"": [""0"", ""0""], ""Sig. str."": [""12 of 29"", ""7 of 19""], ""Sig. str. %"": [""41%"", ""36%""], ""Total str."": [""40 of 61"", ""48 of 71""], ""Td"": [""7 of 12"", ""0 of 0""], ""Td %"": [""58%"", ""---""], ""Sub. att"": [""0"", ""0""], ""Rev."": [""0"", ""1""], ""Ctrl"": [""10:37"", ""0:48""]}], ""fighters"": [""Pat Sabatini"", ""Chepe Mariscal""]}",Per round RD1 4 of 11 - 36% 1 of 4 - 25% RD2 7 of 13 - 53% 5 of 10 - 50% RD3 1 of 5 - 20% 1 of 5 - 20% Landed Attempted
UFC 322: Della Maddalena vs. Makhachev,http://ufcstats.com/event-details/8db1b36dde268ef6,http://ufcstats.com/fight-details/6c2c6a6e3f4d04db,Angela Hill | Fatima Kline,f0feeb2192937424 | 745fa7b605f8e2da,Fatima Kline,win,Decision - Unanimous,3,5:00,Women's Strawweight,"{""rows"": [{""Fighter"": [""Angela Hill"", ""Fatima Kline""], ""KD"": [""0"", ""0""], ""Sig. str."": [""56 of 120"", ""115 of 223""], ""Sig. str. %"": [""46%"", ""51%""], ""Total str."": [""65 of 137"", ""152 of 268""], ""Td"": [""0 of 0"", ""4 of 7""], ""Td %"": [""---"", ""57%""], ""Sub. att"": [""0"", ""0""], ""Rev."": [""0"", ""0""], ""Ctrl"": [""0:29"", ""5:16""]}], ""fighters"": [""Angela Hill"", ""Fatima Kline""]}",Per round RD1 9 of 26 - 34% 25 of 44 - 56% RD2 28 of 51 - 54% 37 of 82 - 45% RD3 19 of 43 - 44% 53 of 97 - 54% Landed Attempted
UFC 322: Della Maddalena vs. Makhachev,http://ufcstats.com/event-details/8db1b36dde268ef6,http://ufcstats.com/fight-details/c037cf1f7b429d5e,Baisangur Susurkaev | Eric McConico,d1feea7a4bdcd503 | 9508cc6184cb2450,Baisangur Susurkaev,win,KO/TKO,3,1:38,Middleweight,"{""rows"": [{""Fighter"": [""Baisangur Susurkaev"", ""Eric McConico""], ""KD"": [""1"", ""0""], ""Sig. str."": [""53 of 88"", ""53 of 107""], ""Sig. str. %"": [""60%"", ""49%""], ""Total str."": [""105 of 143"", ""90 of 150""], ""Td"": [""2 of 7"", ""0 of 0""], ""Td %"": [""28%"", ""---""], ""Sub. att"": [""0"", ""0""], ""Rev."": [""0"", ""0""], ""Ctrl"": [""3:13"", ""2:17""]}], ""fighters"": [""Baisangur Susurkaev"", ""Eric McConico""]}",Per round RD1 13 of 17 - 76% 17 of 29 - 58% RD2 25 of 43 - 58% 29 of 54 - 53% RD3 15 of 28 - 53% 7 of 24 - 29% Landed Attempted
UFC 322: Della Maddalena vs. Makhachev,http://ufcstats.com/event-details/8db1b36dde268ef6,http://ufcstats.com/fight-details/1a5378e32e8519ef,Viacheslav Borshchev | Matheus Camilo,19c591115a58982c | 72f890c5d421e705,Matheus Camilo,win,Decision - Unanimous,3,5:00,Lightweight,"{""rows"": [{""Fighter"": [""Viacheslav Borshchev"", ""Matheus Camilo""], ""KD"": [""0"", ""0""], ""Sig. str."": [""65 of 188"", ""39 of 93""], ""Sig. str. %"": [""34%"", ""41%""], ""Total str."": [""78 of 201"", ""48 of 104""], ""Td"": [""0 of 0"", ""5 of 10""], ""Td %"": [""---"", ""50%""], ""Sub. att"": [""0"", ""0""], ""Rev."": [""1"", ""0""], ""Ctrl"": [""0:24"", ""3:22""]}], ""fighters"": [""Viacheslav Borshchev"", ""Matheus Camilo""]}",Per round RD1 9 of 41 - 21% 12 of 30 - 40% RD2 19 of 46 - 41% 10 of 22 - 45% RD3 37 of 101 - 36% 17 of 41 - 41% Landed Attempted
UFC Fight Night: Bonfim vs. Brown,http://ufcstats.com/event-details/6436029b50a9c255,http://ufcstats.com/fight-details/4e224ebb6394611d,Gabriel Bonfim | Randy Brown,01641ba5df0c69b0 | c6aee362c7a7d482,Gabriel Bonfim,win,KO/TKO,2,1:40,Welterweight,"{""rows"": [{""Fighter"": [""Gabriel Bonfim"", ""Randy Brown""], ""KD"": [""1"", ""0""], ""Sig. str."": [""35 of 64"", ""33 of 87""], ""Sig. str. %"": [""54%"", ""37%""], ""Total str."": [""35 of 64"", ""33 of 87""], ""Td"": [""0 of 0"", ""0 of 0""], ""Td %"": [""---"", ""---""], ""Sub. att"": [""0"", ""0""], ""Rev."": [""0"", ""0""], ""Ctrl"": [""0:00"", ""0:00""]}], ""fighters"": [""Gabriel Bonfim"", ""Randy Brown""]}",Per round RD1 24 of 43 - 55% 19 of 61 - 31% RD2 11 of 21 - 52% 14 of 26 - 53% Landed Attempted
UFC Fight Night: Bonfim vs. Brown,http://ufcstats.com/event-details/6436029b50a9c255,http://ufcstats.com/fight-details/f7e9bd2d6f81aeae,Matt Schnell | Joseph Morales,67c1d46f4ed16f9e | 2fe9032955c2e013,Joseph Morales,win,Submission,1,2:54,Flyweight,"{""rows"": [{""Fighter"": [""Matt Schnell"", ""Joseph Morales""], ""KD"": [""0"", ""0""], ""Sig. str."": [""4 of 11"", ""5 of 11""], ""Sig. str. %"": [""36%"", ""45%""], ""Total str."": [""5 of 12"", ""12 of 18""], ""Td"": [""1 of 1"", ""0 of 0""], ""Td %"": [""100%"", ""---""], ""Sub. att"": [""0"", ""1""], ""Rev."": [""1"", ""1""], ""Ctrl"": [""0:15"", ""1:12""]}], ""fighters"": [""Matt Schnell"", ""Joseph Morales""]}",Per round RD1 4 of 11 - 36% 5 of 11 - 45% Landed Attempted
UFC Fight Night: Bonfim vs. Brown,http://ufcstats.com/event-details/6436029b50a9c255,http://ufcstats.com/fight-details/b23fa678cc65cf5b,Muslim Salikhov | Uros Medic,447f9858ae78f921 | 681399317dbf4701,Uros Medic,win,KO/TKO,1,1:03,Welterweight,"{""rows"": [{""Fighter"": [""Muslim Salikhov"", ""Uros Medic""], ""KD"": [""0"", ""1""], ""Sig. str."": [""2 of 5"", ""8 of 13""], ""Sig. str. %"": [""40%"", ""61%""], ""Total str."": [""2 of 5"", ""9 of 14""], ""Td"": [""0 of 0"", ""0 of 0""], ""Td %"": [""---"", ""---""], ""Sub. att"": [""0"", ""0""], ""Rev."": [""0"", ""0""], ""Ctrl"": [""0:00"", ""0:05""]}], ""fighters"": [""Muslim Salikhov"", ""Uros Medic""]}",Per round RD1 2 of 5 - 40% 8 of 13 - 61% Landed Attempted
UFC Fight Night: Bonfim vs. Brown,http://ufcstats.com/event-details/6436029b50a9c255,http://ufcstats.com/fight-details/20971ed9a842b0cb,Chris Padilla | Ismael Bonfim,06626b6287e1ae1e | eb393afdbe3293d5,Chris Padilla,win,KO/TKO,2,4:30,Lightweight,"{""rows"": [{""Fighter"": [""Chris Padilla"", ""Ismael Bonfim""], ""KD"": [""0"", ""0""], ""Sig. str."": [""64 of 109"", ""42 of 84""], ""Sig. str. %"": [""58%"", ""50%""], ""Total str."": [""88 of 134"", ""47 of 89""], ""Td"": [""0 of 0"", ""1 of 3""], ""Td %"": [""---"", ""33%""], ""Sub. att"": [""0"", ""0""], ""Rev."": [""0"", ""0""], ""Ctrl"": [""3:21"", ""0:15""]}], ""fighters"": [""Chris Padilla"", ""Ismael Bonfim""]}",Per round RD1 17 of 31 - 54% 14 of 28 - 50% RD2 47 of 78 - 60% 28 of 56 - 50% Landed Attempted
UFC Fight Night: Bonfim vs. Brown,http://ufcstats.com/event-details/6436029b50a9c255,http://ufcstats.com/fight-details/ac4343150638b635,Christian Leroy Duncan | Marco Tulio,a93f94c923c3a9cb | 9384e71bca6c409d,Christian Leroy Duncan,win,KO/TKO,2,3:20,Middleweight,"{""rows"": [{""Fighter"": [""Christian Leroy Duncan"", ""Marco Tulio""], ""KD"": [""1"", ""0""], ""Sig. str."": [""23 of 46"", ""27 of 57""], ""Sig. str. %"": [""50%"", ""47%""], ""Total str."": [""40 of 66"", ""42 of 75""], ""Td"": [""1 of 1"", ""2 of 5""], ""Td %"": [""100%"", ""40%""], ""Sub. att"": [""0"", ""0""], ""Rev."": [""0"", ""0""], ""Ctrl"": [""1:10"", ""2:33""]}], ""fighters"": [""Christian Leroy Duncan"", ""Marco Tulio""]}",Per round RD1 8 of 18 - 44% 8 of 17 - 47% RD2 15 of 28 - 53% 19 of 40 - 47% Landed Attempted
UFC Fight Night: Bonfim vs. Brown,http://ufcstats.com/event-details/6436029b50a9c255,http://ufcstats.com/fight-details/e3d657dd88864ba7,Hyder Amil | Jamall Emmers,41cc71cbf210e0fe | e00a3dee329a51f7,Jamall Emmers,win,Decision - Unanimous,3,5:00,Featherweight,"{""rows"": [{""Fighter"": [""Hyder Amil"", ""Jamall Emmers""], ""KD"": [""0"", ""0""], ""Sig. str."": [""47 of 125"", ""50 of 101""], ""Sig. str. %"": [""37%"", ""49%""], ""Total str."": [""80 of 164"", ""83 of 141""], ""Td"": [""0 of 1"", ""7 of 8""], ""Td %"": [""0%"", ""87%""], ""Sub. att"": [""0"", ""1""], ""Rev."": [""0"", ""0""], ""Ctrl"": [""0:17"", ""8:35""]}], ""fighters"": [""Hyder Amil"", ""Jamall Emmers""]}",Per round RD1 33 of 90 - 36% 28 of 65 - 43% RD2 12 of 29 - 41% 13 of 23 - 56% RD3 2 of 6 - 33% 9 of 13 - 69% Landed Attempted
UFC Fight Night: Bonfim vs. Brown,http://ufcstats.com/event-details/6436029b50a9c255,http://ufcstats.com/fight-details/c6d56aad93f98249,Ricky Simon | Raoni Barcelos,5987b2458f4b5290 | b9f28e7045fdfce7,Raoni Barcelos,win,Decision - Unanimous,3,5:00,Bantamweight,"{""rows"": [{""Fighter"": [""Ricky Simon"", ""Raoni Barcelos""], ""KD"": [""0"", ""0""], ""Sig. str."": [""67 of 181"", ""82 of 187""], ""Sig. str. %"": [""37%"", ""43%""], ""Total str."": [""77 of 191"", ""86 of 194""], ""Td"": [""0 of 6"", ""1 of 8""], ""Td %"": [""0%"", ""12%""], ""Sub. att"": [""0"", ""0""], ""Rev."": [""1"", ""0""], ""Ctrl"": [""1:25"", ""0:09""]}], ""fighters"": [""Ricky Simon"", ""Raoni Barcelos""]}",Per round RD1 24 of 52 - 46% 16 of 33 - 48% RD2 16 of 47 - 34% 32 of 71 - 45% RD3 27 of 82 - 32% 34 of 83 - 40% Landed Attempted
UFC Fight Night: Bonfim vs. Brown,http://ufcstats.com/event-details/6436029b50a9c255,http://ufcstats.com/fight-details/80eae31bc0a94a65,Mayra Bueno Silva | Jacqueline Cavalcanti,cc8c623cca88f54f | e3964ece586e0635,Jacqueline Cavalcanti,win,Decision - Unanimous,3,5:00,Women's Bantamweight,"{""rows"": [{""Fighter"": [""Mayra Bueno Silva"", ""Jacqueline Cavalcanti""], ""KD"": [""0"", ""0""], ""Sig. str."": [""39 of 97"", ""80 of 164""], ""Sig. str. %"": [""40%"", ""48%""], ""Total str."": [""46 of 107"", ""87 of 172""], ""Td"": [""0 of 4"", ""0 of 0""], ""Td %"": [""0%"", ""---""], ""Sub. att"": [""0"", ""0""], ""Rev."": [""0"", ""0""], ""Ctrl"": [""1:12"", ""0:55""]}], ""fighters"": [""Mayra Bueno Silva"", ""Jacqueline Cavalcanti""]}",Per round RD1 9 of 24 - 37% 21 of 40 - 52% RD2 16 of 31 - 51% 23 of 57 - 40% RD3 14 of 42 - 33% 36 of 67 - 53% Landed Attempted
UFC Fight Night: Bonfim vs. Brown,http://ufcstats.com/event-details/6436029b50a9c255,http://ufcstats.com/fight-details/87dcb3eab20f6ac1,Josh Hokit | Max Gimenis,955da1675ad58a50 | 6a311920edd73c85,Josh Hokit,win,KO/TKO,1,0:56,Heavyweight,"{""rows"": [{""Fighter"": [""Josh Hokit"", ""Max Gimenis""], ""KD"": [""2"", ""0""], ""Sig. str."": [""9 of 17"", ""3 of 7""], ""Sig. str. %"": [""52%"", ""42%""], ""Total str."": [""11 of 19"", ""3 of 7""], ""Td"": [""0 of 0"", ""0 of 0""], ""Td %"": [""---"", ""---""], ""Sub. att"": [""0"", ""0""], ""Rev."": [""0"", ""0""], ""Ctrl"": [""0:08"", ""0:00""]}], ""fighters"": [""Josh Hokit"", ""Max Gimenis""]}",Per round RD1 9 of 17 - 52% 3 of 7 - 42% Landed Attempted
UFC Fight Night: Bonfim vs. Brown,http://ufcstats.com/event-details/6436029b50a9c255,http://ufcstats.com/fight-details/9126633d921afb57,Tecia Pennington | Denise Gomes,31ef8b67e13495b3 | cffb87059e645bd1,Denise Gomes,win,Decision - Unanimous,3,5:00,Women's Strawweight,"{""rows"": [{""Fighter"": [""Tecia Pennington"", ""Denise Gomes""], ""KD"": [""0"", ""0""], ""Sig. str."": [""58 of 125"", ""53 of 138""], ""Sig. str. %"": [""46%"", ""38%""], ""Total str."": [""73 of 144"", ""75 of 169""], ""Td"": [""1 of 2"", ""3 of 10""], ""Td %"": [""50%"", ""30%""], ""Sub. att"": [""0"", ""0""], ""Rev."": [""0"", ""1""], ""Ctrl"": [""0:32"", ""3:51""]}], ""fighters"": [""Tecia Pennington"", ""Denise Gomes""]}",Per round RD1 22 of 51 - 43% 25 of 61 - 40% RD2 27 of 56 - 48% 19 of 54 - 35% RD3 9 of 18 - 50% 9 of 23 - 39% Landed Attempted
UFC Fight Night: Bonfim vs. Brown,http://ufcstats.com/event-details/6436029b50a9c255,http://ufcstats.com/fight-details/238c274c90587e21,Miles Johns | Daniel Marcos,46e0d677f91bacc0 | 850266b3dc4e506e,Daniel Marcos,win,Submission,2,4:23,Bantamweight,"{""rows"": [{""Fighter"": [""Miles Johns"", ""Daniel Marcos""], ""KD"": [""0"", ""0""], ""Sig. str."": [""28 of 54"", ""27 of 47""], ""Sig. str. %"": [""51%"", ""57%""], ""Total str."": [""33 of 61"", ""42 of 69""], ""Td"": [""0 of 1"", ""3 of 4""], ""Td %"": [""0%"", ""75%""], ""Sub. att"": [""0"", ""1""], ""Rev."": [""0"", ""0""], ""Ctrl"": [""1:34"", ""3:59""]}], ""fighters"": [""Miles Johns"", ""Daniel Marcos""]}",Per round RD1 8 of 20 - 40% 12 of 21 - 57% RD2 20 of 34 - 58% 15 of 26 - 57% Landed Attempted
UFC Fight Night: Bonfim vs. Brown,http://ufcstats.com/event-details/6436029b50a9c255,http://ufcstats.com/fight-details/84b66bf7fba2d59d,Zach Reese | Jackson McVey,23dec7c47cb418f8 | 3eeec2f53cebdf12,Zach Reese,win,Submission,2,1:38,Catch Weight,"{""rows"": [{""Fighter"": [""Zach Reese"", ""Jackson McVey""], ""KD"": [""0"", ""0""], ""Sig. str."": [""32 of 42"", ""56 of 73""], ""Sig. str. %"": [""76%"", ""76%""], ""Total str."": [""81 of 97"", ""68 of 86""], ""Td"": [""3 of 3"", ""0 of 0""], ""Td %"": [""100%"", ""---""], ""Sub. att"": [""1"", ""0""], ""Rev."": [""0"", ""1""], ""Ctrl"": [""2:24"", ""2:23""]}], ""fighters"": [""Zach Reese"", ""Jackson McVey""]}",Per round RD1 31 of 40 - 77% 53 of 67 - 79% RD2 1 of 2 - 50% 3 of 6 - 50% Landed Attempted
UFC Fight Night: Garcia vs. Onama,http://ufcstats.com/event-details/0e2c2daf11b5d8f2,http://ufcstats.com/fight-details/747d922b329b7f30,Steve Garcia | David Onama,97cf1a2c7c5e7889 | ffe9703408fb5964,Steve Garcia,win,KO/TKO,1,3:34,Featherweight,"{""rows"": [{""Fighter"": [""Steve Garcia"", ""David Onama""], ""KD"": [""1"", ""0""], ""Sig. str."": [""33 of 62"", ""2 of 16""], ""Sig. str. %"": [""53%"", ""12%""], ""Total str."": [""43 of 72"", ""2 of 16""], ""Td"": [""0 of 0"", ""0 of 0""], ""Td %"": [""---"", ""---""], ""Sub. att"": [""0"", ""0""], ""Rev."": [""0"", ""0""], ""Ctrl"": [""0:04"", ""0:00""]}], ""fighters"": [""Steve Garcia"", ""David Onama""]}",Per round RD1 33 of 62 - 53% 2 of 16 - 12% Landed Attempted
UFC Fight Night: Garcia vs. Onama,http://ufcstats.com/event-details/0e2c2daf11b5d8f2,http://ufcstats.com/fight-details/9d9390b550d77e06,Waldo Cortes Acosta | Ante Delija,fc08099550072fe4 | 7d8435c56043b0ae,Waldo Cortes Acosta,win,KO/TKO,1,3:59,Heavyweight,"{""rows"": [{""Fighter"": [""Waldo Cortes Acosta"", ""Ante Delija""], ""KD"": [""1"", ""0""], ""Sig. str."": [""12 of 17"", ""16 of 36""], ""Sig. str. %"": [""70%"", ""44%""], ""Total str."": [""18 of 24"", ""18 of 38""], ""Td"": [""0 of 0"", ""0 of 1""], ""Td %"": [""---"", ""0%""], ""Sub. att"": [""0"", ""0""], ""Rev."": [""0"", ""0""], ""Ctrl"": [""1:37"", ""0:25""]}], ""fighters"": [""Waldo Cortes Acosta"", ""Ante Delija""]}",Per round RD1 12 of 17 - 70% 16 of 36 - 44% Landed Attempted
UFC Fight Night: Garcia vs. Onama,http://ufcstats.com/event-details/0e2c2daf11b5d8f2,http://ufcstats.com/fight-details/b0f68344e01884ff,Jeremiah Wells | Themba Gorimbo,d66a46de8d705353 | 40f3cb27fc7305a1,Jeremiah Wells,win,Decision - Unanimous,3,5:00,Welterweight,"{""rows"": [{""Fighter"": [""Jeremiah Wells"", ""Themba Gorimbo""], ""KD"": [""0"", ""0""], ""Sig. str."": [""32 of 53"", ""18 of 33""], ""Sig. str. %"": [""60%"", ""54%""], ""Total str."": [""59 of 84"", ""80 of 102""], ""Td"": [""3 of 5"", ""6 of 9""], ""Td %"": [""60%"", ""66%""], ""Sub. att"": [""3"", ""0""], ""Rev."": [""0"", ""1""], ""Ctrl"": [""6:05"", ""5:39""]}], ""fighters"": [""Jeremiah Wells"", ""Themba Gorimbo""]}",Per round RD1 1 of 3 - 33% 4 of 4 - 100% RD2 14 of 26 - 53% 10 of 22 - 45% RD3 17 of 24 - 70% 4 of 7 - 57% Landed Attempted
UFC Fight Night: Garcia vs. Onama,http://ufcstats.com/event-details/0e2c2daf11b5d8f2,http://ufcstats.com/fight-details/767b78b67c7da17c,Isaac Dulgarian | Yadier del Valle,a57cb948c4c70a47 | 70380ccdc81915b8,Yadier del Valle,win,Submission,1,3:41,Featherweight,"{""rows"": [{""Fighter"": [""Isaac Dulgarian"", ""Yadier del Valle""], ""KD"": [""0"", ""0""], ""Sig. str."": [""0 of 1"", ""1 of 1""], ""Sig. str. %"": [""0%"", ""100%""], ""Total str."": [""3 of 6"", ""28 of 43""], ""Td"": [""0 of 1"", ""0 of 0""], ""Td %"": [""0%"", ""---""], ""Sub. att"": [""0"", ""3""], ""Rev."": [""0"", ""0""], ""Ctrl"": [""0:16"", ""2:56""]}], ""fighters"": [""Isaac Dulgarian"", ""Yadier del Valle""]}",Per round RD1 0 of 1 - 0% 1 of 1 - 100% Landed Attempted
UFC Fight Night: Garcia vs. Onama,http://ufcstats.com/event-details/0e2c2daf11b5d8f2,http://ufcstats.com/fight-details/71c8ca7442bcb757,Charles Radtke | Daniel Frunza,feedf3053472fe56 | 7cec3c4a5e7b6d68,Charles Radtke,win,Submission,3,4:29,Welterweight,"{""rows"": [{""Fighter"": [""Charles Radtke"", ""Daniel Frunza""], ""KD"": [""0"", ""0""], ""Sig. str."": [""31 of 38"", ""6 of 24""], ""Sig. str. %"": [""81%"", ""25%""], ""Total str."": [""163 of 214"", ""68 of 102""], ""Td"": [""3 of 5"", ""0 of 0""], ""Td %"": [""60%"", ""---""], ""Sub. att"": [""2"", ""0""], ""Rev."": [""0"", ""0""], ""Ctrl"": [""11:41"", ""0:00""]}], ""fighters"": [""Charles Radtke"", ""Daniel Frunza""]}",Per round RD1 9 of 14 - 64% 3 of 10 - 30% RD2 19 of 21 - 90% 1 of 7 - 14% RD3 3 of 3 - 100% 2 of 7 - 28% Landed Attempted
UFC Fight Night: Garcia vs. Onama,http://ufcstats.com/event-details/0e2c2daf11b5d8f2,http://ufcstats.com/fight-details/f41c2c82d5117230,Allan Nascimento | Cody Durden,253076a23d03dcd0 | 7f6ed67d3ed3c036,Allan Nascimento,win,Submission,2,3:13,Catch Weight,"{""rows"": [{""Fighter"": [""Allan Nascimento"", ""Cody Durden""], ""KD"": [""0"", ""0""], ""Sig. str."": [""52 of 115"", ""57 of 128""], ""Sig. str. %"": [""45%"", ""44%""], ""Total str."": [""52 of 115"", ""57 of 128""], ""Td"": [""0 of 1"", ""1 of 3""], ""Td %"": [""0%"", ""33%""], ""Sub. att"": [""1"", ""0""], ""Rev."": [""0"", ""0""], ""Ctrl"": [""0:21"", ""0:05""]}], ""fighters"": [""Allan Nascimento"", ""Cody Durden""]}",Per round RD1 26 of 58 - 44% 36 of 73 - 49% RD2 26 of 57 - 45% 21 of 55 - 38% Landed Attempted
UFC Fight Night: Garcia vs. Onama,http://ufcstats.com/event-details/0e2c2daf11b5d8f2,http://ufcstats.com/fight-details/f063bcccbbb9edc5,Billy Elekana | Kevin Christian,07a74004d964c7f4 | 7e9b36a9847db116,Billy Elekana,win,Submission,1,3:33,Light Heavyweight,"{""rows"": [{""Fighter"": [""Billy Elekana"", ""Kevin Christian""], ""KD"": [""1"", ""0""], ""Sig. str."": [""17 of 23"", ""14 of 17""], ""Sig. str. %"": [""73%"", ""82%""], ""Total str."": [""19 of 25"", ""14 of 17""], ""Td"": [""0 of 0"", ""0 of 0""], ""Td %"": [""---"", ""---""], ""Sub. att"": [""1"", ""0""], ""Rev."": [""0"", ""0""], ""Ctrl"": [""0:21"", ""0:00""]}], ""fighters"": [""Billy Elekana"", ""Kevin Christian""]}",Per round RD1 17 of 23 - 73% 14 of 17 - 82% Landed Attempted
UFC Fight Night: Garcia vs. Onama,http://ufcstats.com/event-details/0e2c2daf11b5d8f2,http://ufcstats.com/fight-details/58f6248da3cdf3ce,Timmy Cuamba | ChangHo Lee,0e46690e55a8df75 | 117a06469813e4ef,Timmy Cuamba,win,Decision - Unanimous,3,5:00,Bantamweight,"{""rows"": [{""Fighter"": [""Timmy Cuamba"", ""ChangHo Lee""], ""KD"": [""0"", ""0""], ""Sig. str."": [""23 of 32"", ""15 of 26""], ""Sig. str. %"": [""71%"", ""57%""], ""Total str."": [""39 of 48"", ""88 of 141""], ""Td"": [""2 of 4"", ""3 of 8""], ""Td %"": [""50%"", ""37%""], ""Sub. att"": [""0"", ""0""], ""Rev."": [""1"", ""0""], ""Ctrl"": [""5:55"", ""6:25""]}], ""fighters"": [""Timmy Cuamba"", ""ChangHo Lee""]}",Per round RD1 0 of 1 - 0% 1 of 1 - 100% RD2 21 of 28 - 75% 11 of 22 - 50% RD3 2 of 3 - 66% 3 of 3 - 100% Landed Attempted
UFC Fight Night: Garcia vs. Onama,http://ufcstats.com/event-details/0e2c2daf11b5d8f2,http://ufcstats.com/fight-details/c245be6698c1e378,Donte Johnson | Sedriques Dumas,ad5cb64af10fc946 | 4e6738062d469256,Donte Johnson,win,Submission,2,1:25,Middleweight,"{""rows"": [{""Fighter"": [""Donte Johnson"", ""Sedriques Dumas""], ""KD"": [""0"", ""0""], ""Sig. str."": [""10 of 18"", ""5 of 16""], ""Sig. str. %"": [""55%"", ""31%""], ""Total str."": [""18 of 27"", ""12 of 23""], ""Td"": [""3 of 3"", ""1 of 5""], ""Td %"": [""100%"", ""20%""], ""Sub. att"": [""1"", ""0""], ""Rev."": [""0"", ""0""], ""Ctrl"": [""3:04"", ""2:03""]}], ""fighters"": [""Donte Johnson"", ""Sedriques Dumas""]}",Per round RD1 9 of 17 - 52% 3 of 10 - 30% RD2 1 of 1 - 100% 2 of 6 - 33% Landed Attempted
UFC Fight Night: Garcia vs. Onama,http://ufcstats.com/event-details/0e2c2daf11b5d8f2,http://ufcstats.com/fight-details/760150e9951e65fa,Ketlen Vieira | Norma Dumont,b9706f80d005036c | d3f5d33d61cd00c9,Norma Dumont,win,Decision - Split,3,5:00,Women's Bantamweight,"{""rows"": [{""Fighter"": [""Ketlen Vieira"", ""Norma Dumont""], ""KD"": [""0"", ""0""], ""Sig. str."": [""25 of 83"", ""62 of 101""], ""Sig. str. %"": [""30%"", ""61%""], ""Total str."": [""58 of 121"", ""87 of 127""], ""Td"": [""2 of 4"", ""0 of 0""], ""Td %"": [""50%"", ""---""], ""Sub. att"": [""1"", ""0""], ""Rev."": [""0"", ""0""], ""Ctrl"": [""5:19"", ""0:11""]}], ""fighters"": [""Ketlen Vieira"", ""Norma Dumont""]}",Per round RD1 7 of 23 - 30% 17 of 23 - 73% RD2 8 of 29 - 27% 17 of 37 - 45% RD3 10 of 31 - 32% 28 of 41 - 68% Landed Attempted
UFC Fight Night: Garcia vs. Onama,http://ufcstats.com/event-details/0e2c2daf11b5d8f2,http://ufcstats.com/fight-details/32927d50acedb507,Alice Ardelean | Montserrat Conejo Ruiz,87f8699fdcc2c404 | 1235b31de15d0c6e,Alice Ardelean,win,Decision - Unanimous,3,5:00,Women's Strawweight,"{""rows"": [{""Fighter"": [""Alice Ardelean"", ""Montserrat Conejo Ruiz""], ""KD"": [""0"", ""0""], ""Sig. str."": [""138 of 280"", ""85 of 282""], ""Sig. str. %"": [""49%"", ""30%""], ""Total str."": [""146 of 288"", ""91 of 291""], ""Td"": [""1 of 3"", ""1 of 6""], ""Td %"": [""33%"", ""16%""], ""Sub. att"": [""0"", ""0""], ""Rev."": [""0"", ""0""], ""Ctrl"": [""0:41"", ""0:29""]}], ""fighters"": [""Alice Ardelean"", ""Montserrat Conejo Ruiz""]}",Per round RD1 35 of 91 - 38% 27 of 103 - 26% RD2 57 of 102 - 55% 28 of 93 - 30% RD3 46 of 87 - 52% 30 of 86 - 34% Landed Attempted
UFC Fight Night: Garcia vs. Onama,http://ufcstats.com/event-details/0e2c2daf11b5d8f2,http://ufcstats.com/fight-details/e6031b5937294176,Phil Rowe | Seokhyeon Ko,8e382b585a92affe | 4a07b1988477502c,Seokhyeon Ko,win,Decision - Unanimous,3,5:00,Welterweight,"{""rows"": [{""Fighter"": [""Phil Rowe"", ""Seokhyeon Ko""], ""KD"": [""0"", ""0""], ""Sig. str."": [""4 of 7"", ""36 of 42""], ""Sig. str. %"": [""57%"", ""85%""], ""Total str."": [""11 of 15"", ""124 of 157""], ""Td"": [""0 of 0"", ""4 of 4""], ""Td %"": [""---"", ""100%""], ""Sub. att"": [""0"", ""0""], ""Rev."": [""1"", ""0""], ""Ctrl"": [""0:07"", ""13:10""]}], ""fighters"": [""Phil Rowe"", ""Seokhyeon Ko""]}",Per round RD1 1 of 1 - 100% 13 of 15 - 86% RD2 0 of 2 - 0% 11 of 14 - 78% RD3 3 of 4 - 75% 12 of 13 - 92% Landed Attempted
UFC Fight Night: Garcia vs. Onama,http://ufcstats.com/event-details/0e2c2daf11b5d8f2,http://ufcstats.com/fight-details/7add5901fac6ab82,Talita Alencar | Ariane Carnelossi,d35298b6df168456 | c0d5c0c95c59050b,Talita Alencar,win,Submission,3,4:36,Women's Strawweight,"{""rows"": [{""Fighter"": [""Talita Alencar"", ""Ariane Carnelossi""], ""KD"": [""0"", ""0""], ""Sig. str."": [""60 of 100"", ""25 of 76""], ""Sig. str. %"": [""60%"", ""32%""], ""Total str."": [""79 of 122"", ""50 of 106""], ""Td"": [""5 of 8"", ""0 of 1""], ""Td %"": [""62%"", ""0%""], ""Sub. att"": [""2"", ""0""], ""Rev."": [""0"", ""0""], ""Ctrl"": [""6:10"", ""2:19""]}], ""fighters"": [""Talita Alencar"", ""Ariane Carnelossi""]}",Per round RD1 18 of 30 - 60% 1 of 17 - 5% RD2 20 of 39 - 51% 10 of 35 - 28% RD3 22 of 31 - 70% 14 of 24 - 58% Landed Attempted
UFC 321: Aspinall vs. Gane,http://ufcstats.com/event-details/7956f026e2672c47,http://ufcstats.com/fight-details/6390c8e74630473e,Tom Aspinall | Ciryl Gane,399afbabc02376b5 | 787bb1f087ccff8a,,nc nc,Could Not Continue,1,4:35,Heavyweight,"{""rows"": [{""Fighter"": [""Tom Aspinall"", ""Ciryl Gane""], ""KD"": [""0"", ""0""], ""Sig. str."": [""27 of 39"", ""30 of 40""], ""Sig. str. %"": [""69%"", ""75%""], ""Total str."": [""27 of 39"", ""30 of 40""], ""Td"": [""0 of 1"", ""0 of 0""], ""Td %"": [""0%"", ""---""], ""Sub. att"": [""0"", ""0""], ""Rev."": [""0"", ""0""], ""Ctrl"": [""0:00"", ""0:00""]}], ""fighters"": [""Tom Aspinall"", ""Ciryl Gane""]}",Per round RD1 27 of 39 - 69% 30 of 40 - 75% Landed Attempted
UFC 321: Aspinall vs. Gane,http://ufcstats.com/event-details/7956f026e2672c47,http://ufcstats.com/fight-details/7d3da3c4153717de,Virna Jandiroba | Mackenzie Dern,7dda2cf308f24a02 | 7447e9f28508106a,Mackenzie Dern,win,Decision - Unanimous,5,5:00,Women's Strawweight,"{""rows"": [{""Fighter"": [""Virna Jandiroba"", ""Mackenzie Dern""], ""KD"": [""0"", ""0""], ""Sig. str."": [""106 of 217"", ""118 of 231""], ""Sig. str. %"": [""48%"", ""51%""], ""Total str."": [""208 of 331"", ""249 of 372""], ""Td"": [""9 of 17"", ""2 of 8""], ""Td %"": [""52%"", ""25%""], ""Sub. att"": [""0"", ""0""], ""Rev."": [""0"", ""0""], ""Ctrl"": [""9:07"", ""3:45""]}], ""fighters"": [""Virna Jandiroba"", ""Mackenzie Dern""]}",Per round RD1 27 of 45 - 60% 20 of 36 - 55% RD2 14 of 34 - 41% 19 of 44 - 43% RD3 14 of 27 - 51% 18 of 32 - 56% RD4 28 of 58 - 48% 26 of 62 - 41% RD5 23 of 53 - 43% 35 of 57 - 61% Landed Attempted
UFC 321: Aspinall vs. Gane,http://ufcstats.com/event-details/7956f026e2672c47,http://ufcstats.com/fight-details/e69f9b4b9cae12a4,Umar Nurmagomedov | Mario Bautista,2b6fc1c02736833d | bc711b6dd95c1af6,Umar Nurmagomedov,win,Decision - Unanimous,3,5:00,Bantamweight,"{""rows"": [{""Fighter"": [""Umar Nurmagomedov"", ""Mario Bautista""], ""KD"": [""0"", ""1""], ""Sig. str."": [""32 of 54"", ""20 of 54""], ""Sig. str. %"": [""59%"", ""37%""], ""Total str."": [""81 of 105"", ""33 of 67""], ""Td"": [""11 of 14"", ""0 of 1""], ""Td %"": [""78%"", ""0%""], ""Sub. att"": [""0"", ""1""], ""Rev."": [""0"", ""0""], ""Ctrl"": [""10:46"", ""0:04""]}], ""fighters"": [""Umar Nurmagomedov"", ""Mario Bautista""]}",Per round RD1 5 of 6 - 83% 1 of 1 - 100% RD2 12 of 21 - 57% 9 of 28 - 32% RD3 15 of 27 - 55% 10 of 25 - 40% Landed Attempted
UFC 321: Aspinall vs. Gane,http://ufcstats.com/event-details/7956f026e2672c47,http://ufcstats.com/fight-details/b42a3386a7dccb3d,Alexander Volkov | Jailton Almeida,279566840aa55bf2 | 41e83a89929d1327,Alexander Volkov,win,Decision - Split,3,5:00,Heavyweight,"{""rows"": [{""Fighter"": [""Alexander Volkov"", ""Jailton Almeida""], ""KD"": [""0"", ""0""], ""Sig. str."": [""24 of 27"", ""9 of 10""], ""Sig. str. %"": [""88%"", ""90%""], ""Total str."": [""123 of 130"", ""27 of 33""], ""Td"": [""0 of 0"", ""7 of 9""], ""Td %"": [""---"", ""77%""], ""Sub. att"": [""0"", ""0""], ""Rev."": [""1"", ""0""], ""Ctrl"": [""2:57"", ""10:47""]}], ""fighters"": [""Alexander Volkov"", ""Jailton Almeida""]}",Per round RD1 15 of 15 - 100% 0 of 0 - 0% RD2 2 of 4 - 50% 4 of 5 - 80% RD3 7 of 8 - 87% 5 of 5 - 100% Landed Attempted
UFC 321: Aspinall vs. Gane,http://ufcstats.com/event-details/7956f026e2672c47,http://ufcstats.com/fight-details/ef12d2aaaadaf6d0,Aleksandar Rakic | Azamat Murzakanov,333b9e5c723ac873 | e90a2f22417af68e,Azamat Murzakanov,win,KO/TKO,1,3:11,Light Heavyweight,"{""rows"": [{""Fighter"": [""Aleksandar Rakic"", ""Azamat Murzakanov""], ""KD"": [""0"", ""1""], ""Sig. str."": [""9 of 14"", ""3 of 8""], ""Sig. str. %"": [""64%"", ""37%""], ""Total str."": [""13 of 18"", ""4 of 9""], ""Td"": [""0 of 2"", ""0 of 0""], ""Td %"": [""0%"", ""---""], ""Sub. att"": [""0"", ""0""], ""Rev."": [""0"", ""0""], ""Ctrl"": [""0:36"", ""0:02""]}], ""fighters"": [""Aleksandar Rakic"", ""Azamat Murzakanov""]}",Per round RD1 9 of 14 - 64% 3 of 8 - 37% Landed Attempted
UFC 321: Aspinall vs. Gane,http://ufcstats.com/event-details/7956f026e2672c47,http://ufcstats.com/fight-details/cb902d73389ed34b,Nasrat Haqparast | Quillan Salkilld,b7b84ccd221be298 | 17734443a833cdf7,Quillan Salkilld,win,KO/TKO,1,2:30,Lightweight,"{""rows"": [{""Fighter"": [""Nasrat Haqparast"", ""Quillan Salkilld""], ""KD"": [""0"", ""1""], ""Sig. str."": [""10 of 13"", ""14 of 36""], ""Sig. str. %"": [""76%"", ""38%""], ""Total str."": [""10 of 13"", ""14 of 36""], ""Td"": [""0 of 0"", ""0 of 4""], ""Td %"": [""---"", ""0%""], ""Sub. att"": [""0"", ""0""], ""Rev."": [""0"", ""0""], ""Ctrl"": [""0:00"", ""0:00""]}], ""fighters"": [""Nasrat Haqparast"", ""Quillan Salkilld""]}",Per round RD1 10 of 13 - 76% 14 of 36 - 38% Landed Attempted
UFC 321: Aspinall vs. Gane,http://ufcstats.com/event-details/7956f026e2672c47,http://ufcstats.com/fight-details/0230a9dd2739add4,Ikram Aliskerov | JunYong Park,b07aed698fba8624 | 285ae0b4a68221f4,Ikram Aliskerov,win,Decision - Unanimous,3,5:00,Middleweight,"{""rows"": [{""Fighter"": [""Ikram Aliskerov"", ""JunYong Park""], ""KD"": [""0"", ""0""], ""Sig. str."": [""91 of 134"", ""78 of 132""], ""Sig. str. %"": [""67%"", ""59%""], ""Total str."": [""126 of 174"", ""91 of 151""], ""Td"": [""5 of 7"", ""0 of 0""], ""Td %"": [""71%"", ""---""], ""Sub. att"": [""0"", ""0""], ""Rev."": [""0"", ""0""], ""Ctrl"": [""6:07"", ""0:19""]}], ""fighters"": [""Ikram Aliskerov"", ""JunYong Park""]}",Per round RD1 35 of 46 - 76% 17 of 43 - 39% RD2 35 of 52 - 67% 38 of 55 - 69% RD3 21 of 36 - 58% 23 of 34 - 67% Landed Attempted
UFC 321: Aspinall vs. Gane,http://ufcstats.com/event-details/7956f026e2672c47,http://ufcstats.com/fight-details/e9c034cec33b3479,Ludovit Klein | Mateusz Rebecki,5b86d491d63890c5 | 849c5d9979df5357,Ludovit Klein,win,Decision - Majority,3,5:00,Lightweight,"{""rows"": [{""Fighter"": [""Ludovit Klein"", ""Mateusz Rebecki""], ""KD"": [""0"", ""0""], ""Sig. str."": [""82 of 140"", ""72 of 159""], ""Sig. str. %"": [""58%"", ""45%""], ""Total str."": [""90 of 149"", ""113 of 208""], ""Td"": [""0 of 0"", ""3 of 12""], ""Td %"": [""---"", ""25%""], ""Sub. att"": [""0"", ""0""], ""Rev."": [""0"", ""0""], ""Ctrl"": [""0:00"", ""5:03""]}], ""fighters"": [""Ludovit Klein"", ""Mateusz Rebecki""]}",Per round RD1 25 of 45 - 55% 21 of 50 - 42% RD2 38 of 67 - 56% 21 of 61 - 34% RD3 19 of 28 - 67% 30 of 48 - 62% Landed Attempted
UFC 321: Aspinall vs. Gane,http://ufcstats.com/event-details/7956f026e2672c47,http://ufcstats.com/fight-details/f2c2a49fed32bd75,Valter Walker | Louie Sutherland,f5779a2303ed76ec | cdb7b38b1b357f26,Valter Walker,win,Submission,1,1:24,Heavyweight,"{""rows"": [{""Fighter"": [""Valter Walker"", ""Louie Sutherland""], ""KD"": [""0"", ""0""], ""Sig. str."": [""5 of 5"", ""3 of 5""], ""Sig. str. %"": [""100%"", ""60%""], ""Total str."": [""7 of 7"", ""3 of 5""], ""Td"": [""1 of 1"", ""0 of 0""], ""Td %"": [""100%"", ""---""], ""Sub. att"": [""1"", ""0""], ""Rev."": [""0"", ""0""], ""Ctrl"": [""0:31"", ""0:00""]}], ""fighters"": [""Valter Walker"", ""Louie Sutherland""]}",Per round RD1 5 of 5 - 100% 3 of 5 - 60% Landed Attempted
UFC 321: Aspinall vs. Gane,http://ufcstats.com/event-details/7956f026e2672c47,http://ufcstats.com/fight-details/bd7394f07247d9ca,Nathaniel Wood | Jose Delgado,329e403448756217 | 7d6ceff6747f2de2,Nathaniel Wood,win,Decision - Unanimous,3,5:00,Featherweight,"{""rows"": [{""Fighter"": [""Nathaniel Wood"", ""Jose Delgado""], ""KD"": [""1"", ""1""], ""Sig. str."": [""99 of 176"", ""134 of 232""], ""Sig. str. %"": [""56%"", ""57%""], ""Total str."": [""101 of 178"", ""141 of 239""], ""Td"": [""2 of 3"", ""0 of 2""], ""Td %"": [""66%"", ""0%""], ""Sub. att"": [""0"", ""0""], ""Rev."": [""0"", ""0""], ""Ctrl"": [""0:58"", ""1:28""]}], ""fighters"": [""Nathaniel Wood"", ""Jose Delgado""]}",Per round RD1 24 of 59 - 40% 68 of 111 - 61% RD2 36 of 61 - 59% 29 of 55 - 52% RD3 39 of 56 - 69% 37 of 66 - 56% Landed Attempted
UFC 321: Aspinall vs. Gane,http://ufcstats.com/event-details/7956f026e2672c47,http://ufcstats.com/fight-details/3fdb4c4b39218cf4,Hamdy Abdelwahab | Chris Barnett,3329d692aea4dc28 | 7a5e8c94a86f9895,Hamdy Abdelwahab,win,Decision - Unanimous,3,5:00,Heavyweight,"{""rows"": [{""Fighter"": [""Hamdy Abdelwahab"", ""Chris Barnett""], ""KD"": [""0"", ""0""], ""Sig. str."": [""99 of 139"", ""18 of 35""], ""Sig. str. %"": [""71%"", ""51%""], ""Total str."": [""170 of 221"", ""28 of 46""], ""Td"": [""9 of 14"", ""0 of 0""], ""Td %"": [""64%"", ""---""], ""Sub. att"": [""0"", ""0""], ""Rev."": [""0"", ""0""], ""Ctrl"": [""10:48"", ""0:00""]}], ""fighters"": [""Hamdy Abdelwahab"", ""Chris Barnett""]}",Per round RD1 41 of 58 - 70% 8 of 16 - 50% RD2 27 of 44 - 61% 5 of 7 - 71% RD3 31 of 37 - 83% 5 of 12 - 41% Landed Attempted
UFC 321: Aspinall vs. Gane,http://ufcstats.com/event-details/7956f026e2672c47,http://ufcstats.com/fight-details/22dd728012944f0a,Azat Maksum | Mitch Raposo,7f1bf0c255ec8756 | 0be6776db31d98ec,Mitch Raposo,win,Decision - Unanimous,3,5:00,Flyweight,"{""rows"": [{""Fighter"": [""Azat Maksum"", ""Mitch Raposo""], ""KD"": [""0"", ""0""], ""Sig. str."": [""19 of 88"", ""30 of 66""], ""Sig. str. %"": [""21%"", ""45%""], ""Total str."": [""30 of 101"", ""53 of 92""], ""Td"": [""7 of 19"", ""0 of 0""], ""Td %"": [""36%"", ""---""], ""Sub. att"": [""0"", ""0""], ""Rev."": [""0"", ""0""], ""Ctrl"": [""5:27"", ""0:49""]}], ""fighters"": [""Azat Maksum"", ""Mitch Raposo""]}",Per round RD1 4 of 27 - 14% 4 of 18 - 22% RD2 12 of 34 - 35% 17 of 25 - 68% RD3 3 of 27 - 11% 9 of 23 - 39% Landed Attempted
UFC 321: Aspinall vs. Gane,http://ufcstats.com/event-details/7956f026e2672c47,http://ufcstats.com/fight-details/ef1519c8c1d20977,Jaqueline Amorim | Mizuki,bc7d1ad49fcb2d08 | 43a59ce3bb40449e,Mizuki,win,Decision - Unanimous,3,5:00,Women's Strawweight,"{""rows"": [{""Fighter"": [""Jaqueline Amorim"", ""Mizuki""], ""KD"": [""0"", ""1""], ""Sig. str."": [""26 of 62"", ""62 of 103""], ""Sig. str. %"": [""41%"", ""60%""], ""Total str."": [""48 of 88"", ""150 of 203""], ""Td"": [""2 of 6"", ""2 of 2""], ""Td %"": [""33%"", ""100%""], ""Sub. att"": [""1"", ""0""], ""Rev."": [""1"", ""1""], ""Ctrl"": [""1:43"", ""7:28""]}], ""fighters"": [""Jaqueline Amorim"", ""Mizuki""]}",Per round RD1 12 of 31 - 38% 15 of 32 - 46% RD2 4 of 8 - 50% 12 of 18 - 66% RD3 10 of 23 - 43% 35 of 53 - 66% Landed Attempted
UFC Fight Night: De Ridder vs. Allen,http://ufcstats.com/event-details/38e5d9dcb0fddc42,http://ufcstats.com/fight-details/d61373d9fdf01a12,Reinier de Ridder | Brendan Allen,d549cefc7c54ab78 | 2f181c0467965b98,Brendan Allen,win,KO/TKO,4,5:00,Middleweight,"{""rows"": [{""Fighter"": [""Reinier de Ridder"", ""Brendan Allen""], ""KD"": [""0"", ""0""], ""Sig. str."": [""9 of 13"", ""22 of 37""], ""Sig. str. %"": [""69%"", ""59%""], ""Total str."": [""61 of 72"", ""97 of 134""], ""Td"": [""3 of 7"", ""1 of 1""], ""Td %"": [""42%"", ""100%""], ""Sub. att"": [""1"", ""1""], ""Rev."": [""0"", ""2""], ""Ctrl"": [""7:05"", ""11:39""]}], ""fighters"": [""Reinier de Ridder"", ""Brendan Allen""]}",Per round RD1 3 of 4 - 75% 2 of 2 - 100% RD2 5 of 6 - 83% 12 of 18 - 66% RD3 1 of 2 - 50% 4 of 10 - 40% RD4 0 of 1 - 0% 4 of 7 - 57% Landed Attempted
UFC Fight Night: De Ridder vs. Allen,http://ufcstats.com/event-details/38e5d9dcb0fddc42,http://ufcstats.com/fight-details/cdd565a16975c711,Kevin Holland | Mike Malott,3a46b268013afede | dd6103dd7127db1d,Mike Malott,win,Decision - Unanimous,3,5:00,Welterweight,"{""rows"": [{""Fighter"": [""Kevin Holland"", ""Mike Malott""], ""KD"": [""0"", ""0""], ""Sig. str."": [""52 of 137"", ""49 of 95""], ""Sig. str. %"": [""37%"", ""51%""], ""Total str."": [""76 of 162"", ""50 of 99""], ""Td"": [""1 of 1"", ""1 of 4""], ""Td %"": [""100%"", ""25%""], ""Sub. att"": [""0"", ""1""], ""Rev."": [""0"", ""1""], ""Ctrl"": [""0:27"", ""2:31""]}], ""fighters"": [""Kevin Holland"", ""Mike Malott""]}",Per round RD1 9 of 31 - 29% 12 of 29 - 41% RD2 23 of 70 - 32% 26 of 42 - 61% RD3 20 of 36 - 55% 11 of 24 - 45% Landed Attempted
UFC Fight Night: De Ridder vs. Allen,http://ufcstats.com/event-details/38e5d9dcb0fddc42,http://ufcstats.com/fight-details/857d274e47aa8c4e,Marlon Vera | Aiemann Zahabi,7c7332319c14094c | 24656ef4d605c96f,Aiemann Zahabi,win,Decision - Split,3,5:00,Bantamweight,"{""rows"": [{""Fighter"": [""Marlon Vera"", ""Aiemann Zahabi""], ""KD"": [""1"", ""0""], ""Sig. str."": [""56 of 152"", ""81 of 152""], ""Sig. str. %"": [""36%"", ""53%""], ""Total str."": [""56 of 153"", ""81 of 152""], ""Td"": [""0 of 0"", ""0 of 0""], ""Td %"": [""---"", ""---""], ""Sub. att"": [""0"", ""0""], ""Rev."": [""0"", ""0""], ""Ctrl"": [""0:03"", ""0:00""]}], ""fighters"": [""Marlon Vera"", ""Aiemann Zahabi""]}",Per round RD1 11 of 40 - 27% 20 of 37 - 54% RD2 21 of 50 - 42% 24 of 44 - 54% RD3 24 of 62 - 38% 37 of 71 - 52% Landed Attempted
UFC Fight Night: De Ridder vs. Allen,http://ufcstats.com/event-details/38e5d9dcb0fddc42,http://ufcstats.com/fight-details/c82acd7b17915591,Manon Fiorot | Jasmine Jasudavicius,34ff304266360297 | a9e260472d321361,Manon Fiorot,win,KO/TKO,1,1:14,Women's Flyweight,"{""rows"": [{""Fighter"": [""Manon Fiorot"", ""Jasmine Jasudavicius""], ""KD"": [""0"", ""0""], ""Sig. str."": [""16 of 27"", ""2 of 14""], ""Sig. str. %"": [""59%"", ""14%""], ""Total str."": [""17 of 28"", ""2 of 14""], ""Td"": [""0 of 0"", ""0 of 0""], ""Td %"": [""---"", ""---""], ""Sub. att"": [""0"", ""0""], ""Rev."": [""0"", ""0""], ""Ctrl"": [""0:06"", ""0:00""]}], ""fighters"": [""Manon Fiorot"", ""Jasmine Jasudavicius""]}",Per round RD1 16 of 27 - 59% 2 of 14 - 14% Landed Attempted
UFC Fight Night: De Ridder vs. Allen,http://ufcstats.com/event-details/38e5d9dcb0fddc42,http://ufcstats.com/fight-details/a18edcb638ba7e39,Charles Jourdain | Davey Grant,f1d64ae34e088832 | 113df4fde64735c6,Charles Jourdain,win,Submission,1,3:05,Bantamweight,"{""rows"": [{""Fighter"": [""Charles Jourdain"", ""Davey Grant""], ""KD"": [""1"", ""0""], ""Sig. str."": [""25 of 43"", ""9 of 26""], ""Sig. str. %"": [""58%"", ""34%""], ""Total str."": [""25 of 43"", ""9 of 26""], ""Td"": [""0 of 0"", ""0 of 0""], ""Td %"": [""---"", ""---""], ""Sub. att"": [""1"", ""0""], ""Rev."": [""0"", ""0""], ""Ctrl"": [""0:20"", ""0:00""]}], ""fighters"": [""Charles Jourdain"", ""Davey Grant""]}",Per round RD1 25 of 43 - 58% 9 of 26 - 34% Landed Attempted
UFC Fight Night: De Ridder vs. Allen,http://ufcstats.com/event-details/38e5d9dcb0fddc42,http://ufcstats.com/fight-details/3af1bdc5a510bba9,Kyle Nelson | Matt Frevola,31f8081c7600da93 | dccb63727f2f5f74,Kyle Nelson,win,Decision - Unanimous,3,5:00,Lightweight,"{""rows"": [{""Fighter"": [""Kyle Nelson"", ""Matt Frevola""], ""KD"": [""1"", ""0""], ""Sig. str."": [""63 of 135"", ""43 of 136""], ""Sig. str. %"": [""46%"", ""31%""], ""Total str."": [""92 of 170"", ""60 of 155""], ""Td"": [""2 of 5"", ""2 of 3""], ""Td %"": [""40%"", ""66%""], ""Sub. att"": [""0"", ""0""], ""Rev."": [""0"", ""1""], ""Ctrl"": [""3:11"", ""1:58""]}], ""fighters"": [""Kyle Nelson"", ""Matt Frevola""]}",Per round RD1 23 of 55 - 41% 15 of 54 - 27% RD2 29 of 57 - 50% 21 of 69 - 30% RD3 11 of 23 - 47% 7 of 13 - 53% Landed Attempted
UFC Fight Night: De Ridder vs. Allen,http://ufcstats.com/event-details/38e5d9dcb0fddc42,http://ufcstats.com/fight-details/ecdbb3a5216b815e,Kyle Prepolec | Drew Dober,873626e5547b5235 | 519e4fe37ce9ff75,Drew Dober,win,KO/TKO,3,1:16,Lightweight,"{""rows"": [{""Fighter"": [""Kyle Prepolec"", ""Drew Dober""], ""KD"": [""0"", ""0""], ""Sig. str."": [""51 of 164"", ""83 of 161""], ""Sig. str. %"": [""31%"", ""51%""], ""Total str."": [""51 of 164"", ""85 of 163""], ""Td"": [""0 of 3"", ""0 of 1""], ""Td %"": [""0%"", ""0%""], ""Sub. att"": [""0"", ""0""], ""Rev."": [""0"", ""0""], ""Ctrl"": [""0:02"", ""0:04""]}], ""fighters"": [""Kyle Prepolec"", ""Drew Dober""]}",Per round RD1 17 of 66 - 25% 28 of 58 - 48% RD2 27 of 80 - 33% 35 of 58 - 60% RD3 7 of 18 - 38% 20 of 45 - 44% Landed Attempted
UFC Fight Night: De Ridder vs. Allen,http://ufcstats.com/event-details/38e5d9dcb0fddc42,http://ufcstats.com/fight-details/970f083af8368f57,Cody Gibson | Aoriqileng,700a674c042b7a96 | 7d420039bbfe7c1a,Aoriqileng,win,KO/TKO,1,0:21,Bantamweight,"{""rows"": [{""Fighter"": [""Cody Gibson"", ""Aoriqileng""], ""KD"": [""0"", ""1""], ""Sig. str."": [""3 of 3"", ""5 of 8""], ""Sig. str. %"": [""100%"", ""62%""], ""Total str."": [""3 of 3"", ""6 of 9""], ""Td"": [""0 of 0"", ""0 of 0""], ""Td %"": [""---"", ""---""], ""Sub. att"": [""0"", ""0""], ""Rev."": [""0"", ""0""], ""Ctrl"": [""0:00"", ""0:04""]}], ""fighters"": [""Cody Gibson"", ""Aoriqileng""]}",Per round RD1 3 of 3 - 100% 5 of 8 - 62% Landed Attempted
UFC Fight Night: De Ridder vs. Allen,http://ufcstats.com/event-details/38e5d9dcb0fddc42,http://ufcstats.com/fight-details/668a44403a130043,Bruno Silva | HyunSung Park,294aa73dbf37d281 | b671bdf981ad527d,Bruno Silva,win,Submission,3,2:15,Flyweight,"{""rows"": [{""Fighter"": [""Bruno Silva"", ""HyunSung Park""], ""KD"": [""1"", ""0""], ""Sig. str."": [""46 of 74"", ""31 of 108""], ""Sig. str. %"": [""62%"", ""28%""], ""Total str."": [""60 of 92"", ""56 of 136""], ""Td"": [""5 of 9"", ""1 of 4""], ""Td %"": [""55%"", ""25%""], ""Sub. att"": [""1"", ""0""], ""Rev."": [""0"", ""0""], ""Ctrl"": [""4:49"", ""0:42""]}], ""fighters"": [""Bruno Silva"", ""HyunSung Park""]}",Per round RD1 20 of 33 - 60% 10 of 31 - 32% RD2 12 of 18 - 66% 7 of 31 - 22% RD3 14 of 23 - 60% 14 of 46 - 30% Landed Attempted
UFC Fight Night: De Ridder vs. Allen,http://ufcstats.com/event-details/38e5d9dcb0fddc42,http://ufcstats.com/fight-details/096e00355c8c84ac,Danny Barlow | Djorden Santos,b7c5eb7cdbac6a63 | 312f7d7b2b2f7de4,Djorden Santos,win,Decision - Unanimous,3,5:00,Middleweight,"{""rows"": [{""Fighter"": [""Danny Barlow"", ""Djorden Santos""], ""KD"": [""0"", ""0""], ""Sig. str."": [""93 of 171"", ""99 of 216""], ""Sig. str. %"": [""54%"", ""45%""], ""Total str."": [""106 of 186"", ""109 of 232""], ""Td"": [""0 of 0"", ""0 of 1""], ""Td %"": [""---"", ""0%""], ""Sub. att"": [""0"", ""0""], ""Rev."": [""0"", ""0""], ""Ctrl"": [""0:00"", ""1:55""]}], ""fighters"": [""Danny Barlow"", ""Djorden Santos""]}",Per round RD1 32 of 49 - 65% 27 of 49 - 55% RD2 45 of 83 - 54% 42 of 105 - 40% RD3 16 of 39 - 41% 30 of 62 - 48% Landed Attempted
UFC Fight Night: De Ridder vs. Allen,http://ufcstats.com/event-details/38e5d9dcb0fddc42,http://ufcstats.com/fight-details/8d9458121f0c4b95,Stephanie Luciano | Ravena Oliveira,1b35af4d1529adf6 | 4948e412fa6ab67d,Stephanie Luciano,win,Submission,3,2:50,Women's Strawweight,"{""rows"": [{""Fighter"": [""Stephanie Luciano"", ""Ravena Oliveira""], ""KD"": [""0"", ""0""], ""Sig. str."": [""60 of 124"", ""24 of 103""], ""Sig. str. %"": [""48%"", ""23%""], ""Total str."": [""80 of 153"", ""36 of 118""], ""Td"": [""3 of 4"", ""0 of 0""], ""Td %"": [""75%"", ""---""], ""Sub. att"": [""1"", ""0""], ""Rev."": [""0"", ""0""], ""Ctrl"": [""2:53"", ""0:00""]}], ""fighters"": [""Stephanie Luciano"", ""Ravena Oliveira""]}",Per round RD1 25 of 56 - 44% 14 of 54 - 25% RD2 26 of 53 - 49% 9 of 41 - 21% RD3 9 of 15 - 60% 1 of 8 - 12% Landed Attempted
UFC Fight Night: De Ridder vs. Allen,http://ufcstats.com/event-details/38e5d9dcb0fddc42,http://ufcstats.com/fight-details/87ac0e5face106b4,Azamat Bekoev | Yousri Belgaroui,3bc3f60b21cddc6a | 7674b836ce0698a0,Yousri Belgaroui,win,KO/TKO,3,0:55,Middleweight,"{""rows"": [{""Fighter"": [""Azamat Bekoev"", ""Yousri Belgaroui""], ""KD"": [""0"", ""0""], ""Sig. str."": [""24 of 77"", ""102 of 138""], ""Sig. str. %"": [""31%"", ""73%""], ""Total str."": [""27 of 83"", ""110 of 148""], ""Td"": [""4 of 8"", ""1 of 1""], ""Td %"": [""50%"", ""100%""], ""Sub. att"": [""0"", ""0""], ""Rev."": [""0"", ""0""], ""Ctrl"": [""3:18"", ""0:40""]}], ""fighters"": [""Azamat Bekoev"", ""Yousri Belgaroui""]}",Per round RD1 10 of 30 - 33% 37 of 51 - 72% RD2 13 of 41 - 31% 38 of 57 - 66% RD3 1 of 6 - 16% 27 of 30 - 90% Landed Attempted
UFC Fight Night: De Ridder vs. Allen,http://ufcstats.com/event-details/38e5d9dcb0fddc42,http://ufcstats.com/fight-details/dec301fd5e99ca46,Melissa Croden | Tainara Lisboa,51e2f44a8dbf6984 | 2c5f5749569eef66,Melissa Croden,win,KO/TKO,3,4:32,Women's Bantamweight,"{""rows"": [{""Fighter"": [""Melissa Croden"", ""Tainara Lisboa""], ""KD"": [""1"", ""0""], ""Sig. str."": [""99 of 175"", ""42 of 92""], ""Sig. str. %"": [""56%"", ""45%""], ""Total str."": [""148 of 230"", ""63 of 115""], ""Td"": [""2 of 3"", ""2 of 8""], ""Td %"": [""66%"", ""25%""], ""Sub. att"": [""0"", ""0""], ""Rev."": [""0"", ""0""], ""Ctrl"": [""5:05"", ""2:19""]}], ""fighters"": [""Melissa Croden"", ""Tainara Lisboa""]}",Per round RD1 27 of 57 - 47% 25 of 56 - 44% RD2 33 of 57 - 57% 13 of 26 - 50% RD3 39 of 61 - 63% 4 of 10 - 40% Landed Attempted
UFC Fight Night: Oliveira vs. Gamrot,http://ufcstats.com/event-details/9336e86cfd4ceaa1,http://ufcstats.com/fight-details/79865287be90e4be,Charles Oliveira | Mateusz Gamrot,07225ba28ae309b6 | 72db2a14ffa73ece,Charles Oliveira,win,Submission,2,2:48,Lightweight,"{""rows"": [{""Fighter"": [""Charles Oliveira"", ""Mateusz Gamrot""], ""KD"": [""0"", ""0""], ""Sig. str."": [""11 of 33"", ""18 of 42""], ""Sig. str. %"": [""33%"", ""42%""], ""Total str."": [""18 of 40"", ""18 of 43""], ""Td"": [""1 of 1"", ""1 of 1""], ""Td %"": [""100%"", ""100%""], ""Sub. att"": [""1"", ""0""], ""Rev."": [""1"", ""0""], ""Ctrl"": [""3:35"", ""1:00""]}], ""fighters"": [""Charles Oliveira"", ""Mateusz Gamrot""]}",Per round RD1 3 of 8 - 37% 4 of 7 - 57% RD2 8 of 25 - 32% 14 of 35 - 40% Landed Attempted
UFC Fight Night: Oliveira vs. Gamrot,http://ufcstats.com/event-details/9336e86cfd4ceaa1,http://ufcstats.com/fight-details/f295eb2a7b0ba4b7,Deiveson Figueiredo | Montel Jackson,aa72b0f831d0bfe5 | cc1a8b4b38b92c6d,Deiveson Figueiredo,win,Decision - Split,3,5:00,Bantamweight,"{""rows"": [{""Fighter"": [""Deiveson Figueiredo"", ""Montel Jackson""], ""KD"": [""0"", ""0""], ""Sig. str."": [""23 of 43"", ""30 of 70""], ""Sig. str. %"": [""53%"", ""42%""], ""Total str."": [""23 of 44"", ""30 of 70""], ""Td"": [""2 of 5"", ""1 of 1""], ""Td %"": [""40%"", ""100%""], ""Sub. att"": [""0"", ""0""], ""Rev."": [""0"", ""0""], ""Ctrl"": [""2:18"", ""0:02""]}], ""fighters"": [""Deiveson Figueiredo"", ""Montel Jackson""]}",Per round RD1 8 of 13 - 61% 8 of 20 - 40% RD2 7 of 16 - 43% 14 of 32 - 43% RD3 8 of 14 - 57% 8 of 18 - 44% Landed Attempted
UFC Fight Night: Oliveira vs. Gamrot,http://ufcstats.com/event-details/9336e86cfd4ceaa1,http://ufcstats.com/fight-details/6188b7fb3f8daacc,Vicente Luque | Joel Alvarez,6d4b63c767106d3a | 58bbef3770bb2dfc,Joel Alvarez,win,Decision - Unanimous,3,5:00,Welterweight,"{""rows"": [{""Fighter"": [""Vicente Luque"", ""Joel Alvarez""], ""KD"": [""0"", ""0""], ""Sig. str."": [""30 of 99"", ""89 of 148""], ""Sig. str. %"": [""30%"", ""60%""], ""Total str."": [""31 of 101"", ""197 of 288""], ""Td"": [""0 of 2"", ""1 of 1""], ""Td %"": [""0%"", ""100%""], ""Sub. att"": [""0"", ""1""], ""Rev."": [""0"", ""0""], ""Ctrl"": [""0:00"", ""6:30""]}], ""fighters"": [""Vicente Luque"", ""Joel Alvarez""]}",Per round RD1 21 of 65 - 32% 38 of 67 - 56% RD2 6 of 18 - 33% 48 of 72 - 66% RD3 3 of 16 - 18% 3 of 9 - 33% Landed Attempted
UFC Fight Night: Oliveira vs. Gamrot,http://ufcstats.com/event-details/9336e86cfd4ceaa1,http://ufcstats.com/fight-details/03377f7bf8a2d5ff,Jhonata Diniz | Mario Pinto,25f9a5f3e8a52618 | 39d309957c5c210d,Mario Pinto,win,KO/TKO,2,4:10,Heavyweight,"{""rows"": [{""Fighter"": [""Jhonata Diniz"", ""Mario Pinto""], ""KD"": [""0"", ""0""], ""Sig. str."": [""1 of 5"", ""29 of 33""], ""Sig. str. %"": [""20%"", ""87%""], ""Total str."": [""4 of 9"", ""87 of 102""], ""Td"": [""0 of 0"", ""3 of 4""], ""Td %"": [""---"", ""75%""], ""Sub. att"": [""0"", ""2""], ""Rev."": [""1"", ""1""], ""Ctrl"": [""0:09"", ""7:28""]}], ""fighters"": [""Jhonata Diniz"", ""Mario Pinto""]}",Per round RD1 1 of 2 - 50% 12 of 14 - 85% RD2 0 of 3 - 0% 17 of 19 - 89% Landed Attempted
UFC Fight Night: Oliveira vs. Gamrot,http://ufcstats.com/event-details/9336e86cfd4ceaa1,http://ufcstats.com/fight-details/2aef1a91d26dde42,Ricardo Ramos | Kaan Ofli,1ae8f3c723aacff4 | 7facc9c45d792985,Kaan Ofli,win,Submission,1,3:02,Featherweight,"{""rows"": [{""Fighter"": [""Ricardo Ramos"", ""Kaan Ofli""], ""KD"": [""0"", ""0""], ""Sig. str."": [""1 of 4"", ""1 of 1""], ""Sig. str. %"": [""25%"", ""100%""], ""Total str."": [""1 of 4"", ""1 of 1""], ""Td"": [""0 of 0"", ""1 of 1""], ""Td %"": [""---"", ""100%""], ""Sub. att"": [""3"", ""1""], ""Rev."": [""0"", ""0""], ""Ctrl"": [""0:00"", ""1:56""]}], ""fighters"": [""Ricardo Ramos"", ""Kaan Ofli""]}",Per round RD1 1 of 4 - 25% 1 of 1 - 100% Landed Attempted
UFC Fight Night: Oliveira vs. Gamrot,http://ufcstats.com/event-details/9336e86cfd4ceaa1,http://ufcstats.com/fight-details/cff0abc02974fb4a,Lucas Almeida | Michael Aswell Jr.,710f0f8c5d5c9d41 | 01c9e4013afce141,Michael Aswell Jr.,win,KO/TKO,1,1:42,Featherweight,"{""rows"": [{""Fighter"": [""Lucas Almeida"", ""Michael Aswell Jr.""], ""KD"": [""0"", ""2""], ""Sig. str."": [""9 of 21"", ""30 of 54""], ""Sig. str. %"": [""42%"", ""55%""], ""Total str."": [""9 of 21"", ""34 of 59""], ""Td"": [""0 of 0"", ""0 of 0""], ""Td %"": [""---"", ""---""], ""Sub. att"": [""0"", ""0""], ""Rev."": [""0"", ""0""], ""Ctrl"": [""0:00"", ""0:15""]}], ""fighters"": [""Lucas Almeida"", ""Michael Aswell Jr.""]}",Per round RD1 9 of 21 - 42% 30 of 54 - 55% Landed Attempted
UFC Fight Night: Oliveira vs. Gamrot,http://ufcstats.com/event-details/9336e86cfd4ceaa1,http://ufcstats.com/fight-details/766b0b26c40525de,Jafel Filho | Clayton Carpenter,65adf3856c4d9256 | b62d5280966b2460,Jafel Filho,win,Submission,1,4:42,Flyweight,"{""rows"": [{""Fighter"": [""Jafel Filho"", ""Clayton Carpenter""], ""KD"": [""0"", ""0""], ""Sig. str."": [""5 of 13"", ""7 of 21""], ""Sig. str. %"": [""38%"", ""33%""], ""Total str."": [""28 of 38"", ""12 of 27""], ""Td"": [""1 of 1"", ""0 of 0""], ""Td %"": [""100%"", ""---""], ""Sub. att"": [""1"", ""0""], ""Rev."": [""1"", ""1""], ""Ctrl"": [""2:23"", ""1:04""]}], ""fighters"": [""Jafel Filho"", ""Clayton Carpenter""]}",Per round RD1 5 of 13 - 38% 7 of 21 - 33% Landed Attempted
UFC Fight Night: Oliveira vs. Gamrot,http://ufcstats.com/event-details/9336e86cfd4ceaa1,http://ufcstats.com/fight-details/a815dafc89adf33b,Vitor Petrino | Thomas Petersen,71171fc96445bf65 | 764d39074a352e33,Vitor Petrino,win,KO/TKO,3,0:26,Heavyweight,"{""rows"": [{""Fighter"": [""Vitor Petrino"", ""Thomas Petersen""], ""KD"": [""2"", ""0""], ""Sig. str."": [""31 of 54"", ""16 of 35""], ""Sig. str. %"": [""57%"", ""45%""], ""Total str."": [""33 of 61"", ""41 of 62""], ""Td"": [""1 of 6"", ""0 of 8""], ""Td %"": [""16%"", ""0%""], ""Sub. att"": [""0"", ""0""], ""Rev."": [""0"", ""0""], ""Ctrl"": [""3:03"", ""2:06""]}], ""fighters"": [""Vitor Petrino"", ""Thomas Petersen""]}",Per round RD1 13 of 20 - 65% 1 of 5 - 20% RD2 14 of 28 - 50% 13 of 28 - 46% RD3 4 of 6 - 66% 2 of 2 - 100% Landed Attempted
UFC Fight Night: Oliveira vs. Gamrot,http://ufcstats.com/event-details/9336e86cfd4ceaa1,http://ufcstats.com/fight-details/546f971f9d8e0a33,Bia Mesquita | Irina Alekseeva,eff9074bc066f0f2 | 103e2e33a60683e1,Bia Mesquita,win,Submission,2,2:14,Women's Bantamweight,"{""rows"": [{""Fighter"": [""Bia Mesquita"", ""Irina Alekseeva""], ""KD"": [""0"", ""0""], ""Sig. str."": [""36 of 63"", ""6 of 23""], ""Sig. str. %"": [""57%"", ""26%""], ""Total str."": [""61 of 98"", ""17 of 34""], ""Td"": [""2 of 3"", ""0 of 0""], ""Td %"": [""66%"", ""---""], ""Sub. att"": [""1"", ""0""], ""Rev."": [""0"", ""0""], ""Ctrl"": [""4:53"", ""0:00""]}], ""fighters"": [""Bia Mesquita"", ""Irina Alekseeva""]}",Per round RD1 36 of 58 - 62% 3 of 13 - 23% RD2 0 of 5 - 0% 3 of 10 - 30% Landed Attempted
UFC Fight Night: Oliveira vs. Gamrot,http://ufcstats.com/event-details/9336e86cfd4ceaa1,http://ufcstats.com/fight-details/434abaea90ccd299,Lucas Rocha | Stewart Nicoll,e0d3d9b564f95635 | 2bd98ab77a8daa75,Lucas Rocha,win,Decision - Unanimous,3,5:00,Flyweight,"{""rows"": [{""Fighter"": [""Lucas Rocha"", ""Stewart Nicoll""], ""KD"": [""0"", ""0""], ""Sig. str."": [""115 of 226"", ""45 of 138""], ""Sig. str. %"": [""50%"", ""32%""], ""Total str."": [""130 of 244"", ""46 of 139""], ""Td"": [""3 of 4"", ""2 of 20""], ""Td %"": [""75%"", ""10%""], ""Sub. att"": [""0"", ""0""], ""Rev."": [""0"", ""0""], ""Ctrl"": [""1:25"", ""1:30""]}], ""fighters"": [""Lucas Rocha"", ""Stewart Nicoll""]}",Per round RD1 15 of 40 - 37% 14 of 38 - 36% RD2 40 of 87 - 45% 21 of 54 - 38% RD3 60 of 99 - 60% 10 of 46 - 21% Landed Attempted
UFC Fight Night: Oliveira vs. Gamrot,http://ufcstats.com/event-details/9336e86cfd4ceaa1,http://ufcstats.com/fight-details/c547b3e95bcc5f24,Julia Polastri | Karolina Kowalkiewicz,abb68e3c7ca128f2 | d7c3816669784109,Julia Polastri,win,KO/TKO,3,2:56,Women's Strawweight,"{""rows"": [{""Fighter"": [""Julia Polastri"", ""Karolina Kowalkiewicz""], ""KD"": [""0"", ""0""], ""Sig. str."": [""137 of 253"", ""72 of 192""], ""Sig. str. %"": [""54%"", ""37%""], ""Total str."": [""142 of 261"", ""75 of 196""], ""Td"": [""0 of 0"", ""1 of 4""], ""Td %"": [""---"", ""25%""], ""Sub. att"": [""0"", ""0""], ""Rev."": [""0"", ""0""], ""Ctrl"": [""0:46"", ""0:31""]}], ""fighters"": [""Julia Polastri"", ""Karolina Kowalkiewicz""]}",Per round RD1 53 of 93 - 56% 22 of 61 - 36% RD2 46 of 96 - 47% 30 of 68 - 44% RD3 38 of 64 - 59% 20 of 63 - 31% Landed Attempted
UFC Fight Night: Oliveira vs. Gamrot,http://ufcstats.com/event-details/9336e86cfd4ceaa1,http://ufcstats.com/fight-details/0f9e7d0d04e24b74,Luan Lacerda | Saimon Oliveira,6fc506e1099afe20 | 72ea1984c52019b5,Luan Lacerda,win,Submission,2,3:55,Bantamweight,"{""rows"": [{""Fighter"": [""Luan Lacerda"", ""Saimon Oliveira""], ""KD"": [""0"", ""0""], ""Sig. str."": [""24 of 39"", ""21 of 34""], ""Sig. str. %"": [""61%"", ""61%""], ""Total str."": [""60 of 85"", ""33 of 52""], ""Td"": [""3 of 4"", ""1 of 2""], ""Td %"": [""75%"", ""50%""], ""Sub. att"": [""1"", ""0""], ""Rev."": [""0"", ""2""], ""Ctrl"": [""6:06"", ""1:45""]}], ""fighters"": [""Luan Lacerda"", ""Saimon Oliveira""]}",Per round RD1 10 of 20 - 50% 6 of 8 - 75% RD2 14 of 19 - 73% 15 of 26 - 57% Landed Attempted
UFC 320: Ankalaev vs. Pereira 2,http://ufcstats.com/event-details/8944a0f9b2f0ce6d,http://ufcstats.com/fight-details/0de1ef0b9f3a79c0,Magomed Ankalaev | Alex Pereira,d802174b0c0c1f4e | e5549c82bfb5582d,Alex Pereira,win,KO/TKO,1,1:20,Light Heavyweight,"{""rows"": [{""Fighter"": [""Magomed Ankalaev"", ""Alex Pereira""], ""KD"": [""0"", ""0""], ""Sig. str."": [""4 of 9"", ""28 of 45""], ""Sig. str. %"": [""44%"", ""62%""], ""Total str."": [""4 of 9"", ""28 of 45""], ""Td"": [""0 of 1"", ""0 of 0""], ""Td %"": [""0%"", ""---""], ""Sub. att"": [""0"", ""0""], ""Rev."": [""0"", ""0""], ""Ctrl"": [""0:00"", ""0:17""]}], ""fighters"": [""Magomed Ankalaev"", ""Alex Pereira""]}",Per round RD1 4 of 9 - 44% 28 of 45 - 62% Landed Attempted
UFC 320: Ankalaev vs. Pereira 2,http://ufcstats.com/event-details/8944a0f9b2f0ce6d,http://ufcstats.com/fight-details/a8511df8285f5c91,Merab Dvalishvili | Cory Sandhagen,c03520b5c88ed6b4 | 65f09bacd3957381,Merab Dvalishvili,win,Decision - Unanimous,5,5:00,Bantamweight,"{""rows"": [{""Fighter"": [""Merab Dvalishvili"", ""Cory Sandhagen""], ""KD"": [""0"", ""0""], ""Sig. str."": [""114 of 265"", ""80 of 184""], ""Sig. str. %"": [""43%"", ""43%""], ""Total str."": [""243 of 399"", ""149 of 257""], ""Td"": [""20 of 37"", ""0 of 0""], ""Td %"": [""54%"", ""---""], ""Sub. att"": [""0"", ""0""], ""Rev."": [""0"", ""0""], ""Ctrl"": [""10:02"", ""0:00""]}], ""fighters"": [""Merab Dvalishvili"", ""Cory Sandhagen""]}",Per round RD1 11 of 46 - 23% 27 of 53 - 50% RD2 33 of 49 - 67% 2 of 9 - 22% RD3 15 of 48 - 31% 14 of 35 - 40% RD4 21 of 56 - 37% 19 of 43 - 44% RD5 34 of 66 - 51% 18 of 44 - 40% Landed Attempted
UFC 320: Ankalaev vs. Pereira 2,http://ufcstats.com/event-details/8944a0f9b2f0ce6d,http://ufcstats.com/fight-details/2560ea97b2cce4ef,Jiri Prochazka | Khalil Rountree Jr.,009341ed974bad72 | 749f572d1d3161fb,Jiri Prochazka,win,KO/TKO,3,3:04,Light Heavyweight,"{""rows"": [{""Fighter"": [""Jiri Prochazka"", ""Khalil Rountree Jr.""], ""KD"": [""1"", ""0""], ""Sig. str."": [""71 of 138"", ""66 of 158""], ""Sig. str. %"": [""51%"", ""41%""], ""Total str."": [""71 of 138"", ""66 of 158""], ""Td"": [""0 of 0"", ""0 of 0""], ""Td %"": [""---"", ""---""], ""Sub. att"": [""0"", ""0""], ""Rev."": [""0"", ""0""], ""Ctrl"": [""0:12"", ""0:02""]}], ""fighters"": [""Jiri Prochazka"", ""Khalil Rountree Jr.""]}",Per round RD1 12 of 24 - 50% 15 of 32 - 46% RD2 12 of 43 - 27% 24 of 65 - 36% RD3 47 of 71 - 66% 27 of 61 - 44% Landed Attempted
UFC 320: Ankalaev vs. Pereira 2,http://ufcstats.com/event-details/8944a0f9b2f0ce6d,http://ufcstats.com/fight-details/84ebd144d5e79c88,Josh Emmett | Youssef Zalal,fba03cd6cc28dc41 | 52c2ae6d2f2d2613,Youssef Zalal,win,Submission,1,1:38,Featherweight,"{""rows"": [{""Fighter"": [""Josh Emmett"", ""Youssef Zalal""], ""KD"": [""0"", ""0""], ""Sig. str."": [""0 of 0"", ""0 of 1""], ""Sig. str. %"": [""---"", ""0%""], ""Total str."": [""0 of 0"", ""0 of 1""], ""Td"": [""0 of 0"", ""1 of 1""], ""Td %"": [""---"", ""100%""], ""Sub. att"": [""0"", ""1""], ""Rev."": [""0"", ""0""], ""Ctrl"": [""0:16"", ""0:48""]}], ""fighters"": [""Josh Emmett"", ""Youssef Zalal""]}",Per round RD1 0 of 0 - 0% 0 of 1 - 0% Landed Attempted
UFC 320: Ankalaev vs. Pereira 2,http://ufcstats.com/event-details/8944a0f9b2f0ce6d,http://ufcstats.com/fight-details/d006dd2513bd376d,Abus Magomedov | Joe Pyfer,36b8f265bcd1b7a4 | c1085e1701b13eca,Joe Pyfer,win,Submission,2,1:46,Middleweight,"{""rows"": [{""Fighter"": [""Abus Magomedov"", ""Joe Pyfer""], ""KD"": [""0"", ""1""], ""Sig. str."": [""11 of 12"", ""6 of 10""], ""Sig. str. %"": [""91%"", ""60%""], ""Total str."": [""18 of 21"", ""13 of 18""], ""Td"": [""1 of 1"", ""0 of 4""], ""Td %"": [""100%"", ""0%""], ""Sub. att"": [""1"", ""2""], ""Rev."": [""0"", ""0""], ""Ctrl"": [""2:36"", ""2:16""]}], ""fighters"": [""Abus Magomedov"", ""Joe Pyfer""]}",Per round RD1 11 of 12 - 91% 1 of 3 - 33% RD2 0 of 0 - 0% 5 of 7 - 71% Landed Attempted
UFC 320: Ankalaev vs. Pereira 2,http://ufcstats.com/event-details/8944a0f9b2f0ce6d,http://ufcstats.com/fight-details/9418ebb3db2a4bae,Ateba Gautier | Tre'ston Vines,2f815ed5f8278ba6 | 563a1d42bb0e3cef,Ateba Gautier,win,KO/TKO,1,1:41,Middleweight,"{""rows"": [{""Fighter"": [""Ateba Gautier"", ""Tre'ston Vines""], ""KD"": [""1"", ""0""], ""Sig. str."": [""6 of 12"", ""0 of 1""], ""Sig. str. %"": [""50%"", ""0%""], ""Total str."": [""6 of 12"", ""0 of 1""], ""Td"": [""1 of 1"", ""0 of 2""], ""Td %"": [""100%"", ""0%""], ""Sub. att"": [""0"", ""0""], ""Rev."": [""0"", ""0""], ""Ctrl"": [""0:04"", ""0:06""]}], ""fighters"": [""Ateba Gautier"", ""Tre'ston Vines""]}",Per round RD1 6 of 12 - 50% 0 of 1 - 0% Landed Attempted
UFC 320: Ankalaev vs. Pereira 2,http://ufcstats.com/event-details/8944a0f9b2f0ce6d,http://ufcstats.com/fight-details/7b34aa1eb09b8301,Daniel Santos | JooSang Yoo,b67d6bacc68d4c92 | a44020ea2e8cd026,Daniel Santos,win,KO/TKO,2,0:21,Catch Weight,"{""rows"": [{""Fighter"": [""Daniel Santos"", ""JooSang Yoo""], ""KD"": [""1"", ""0""], ""Sig. str."": [""27 of 62"", ""31 of 55""], ""Sig. str. %"": [""43%"", ""56%""], ""Total str."": [""28 of 63"", ""51 of 75""], ""Td"": [""1 of 2"", ""0 of 0""], ""Td %"": [""50%"", ""---""], ""Sub. att"": [""0"", ""0""], ""Rev."": [""0"", ""0""], ""Ctrl"": [""1:23"", ""0:00""]}], ""fighters"": [""Daniel Santos"", ""JooSang Yoo""]}",Per round RD1 17 of 47 - 36% 28 of 49 - 57% RD2 10 of 15 - 66% 3 of 6 - 50% Landed Attempted
UFC 320: Ankalaev vs. Pereira 2,http://ufcstats.com/event-details/8944a0f9b2f0ce6d,http://ufcstats.com/fight-details/b09ecdc8ef0f0d20,Patchy Mix | Jakub Wiklacz,2cfba6c837c03ed0 | 6902fcf0610dd303,Jakub Wiklacz,win,Decision - Split,3,5:00,Bantamweight,"{""rows"": [{""Fighter"": [""Patchy Mix"", ""Jakub Wiklacz""], ""KD"": [""0"", ""0""], ""Sig. str."": [""37 of 58"", ""46 of 83""], ""Sig. str. %"": [""63%"", ""55%""], ""Total str."": [""75 of 101"", ""107 of 147""], ""Td"": [""5 of 7"", ""0 of 0""], ""Td %"": [""71%"", ""---""], ""Sub. att"": [""0"", ""3""], ""Rev."": [""0"", ""1""], ""Ctrl"": [""7:41"", ""2:04""]}], ""fighters"": [""Patchy Mix"", ""Jakub Wiklacz""]}",Per round RD1 5 of 8 - 62% 13 of 24 - 54% RD2 25 of 41 - 60% 31 of 56 - 55% RD3 7 of 9 - 77% 2 of 3 - 66% Landed Attempted
UFC 320: Ankalaev vs. Pereira 2,http://ufcstats.com/event-details/8944a0f9b2f0ce6d,http://ufcstats.com/fight-details/1c7cc3a22ab7d907,Edmen Shahbazyan | Andre Muniz,4144798612ef96e5 | 886264a0c9f4ea5e,Edmen Shahbazyan,win,KO/TKO,1,4:58,Middleweight,"{""rows"": [{""Fighter"": [""Edmen Shahbazyan"", ""Andre Muniz""], ""KD"": [""1"", ""0""], ""Sig. str."": [""25 of 50"", ""15 of 38""], ""Sig. str. %"": [""50%"", ""39%""], ""Total str."": [""26 of 51"", ""17 of 40""], ""Td"": [""0 of 0"", ""1 of 3""], ""Td %"": [""---"", ""33%""], ""Sub. att"": [""0"", ""0""], ""Rev."": [""0"", ""0""], ""Ctrl"": [""0:39"", ""0:18""]}], ""fighters"": [""Edmen Shahbazyan"", ""Andre Muniz""]}",Per round RD1 25 of 50 - 50% 15 of 38 - 39% Landed Attempted
UFC 320: Ankalaev vs. Pereira 2,http://ufcstats.com/event-details/8944a0f9b2f0ce6d,http://ufcstats.com/fight-details/a951090fb402fd20,Punahele Soriano | Nikolay Veretennikov,64facb6cc564262d | 0f1efce7d2571d10,Punahele Soriano,win,Decision - Unanimous,3,5:00,Welterweight,"{""rows"": [{""Fighter"": [""Punahele Soriano"", ""Nikolay Veretennikov""], ""KD"": [""0"", ""0""], ""Sig. str."": [""39 of 54"", ""9 of 12""], ""Sig. str. %"": [""72%"", ""75%""], ""Total str."": [""163 of 200"", ""34 of 37""], ""Td"": [""4 of 11"", ""0 of 1""], ""Td %"": [""36%"", ""0%""], ""Sub. att"": [""1"", ""2""], ""Rev."": [""1"", ""0""], ""Ctrl"": [""12:35"", ""0:49""]}], ""fighters"": [""Punahele Soriano"", ""Nikolay Veretennikov""]}",Per round RD1 21 of 30 - 70% 6 of 7 - 85% RD2 11 of 13 - 84% 1 of 3 - 33% RD3 7 of 11 - 63% 2 of 2 - 100% Landed Attempted
UFC 320: Ankalaev vs. Pereira 2,http://ufcstats.com/event-details/8944a0f9b2f0ce6d,http://ufcstats.com/fight-details/8353b491afa7bc32,Macy Chiasson | Yana Santos,9cdd2da1a9104a0b | 3143bf892608139a,Yana Santos,win,Decision - Unanimous,3,5:00,Women's Bantamweight,"{""rows"": [{""Fighter"": [""Macy Chiasson"", ""Yana Santos""], ""KD"": [""0"", ""0""], ""Sig. str."": [""54 of 118"", ""65 of 124""], ""Sig. str. %"": [""45%"", ""52%""], ""Total str."": [""91 of 158"", ""115 of 176""], ""Td"": [""2 of 3"", ""0 of 1""], ""Td %"": [""66%"", ""0%""], ""Sub. att"": [""1"", ""0""], ""Rev."": [""0"", ""0""], ""Ctrl"": [""3:43"", ""0:49""]}], ""fighters"": [""Macy Chiasson"", ""Yana Santos""]}",Per round RD1 14 of 33 - 42% 31 of 50 - 62% RD2 25 of 50 - 50% 31 of 52 - 59% RD3 15 of 35 - 42% 3 of 22 - 13% Landed Attempted
UFC 320: Ankalaev vs. Pereira 2,http://ufcstats.com/event-details/8944a0f9b2f0ce6d,http://ufcstats.com/fight-details/e53fd165a3bc1f8e,Chris Gutierrez | Farid Basharat,45f0cc9d18f35137 | a09ed60aa67a3f67,Farid Basharat,win,Decision - Unanimous,3,5:00,Bantamweight,"{""rows"": [{""Fighter"": [""Chris Gutierrez"", ""Farid Basharat""], ""KD"": [""0"", ""0""], ""Sig. str."": [""31 of 86"", ""41 of 110""], ""Sig. str. %"": [""36%"", ""37%""], ""Total str."": [""61 of 119"", ""56 of 126""], ""Td"": [""1 of 1"", ""2 of 2""], ""Td %"": [""100%"", ""100%""], ""Sub. att"": [""0"", ""0""], ""Rev."": [""1"", ""0""], ""Ctrl"": [""0:42"", ""3:27""]}], ""fighters"": [""Chris Gutierrez"", ""Farid Basharat""]}",Per round RD1 3 of 7 - 42% 9 of 24 - 37% RD2 9 of 33 - 27% 20 of 48 - 41% RD3 19 of 46 - 41% 12 of 38 - 31% Landed Attempted
UFC 320: Ankalaev vs. Pereira 2,http://ufcstats.com/event-details/8944a0f9b2f0ce6d,http://ufcstats.com/fight-details/b98bc1ecb94ef4a5,Ramiz Brahimaj | Austin Vanderford,3d074044a33825e7 | 32c3ee378671a5d9,Ramiz Brahimaj,win,Submission,2,2:24,Welterweight,"{""rows"": [{""Fighter"": [""Ramiz Brahimaj"", ""Austin Vanderford""], ""KD"": [""0"", ""0""], ""Sig. str."": [""21 of 35"", ""5 of 16""], ""Sig. str. %"": [""60%"", ""31%""], ""Total str."": [""46 of 61"", ""13 of 24""], ""Td"": [""0 of 1"", ""3 of 6""], ""Td %"": [""0%"", ""50%""], ""Sub. att"": [""2"", ""0""], ""Rev."": [""0"", ""0""], ""Ctrl"": [""0:37"", ""3:23""]}], ""fighters"": [""Ramiz Brahimaj"", ""Austin Vanderford""]}",Per round RD1 4 of 13 - 30% 4 of 12 - 33% RD2 17 of 22 - 77% 1 of 4 - 25% Landed Attempted
UFC 320: Ankalaev vs. Pereira 2,http://ufcstats.com/event-details/8944a0f9b2f0ce6d,http://ufcstats.com/fight-details/98883348ddb3be33,Veronica Hardy | Brogan Walker,4798e823ada58fe9 | 4333a8e70a672eb7,Veronica Hardy,win,Decision - Unanimous,3,5:00,Women's Flyweight,"{""rows"": [{""Fighter"": [""Veronica Hardy"", ""Brogan Walker""], ""KD"": [""1"", ""0""], ""Sig. str."": [""39 of 75"", ""22 of 60""], ""Sig. str. %"": [""52%"", ""36%""], ""Total str."": [""53 of 94"", ""30 of 70""], ""Td"": [""0 of 0"", ""3 of 4""], ""Td %"": [""---"", ""75%""], ""Sub. att"": [""1"", ""0""], ""Rev."": [""0"", ""0""], ""Ctrl"": [""2:36"", ""2:55""]}], ""fighters"": [""Veronica Hardy"", ""Brogan Walker""]}",Per round RD1 9 of 20 - 45% 7 of 15 - 46% RD2 16 of 29 - 55% 8 of 25 - 32% RD3 14 of 26 - 53% 7 of 20 - 35% Landed Attempted
UFC Fight Night: Ulberg vs. Reyes,http://ufcstats.com/event-details/ed220e87bef0cc64,http://ufcstats.com/fight-details/a3ee907c77544cde,Carlos Ulberg | Dominick Reyes,9014c02eff8b3d62 | 2e19380f34871c6a,Carlos Ulberg,win,KO/TKO,1,4:27,Light Heavyweight,"{""rows"": [{""Fighter"": [""Carlos Ulberg"", ""Dominick Reyes""], ""KD"": [""1"", ""0""], ""Sig. str."": [""11 of 17"", ""5 of 11""], ""Sig. str. %"": [""64%"", ""45%""], ""Total str."": [""11 of 17"", ""5 of 11""], ""Td"": [""0 of 0"", ""0 of 0""], ""Td %"": [""---"", ""---""], ""Sub. att"": [""0"", ""0""], ""Rev."": [""0"", ""0""], ""Ctrl"": [""0:03"", ""0:00""]}], ""fighters"": [""Carlos Ulberg"", ""Dominick Reyes""]}",Per round RD1 11 of 17 - 64% 5 of 11 - 45% Landed Attempted
UFC Fight Night: Ulberg vs. Reyes,http://ufcstats.com/event-details/ed220e87bef0cc64,http://ufcstats.com/fight-details/f5fb8b182020c59d,Jimmy Crute | Ivan Erslan,70e1f8a821b72c8b | 64ad3e3b0efa30bb,Jimmy Crute,win,Submission,1,3:19,Light Heavyweight,"{""rows"": [{""Fighter"": [""Jimmy Crute"", ""Ivan Erslan""], ""KD"": [""0"", ""0""], ""Sig. str."": [""12 of 16"", ""10 of 14""], ""Sig. str. %"": [""75%"", ""71%""], ""Total str."": [""12 of 16"", ""10 of 14""], ""Td"": [""2 of 4"", ""0 of 0""], ""Td %"": [""50%"", ""---""], ""Sub. att"": [""1"", ""0""], ""Rev."": [""1"", ""0""], ""Ctrl"": [""2:08"", ""0:05""]}], ""fighters"": [""Jimmy Crute"", ""Ivan Erslan""]}",Per round RD1 12 of 16 - 75% 10 of 14 - 71% Landed Attempted
UFC Fight Night: Ulberg vs. Reyes,http://ufcstats.com/event-details/ed220e87bef0cc64,http://ufcstats.com/fight-details/38248c5d13f273e6,Jack Jenkins | Ramon Taveras,a9da3158dd2c2b5a | c5ccd878231c5407,Jack Jenkins,win,Decision - Unanimous,3,5:00,Featherweight,"{""rows"": [{""Fighter"": [""Jack Jenkins"", ""Ramon Taveras""], ""KD"": [""0"", ""0""], ""Sig. str."": [""65 of 109"", ""43 of 113""], ""Sig. str. %"": [""59%"", ""38%""], ""Total str."": [""73 of 123"", ""68 of 142""], ""Td"": [""3 of 6"", ""0 of 4""], ""Td %"": [""50%"", ""0%""], ""Sub. att"": [""1"", ""0""], ""Rev."": [""0"", ""1""], ""Ctrl"": [""3:58"", ""1:39""]}], ""fighters"": [""Jack Jenkins"", ""Ramon Taveras""]}",Per round RD1 32 of 56 - 57% 16 of 43 - 37% RD2 29 of 42 - 69% 20 of 58 - 34% RD3 4 of 11 - 36% 7 of 12 - 58% Landed Attempted
UFC Fight Night: Ulberg vs. Reyes,http://ufcstats.com/event-details/ed220e87bef0cc64,http://ufcstats.com/fight-details/1ff24d5f760e0491,Jake Matthews | Neil Magny,a845f0735bc67405 | 84b3e7d38f2d2ec5,Neil Magny,win,Submission,3,3:08,Welterweight,"{""rows"": [{""Fighter"": [""Jake Matthews"", ""Neil Magny""], ""KD"": [""0"", ""0""], ""Sig. str."": [""18 of 44"", ""31 of 57""], ""Sig. str. %"": [""40%"", ""54%""], ""Total str."": [""28 of 54"", ""73 of 103""], ""Td"": [""0 of 1"", ""3 of 5""], ""Td %"": [""0%"", ""60%""], ""Sub. att"": [""3"", ""1""], ""Rev."": [""1"", ""0""], ""Ctrl"": [""4:43"", ""2:46""]}], ""fighters"": [""Jake Matthews"", ""Neil Magny""]}",Per round RD1 9 of 20 - 45% 18 of 32 - 56% RD2 7 of 16 - 43% 7 of 14 - 50% RD3 2 of 8 - 25% 6 of 11 - 54% Landed Attempted
UFC Fight Night: Ulberg vs. Reyes,http://ufcstats.com/event-details/ed220e87bef0cc64,http://ufcstats.com/fight-details/8abad36b4c5e4070,Tom Nolan | Charlie Campbell,6c3b2525436cf5d4 | b39f7a6c2be17ee8,Tom Nolan,win,Submission,1,4:08,Lightweight,"{""rows"": [{""Fighter"": [""Tom Nolan"", ""Charlie Campbell""], ""KD"": [""0"", ""0""], ""Sig. str."": [""26 of 61"", ""15 of 42""], ""Sig. str. %"": [""42%"", ""35%""], ""Total str."": [""33 of 69"", ""15 of 42""], ""Td"": [""1 of 1"", ""0 of 1""], ""Td %"": [""100%"", ""0%""], ""Sub. att"": [""1"", ""0""], ""Rev."": [""0"", ""0""], ""Ctrl"": [""0:34"", ""0:18""]}], ""fighters"": [""Tom Nolan"", ""Charlie Campbell""]}",Per round RD1 26 of 61 - 42% 15 of 42 - 35% Landed Attempted
UFC Fight Night: Ulberg vs. Reyes,http://ufcstats.com/event-details/ed220e87bef0cc64,http://ufcstats.com/fight-details/dc31d3260dea7dcf,Navajo Stirling | Rodolfo Bellato,b4b496ec2197ee3e | 69898645d600abdb,Navajo Stirling,win,Decision - Unanimous,3,5:00,Light Heavyweight,"{""rows"": [{""Fighter"": [""Navajo Stirling"", ""Rodolfo Bellato""], ""KD"": [""0"", ""0""], ""Sig. str."": [""81 of 158"", ""43 of 89""], ""Sig. str. %"": [""51%"", ""48%""], ""Total str."": [""101 of 193"", ""62 of 111""], ""Td"": [""1 of 4"", ""2 of 6""], ""Td %"": [""25%"", ""33%""], ""Sub. att"": [""0"", ""0""], ""Rev."": [""0"", ""0""], ""Ctrl"": [""3:53"", ""2:23""]}], ""fighters"": [""Navajo Stirling"", ""Rodolfo Bellato""]}",Per round RD1 37 of 62 - 59% 15 of 33 - 45% RD2 16 of 39 - 41% 6 of 19 - 31% RD3 28 of 57 - 49% 22 of 37 - 59% Landed Attempted
UFC Fight Night: Ulberg vs. Reyes,http://ufcstats.com/event-details/ed220e87bef0cc64,http://ufcstats.com/fight-details/93a0a19c2c1cfe66,Cam Rowston | Andre Petroski,8ebc3a8da015d70c | 5f61780fe5e9b6d0,Cam Rowston,win,KO/TKO,1,2:41,Middleweight,"{""rows"": [{""Fighter"": [""Cam Rowston"", ""Andre Petroski""], ""KD"": [""1"", ""0""], ""Sig. str."": [""12 of 36"", ""7 of 13""], ""Sig. str. %"": [""33%"", ""53%""], ""Total str."": [""20 of 48"", ""7 of 13""], ""Td"": [""0 of 0"", ""0 of 0""], ""Td %"": [""---"", ""---""], ""Sub. att"": [""0"", ""0""], ""Rev."": [""0"", ""0""], ""Ctrl"": [""0:36"", ""0:00""]}], ""fighters"": [""Cam Rowston"", ""Andre Petroski""]}",Per round RD1 12 of 36 - 33% 7 of 13 - 53% Landed Attempted
UFC Fight Night: Ulberg vs. Reyes,http://ufcstats.com/event-details/ed220e87bef0cc64,http://ufcstats.com/fight-details/e2dc4fb7b5c0ce76,Jamie Mullarkey | Rolando Bedoya,af9f42e6894047fc | 40a456a25d52ee65,Jamie Mullarkey,win,Decision - Unanimous,3,5:00,Lightweight,"{""rows"": [{""Fighter"": [""Jamie Mullarkey"", ""Rolando Bedoya""], ""KD"": [""0"", ""0""], ""Sig. str."": [""43 of 89"", ""46 of 116""], ""Sig. str. %"": [""48%"", ""39%""], ""Total str."": [""47 of 94"", ""55 of 129""], ""Td"": [""3 of 17"", ""0 of 0""], ""Td %"": [""17%"", ""---""], ""Sub. att"": [""0"", ""1""], ""Rev."": [""0"", ""0""], ""Ctrl"": [""5:41"", ""0:07""]}], ""fighters"": [""Jamie Mullarkey"", ""Rolando Bedoya""]}",Per round RD1 3 of 8 - 37% 5 of 10 - 50% RD2 15 of 27 - 55% 10 of 33 - 30% RD3 25 of 54 - 46% 31 of 73 - 42% Landed Attempted
UFC Fight Night: Ulberg vs. Reyes,http://ufcstats.com/event-details/ed220e87bef0cc64,http://ufcstats.com/fight-details/81127436605d3c88,Colby Thicknesse | Josias Musasa,ed7d329d7c29428d | 723b64c0e9a8f348,Colby Thicknesse,win,Decision - Unanimous,3,5:00,Bantamweight,"{""rows"": [{""Fighter"": [""Colby Thicknesse"", ""Josias Musasa""], ""KD"": [""0"", ""0""], ""Sig. str."": [""62 of 111"", ""43 of 89""], ""Sig. str. %"": [""55%"", ""48%""], ""Total str."": [""126 of 199"", ""62 of 118""], ""Td"": [""2 of 14"", ""1 of 2""], ""Td %"": [""14%"", ""50%""], ""Sub. att"": [""1"", ""0""], ""Rev."": [""0"", ""0""], ""Ctrl"": [""7:45"", ""0:52""]}], ""fighters"": [""Colby Thicknesse"", ""Josias Musasa""]}",Per round RD1 43 of 75 - 57% 12 of 27 - 44% RD2 8 of 14 - 57% 18 of 35 - 51% RD3 11 of 22 - 50% 13 of 27 - 48% Landed Attempted
UFC Fight Night: Ulberg vs. Reyes,http://ufcstats.com/event-details/ed220e87bef0cc64,http://ufcstats.com/fight-details/44cd8c9f622e155f,Michelle Montague | Luana Carolina,ca80d72da81d7224 | 528b071cf3da7c56,Michelle Montague,win,Decision - Unanimous,3,5:00,Women's Bantamweight,"{""rows"": [{""Fighter"": [""Michelle Montague"", ""Luana Carolina""], ""KD"": [""0"", ""0""], ""Sig. str."": [""41 of 88"", ""48 of 82""], ""Sig. str. %"": [""46%"", ""58%""], ""Total str."": [""99 of 164"", ""75 of 115""], ""Td"": [""5 of 7"", ""0 of 0""], ""Td %"": [""71%"", ""---""], ""Sub. att"": [""0"", ""1""], ""Rev."": [""0"", ""0""], ""Ctrl"": [""10:43"", ""0:00""]}], ""fighters"": [""Michelle Montague"", ""Luana Carolina""]}",Per round RD1 10 of 32 - 31% 24 of 36 - 66% RD2 17 of 32 - 53% 15 of 25 - 60% RD3 14 of 24 - 58% 9 of 21 - 42% Landed Attempted
UFC Fight Night: Ulberg vs. Reyes,http://ufcstats.com/event-details/ed220e87bef0cc64,http://ufcstats.com/fight-details/140937779a2466a7,Brando Pericic | Elisha Ellison,d0fd0d9ee560dae7 | 87e4a3a5080ee7ce,Brando Pericic,win,KO/TKO,1,1:55,Heavyweight,"{""rows"": [{""Fighter"": [""Brando Pericic"", ""Elisha Ellison""], ""KD"": [""0"", ""0""], ""Sig. str."": [""29 of 49"", ""3 of 9""], ""Sig. str. %"": [""59%"", ""33%""], ""Total str."": [""30 of 50"", ""3 of 9""], ""Td"": [""0 of 0"", ""0 of 2""], ""Td %"": [""---"", ""0%""], ""Sub. att"": [""0"", ""0""], ""Rev."": [""0"", ""0""], ""Ctrl"": [""0:29"", ""0:13""]}], ""fighters"": [""Brando Pericic"", ""Elisha Ellison""]}",Per round RD1 29 of 49 - 59% 3 of 9 - 33% Landed Attempted
UFC Fight Night: Ulberg vs. Reyes,http://ufcstats.com/event-details/ed220e87bef0cc64,http://ufcstats.com/fight-details/e35f7504d83b8b07,Loma Lookboonmee | Alexia Thainara,4e30e4250cb08b61 | 545092d13c67aa49,Alexia Thainara,win,Decision - Unanimous,3,5:00,Women's Strawweight,"{""rows"": [{""Fighter"": [""Loma Lookboonmee"", ""Alexia Thainara""], ""KD"": [""0"", ""0""], ""Sig. str."": [""30 of 61"", ""44 of 107""], ""Sig. str. %"": [""49%"", ""41%""], ""Total str."": [""67 of 102"", ""110 of 202""], ""Td"": [""0 of 1"", ""5 of 11""], ""Td %"": [""0%"", ""45%""], ""Sub. att"": [""0"", ""1""], ""Rev."": [""0"", ""0""], ""Ctrl"": [""0:11"", ""10:02""]}], ""fighters"": [""Loma Lookboonmee"", ""Alexia Thainara""]}",Per round RD1 15 of 21 - 71% 24 of 48 - 50% RD2 9 of 20 - 45% 12 of 36 - 33% RD3 6 of 20 - 30% 8 of 23 - 34% Landed Attempted
UFC Fight Night: Lopes vs. Silva,http://ufcstats.com/event-details/5efaaf313b652dd7,http://ufcstats.com/fight-details/de1a3734be60e6a1,Diego Lopes | Jean Silva,f166e93d04a8c274 | 52ef95b5860fb28c,Diego Lopes,win,KO/TKO,2,4:48,Featherweight,"{""rows"": [{""Fighter"": [""Diego Lopes"", ""Jean Silva""], ""KD"": [""1"", ""0""], ""Sig. str."": [""74 of 135"", ""43 of 91""], ""Sig. str. %"": [""54%"", ""47%""], ""Total str."": [""86 of 154"", ""43 of 91""], ""Td"": [""3 of 4"", ""0 of 0""], ""Td %"": [""75%"", ""---""], ""Sub. att"": [""0"", ""0""], ""Rev."": [""0"", ""1""], ""Ctrl"": [""2:40"", ""0:03""]}], ""fighters"": [""Diego Lopes"", ""Jean Silva""]}",Per round RD1 43 of 77 - 55% 10 of 20 - 50% RD2 31 of 58 - 53% 33 of 71 - 46% Landed Attempted
UFC Fight Night: Lopes vs. Silva,http://ufcstats.com/event-details/5efaaf313b652dd7,http://ufcstats.com/fight-details/944b929130b23c2a,Rob Font | David Martinez,05339613bf8e9808 | 9a97acbfd5a08bfa,David Martinez,win,Decision - Unanimous,3,5:00,Bantamweight,"{""rows"": [{""Fighter"": [""Rob Font"", ""David Martinez""], ""KD"": [""0"", ""0""], ""Sig. str."": [""49 of 158"", ""62 of 155""], ""Sig. str. %"": [""31%"", ""40%""], ""Total str."": [""49 of 158"", ""115 of 210""], ""Td"": [""0 of 5"", ""0 of 2""], ""Td %"": [""0%"", ""0%""], ""Sub. att"": [""0"", ""0""], ""Rev."": [""0"", ""0""], ""Ctrl"": [""0:59"", ""0:33""]}], ""fighters"": [""Rob Font"", ""David Martinez""]}",Per round RD1 11 of 51 - 21% 22 of 45 - 48% RD2 15 of 49 - 30% 10 of 27 - 37% RD3 23 of 58 - 39% 30 of 83 - 36% Landed Attempted
UFC Fight Night: Lopes vs. Silva,http://ufcstats.com/event-details/5efaaf313b652dd7,http://ufcstats.com/fight-details/7cbfeba85f86d1bf,Rafa Garcia | Jared Gordon,e132d47bd9efbbe0 | 7026eca45f65377b,Rafa Garcia,win,KO/TKO,3,2:27,Lightweight,"{""rows"": [{""Fighter"": [""Rafa Garcia"", ""Jared Gordon""], ""KD"": [""1"", ""0""], ""Sig. str."": [""91 of 162"", ""65 of 186""], ""Sig. str. %"": [""56%"", ""34%""], ""Total str."": [""107 of 179"", ""80 of 201""], ""Td"": [""2 of 3"", ""1 of 3""], ""Td %"": [""66%"", ""33%""], ""Sub. att"": [""2"", ""0""], ""Rev."": [""1"", ""0""], ""Ctrl"": [""2:01"", ""0:09""]}], ""fighters"": [""Rafa Garcia"", ""Jared Gordon""]}",Per round RD1 22 of 41 - 53% 23 of 64 - 35% RD2 33 of 61 - 54% 31 of 86 - 36% RD3 36 of 60 - 60% 11 of 36 - 30% Landed Attempted
UFC Fight Night: Lopes vs. Silva,http://ufcstats.com/event-details/5efaaf313b652dd7,http://ufcstats.com/fight-details/114d2f6fcd3f6f00,Kelvin Gastelum | Dustin Stoltzfus,8c0580d4fff106c1 | 71505842fb6455c3,Kelvin Gastelum,win,Decision - Unanimous,3,5:00,Middleweight,"{""rows"": [{""Fighter"": [""Kelvin Gastelum"", ""Dustin Stoltzfus""], ""KD"": [""1"", ""0""], ""Sig. str."": [""57 of 117"", ""64 of 146""], ""Sig. str. %"": [""48%"", ""43%""], ""Total str."": [""58 of 118"", ""69 of 151""], ""Td"": [""0 of 0"", ""1 of 6""], ""Td %"": [""---"", ""16%""], ""Sub. att"": [""0"", ""0""], ""Rev."": [""0"", ""1""], ""Ctrl"": [""0:23"", ""2:00""]}], ""fighters"": [""Kelvin Gastelum"", ""Dustin Stoltzfus""]}",Per round RD1 14 of 25 - 56% 24 of 49 - 48% RD2 23 of 43 - 53% 20 of 45 - 44% RD3 20 of 49 - 40% 20 of 52 - 38% Landed Attempted
UFC Fight Night: Lopes vs. Silva,http://ufcstats.com/event-details/5efaaf313b652dd7,http://ufcstats.com/fight-details/202c47db69768356,Alexander Hernandez | Diego Ferreira,262a7d06203657e6 | f53d4f21d1b5f2dc,Alexander Hernandez,win,KO/TKO,2,3:46,Lightweight,"{""rows"": [{""Fighter"": [""Alexander Hernandez"", ""Diego Ferreira""], ""KD"": [""1"", ""0""], ""Sig. str."": [""30 of 75"", ""23 of 98""], ""Sig. str. %"": [""40%"", ""23%""], ""Total str."": [""30 of 75"", ""23 of 98""], ""Td"": [""0 of 0"", ""0 of 0""], ""Td %"": [""---"", ""---""], ""Sub. att"": [""0"", ""0""], ""Rev."": [""0"", ""0""], ""Ctrl"": [""0:12"", ""0:00""]}], ""fighters"": [""Alexander Hernandez"", ""Diego Ferreira""]}",Per round RD1 12 of 36 - 33% 11 of 53 - 20% RD2 18 of 39 - 46% 12 of 45 - 26% Landed Attempted
UFC Fight Night: Lopes vs. Silva,http://ufcstats.com/event-details/5efaaf313b652dd7,http://ufcstats.com/fight-details/8a884a7930d75ca9,Santiago Luna | Quang Le,faf317c665546a36 | 32feae6d9a1e5047,Santiago Luna,win,KO/TKO,1,2:48,Bantamweight,"{""rows"": [{""Fighter"": [""Santiago Luna"", ""Quang Le""], ""KD"": [""2"", ""0""], ""Sig. str."": [""15 of 40"", ""12 of 24""], ""Sig. str. %"": [""37%"", ""50%""], ""Total str."": [""17 of 42"", ""13 of 25""], ""Td"": [""0 of 1"", ""0 of 1""], ""Td %"": [""0%"", ""0%""], ""Sub. att"": [""0"", ""0""], ""Rev."": [""0"", ""0""], ""Ctrl"": [""0:47"", ""0:07""]}], ""fighters"": [""Santiago Luna"", ""Quang Le""]}",Per round RD1 15 of 40 - 37% 12 of 24 - 50% Landed Attempted
UFC Fight Night: Lopes vs. Silva,http://ufcstats.com/event-details/5efaaf313b652dd7,http://ufcstats.com/fight-details/07a378b257aad5a9,Jose Daniel Medina | Dusko Todorovic,baa9be02c3e3e038 | 866fd7b1a6c90e7f,Dusko Todorovic,win,Submission,1,4:21,Middleweight,"{""rows"": [{""Fighter"": [""Jose Daniel Medina"", ""Dusko Todorovic""], ""KD"": [""0"", ""0""], ""Sig. str."": [""9 of 25"", ""16 of 24""], ""Sig. str. %"": [""36%"", ""66%""], ""Total str."": [""13 of 29"", ""27 of 36""], ""Td"": [""0 of 0"", ""2 of 2""], ""Td %"": [""---"", ""100%""], ""Sub. att"": [""0"", ""1""], ""Rev."": [""0"", ""0""], ""Ctrl"": [""0:00"", ""2:16""]}], ""fighters"": [""Jose Daniel Medina"", ""Dusko Todorovic""]}",Per round RD1 9 of 25 - 36% 16 of 24 - 66% Landed Attempted
UFC Fight Night: Lopes vs. Silva,http://ufcstats.com/event-details/5efaaf313b652dd7,http://ufcstats.com/fight-details/352839a03b428e74,Claudio Puelles | Joaquim Silva,d747eb273a40a920 | ae7fe94f117f98cf,Joaquim Silva,win,Decision - Split,3,5:00,Lightweight,"{""rows"": [{""Fighter"": [""Claudio Puelles"", ""Joaquim Silva""], ""KD"": [""0"", ""1""], ""Sig. str."": [""21 of 63"", ""25 of 66""], ""Sig. str. %"": [""33%"", ""37%""], ""Total str."": [""58 of 102"", ""95 of 136""], ""Td"": [""4 of 16"", ""0 of 0""], ""Td %"": [""25%"", ""---""], ""Sub. att"": [""0"", ""1""], ""Rev."": [""0"", ""0""], ""Ctrl"": [""7:25"", ""1:03""]}], ""fighters"": [""Claudio Puelles"", ""Joaquim Silva""]}",Per round RD1 3 of 8 - 37% 0 of 4 - 0% RD2 6 of 31 - 19% 11 of 29 - 37% RD3 12 of 24 - 50% 14 of 33 - 42% Landed Attempted
UFC Fight Night: Lopes vs. Silva,http://ufcstats.com/event-details/5efaaf313b652dd7,http://ufcstats.com/fight-details/9474f64347aade7a,Tatiana Suarez | Amanda Lemos,b08012bbe542592a | 3df5493bb279226f,Tatiana Suarez,win,Decision - Unanimous,3,5:00,Women's Strawweight,"{""rows"": [{""Fighter"": [""Tatiana Suarez"", ""Amanda Lemos""], ""KD"": [""0"", ""0""], ""Sig. str."": [""20 of 39"", ""23 of 33""], ""Sig. str. %"": [""51%"", ""69%""], ""Total str."": [""70 of 91"", ""39 of 49""], ""Td"": [""3 of 12"", ""0 of 0""], ""Td %"": [""25%"", ""---""], ""Sub. att"": [""0"", ""1""], ""Rev."": [""0"", ""1""], ""Ctrl"": [""9:34"", ""0:34""]}], ""fighters"": [""Tatiana Suarez"", ""Amanda Lemos""]}",Per round RD1 7 of 10 - 70% 5 of 6 - 83% RD2 5 of 14 - 35% 5 of 5 - 100% RD3 8 of 15 - 53% 13 of 22 - 59% Landed Attempted
UFC Fight Night: Lopes vs. Silva,http://ufcstats.com/event-details/5efaaf313b652dd7,http://ufcstats.com/fight-details/3dc1a6335d890650,Jesus Aguilar | Luis Gurule,c051c2e12d692b8a | 29162be25ebef5f0,Jesus Aguilar,win,Decision - Unanimous,3,5:00,Flyweight,"{""rows"": [{""Fighter"": [""Jesus Aguilar"", ""Luis Gurule""], ""KD"": [""0"", ""0""], ""Sig. str."": [""85 of 235"", ""65 of 186""], ""Sig. str. %"": [""36%"", ""34%""], ""Total str."": [""87 of 237"", ""73 of 195""], ""Td"": [""1 of 5"", ""0 of 5""], ""Td %"": [""20%"", ""0%""], ""Sub. att"": [""0"", ""0""], ""Rev."": [""0"", ""0""], ""Ctrl"": [""0:38"", ""0:21""]}], ""fighters"": [""Jesus Aguilar"", ""Luis Gurule""]}",Per round RD1 35 of 73 - 47% 12 of 49 - 24% RD2 20 of 65 - 30% 20 of 64 - 31% RD3 30 of 97 - 30% 33 of 73 - 45% Landed Attempted
UFC Fight Night: Lopes vs. Silva,http://ufcstats.com/event-details/5efaaf313b652dd7,http://ufcstats.com/fight-details/d822ebc7dbc6c259,Zach Reese | Sedriques Dumas,23dec7c47cb418f8 | 4e6738062d469256,,nc nc,Could Not Continue,1,0:51,Middleweight,"{""rows"": [{""Fighter"": [""Zach Reese"", ""Sedriques Dumas""], ""KD"": [""0"", ""0""], ""Sig. str."": [""2 of 7"", ""3 of 10""], ""Sig. str. %"": [""28%"", ""30%""], ""Total str."": [""2 of 7"", ""3 of 10""], ""Td"": [""0 of 0"", ""0 of 0""], ""Td %"": [""---"", ""---""], ""Sub. att"": [""0"", ""0""], ""Rev."": [""0"", ""0""], ""Ctrl"": [""0:00"", ""0:00""]}], ""fighters"": [""Zach Reese"", ""Sedriques Dumas""]}",Per round RD1 2 of 7 - 28% 3 of 10 - 30% Landed Attempted
UFC Fight Night: Lopes vs. Silva,http://ufcstats.com/event-details/5efaaf313b652dd7,http://ufcstats.com/fight-details/a1e193425e716b42,Alessandro Costa | Alden Coria,3fa97913cfd205d3 | 5e9ca8dd7d783a75,Alden Coria,win,KO/TKO,3,0:47,Flyweight,"{""rows"": [{""Fighter"": [""Alessandro Costa"", ""Alden Coria""], ""KD"": [""0"", ""0""], ""Sig. str."": [""12 of 56"", ""42 of 95""], ""Sig. str. %"": [""21%"", ""44%""], ""Total str."": [""14 of 59"", ""77 of 131""], ""Td"": [""1 of 4"", ""2 of 2""], ""Td %"": [""25%"", ""100%""], ""Sub. att"": [""2"", ""0""], ""Rev."": [""0"", ""1""], ""Ctrl"": [""1:24"", ""3:18""]}], ""fighters"": [""Alessandro Costa"", ""Alden Coria""]}",Per round RD1 10 of 48 - 20% 20 of 57 - 35% RD2 1 of 4 - 25% 12 of 19 - 63% RD3 1 of 4 - 25% 10 of 19 - 52% Landed Attempted
UFC Fight Night: Lopes vs. Silva,http://ufcstats.com/event-details/5efaaf313b652dd7,http://ufcstats.com/fight-details/c4a6174b0698652e,Montse Rendon | Alice Pereira,60193e707634e560 | 81d2c551886bd5a1,Montse Rendon,win,Decision - Split,3,5:00,Women's Bantamweight,"{""rows"": [{""Fighter"": [""Montse Rendon"", ""Alice Pereira""], ""KD"": [""0"", ""0""], ""Sig. str."": [""45 of 166"", ""37 of 117""], ""Sig. str. %"": [""27%"", ""31%""], ""Total str."": [""60 of 185"", ""43 of 123""], ""Td"": [""0 of 5"", ""0 of 3""], ""Td %"": [""0%"", ""0%""], ""Sub. att"": [""1"", ""0""], ""Rev."": [""0"", ""0""], ""Ctrl"": [""1:45"", ""0:19""]}], ""fighters"": [""Montse Rendon"", ""Alice Pereira""]}",Per round RD1 11 of 40 - 27% 14 of 41 - 34% RD2 20 of 62 - 32% 10 of 42 - 23% RD3 14 of 64 - 21% 13 of 34 - 38% Landed Attempted
UFC Fight Night: Lopes vs. Silva,http://ufcstats.com/event-details/5efaaf313b652dd7,http://ufcstats.com/fight-details/3dd2fde7bff79c51,Rodrigo Sezinando | Daniil Donchenko,c06d6b18862f9a53 | 70dd69b6a703257e,Daniil Donchenko,win,KO/TKO,1,4:27,Welterweight,"{""rows"": [{""Fighter"": [""Rodrigo Sezinando"", ""Daniil Donchenko""], ""KD"": [""0"", ""1""], ""Sig. str."": [""10 of 36"", ""39 of 68""], ""Sig. str. %"": [""27%"", ""57%""], ""Total str."": [""10 of 36"", ""42 of 71""], ""Td"": [""1 of 4"", ""1 of 3""], ""Td %"": [""25%"", ""33%""], ""Sub. att"": [""0"", ""0""], ""Rev."": [""0"", ""0""], ""Ctrl"": [""1:02"", ""1:03""]}], ""fighters"": [""Rodrigo Sezinando"", ""Daniil Donchenko""]}",Per round RD1 10 of 36 - 27% 39 of 68 - 57% Landed Attempted
UFC Fight Night: Imavov vs. Borralho,http://ufcstats.com/event-details/6e380a4d73ab4f0e,http://ufcstats.com/fight-details/5bcd8abf6da01dae,Nassourdine Imavov | Caio Borralho,881bf86d4cba8578 | 4126a78111c0855a,Nassourdine Imavov,win,Decision - Unanimous,5,5:00,Middleweight,"{""rows"": [{""Fighter"": [""Nassourdine Imavov"", ""Caio Borralho""], ""KD"": [""0"", ""0""], ""Sig. str."": [""81 of 162"", ""66 of 166""], ""Sig. str. %"": [""50%"", ""39%""], ""Total str."": [""89 of 170"", ""89 of 190""], ""Td"": [""0 of 0"", ""0 of 5""], ""Td %"": [""---"", ""0%""], ""Sub. att"": [""0"", ""0""], ""Rev."": [""0"", ""0""], ""Ctrl"": [""0:29"", ""1:20""]}], ""fighters"": [""Nassourdine Imavov"", ""Caio Borralho""]}",Per round RD1 10 of 18 - 55% 6 of 22 - 27% RD2 13 of 26 - 50% 7 of 30 - 23% RD3 13 of 31 - 41% 17 of 38 - 44% RD4 24 of 44 - 54% 12 of 32 - 37% RD5 21 of 43 - 48% 24 of 44 - 54% Landed Attempted
UFC Fight Night: Imavov vs. Borralho,http://ufcstats.com/event-details/6e380a4d73ab4f0e,http://ufcstats.com/fight-details/d14fea43712707f0,Benoit Saint Denis | Mauricio Ruffy,c2299ec916bc7c56 | 9c393e836a852f30,Benoit Saint Denis,win,Submission,2,2:56,Lightweight,"{""rows"": [{""Fighter"": [""Benoit Saint Denis"", ""Mauricio Ruffy""], ""KD"": [""0"", ""0""], ""Sig. str."": [""17 of 38"", ""5 of 17""], ""Sig. str. %"": [""44%"", ""29%""], ""Total str."": [""37 of 61"", ""6 of 18""], ""Td"": [""3 of 10"", ""0 of 0""], ""Td %"": [""30%"", ""---""], ""Sub. att"": [""1"", ""0""], ""Rev."": [""0"", ""0""], ""Ctrl"": [""4:38"", ""0:34""]}], ""fighters"": [""Benoit Saint Denis"", ""Mauricio Ruffy""]}",Per round RD1 6 of 18 - 33% 1 of 6 - 16% RD2 11 of 20 - 55% 4 of 11 - 36% Landed Attempted
UFC Fight Night: Imavov vs. Borralho,http://ufcstats.com/event-details/6e380a4d73ab4f0e,http://ufcstats.com/fight-details/0149e875b31e57f8,Modestas Bukauskas | Paul Craig,476fe566d2df676e | eabf206b162b3b83,Modestas Bukauskas,win,KO/TKO,1,5:00,Light Heavyweight,"{""rows"": [{""Fighter"": [""Modestas Bukauskas"", ""Paul Craig""], ""KD"": [""0"", ""0""], ""Sig. str."": [""22 of 36"", ""6 of 14""], ""Sig. str. %"": [""61%"", ""42%""], ""Total str."": [""29 of 44"", ""30 of 39""], ""Td"": [""0 of 0"", ""0 of 2""], ""Td %"": [""---"", ""0%""], ""Sub. att"": [""0"", ""0""], ""Rev."": [""0"", ""0""], ""Ctrl"": [""1:50"", ""0:45""]}], ""fighters"": [""Modestas Bukauskas"", ""Paul Craig""]}",Per round RD1 22 of 36 - 61% 6 of 14 - 42% Landed Attempted
UFC Fight Night: Imavov vs. Borralho,http://ufcstats.com/event-details/6e380a4d73ab4f0e,http://ufcstats.com/fight-details/69b31593175f77ec,Bolaji Oki | Mason Jones,4bdedbdeedff7d1d | f6ad6a1e4d600e0d,Mason Jones,win,KO/TKO,2,3:18,Lightweight,"{""rows"": [{""Fighter"": [""Bolaji Oki"", ""Mason Jones""], ""KD"": [""1"", ""1""], ""Sig. str."": [""38 of 99"", ""57 of 136""], ""Sig. str. %"": [""38%"", ""41%""], ""Total str."": [""40 of 101"", ""67 of 147""], ""Td"": [""0 of 1"", ""2 of 2""], ""Td %"": [""0%"", ""100%""], ""Sub. att"": [""0"", ""1""], ""Rev."": [""0"", ""0""], ""Ctrl"": [""0:21"", ""3:41""]}], ""fighters"": [""Bolaji Oki"", ""Mason Jones""]}",Per round RD1 29 of 73 - 39% 20 of 57 - 35% RD2 9 of 26 - 34% 37 of 79 - 46% Landed Attempted
UFC Fight Night: Imavov vs. Borralho,http://ufcstats.com/event-details/6e380a4d73ab4f0e,http://ufcstats.com/fight-details/a47123ae6e048f11,Axel Sola | Rhys McKee,1d2d98ddd05b38fb | f748267c4ab6c127,Axel Sola,win,KO/TKO,3,2:02,Welterweight,"{""rows"": [{""Fighter"": [""Axel Sola"", ""Rhys McKee""], ""KD"": [""1"", ""0""], ""Sig. str."": [""45 of 105"", ""33 of 135""], ""Sig. str. %"": [""42%"", ""24%""], ""Total str."": [""52 of 114"", ""48 of 156""], ""Td"": [""1 of 4"", ""0 of 0""], ""Td %"": [""25%"", ""---""], ""Sub. att"": [""0"", ""0""], ""Rev."": [""0"", ""0""], ""Ctrl"": [""3:05"", ""0:00""]}], ""fighters"": [""Axel Sola"", ""Rhys McKee""]}",Per round RD1 9 of 25 - 36% 6 of 39 - 15% RD2 18 of 49 - 36% 16 of 59 - 27% RD3 18 of 31 - 58% 11 of 37 - 29% Landed Attempted
UFC Fight Night: Imavov vs. Borralho,http://ufcstats.com/event-details/6e380a4d73ab4f0e,http://ufcstats.com/fight-details/b53031bf4bd0a330,William Gomis | Robert Ruchala,e1d40e8782d80bc2 | 92aed9d16794f42b,William Gomis,win,Decision - Unanimous,3,5:00,Featherweight,"{""rows"": [{""Fighter"": [""William Gomis"", ""Robert Ruchala""], ""KD"": [""0"", ""0""], ""Sig. str."": [""49 of 114"", ""34 of 96""], ""Sig. str. %"": [""42%"", ""35%""], ""Total str."": [""66 of 132"", ""54 of 116""], ""Td"": [""2 of 2"", ""2 of 6""], ""Td %"": [""100%"", ""33%""], ""Sub. att"": [""0"", ""0""], ""Rev."": [""0"", ""0""], ""Ctrl"": [""0:57"", ""4:36""]}], ""fighters"": [""William Gomis"", ""Robert Ruchala""]}",Per round RD1 14 of 30 - 46% 10 of 29 - 34% RD2 12 of 29 - 41% 8 of 17 - 47% RD3 23 of 55 - 41% 16 of 50 - 32% Landed Attempted
UFC Fight Night: Imavov vs. Borralho,http://ufcstats.com/event-details/6e380a4d73ab4f0e,http://ufcstats.com/fight-details/4080b4310d82b42d,Oumar Sy | Brendson Ribeiro,46e2011d92463b7e | 49edd0d90f60fb7d,Oumar Sy,win,KO/TKO,1,4:42,Light Heavyweight,"{""rows"": [{""Fighter"": [""Oumar Sy"", ""Brendson Ribeiro""], ""KD"": [""0"", ""0""], ""Sig. str."": [""17 of 43"", ""5 of 14""], ""Sig. str. %"": [""39%"", ""35%""], ""Total str."": [""21 of 49"", ""11 of 22""], ""Td"": [""2 of 4"", ""0 of 0""], ""Td %"": [""50%"", ""---""], ""Sub. att"": [""0"", ""0""], ""Rev."": [""0"", ""0""], ""Ctrl"": [""3:28"", ""0:03""]}], ""fighters"": [""Oumar Sy"", ""Brendson Ribeiro""]}",Per round RD1 17 of 43 - 39% 5 of 14 - 35% Landed Attempted
UFC Fight Night: Imavov vs. Borralho,http://ufcstats.com/event-details/6e380a4d73ab4f0e,http://ufcstats.com/fight-details/23dbe713c4294c66,Marcin Tybura | Ante Delija,c9cf753cfdf77fc2 | 7d8435c56043b0ae,Ante Delija,win,KO/TKO,1,2:03,Heavyweight,"{""rows"": [{""Fighter"": [""Marcin Tybura"", ""Ante Delija""], ""KD"": [""0"", ""1""], ""Sig. str."": [""4 of 9"", ""13 of 28""], ""Sig. str. %"": [""44%"", ""46%""], ""Total str."": [""8 of 15"", ""15 of 30""], ""Td"": [""0 of 0"", ""0 of 0""], ""Td %"": [""---"", ""---""], ""Sub. att"": [""0"", ""0""], ""Rev."": [""0"", ""0""], ""Ctrl"": [""1:18"", ""0:08""]}], ""fighters"": [""Marcin Tybura"", ""Ante Delija""]}",Per round RD1 4 of 9 - 44% 13 of 28 - 46% Landed Attempted
UFC Fight Night: Imavov vs. Borralho,http://ufcstats.com/event-details/6e380a4d73ab4f0e,http://ufcstats.com/fight-details/5cd2dd6075fadcce,Harry Hardwick | Kaue Fernandes,2dbc60c52de126d8 | ec13c393d029297d,Kaue Fernandes,win,KO/TKO,1,3:21,Lightweight,"{""rows"": [{""Fighter"": [""Harry Hardwick"", ""Kaue Fernandes""], ""KD"": [""0"", ""1""], ""Sig. str."": [""8 of 23"", ""24 of 40""], ""Sig. str. %"": [""34%"", ""60%""], ""Total str."": [""8 of 23"", ""24 of 40""], ""Td"": [""0 of 0"", ""0 of 0""], ""Td %"": [""---"", ""---""], ""Sub. att"": [""0"", ""0""], ""Rev."": [""0"", ""0""], ""Ctrl"": [""0:00"", ""0:13""]}], ""fighters"": [""Harry Hardwick"", ""Kaue Fernandes""]}",Per round RD1 8 of 23 - 34% 24 of 40 - 60% Landed Attempted
UFC Fight Night: Imavov vs. Borralho,http://ufcstats.com/event-details/6e380a4d73ab4f0e,http://ufcstats.com/fight-details/420211200a35c1d1,Sam Patterson | Trey Waters,8b6e5dc2ba1edbe7 | 31dbfbe4e7a6727c,Sam Patterson,win,KO/TKO,1,3:01,Welterweight,"{""rows"": [{""Fighter"": [""Sam Patterson"", ""Trey Waters""], ""KD"": [""0"", ""0""], ""Sig. str."": [""25 of 48"", ""18 of 38""], ""Sig. str. %"": [""52%"", ""47%""], ""Total str."": [""25 of 48"", ""18 of 38""], ""Td"": [""0 of 0"", ""0 of 0""], ""Td %"": [""---"", ""---""], ""Sub. att"": [""0"", ""0""], ""Rev."": [""0"", ""0""], ""Ctrl"": [""0:00"", ""0:00""]}], ""fighters"": [""Sam Patterson"", ""Trey Waters""]}",Per round RD1 25 of 48 - 52% 18 of 38 - 47% Landed Attempted
UFC Fight Night: Imavov vs. Borralho,http://ufcstats.com/event-details/6e380a4d73ab4f0e,http://ufcstats.com/fight-details/b3253e2c2d111030,Brad Tavares | Robert Bryczek,0c6d9ea8306c029e | f96856f9d69fd7e4,Robert Bryczek,win,KO/TKO,3,1:43,Middleweight,"{""rows"": [{""Fighter"": [""Brad Tavares"", ""Robert Bryczek""], ""KD"": [""0"", ""1""], ""Sig. str."": [""42 of 102"", ""68 of 138""], ""Sig. str. %"": [""41%"", ""49%""], ""Total str."": [""50 of 111"", ""77 of 149""], ""Td"": [""1 of 3"", ""1 of 1""], ""Td %"": [""33%"", ""100%""], ""Sub. att"": [""0"", ""0""], ""Rev."": [""0"", ""0""], ""Ctrl"": [""1:22"", ""1:22""]}], ""fighters"": [""Brad Tavares"", ""Robert Bryczek""]}",Per round RD1 17 of 40 - 42% 39 of 73 - 53% RD2 15 of 40 - 37% 9 of 28 - 32% RD3 10 of 22 - 45% 20 of 37 - 54% Landed Attempted
UFC Fight Night: Imavov vs. Borralho,http://ufcstats.com/event-details/6e380a4d73ab4f0e,http://ufcstats.com/fight-details/d56a59a4c79cf515,Andreas Gustafsson | Rinat Fakhretdinov,2caf993f53541fa1 | 8f765fd5775a8873,Rinat Fakhretdinov,win,KO/TKO,1,0:54,Welterweight,"{""rows"": [{""Fighter"": [""Andreas Gustafsson"", ""Rinat Fakhretdinov""], ""KD"": [""0"", ""0""], ""Sig. str."": [""5 of 19"", ""23 of 42""], ""Sig. str. %"": [""26%"", ""54%""], ""Total str."": [""5 of 19"", ""23 of 42""], ""Td"": [""0 of 0"", ""0 of 0""], ""Td %"": [""---"", ""---""], ""Sub. att"": [""0"", ""0""], ""Rev."": [""0"", ""0""], ""Ctrl"": [""0:00"", ""0:04""]}], ""fighters"": [""Andreas Gustafsson"", ""Rinat Fakhretdinov""]}",Per round RD1 5 of 19 - 26% 23 of 42 - 54% Landed Attempted
UFC Fight Night: Imavov vs. Borralho,http://ufcstats.com/event-details/6e380a4d73ab4f0e,http://ufcstats.com/fight-details/a38010639e61885c,Shauna Bannon | Sam Hughes,9c442aaf149ea982 | e94085e821bd81de,Sam Hughes,win,Submission,2,1:58,Women's Strawweight,"{""rows"": [{""Fighter"": [""Shauna Bannon"", ""Sam Hughes""], ""KD"": [""0"", ""0""], ""Sig. str."": [""13 of 38"", ""21 of 46""], ""Sig. str. %"": [""34%"", ""45%""], ""Total str."": [""42 of 68"", ""55 of 84""], ""Td"": [""0 of 1"", ""2 of 3""], ""Td %"": [""0%"", ""66%""], ""Sub. att"": [""0"", ""1""], ""Rev."": [""0"", ""0""], ""Ctrl"": [""0:00"", ""5:29""]}], ""fighters"": [""Shauna Bannon"", ""Sam Hughes""]}",Per round RD1 7 of 21 - 33% 13 of 29 - 44% RD2 6 of 17 - 35% 8 of 17 - 47% Landed Attempted
UFC Fight Night: Walker vs. Zhang,http://ufcstats.com/event-details/754968e325d6f60d,http://ufcstats.com/fight-details/2eecf0c36192e40c,Johnny Walker | Zhang Mingyang,c21f26bbde777573 | 8a65fd9ba31fd3f7,Johnny Walker,win,KO/TKO,2,2:37,Light Heavyweight,"{""rows"": [{""Fighter"": [""Johnny Walker"", ""Zhang Mingyang""], ""KD"": [""1"", ""0""], ""Sig. str."": [""50 of 67"", ""20 of 47""], ""Sig. str. %"": [""74%"", ""42%""], ""Total str."": [""51 of 70"", ""28 of 59""], ""Td"": [""0 of 2"", ""0 of 0""], ""Td %"": [""0%"", ""---""], ""Sub. att"": [""0"", ""0""], ""Rev."": [""0"", ""0""], ""Ctrl"": [""1:20"", ""1:21""]}], ""fighters"": [""Johnny Walker"", ""Zhang Mingyang""]}",Per round RD1 9 of 22 - 40% 12 of 30 - 40% RD2 41 of 45 - 91% 8 of 17 - 47% Landed Attempted
UFC Fight Night: Walker vs. Zhang,http://ufcstats.com/event-details/754968e325d6f60d,http://ufcstats.com/fight-details/58080e8989927500,Brian Ortega | Aljamain Sterling,def8166ff24bd237 | cb696ebfb6598724,Aljamain Sterling,win,Decision - Unanimous,5,5:00,Catch Weight,"{""rows"": [{""Fighter"": [""Brian Ortega"", ""Aljamain Sterling""], ""KD"": [""0"", ""0""], ""Sig. str."": [""55 of 174"", ""124 of 227""], ""Sig. str. %"": [""31%"", ""54%""], ""Total str."": [""100 of 225"", ""153 of 262""], ""Td"": [""0 of 2"", ""3 of 6""], ""Td %"": [""0%"", ""50%""], ""Sub. att"": [""0"", ""0""], ""Rev."": [""0"", ""0""], ""Ctrl"": [""0:08"", ""3:55""]}], ""fighters"": [""Brian Ortega"", ""Aljamain Sterling""]}",Per round RD1 2 of 28 - 7% 27 of 44 - 61% RD2 9 of 40 - 22% 13 of 54 - 24% RD3 21 of 42 - 50% 35 of 52 - 67% RD4 13 of 37 - 35% 25 of 39 - 64% RD5 10 of 27 - 37% 24 of 38 - 63% Landed Attempted
UFC Fight Night: Walker vs. Zhang,http://ufcstats.com/event-details/754968e325d6f60d,http://ufcstats.com/fight-details/5538d15c4eeac3b3,Sergei Pavlovich | Waldo Cortes Acosta,f14cf73e51b29254 | fc08099550072fe4,Sergei Pavlovich,win,Decision - Unanimous,3,5:00,Heavyweight,"{""rows"": [{""Fighter"": [""Sergei Pavlovich"", ""Waldo Cortes Acosta""], ""KD"": [""0"", ""0""], ""Sig. str."": [""61 of 133"", ""45 of 117""], ""Sig. str. %"": [""45%"", ""38%""], ""Total str."": [""63 of 136"", ""45 of 117""], ""Td"": [""0 of 3"", ""0 of 0""], ""Td %"": [""0%"", ""---""], ""Sub. att"": [""0"", ""0""], ""Rev."": [""0"", ""0""], ""Ctrl"": [""0:08"", ""0:00""]}], ""fighters"": [""Sergei Pavlovich"", ""Waldo Cortes Acosta""]}",Per round RD1 9 of 28 - 32% 11 of 34 - 32% RD2 22 of 43 - 51% 20 of 37 - 54% RD3 30 of 62 - 48% 14 of 46 - 30% Landed Attempted
UFC Fight Night: Walker vs. Zhang,http://ufcstats.com/event-details/754968e325d6f60d,http://ufcstats.com/fight-details/ce6bd165bef82bd7,Sumudaerji | Kevin Borjas,3cf18e01cb6cbde3 | 34b96d52db1d26e6,Sumudaerji,win,Decision - Unanimous,3,5:00,Flyweight,"{""rows"": [{""Fighter"": [""Sumudaerji"", ""Kevin Borjas""], ""KD"": [""0"", ""0""], ""Sig. str."": [""73 of 129"", ""16 of 44""], ""Sig. str. %"": [""56%"", ""36%""], ""Total str."": [""91 of 150"", ""23 of 51""], ""Td"": [""0 of 5"", ""0 of 5""], ""Td %"": [""0%"", ""0%""], ""Sub. att"": [""0"", ""0""], ""Rev."": [""0"", ""0""], ""Ctrl"": [""0:17"", ""3:29""]}], ""fighters"": [""Sumudaerji"", ""Kevin Borjas""]}",Per round RD1 17 of 35 - 48% 3 of 13 - 23% RD2 32 of 47 - 68% 9 of 20 - 45% RD3 24 of 47 - 51% 4 of 11 - 36% Landed Attempted
UFC Fight Night: Walker vs. Zhang,http://ufcstats.com/event-details/754968e325d6f60d,http://ufcstats.com/fight-details/1452c20d964c0a63,Taiyilake Nueraji | Kiefer Crosbie,7498b3ac79a3b948 | 4729c93ba705a3bf,Taiyilake Nueraji,win,KO/TKO,1,3:33,Welterweight,"{""rows"": [{""Fighter"": [""Taiyilake Nueraji"", ""Kiefer Crosbie""], ""KD"": [""0"", ""0""], ""Sig. str."": [""27 of 38"", ""2 of 3""], ""Sig. str. %"": [""71%"", ""66%""], ""Total str."": [""31 of 42"", ""11 of 12""], ""Td"": [""1 of 3"", ""0 of 1""], ""Td %"": [""33%"", ""0%""], ""Sub. att"": [""0"", ""0""], ""Rev."": [""0"", ""0""], ""Ctrl"": [""3:11"", ""0:08""]}], ""fighters"": [""Taiyilake Nueraji"", ""Kiefer Crosbie""]}",Per round RD1 27 of 38 - 71% 2 of 3 - 66% Landed Attempted
UFC Fight Night: Walker vs. Zhang,http://ufcstats.com/event-details/754968e325d6f60d,http://ufcstats.com/fight-details/0b1460c666e66d39,Maheshate | Gauge Young,8c1ca54b5089d199 | b2a78df161bd67f9,Gauge Young,win,Decision - Unanimous,3,5:00,Lightweight,"{""rows"": [{""Fighter"": [""Maheshate"", ""Gauge Young""], ""KD"": [""0"", ""0""], ""Sig. str."": [""66 of 150"", ""112 of 200""], ""Sig. str. %"": [""44%"", ""56%""], ""Total str."": [""79 of 166"", ""131 of 221""], ""Td"": [""0 of 7"", ""3 of 6""], ""Td %"": [""0%"", ""50%""], ""Sub. att"": [""0"", ""0""], ""Rev."": [""0"", ""0""], ""Ctrl"": [""0:12"", ""3:51""]}], ""fighters"": [""Maheshate"", ""Gauge Young""]}",Per round RD1 18 of 44 - 40% 31 of 53 - 58% RD2 24 of 52 - 46% 45 of 78 - 57% RD3 24 of 54 - 44% 36 of 69 - 52% Landed Attempted
UFC Fight Night: Walker vs. Zhang,http://ufcstats.com/event-details/754968e325d6f60d,http://ufcstats.com/fight-details/1ab1ed99a4bc5494,Charles Johnson | Lone'er Kavanagh,814e5233e2acf2ee | bb2c3c3a466224af,Charles Johnson,win,KO/TKO,2,4:35,Flyweight,"{""rows"": [{""Fighter"": [""Charles Johnson"", ""Lone'er Kavanagh""], ""KD"": [""1"", ""0""], ""Sig. str."": [""44 of 81"", ""59 of 120""], ""Sig. str. %"": [""54%"", ""49%""], ""Total str."": [""52 of 89"", ""60 of 121""], ""Td"": [""1 of 5"", ""1 of 2""], ""Td %"": [""20%"", ""50%""], ""Sub. att"": [""0"", ""1""], ""Rev."": [""0"", ""1""], ""Ctrl"": [""0:32"", ""0:59""]}], ""fighters"": [""Charles Johnson"", ""Lone'er Kavanagh""]}",Per round RD1 14 of 25 - 56% 36 of 65 - 55% RD2 30 of 56 - 53% 23 of 55 - 41% Landed Attempted
UFC Fight Night: Walker vs. Zhang,http://ufcstats.com/event-details/754968e325d6f60d,http://ufcstats.com/fight-details/f55749e32ce5c6f3,Rongzhu | Austin Hubbard,a13d755965a4ec9f | d2cd7a69cc55e7ed,Rongzhu,win,Decision - Unanimous,3,5:00,Lightweight,"{""rows"": [{""Fighter"": [""Rongzhu"", ""Austin Hubbard""], ""KD"": [""0"", ""0""], ""Sig. str."": [""101 of 197"", ""75 of 226""], ""Sig. str. %"": [""51%"", ""33%""], ""Total str."": [""104 of 201"", ""77 of 228""], ""Td"": [""0 of 0"", ""2 of 12""], ""Td %"": [""---"", ""16%""], ""Sub. att"": [""0"", ""0""], ""Rev."": [""0"", ""0""], ""Ctrl"": [""0:00"", ""1:02""]}], ""fighters"": [""Rongzhu"", ""Austin Hubbard""]}",Per round RD1 20 of 46 - 43% 18 of 59 - 30% RD2 29 of 62 - 46% 28 of 68 - 41% RD3 52 of 89 - 58% 29 of 99 - 29% Landed Attempted
UFC Fight Night: Walker vs. Zhang,http://ufcstats.com/event-details/754968e325d6f60d,http://ufcstats.com/fight-details/130e622d4d2aee3e,Michel Pereira | Kyle Daukaus,595db60957de51d3 | d6c0cdd7e467c440,Kyle Daukaus,win,KO/TKO,1,0:43,Middleweight,"{""rows"": [{""Fighter"": [""Michel Pereira"", ""Kyle Daukaus""], ""KD"": [""0"", ""1""], ""Sig. str."": [""2 of 4"", ""5 of 8""], ""Sig. str. %"": [""50%"", ""62%""], ""Total str."": [""2 of 4"", ""7 of 12""], ""Td"": [""0 of 0"", ""0 of 0""], ""Td %"": [""---"", ""---""], ""Sub. att"": [""0"", ""0""], ""Rev."": [""0"", ""0""], ""Ctrl"": [""0:00"", ""0:07""]}], ""fighters"": [""Michel Pereira"", ""Kyle Daukaus""]}",Per round RD1 2 of 4 - 50% 5 of 8 - 62% Landed Attempted
UFC Fight Night: Walker vs. Zhang,http://ufcstats.com/event-details/754968e325d6f60d,http://ufcstats.com/fight-details/f0b7caa90faf47e5,Yizha | Westin Wilson,3f11fd1751fa83b1 | 7b3503352cd53abb,Yizha,win,KO/TKO,1,0:37,Featherweight,"{""rows"": [{""Fighter"": [""Yizha"", ""Westin Wilson""], ""KD"": [""2"", ""0""], ""Sig. str."": [""13 of 18"", ""0 of 2""], ""Sig. str. %"": [""72%"", ""0%""], ""Total str."": [""17 of 23"", ""0 of 2""], ""Td"": [""0 of 0"", ""0 of 0""], ""Td %"": [""---"", ""---""], ""Sub. att"": [""0"", ""0""], ""Rev."": [""0"", ""0""], ""Ctrl"": [""0:06"", ""0:00""]}], ""fighters"": [""Yizha"", ""Westin Wilson""]}",Per round RD1 13 of 18 - 72% 0 of 2 - 0% Landed Attempted
UFC Fight Night: Walker vs. Zhang,http://ufcstats.com/event-details/754968e325d6f60d,http://ufcstats.com/fight-details/2f6065fe0804d1d8,Xiao Long | SuYoung You,86bace9e4ad85542 | a474aade8eb3a8f0,SuYoung You,win,Decision - Unanimous,3,5:00,Bantamweight,"{""rows"": [{""Fighter"": [""Xiao Long"", ""SuYoung You""], ""KD"": [""0"", ""0""], ""Sig. str."": [""68 of 214"", ""58 of 110""], ""Sig. str. %"": [""31%"", ""52%""], ""Total str."": [""81 of 229"", ""66 of 120""], ""Td"": [""0 of 0"", ""0 of 6""], ""Td %"": [""---"", ""0%""], ""Sub. att"": [""0"", ""0""], ""Rev."": [""0"", ""0""], ""Ctrl"": [""0:20"", ""0:07""]}], ""fighters"": [""Xiao Long"", ""SuYoung You""]}",Per round RD1 11 of 35 - 31% 10 of 15 - 66% RD2 16 of 78 - 20% 25 of 50 - 50% RD3 41 of 101 - 40% 23 of 45 - 51% Landed Attempted
UFC Fight Night: Walker vs. Zhang,http://ufcstats.com/event-details/754968e325d6f60d,http://ufcstats.com/fight-details/7fc5f1dc2df84ac7,Uran Satybaldiev | Diyar Nurgozhay,02f484417a6fa69d | 709fadb644ee3f51,Uran Satybaldiev,win,Submission,1,2:45,Light Heavyweight,"{""rows"": [{""Fighter"": [""Uran Satybaldiev"", ""Diyar Nurgozhay""], ""KD"": [""1"", ""0""], ""Sig. str."": [""2 of 9"", ""7 of 11""], ""Sig. str. %"": [""22%"", ""63%""], ""Total str."": [""3 of 10"", ""13 of 19""], ""Td"": [""0 of 0"", ""1 of 1""], ""Td %"": [""---"", ""100%""], ""Sub. att"": [""2"", ""0""], ""Rev."": [""1"", ""0""], ""Ctrl"": [""1:10"", ""0:18""]}], ""fighters"": [""Uran Satybaldiev"", ""Diyar Nurgozhay""]}",Per round RD1 2 of 9 - 22% 7 of 11 - 63% Landed Attempted
UFC - Road to UFC 4.6,http://ufcstats.com/event-details/8fbcd82bf7f352bf,http://ufcstats.com/fight-details/abf5f4d6f777cf7b,Shi Ming | Bruna Brasil,d683f4870742b273 | 7138a15258dabf20,Bruna Brasil,win,Decision - Unanimous,3,5:00,Women's Strawweight,"{""rows"": [{""Fighter"": [""Shi Ming"", ""Bruna Brasil""], ""KD"": [""0"", ""0""], ""Sig. str."": [""32 of 116"", ""31 of 70""], ""Sig. str. %"": [""27%"", ""44%""], ""Total str."": [""49 of 135"", ""62 of 107""], ""Td"": [""2 of 4"", ""1 of 2""], ""Td %"": [""50%"", ""50%""], ""Sub. att"": [""0"", ""1""], ""Rev."": [""0"", ""0""], ""Ctrl"": [""5:12"", ""1:20""]}], ""fighters"": [""Shi Ming"", ""Bruna Brasil""]}",Per round RD1 7 of 34 - 20% 5 of 17 - 29% RD2 12 of 48 - 25% 15 of 30 - 50% RD3 13 of 34 - 38% 11 of 23 - 47% Landed Attempted
UFC - Road to UFC 4.6,http://ufcstats.com/event-details/8fbcd82bf7f352bf,http://ufcstats.com/fight-details/16523b1bec3cd7b0,Nyamjargal Tumendemberel | Terrance Saeteurn,17cb6d8e8187f304 | a78f7a9135eb6249,Nyamjargal Tumendemberel,win,Submission,1,2:53,Flyweight,"{""rows"": [{""Fighter"": [""Nyamjargal Tumendemberel"", ""Terrance Saeteurn""], ""KD"": [""0"", ""0""], ""Sig. str."": [""11 of 23"", ""11 of 27""], ""Sig. str. %"": [""47%"", ""40%""], ""Total str."": [""13 of 27"", ""12 of 28""], ""Td"": [""2 of 2"", ""0 of 1""], ""Td %"": [""100%"", ""0%""], ""Sub. att"": [""1"", ""0""], ""Rev."": [""0"", ""0""], ""Ctrl"": [""0:42"", ""0:24""]}], ""fighters"": [""Nyamjargal Tumendemberel"", ""Terrance Saeteurn""]}",Per round RD1 11 of 23 - 47% 11 of 27 - 40% Landed Attempted
UFC 319: Du Plessis vs. Chimaev,http://ufcstats.com/event-details/421ccfc6ddb17958,http://ufcstats.com/fight-details/12cedec11b37ddc0,Dricus Du Plessis | Khamzat Chimaev,0d7b51c9d2649a6e | 767755fd74662dbf,Khamzat Chimaev,win,Decision - Unanimous,5,5:00,Middleweight,"{""rows"": [{""Fighter"": [""Dricus Du Plessis"", ""Khamzat Chimaev""], ""KD"": [""0"", ""0""], ""Sig. str."": [""13 of 29"", ""37 of 47""], ""Sig. str. %"": [""44%"", ""78%""], ""Total str."": [""45 of 68"", ""529 of 567""], ""Td"": [""1 of 1"", ""12 of 17""], ""Td %"": [""100%"", ""70%""], ""Sub. att"": [""1"", ""0""], ""Rev."": [""0"", ""0""], ""Ctrl"": [""0:53"", ""21:40""]}], ""fighters"": [""Dricus Du Plessis"", ""Khamzat Chimaev""]}",Per round RD1 0 of 0 - 0% 1 of 2 - 50% RD2 0 of 2 - 0% 4 of 5 - 80% RD3 1 of 2 - 50% 19 of 22 - 86% RD4 2 of 5 - 40% 4 of 6 - 66% RD5 10 of 20 - 50% 9 of 12 - 75% Landed Attempted
UFC 319: Du Plessis vs. Chimaev,http://ufcstats.com/event-details/421ccfc6ddb17958,http://ufcstats.com/fight-details/9fa6a029f7f8241c,Lerone Murphy | Aaron Pico,396fe87b84ac2e1c | 5537efc6e496dd84,Lerone Murphy,win,KO/TKO,1,3:21,Featherweight,"{""rows"": [{""Fighter"": [""Lerone Murphy"", ""Aaron Pico""], ""KD"": [""1"", ""0""], ""Sig. str."": [""8 of 16"", ""13 of 29""], ""Sig. str. %"": [""50%"", ""44%""], ""Total str."": [""8 of 16"", ""13 of 30""], ""Td"": [""0 of 0"", ""2 of 3""], ""Td %"": [""---"", ""66%""], ""Sub. att"": [""1"", ""0""], ""Rev."": [""0"", ""0""], ""Ctrl"": [""0:00"", ""2:01""]}], ""fighters"": [""Lerone Murphy"", ""Aaron Pico""]}",Per round RD1 8 of 16 - 50% 13 of 29 - 44% Landed Attempted
UFC 319: Du Plessis vs. Chimaev,http://ufcstats.com/event-details/421ccfc6ddb17958,http://ufcstats.com/fight-details/42585ce706c086de,Geoff Neal | Carlos Prates,b997be68943010fc | 7ee0fd831c0fe7c3,Carlos Prates,win,KO/TKO,1,4:59,Welterweight,"{""rows"": [{""Fighter"": [""Geoff Neal"", ""Carlos Prates""], ""KD"": [""0"", ""1""], ""Sig. str."": [""25 of 49"", ""32 of 60""], ""Sig. str. %"": [""51%"", ""53%""], ""Total str."": [""26 of 50"", ""32 of 60""], ""Td"": [""0 of 1"", ""0 of 0""], ""Td %"": [""0%"", ""---""], ""Sub. att"": [""0"", ""0""], ""Rev."": [""0"", ""0""], ""Ctrl"": [""0:15"", ""0:00""]}], ""fighters"": [""Geoff Neal"", ""Carlos Prates""]}",Per round RD1 25 of 49 - 51% 32 of 60 - 53% Landed Attempted
UFC 319: Du Plessis vs. Chimaev,http://ufcstats.com/event-details/421ccfc6ddb17958,http://ufcstats.com/fight-details/9939d7073462e07e,Jared Cannonier | Michael Page,13a0275fa13c4d26 | a67d071163962af8,Michael Page,win,Decision - Unanimous,3,5:00,Middleweight,"{""rows"": [{""Fighter"": [""Jared Cannonier"", ""Michael Page""], ""KD"": [""0"", ""0""], ""Sig. str."": [""20 of 57"", ""29 of 55""], ""Sig. str. %"": [""35%"", ""52%""], ""Total str."": [""46 of 88"", ""36 of 64""], ""Td"": [""2 of 7"", ""0 of 1""], ""Td %"": [""28%"", ""0%""], ""Sub. att"": [""0"", ""0""], ""Rev."": [""0"", ""0""], ""Ctrl"": [""8:14"", ""0:01""]}], ""fighters"": [""Jared Cannonier"", ""Michael Page""]}",Per round RD1 2 of 16 - 12% 11 of 20 - 55% RD2 10 of 25 - 40% 11 of 20 - 55% RD3 8 of 16 - 50% 7 of 15 - 46% Landed Attempted
UFC 319: Du Plessis vs. Chimaev,http://ufcstats.com/event-details/421ccfc6ddb17958,http://ufcstats.com/fight-details/82338ba457fbe87f,Tim Elliott | Kai Asakura,c96d9178c9ed9e62 | d33da8a3d82bdb62,Tim Elliott,win,Submission,2,4:39,Flyweight,"{""rows"": [{""Fighter"": [""Tim Elliott"", ""Kai Asakura""], ""KD"": [""0"", ""0""], ""Sig. str."": [""27 of 71"", ""21 of 87""], ""Sig. str. %"": [""38%"", ""24%""], ""Total str."": [""42 of 88"", ""38 of 104""], ""Td"": [""2 of 3"", ""0 of 0""], ""Td %"": [""66%"", ""---""], ""Sub. att"": [""2"", ""0""], ""Rev."": [""0"", ""0""], ""Ctrl"": [""1:54"", ""0:01""]}], ""fighters"": [""Tim Elliott"", ""Kai Asakura""]}",Per round RD1 16 of 40 - 40% 11 of 45 - 24% RD2 11 of 31 - 35% 10 of 42 - 23% Landed Attempted
UFC 319: Du Plessis vs. Chimaev,http://ufcstats.com/event-details/421ccfc6ddb17958,http://ufcstats.com/fight-details/5efd13a12be06706,Baisangur Susurkaev | Eric Nolan,d1feea7a4bdcd503 | 64b12fe31be7560c,Baisangur Susurkaev,win,Submission,2,2:01,Middleweight,"{""rows"": [{""Fighter"": [""Baisangur Susurkaev"", ""Eric Nolan""], ""KD"": [""0"", ""0""], ""Sig. str."": [""36 of 62"", ""22 of 56""], ""Sig. str. %"": [""58%"", ""39%""], ""Total str."": [""59 of 89"", ""24 of 58""], ""Td"": [""2 of 7"", ""0 of 1""], ""Td %"": [""28%"", ""0%""], ""Sub. att"": [""1"", ""0""], ""Rev."": [""0"", ""0""], ""Ctrl"": [""3:19"", ""0:17""]}], ""fighters"": [""Baisangur Susurkaev"", ""Eric Nolan""]}",Per round RD1 19 of 37 - 51% 18 of 49 - 36% RD2 17 of 25 - 68% 4 of 7 - 57% Landed Attempted
UFC 319: Du Plessis vs. Chimaev,http://ufcstats.com/event-details/421ccfc6ddb17958,http://ufcstats.com/fight-details/5b880d10b0ed7acc,Gerald Meerschaert | Michal Oleksiejczuk,6ac9bc2953c47345 | 0d65c432720accb9,Michal Oleksiejczuk,win,KO/TKO,1,3:03,Middleweight,"{""rows"": [{""Fighter"": [""Gerald Meerschaert"", ""Michal Oleksiejczuk""], ""KD"": [""0"", ""1""], ""Sig. str."": [""3 of 16"", ""23 of 51""], ""Sig. str. %"": [""18%"", ""45%""], ""Total str."": [""3 of 16"", ""23 of 51""], ""Td"": [""0 of 3"", ""0 of 0""], ""Td %"": [""0%"", ""---""], ""Sub. att"": [""0"", ""0""], ""Rev."": [""0"", ""0""], ""Ctrl"": [""0:00"", ""0:22""]}], ""fighters"": [""Gerald Meerschaert"", ""Michal Oleksiejczuk""]}",Per round RD1 3 of 16 - 18% 23 of 51 - 45% Landed Attempted
UFC 319: Du Plessis vs. Chimaev,http://ufcstats.com/event-details/421ccfc6ddb17958,http://ufcstats.com/fight-details/a2eafd9e1d5031b1,Jessica Andrade | Loopy Godinez,6a1901c62ab3870f | 8e5d953bdb9ae5e7,Loopy Godinez,win,Decision - Unanimous,3,5:00,Women's Strawweight,"{""rows"": [{""Fighter"": [""Jessica Andrade"", ""Loopy Godinez""], ""KD"": [""0"", ""0""], ""Sig. str."": [""90 of 287"", ""107 of 213""], ""Sig. str. %"": [""31%"", ""50%""], ""Total str."": [""97 of 297"", ""119 of 226""], ""Td"": [""0 of 1"", ""1 of 14""], ""Td %"": [""0%"", ""7%""], ""Sub. att"": [""0"", ""0""], ""Rev."": [""0"", ""0""], ""Ctrl"": [""0:17"", ""1:33""]}], ""fighters"": [""Jessica Andrade"", ""Loopy Godinez""]}",Per round RD1 18 of 83 - 21% 40 of 71 - 56% RD2 15 of 63 - 23% 31 of 50 - 62% RD3 57 of 141 - 40% 36 of 92 - 39% Landed Attempted
UFC 319: Du Plessis vs. Chimaev,http://ufcstats.com/event-details/421ccfc6ddb17958,http://ufcstats.com/fight-details/1d8dc0fb5d47357f,Chase Hooper | Alexander Hernandez,971246648e162f0d | 262a7d06203657e6,Alexander Hernandez,win,KO/TKO,1,4:58,Lightweight,"{""rows"": [{""Fighter"": [""Chase Hooper"", ""Alexander Hernandez""], ""KD"": [""0"", ""1""], ""Sig. str."": [""20 of 82"", ""17 of 38""], ""Sig. str. %"": [""24%"", ""44%""], ""Total str."": [""20 of 82"", ""18 of 39""], ""Td"": [""0 of 2"", ""0 of 0""], ""Td %"": [""0%"", ""---""], ""Sub. att"": [""0"", ""0""], ""Rev."": [""0"", ""0""], ""Ctrl"": [""0:05"", ""0:02""]}], ""fighters"": [""Chase Hooper"", ""Alexander Hernandez""]}",Per round RD1 20 of 82 - 24% 17 of 38 - 44% Landed Attempted
UFC 319: Du Plessis vs. Chimaev,http://ufcstats.com/event-details/421ccfc6ddb17958,http://ufcstats.com/fight-details/bc63f1b2e52f603e,Edson Barboza | Drakkar Klose,64a50dad704d1d49 | 7cbf7c78d3b34218,Drakkar Klose,win,Decision - Unanimous,3,5:00,Lightweight,"{""rows"": [{""Fighter"": [""Edson Barboza"", ""Drakkar Klose""], ""KD"": [""0"", ""0""], ""Sig. str."": [""71 of 120"", ""53 of 102""], ""Sig. str. %"": [""59%"", ""51%""], ""Total str."": [""73 of 122"", ""147 of 209""], ""Td"": [""0 of 0"", ""0 of 2""], ""Td %"": [""---"", ""0%""], ""Sub. att"": [""0"", ""0""], ""Rev."": [""0"", ""0""], ""Ctrl"": [""3:50"", ""2:33""]}], ""fighters"": [""Edson Barboza"", ""Drakkar Klose""]}",Per round RD1 24 of 36 - 66% 15 of 29 - 51% RD2 18 of 38 - 47% 25 of 44 - 56% RD3 29 of 46 - 63% 13 of 29 - 44% Landed Attempted
UFC 319: Du Plessis vs. Chimaev,http://ufcstats.com/event-details/421ccfc6ddb17958,http://ufcstats.com/fight-details/88020d22cf905792,Karine Silva | Dione Barbosa,9d62c2d8ee151f08 | 27b388f0aab49780,Karine Silva,win,Decision - Unanimous,3,5:00,Women's Flyweight,"{""rows"": [{""Fighter"": [""Karine Silva"", ""Dione Barbosa""], ""KD"": [""0"", ""0""], ""Sig. str."": [""26 of 70"", ""31 of 87""], ""Sig. str. %"": [""37%"", ""35%""], ""Total str."": [""90 of 154"", ""67 of 132""], ""Td"": [""1 of 3"", ""3 of 4""], ""Td %"": [""33%"", ""75%""], ""Sub. att"": [""2"", ""1""], ""Rev."": [""1"", ""1""], ""Ctrl"": [""2:23"", ""5:18""]}], ""fighters"": [""Karine Silva"", ""Dione Barbosa""]}",Per round RD1 10 of 30 - 33% 15 of 41 - 36% RD2 9 of 18 - 50% 7 of 16 - 43% RD3 7 of 22 - 31% 9 of 30 - 30% Landed Attempted
UFC 319: Du Plessis vs. Chimaev,http://ufcstats.com/event-details/421ccfc6ddb17958,http://ufcstats.com/fight-details/68c423c7119004f3,Alibi Idiris | Joseph Morales,30cad5a751adcb48 | 2fe9032955c2e013,Joseph Morales,win,Submission,2,3:04,Flyweight,"{""rows"": [{""Fighter"": [""Alibi Idiris"", ""Joseph Morales""], ""KD"": [""0"", ""0""], ""Sig. str."": [""28 of 56"", ""29 of 63""], ""Sig. str. %"": [""50%"", ""46%""], ""Total str."": [""50 of 82"", ""44 of 86""], ""Td"": [""0 of 1"", ""2 of 5""], ""Td %"": [""0%"", ""40%""], ""Sub. att"": [""0"", ""2""], ""Rev."": [""1"", ""0""], ""Ctrl"": [""1:04"", ""3:38""]}], ""fighters"": [""Alibi Idiris"", ""Joseph Morales""]}",Per round RD1 18 of 27 - 66% 10 of 24 - 41% RD2 10 of 29 - 34% 19 of 39 - 48% Landed Attempted
UFC Fight Night: Dolidze vs. Hernandez,http://ufcstats.com/event-details/6cd3dfc54f01287f,http://ufcstats.com/fight-details/68fe62bac7fd8bb0,Roman Dolidze | Anthony Hernandez,327d5f279895110d | 093e1f5bb73850be,Anthony Hernandez,win,Submission,4,2:45,Middleweight,"{""rows"": [{""Fighter"": [""Roman Dolidze"", ""Anthony Hernandez""], ""KD"": [""0"", ""0""], ""Sig. str."": [""36 of 107"", ""91 of 152""], ""Sig. str. %"": [""33%"", ""59%""], ""Total str."": [""39 of 110"", ""120 of 187""], ""Td"": [""0 of 1"", ""9 of 11""], ""Td %"": [""0%"", ""81%""], ""Sub. att"": [""0"", ""1""], ""Rev."": [""0"", ""0""], ""Ctrl"": [""0:45"", ""7:48""]}], ""fighters"": [""Roman Dolidze"", ""Anthony Hernandez""]}",Per round RD1 10 of 31 - 32% 19 of 37 - 51% RD2 20 of 52 - 38% 44 of 73 - 60% RD3 4 of 16 - 25% 18 of 27 - 66% RD4 2 of 8 - 25% 10 of 15 - 66% Landed Attempted
UFC Fight Night: Dolidze vs. Hernandez,http://ufcstats.com/event-details/6cd3dfc54f01287f,http://ufcstats.com/fight-details/37d58369782cb86b,Steve Erceg | Ode Osbourne,32ab52e5de93092d | 6d68c1afe954f121,Steve Erceg,win,Decision - Unanimous,3,5:00,Bantamweight,"{""rows"": [{""Fighter"": [""Steve Erceg"", ""Ode Osbourne""], ""KD"": [""0"", ""0""], ""Sig. str."": [""20 of 53"", ""35 of 74""], ""Sig. str. %"": [""37%"", ""47%""], ""Total str."": [""39 of 82"", ""47 of 89""], ""Td"": [""3 of 10"", ""1 of 2""], ""Td %"": [""30%"", ""50%""], ""Sub. att"": [""1"", ""0""], ""Rev."": [""0"", ""1""], ""Ctrl"": [""4:47"", ""1:09""]}], ""fighters"": [""Steve Erceg"", ""Ode Osbourne""]}",Per round RD1 3 of 11 - 27% 17 of 32 - 53% RD2 11 of 25 - 44% 12 of 25 - 48% RD3 6 of 17 - 35% 6 of 17 - 35% Landed Attempted
UFC Fight Night: Dolidze vs. Hernandez,http://ufcstats.com/event-details/6cd3dfc54f01287f,http://ufcstats.com/fight-details/646c79a7ecd12e5f,Iasmin Lucindo | Angela Hill,abcf2cc6efc42031 | f0feeb2192937424,Iasmin Lucindo,win,Decision - Unanimous,3,5:00,Women's Strawweight,"{""rows"": [{""Fighter"": [""Iasmin Lucindo"", ""Angela Hill""], ""KD"": [""0"", ""0""], ""Sig. str."": [""72 of 151"", ""64 of 110""], ""Sig. str. %"": [""47%"", ""58%""], ""Total str."": [""100 of 187"", ""80 of 129""], ""Td"": [""3 of 7"", ""0 of 5""], ""Td %"": [""42%"", ""0%""], ""Sub. att"": [""0"", ""1""], ""Rev."": [""0"", ""0""], ""Ctrl"": [""5:37"", ""1:19""]}], ""fighters"": [""Iasmin Lucindo"", ""Angela Hill""]}",Per round RD1 27 of 68 - 39% 25 of 46 - 54% RD2 28 of 50 - 56% 31 of 54 - 57% RD3 17 of 33 - 51% 8 of 10 - 80% Landed Attempted
UFC Fight Night: Dolidze vs. Hernandez,http://ufcstats.com/event-details/6cd3dfc54f01287f,http://ufcstats.com/fight-details/98d6771af9b0ebe5,Andre Fili | Christian Rodriguez,8fd808923cffff82 | 5ec591b78349ba7e,Andre Fili,win,Decision - Split,3,5:00,Featherweight,"{""rows"": [{""Fighter"": [""Andre Fili"", ""Christian Rodriguez""], ""KD"": [""0"", ""0""], ""Sig. str."": [""64 of 182"", ""83 of 174""], ""Sig. str. %"": [""35%"", ""47%""], ""Total str."": [""74 of 193"", ""95 of 190""], ""Td"": [""3 of 5"", ""1 of 7""], ""Td %"": [""60%"", ""14%""], ""Sub. att"": [""0"", ""0""], ""Rev."": [""0"", ""0""], ""Ctrl"": [""1:42"", ""1:35""]}], ""fighters"": [""Andre Fili"", ""Christian Rodriguez""]}",Per round RD1 22 of 63 - 34% 29 of 64 - 45% RD2 23 of 69 - 33% 29 of 56 - 51% RD3 19 of 50 - 38% 25 of 54 - 46% Landed Attempted
UFC Fight Night: Dolidze vs. Hernandez,http://ufcstats.com/event-details/6cd3dfc54f01287f,http://ufcstats.com/fight-details/ed5383b50ffcdded,Miles Johns | Jean Matsumoto,46e0d677f91bacc0 | ffd3224638c01b57,Jean Matsumoto,win,Decision - Split,3,5:00,Bantamweight,"{""rows"": [{""Fighter"": [""Miles Johns"", ""Jean Matsumoto""], ""KD"": [""0"", ""0""], ""Sig. str."": [""83 of 184"", ""95 of 233""], ""Sig. str. %"": [""45%"", ""40%""], ""Total str."": [""89 of 191"", ""109 of 249""], ""Td"": [""5 of 8"", ""0 of 3""], ""Td %"": [""62%"", ""0%""], ""Sub. att"": [""0"", ""2""], ""Rev."": [""0"", ""1""], ""Ctrl"": [""3:12"", ""0:56""]}], ""fighters"": [""Miles Johns"", ""Jean Matsumoto""]}",Per round RD1 22 of 42 - 52% 16 of 49 - 32% RD2 34 of 67 - 50% 35 of 84 - 41% RD3 27 of 75 - 36% 44 of 100 - 44% Landed Attempted
UFC Fight Night: Dolidze vs. Hernandez,http://ufcstats.com/event-details/6cd3dfc54f01287f,http://ufcstats.com/fight-details/75a84211f50c53f5,Eryk Anders | Christian Leroy Duncan,cad24459b28592ca | a93f94c923c3a9cb,Christian Leroy Duncan,win,KO/TKO,1,3:53,Middleweight,"{""rows"": [{""Fighter"": [""Eryk Anders"", ""Christian Leroy Duncan""], ""KD"": [""0"", ""1""], ""Sig. str."": [""7 of 12"", ""24 of 43""], ""Sig. str. %"": [""58%"", ""55%""], ""Total str."": [""18 of 24"", ""27 of 46""], ""Td"": [""1 of 3"", ""0 of 0""], ""Td %"": [""33%"", ""---""], ""Sub. att"": [""0"", ""0""], ""Rev."": [""0"", ""0""], ""Ctrl"": [""1:18"", ""0:39""]}], ""fighters"": [""Eryk Anders"", ""Christian Leroy Duncan""]}",Per round RD1 7 of 12 - 58% 24 of 43 - 55% Landed Attempted
UFC Fight Night: Dolidze vs. Hernandez,http://ufcstats.com/event-details/6cd3dfc54f01287f,http://ufcstats.com/fight-details/3d6571790c21527c,Julius Walker | Rafael Cerqueira,6add18754930182b | 09a4447655fd4b7b,Julius Walker,win,Decision - Unanimous,3,5:00,Light Heavyweight,"{""rows"": [{""Fighter"": [""Julius Walker"", ""Rafael Cerqueira""], ""KD"": [""1"", ""0""], ""Sig. str."": [""44 of 62"", ""19 of 42""], ""Sig. str. %"": [""70%"", ""45%""], ""Total str."": [""96 of 120"", ""30 of 54""], ""Td"": [""6 of 10"", ""0 of 0""], ""Td %"": [""60%"", ""---""], ""Sub. att"": [""0"", ""0""], ""Rev."": [""0"", ""0""], ""Ctrl"": [""11:46"", ""0:27""]}], ""fighters"": [""Julius Walker"", ""Rafael Cerqueira""]}",Per round RD1 13 of 22 - 59% 11 of 25 - 44% RD2 13 of 18 - 72% 1 of 4 - 25% RD3 18 of 22 - 81% 7 of 13 - 53% Landed Attempted
UFC Fight Night: Dolidze vs. Hernandez,http://ufcstats.com/event-details/6cd3dfc54f01287f,http://ufcstats.com/fight-details/ae7a8f19743e8154,Elijah Smith | Toshiomi Kazama,7478b7f959ba61f5 | 148bb103cfbf123e,Elijah Smith,win,KO/TKO,1,4:10,Bantamweight,"{""rows"": [{""Fighter"": [""Elijah Smith"", ""Toshiomi Kazama""], ""KD"": [""0"", ""0""], ""Sig. str."": [""37 of 46"", ""0 of 0""], ""Sig. str. %"": [""80%"", ""---""], ""Total str."": [""61 of 74"", ""2 of 2""], ""Td"": [""0 of 0"", ""1 of 1""], ""Td %"": [""---"", ""100%""], ""Sub. att"": [""0"", ""1""], ""Rev."": [""1"", ""1""], ""Ctrl"": [""3:49"", ""0:05""]}], ""fighters"": [""Elijah Smith"", ""Toshiomi Kazama""]}",Per round RD1 37 of 46 - 80% 0 of 0 - 0% Landed Attempted
UFC Fight Night: Dolidze vs. Hernandez,http://ufcstats.com/event-details/6cd3dfc54f01287f,http://ufcstats.com/fight-details/aef44145740741b3,Joselyne Edwards | Priscila Cachoeira,f9ab66e67240db7b | b1e5bcaad32a3cac,Joselyne Edwards,win,KO/TKO,1,2:24,Women's Bantamweight,"{""rows"": [{""Fighter"": [""Joselyne Edwards"", ""Priscila Cachoeira""], ""KD"": [""1"", ""0""], ""Sig. str."": [""26 of 44"", ""18 of 50""], ""Sig. str. %"": [""59%"", ""36%""], ""Total str."": [""26 of 44"", ""18 of 50""], ""Td"": [""0 of 2"", ""0 of 0""], ""Td %"": [""0%"", ""---""], ""Sub. att"": [""0"", ""0""], ""Rev."": [""0"", ""0""], ""Ctrl"": [""0:01"", ""0:00""]}], ""fighters"": [""Joselyne Edwards"", ""Priscila Cachoeira""]}",Per round RD1 26 of 44 - 59% 18 of 50 - 36% Landed Attempted
UFC Fight Night: Dolidze vs. Hernandez,http://ufcstats.com/event-details/6cd3dfc54f01287f,http://ufcstats.com/fight-details/7d923267c44dd93b,Uros Medic | Gilbert Urbina,681399317dbf4701 | b12fb759e02378de,Uros Medic,win,KO/TKO,1,1:03,Welterweight,"{""rows"": [{""Fighter"": [""Uros Medic"", ""Gilbert Urbina""], ""KD"": [""1"", ""1""], ""Sig. str."": [""5 of 9"", ""5 of 10""], ""Sig. str. %"": [""55%"", ""50%""], ""Total str."": [""6 of 10"", ""5 of 10""], ""Td"": [""0 of 0"", ""0 of 0""], ""Td %"": [""---"", ""---""], ""Sub. att"": [""0"", ""0""], ""Rev."": [""0"", ""0""], ""Ctrl"": [""0:01"", ""0:02""]}], ""fighters"": [""Uros Medic"", ""Gilbert Urbina""]}",Per round RD1 5 of 9 - 55% 5 of 10 - 50% Landed Attempted
UFC Fight Night: Dolidze vs. Hernandez,http://ufcstats.com/event-details/6cd3dfc54f01287f,http://ufcstats.com/fight-details/6ef50ed03b116b60,Gabriella Fernandes | Julija Stoliarenko,a6eb54ae17a551be | a78a87d8c2bbb1cb,Gabriella Fernandes,win,Decision - Unanimous,3,5:00,Women's Flyweight,"{""rows"": [{""Fighter"": [""Gabriella Fernandes"", ""Julija Stoliarenko""], ""KD"": [""0"", ""0""], ""Sig. str."": [""59 of 114"", ""61 of 161""], ""Sig. str. %"": [""51%"", ""37%""], ""Total str."": [""59 of 114"", ""64 of 167""], ""Td"": [""0 of 0"", ""0 of 6""], ""Td %"": [""---"", ""0%""], ""Sub. att"": [""0"", ""0""], ""Rev."": [""0"", ""0""], ""Ctrl"": [""0:00"", ""1:14""]}], ""fighters"": [""Gabriella Fernandes"", ""Julija Stoliarenko""]}",Per round RD1 19 of 45 - 42% 19 of 47 - 40% RD2 23 of 38 - 60% 18 of 43 - 41% RD3 17 of 31 - 54% 24 of 71 - 33% Landed Attempted
UFC Fight Night: Dolidze vs. Hernandez,http://ufcstats.com/event-details/6cd3dfc54f01287f,http://ufcstats.com/fight-details/857e8facd8ff7c36,Cody Brundage | Eric McConico,f14f644d41ade29f | 9508cc6184cb2450,Eric McConico,win,Decision - Split,3,5:00,Light Heavyweight,"{""rows"": [{""Fighter"": [""Cody Brundage"", ""Eric McConico""], ""KD"": [""0"", ""0""], ""Sig. str."": [""31 of 65"", ""26 of 72""], ""Sig. str. %"": [""47%"", ""36%""], ""Total str."": [""43 of 78"", ""54 of 102""], ""Td"": [""3 of 7"", ""0 of 0""], ""Td %"": [""42%"", ""---""], ""Sub. att"": [""0"", ""0""], ""Rev."": [""0"", ""0""], ""Ctrl"": [""5:28"", ""3:12""]}], ""fighters"": [""Cody Brundage"", ""Eric McConico""]}",Per round RD1 8 of 18 - 44% 3 of 11 - 27% RD2 11 of 20 - 55% 7 of 23 - 30% RD3 12 of 27 - 44% 16 of 38 - 42% Landed Attempted
UFC Fight Night: Taira vs. Park,http://ufcstats.com/event-details/f2c934689243fe4e,http://ufcstats.com/fight-details/282c8c6c1ed82bfb,Tatsuro Taira | HyunSung Park,4461d7e47375a895 | b671bdf981ad527d,Tatsuro Taira,win,Submission,2,1:06,Flyweight,"{""rows"": [{""Fighter"": [""Tatsuro Taira"", ""HyunSung Park""], ""KD"": [""1"", ""0""], ""Sig. str."": [""7 of 11"", ""3 of 9""], ""Sig. str. %"": [""63%"", ""33%""], ""Total str."": [""13 of 20"", ""15 of 21""], ""Td"": [""4 of 5"", ""0 of 0""], ""Td %"": [""80%"", ""---""], ""Sub. att"": [""1"", ""0""], ""Rev."": [""0"", ""0""], ""Ctrl"": [""4:41"", ""0:00""]}], ""fighters"": [""Tatsuro Taira"", ""HyunSung Park""]}",Per round RD1 6 of 9 - 66% 2 of 5 - 40% RD2 1 of 2 - 50% 1 of 4 - 25% Landed Attempted
UFC Fight Night: Taira vs. Park,http://ufcstats.com/event-details/f2c934689243fe4e,http://ufcstats.com/fight-details/426a69e343822ab3,Mateusz Rebecki | Chris Duncan,849c5d9979df5357 | fd406a32a6fb3a29,Chris Duncan,win,Decision - Unanimous,3,5:00,Lightweight,"{""rows"": [{""Fighter"": [""Mateusz Rebecki"", ""Chris Duncan""], ""KD"": [""0"", ""0""], ""Sig. str."": [""114 of 267"", ""92 of 222""], ""Sig. str. %"": [""42%"", ""41%""], ""Total str."": [""123 of 278"", ""95 of 225""], ""Td"": [""2 of 6"", ""0 of 1""], ""Td %"": [""33%"", ""0%""], ""Sub. att"": [""0"", ""0""], ""Rev."": [""0"", ""0""], ""Ctrl"": [""1:23"", ""0:27""]}], ""fighters"": [""Mateusz Rebecki"", ""Chris Duncan""]}",Per round RD1 32 of 74 - 43% 19 of 62 - 30% RD2 38 of 88 - 43% 25 of 62 - 40% RD3 44 of 105 - 41% 48 of 98 - 48% Landed Attempted
UFC Fight Night: Taira vs. Park,http://ufcstats.com/event-details/f2c934689243fe4e,http://ufcstats.com/fight-details/878941394f9e3538,Elves Brener | Esteban Ribovics,48a9a128784d53d1 | 323d4ca260dfa0ba,Esteban Ribovics,win,Decision - Unanimous,3,5:00,Lightweight,"{""rows"": [{""Fighter"": [""Elves Brener"", ""Esteban Ribovics""], ""KD"": [""0"", ""0""], ""Sig. str."": [""118 of 250"", ""122 of 281""], ""Sig. str. %"": [""47%"", ""43%""], ""Total str."": [""123 of 256"", ""123 of 284""], ""Td"": [""0 of 9"", ""0 of 0""], ""Td %"": [""0%"", ""---""], ""Sub. att"": [""0"", ""0""], ""Rev."": [""0"", ""0""], ""Ctrl"": [""0:00"", ""1:02""]}], ""fighters"": [""Elves Brener"", ""Esteban Ribovics""]}",Per round RD1 36 of 68 - 52% 39 of 95 - 41% RD2 48 of 88 - 54% 34 of 84 - 40% RD3 34 of 94 - 36% 49 of 102 - 48% Landed Attempted
UFC Fight Night: Taira vs. Park,http://ufcstats.com/event-details/f2c934689243fe4e,http://ufcstats.com/fight-details/c62ed8a6002b5360,Karol Rosa | Nora Cornolle,351c4ec637380ad5 | f2b3f4ef3f780168,Karol Rosa,win,Decision - Unanimous,3,5:00,Women's Bantamweight,"{""rows"": [{""Fighter"": [""Karol Rosa"", ""Nora Cornolle""], ""KD"": [""0"", ""0""], ""Sig. str."": [""33 of 58"", ""27 of 47""], ""Sig. str. %"": [""56%"", ""57%""], ""Total str."": [""190 of 224"", ""75 of 98""], ""Td"": [""2 of 3"", ""0 of 0""], ""Td %"": [""66%"", ""---""], ""Sub. att"": [""2"", ""0""], ""Rev."": [""0"", ""0""], ""Ctrl"": [""11:25"", ""0:00""]}], ""fighters"": [""Karol Rosa"", ""Nora Cornolle""]}",Per round RD1 18 of 34 - 52% 24 of 37 - 64% RD2 7 of 11 - 63% 0 of 3 - 0% RD3 8 of 13 - 61% 3 of 7 - 42% Landed Attempted
UFC Fight Night: Taira vs. Park,http://ufcstats.com/event-details/f2c934689243fe4e,http://ufcstats.com/fight-details/ac57250e3de89d5d,Neil Magny | Elizeu Zaleski dos Santos,84b3e7d38f2d2ec5 | 8adcbd525fab8d9b,Neil Magny,win,KO/TKO,2,4:39,Welterweight,"{""rows"": [{""Fighter"": [""Neil Magny"", ""Elizeu Zaleski dos Santos""], ""KD"": [""0"", ""0""], ""Sig. str."": [""42 of 67"", ""20 of 42""], ""Sig. str. %"": [""62%"", ""47%""], ""Total str."": [""80 of 113"", ""42 of 69""], ""Td"": [""2 of 3"", ""1 of 5""], ""Td %"": [""66%"", ""20%""], ""Sub. att"": [""0"", ""0""], ""Rev."": [""0"", ""0""], ""Ctrl"": [""1:19"", ""4:40""]}], ""fighters"": [""Neil Magny"", ""Elizeu Zaleski dos Santos""]}",Per round RD1 17 of 36 - 47% 18 of 36 - 50% RD2 25 of 31 - 80% 2 of 6 - 33% Landed Attempted
UFC Fight Night: Taira vs. Park,http://ufcstats.com/event-details/f2c934689243fe4e,http://ufcstats.com/fight-details/111e66eb922449e4,Danny Silva | Kevin Vallejos,d964a59c48381cb6 | 239d8e5359022f3b,Kevin Vallejos,win,Decision - Unanimous,3,5:00,Featherweight,"{""rows"": [{""Fighter"": [""Danny Silva"", ""Kevin Vallejos""], ""KD"": [""0"", ""0""], ""Sig. str."": [""69 of 164"", ""90 of 229""], ""Sig. str. %"": [""42%"", ""39%""], ""Total str."": [""73 of 168"", ""90 of 230""], ""Td"": [""1 of 9"", ""2 of 5""], ""Td %"": [""11%"", ""40%""], ""Sub. att"": [""0"", ""0""], ""Rev."": [""0"", ""0""], ""Ctrl"": [""0:22"", ""1:14""]}], ""fighters"": [""Danny Silva"", ""Kevin Vallejos""]}",Per round RD1 10 of 39 - 25% 19 of 54 - 35% RD2 22 of 50 - 44% 35 of 81 - 43% RD3 37 of 75 - 49% 36 of 94 - 38% Landed Attempted
UFC Fight Night: Taira vs. Park,http://ufcstats.com/event-details/f2c934689243fe4e,http://ufcstats.com/fight-details/eeeffa7f514e0c0e,Rinya Nakamura | Nathan Fletcher,d8c811df0386d5e8 | a2d342ffc83913ed,Rinya Nakamura,win,KO/TKO,1,1:02,Bantamweight,"{""rows"": [{""Fighter"": [""Rinya Nakamura"", ""Nathan Fletcher""], ""KD"": [""1"", ""0""], ""Sig. str."": [""12 of 19"", ""3 of 7""], ""Sig. str. %"": [""63%"", ""42%""], ""Total str."": [""12 of 19"", ""3 of 7""], ""Td"": [""0 of 0"", ""0 of 0""], ""Td %"": [""---"", ""---""], ""Sub. att"": [""0"", ""0""], ""Rev."": [""0"", ""0""], ""Ctrl"": [""0:02"", ""0:00""]}], ""fighters"": [""Rinya Nakamura"", ""Nathan Fletcher""]}",Per round RD1 12 of 19 - 63% 3 of 7 - 42% Landed Attempted
UFC Fight Night: Taira vs. Park,http://ufcstats.com/event-details/f2c934689243fe4e,http://ufcstats.com/fight-details/45781930d64da456,Rodolfo Vieira | Tresean Gore,260e9e0d4954aea6 | 147e70aa6cc48cfc,Rodolfo Vieira,win,Decision - Unanimous,3,5:00,Middleweight,"{""rows"": [{""Fighter"": [""Rodolfo Vieira"", ""Tresean Gore""], ""KD"": [""0"", ""0""], ""Sig. str."": [""89 of 159"", ""41 of 114""], ""Sig. str. %"": [""55%"", ""35%""], ""Total str."": [""96 of 169"", ""50 of 125""], ""Td"": [""1 of 14"", ""0 of 0""], ""Td %"": [""7%"", ""---""], ""Sub. att"": [""0"", ""0""], ""Rev."": [""0"", ""0""], ""Ctrl"": [""3:14"", ""0:02""]}], ""fighters"": [""Rodolfo Vieira"", ""Tresean Gore""]}",Per round RD1 15 of 26 - 57% 11 of 25 - 44% RD2 36 of 66 - 54% 14 of 45 - 31% RD3 38 of 67 - 56% 16 of 44 - 36% Landed Attempted
UFC Fight Night: Taira vs. Park,http://ufcstats.com/event-details/f2c934689243fe4e,http://ufcstats.com/fight-details/b3c695728e177fd4,Nick Klein | Andrey Pulyaev,7eaa5e31c2dd86aa | 22e07d3da1aa3475,Andrey Pulyaev,win,KO/TKO,2,1:31,Middleweight,"{""rows"": [{""Fighter"": [""Nick Klein"", ""Andrey Pulyaev""], ""KD"": [""0"", ""1""], ""Sig. str."": [""10 of 21"", ""23 of 31""], ""Sig. str. %"": [""47%"", ""74%""], ""Total str."": [""19 of 33"", ""30 of 38""], ""Td"": [""4 of 7"", ""0 of 0""], ""Td %"": [""57%"", ""---""], ""Sub. att"": [""1"", ""0""], ""Rev."": [""0"", ""0""], ""Ctrl"": [""4:45"", ""0:02""]}], ""fighters"": [""Nick Klein"", ""Andrey Pulyaev""]}",Per round RD1 9 of 18 - 50% 12 of 18 - 66% RD2 1 of 3 - 33% 11 of 13 - 84% Landed Attempted
UFC Fight Night: Taira vs. Park,http://ufcstats.com/event-details/f2c934689243fe4e,http://ufcstats.com/fight-details/07c2af68b6dbc4ec,Austin Bashi | John Yannis,d3f89fa685bd8420 | 450bcab0968562c4,Austin Bashi,win,Submission,1,3:39,Featherweight,"{""rows"": [{""Fighter"": [""Austin Bashi"", ""John Yannis""], ""KD"": [""0"", ""0""], ""Sig. str."": [""2 of 7"", ""0 of 5""], ""Sig. str. %"": [""28%"", ""0%""], ""Total str."": [""48 of 67"", ""2 of 9""], ""Td"": [""1 of 1"", ""0 of 0""], ""Td %"": [""100%"", ""---""], ""Sub. att"": [""1"", ""0""], ""Rev."": [""0"", ""0""], ""Ctrl"": [""2:53"", ""0:00""]}], ""fighters"": [""Austin Bashi"", ""John Yannis""]}",Per round RD1 2 of 7 - 28% 0 of 5 - 0% Landed Attempted
UFC Fight Night: Taira vs. Park,http://ufcstats.com/event-details/f2c934689243fe4e,http://ufcstats.com/fight-details/b47db03affb279c3,Rafael Estevam | Felipe Bunes,83455a9d17f57dae | 53c10176e3bc7416,Rafael Estevam,win,Decision - Unanimous,3,5:00,Flyweight,"{""rows"": [{""Fighter"": [""Rafael Estevam"", ""Felipe Bunes""], ""KD"": [""0"", ""0""], ""Sig. str."": [""33 of 70"", ""26 of 56""], ""Sig. str. %"": [""47%"", ""46%""], ""Total str."": [""128 of 204"", ""38 of 75""], ""Td"": [""5 of 9"", ""0 of 1""], ""Td %"": [""55%"", ""0%""], ""Sub. att"": [""0"", ""2""], ""Rev."": [""0"", ""0""], ""Ctrl"": [""10:42"", ""0:03""]}], ""fighters"": [""Rafael Estevam"", ""Felipe Bunes""]}",Per round RD1 8 of 19 - 42% 7 of 14 - 50% RD2 17 of 35 - 48% 9 of 17 - 52% RD3 8 of 16 - 50% 10 of 25 - 40% Landed Attempted
UFC Fight Night: Taira vs. Park,http://ufcstats.com/event-details/f2c934689243fe4e,http://ufcstats.com/fight-details/d98d6b2c13557a87,Piera Rodriguez | Ketlen Souza,e375cb5caf4717b6 | 8bd4200561c77a62,Piera Rodriguez,win,Decision - Split,3,5:00,Women's Strawweight,"{""rows"": [{""Fighter"": [""Piera Rodriguez"", ""Ketlen Souza""], ""KD"": [""0"", ""0""], ""Sig. str."": [""64 of 150"", ""56 of 103""], ""Sig. str. %"": [""42%"", ""54%""], ""Total str."": [""81 of 171"", ""86 of 139""], ""Td"": [""7 of 10"", ""0 of 3""], ""Td %"": [""70%"", ""0%""], ""Sub. att"": [""0"", ""0""], ""Rev."": [""0"", ""0""], ""Ctrl"": [""4:36"", ""1:41""]}], ""fighters"": [""Piera Rodriguez"", ""Ketlen Souza""]}",Per round RD1 21 of 55 - 38% 19 of 32 - 59% RD2 22 of 42 - 52% 16 of 28 - 57% RD3 21 of 53 - 39% 21 of 43 - 48% Landed Attempted
UFC Fight Night: Whittaker vs. De Ridder,http://ufcstats.com/event-details/28d8638ea0a71908,http://ufcstats.com/fight-details/6b8be0ee3e569ad2,Robert Whittaker | Reinier de Ridder,e1147d3d2dabe1ce | d549cefc7c54ab78,Reinier de Ridder,win,Decision - Split,5,5:00,Middleweight,"{""rows"": [{""Fighter"": [""Robert Whittaker"", ""Reinier de Ridder""], ""KD"": [""1"", ""0""], ""Sig. str."": [""66 of 142"", ""67 of 145""], ""Sig. str. %"": [""46%"", ""46%""], ""Total str."": [""70 of 146"", ""192 of 282""], ""Td"": [""0 of 0"", ""2 of 15""], ""Td %"": [""---"", ""13%""], ""Sub. att"": [""0"", ""0""], ""Rev."": [""0"", ""0""], ""Ctrl"": [""0:36"", ""9:06""]}], ""fighters"": [""Robert Whittaker"", ""Reinier de Ridder""]}",Per round RD1 20 of 34 - 58% 15 of 35 - 42% RD2 9 of 27 - 33% 16 of 38 - 42% RD3 20 of 28 - 71% 13 of 30 - 43% RD4 6 of 22 - 27% 14 of 24 - 58% RD5 11 of 31 - 35% 9 of 18 - 50% Landed Attempted
UFC Fight Night: Whittaker vs. De Ridder,http://ufcstats.com/event-details/28d8638ea0a71908,http://ufcstats.com/fight-details/d4d4ee045b0ca695,Petr Yan | Marcus McGhee,d661ce4da776fc20 | c0ac37a4a1133da9,Petr Yan,win,Decision - Unanimous,3,5:00,Bantamweight,"{""rows"": [{""Fighter"": [""Petr Yan"", ""Marcus McGhee""], ""KD"": [""0"", ""0""], ""Sig. str."": [""81 of 146"", ""64 of 170""], ""Sig. str. %"": [""55%"", ""37%""], ""Total str."": [""130 of 202"", ""66 of 173""], ""Td"": [""1 of 3"", ""0 of 4""], ""Td %"": [""33%"", ""0%""], ""Sub. att"": [""0"", ""0""], ""Rev."": [""0"", ""0""], ""Ctrl"": [""3:11"", ""0:30""]}], ""fighters"": [""Petr Yan"", ""Marcus McGhee""]}",Per round RD1 22 of 43 - 51% 22 of 55 - 40% RD2 33 of 64 - 51% 34 of 93 - 36% RD3 26 of 39 - 66% 8 of 22 - 36% Landed Attempted
UFC Fight Night: Whittaker vs. De Ridder,http://ufcstats.com/event-details/28d8638ea0a71908,http://ufcstats.com/fight-details/582d66ce97309e29,Shara Magomedov | Marc-Andre Barriault,06734ca9d88dec3a | 8e9eb3fc86db0f7d,Shara Magomedov,win,Decision - Unanimous,3,5:00,Middleweight,"{""rows"": [{""Fighter"": [""Shara Magomedov"", ""Marc-Andre Barriault""], ""KD"": [""0"", ""0""], ""Sig. str."": [""93 of 142"", ""39 of 77""], ""Sig. str. %"": [""65%"", ""50%""], ""Total str."": [""103 of 153"", ""60 of 100""], ""Td"": [""0 of 1"", ""2 of 6""], ""Td %"": [""0%"", ""33%""], ""Sub. att"": [""0"", ""0""], ""Rev."": [""0"", ""0""], ""Ctrl"": [""0:57"", ""4:30""]}], ""fighters"": [""Shara Magomedov"", ""Marc-Andre Barriault""]}",Per round RD1 22 of 36 - 61% 5 of 17 - 29% RD2 37 of 61 - 60% 29 of 44 - 65% RD3 34 of 45 - 75% 5 of 16 - 31% Landed Attempted
UFC Fight Night: Whittaker vs. De Ridder,http://ufcstats.com/event-details/28d8638ea0a71908,http://ufcstats.com/fight-details/887c61da1a78a5e1,Asu Almabayev | Jose Ochoa,8d3273573b85be09 | 88be62d6c1e6dadb,Asu Almabayev,win,Decision - Unanimous,3,5:00,Flyweight,"{""rows"": [{""Fighter"": [""Asu Almabayev"", ""Jose Ochoa""], ""KD"": [""0"", ""0""], ""Sig. str."": [""22 of 42"", ""26 of 45""], ""Sig. str. %"": [""52%"", ""57%""], ""Total str."": [""55 of 90"", ""118 of 151""], ""Td"": [""7 of 16"", ""1 of 1""], ""Td %"": [""43%"", ""100%""], ""Sub. att"": [""2"", ""2""], ""Rev."": [""0"", ""0""], ""Ctrl"": [""9:26"", ""0:56""]}], ""fighters"": [""Asu Almabayev"", ""Jose Ochoa""]}",Per round RD1 5 of 10 - 50% 10 of 18 - 55% RD2 11 of 20 - 55% 5 of 9 - 55% RD3 6 of 12 - 50% 11 of 18 - 61% Landed Attempted
UFC Fight Night: Whittaker vs. De Ridder,http://ufcstats.com/event-details/28d8638ea0a71908,http://ufcstats.com/fight-details/77f960d82cda0b76,Nikita Krylov | Bogdan Guskov,1091d4d957141094 | ef5dcb10d2bd4b0f,Bogdan Guskov,win,KO/TKO,1,4:18,Light Heavyweight,"{""rows"": [{""Fighter"": [""Nikita Krylov"", ""Bogdan Guskov""], ""KD"": [""0"", ""1""], ""Sig. str."": [""16 of 34"", ""23 of 43""], ""Sig. str. %"": [""47%"", ""53%""], ""Total str."": [""16 of 34"", ""28 of 48""], ""Td"": [""0 of 0"", ""0 of 0""], ""Td %"": [""---"", ""---""], ""Sub. att"": [""0"", ""0""], ""Rev."": [""0"", ""0""], ""Ctrl"": [""0:00"", ""0:17""]}], ""fighters"": [""Nikita Krylov"", ""Bogdan Guskov""]}",Per round RD1 16 of 34 - 47% 23 of 43 - 53% Landed Attempted
UFC Fight Night: Whittaker vs. De Ridder,http://ufcstats.com/event-details/28d8638ea0a71908,http://ufcstats.com/fight-details/e72c691b7c68b03a,Bryce Mitchell | Said Nurmagomedov,d9c6f19f958643e9 | 0fd5f4b838e890cc,Bryce Mitchell,win,Decision - Unanimous,3,5:00,Bantamweight,"{""rows"": [{""Fighter"": [""Bryce Mitchell"", ""Said Nurmagomedov""], ""KD"": [""0"", ""1""], ""Sig. str."": [""13 of 20"", ""20 of 32""], ""Sig. str. %"": [""65%"", ""62%""], ""Total str."": [""39 of 51"", ""100 of 126""], ""Td"": [""3 of 9"", ""0 of 0""], ""Td %"": [""33%"", ""---""], ""Sub. att"": [""0"", ""1""], ""Rev."": [""1"", ""2""], ""Ctrl"": [""9:44"", ""3:13""]}], ""fighters"": [""Bryce Mitchell"", ""Said Nurmagomedov""]}",Per round RD1 10 of 14 - 71% 17 of 25 - 68% RD2 3 of 5 - 60% 1 of 5 - 20% RD3 0 of 1 - 0% 2 of 2 - 100% Landed Attempted
UFC Fight Night: Whittaker vs. De Ridder,http://ufcstats.com/event-details/28d8638ea0a71908,http://ufcstats.com/fight-details/7c075e3383198e14,Muslim Salikhov | Carlos Leal,447f9858ae78f921 | 28d421729451c8ca,Muslim Salikhov,win,KO/TKO,1,0:42,Welterweight,"{""rows"": [{""Fighter"": [""Muslim Salikhov"", ""Carlos Leal""], ""KD"": [""1"", ""0""], ""Sig. str."": [""3 of 9"", ""5 of 9""], ""Sig. str. %"": [""33%"", ""55%""], ""Total str."": [""3 of 9"", ""5 of 9""], ""Td"": [""0 of 0"", ""0 of 0""], ""Td %"": [""---"", ""---""], ""Sub. att"": [""0"", ""0""], ""Rev."": [""0"", ""0""], ""Ctrl"": [""0:00"", ""0:00""]}], ""fighters"": [""Muslim Salikhov"", ""Carlos Leal""]}",Per round RD1 3 of 9 - 33% 5 of 9 - 55% Landed Attempted
UFC Fight Night: Whittaker vs. De Ridder,http://ufcstats.com/event-details/28d8638ea0a71908,http://ufcstats.com/fight-details/017a825c7820d12e,Davey Grant | Da'Mon Blackshear,113df4fde64735c6 | da22387a0407a2dc,Davey Grant,win,Decision - Unanimous,3,5:00,Bantamweight,"{""rows"": [{""Fighter"": [""Davey Grant"", ""Da'Mon Blackshear""], ""KD"": [""0"", ""0""], ""Sig. str."": [""66 of 130"", ""33 of 74""], ""Sig. str. %"": [""50%"", ""44%""], ""Total str."": [""66 of 133"", ""36 of 78""], ""Td"": [""0 of 0"", ""1 of 5""], ""Td %"": [""---"", ""20%""], ""Sub. att"": [""0"", ""1""], ""Rev."": [""0"", ""0""], ""Ctrl"": [""0:19"", ""3:52""]}], ""fighters"": [""Davey Grant"", ""Da'Mon Blackshear""]}",Per round RD1 3 of 5 - 60% 2 of 4 - 50% RD2 29 of 57 - 50% 17 of 33 - 51% RD3 34 of 68 - 50% 14 of 37 - 37% Landed Attempted
UFC Fight Night: Whittaker vs. De Ridder,http://ufcstats.com/event-details/28d8638ea0a71908,http://ufcstats.com/fight-details/3e6067763978d862,Amanda Ribas | Tabatha Ricci,beecb672a279223e | d25240135aee03e5,Tabatha Ricci,win,KO/TKO,2,2:59,Women's Strawweight,"{""rows"": [{""Fighter"": [""Amanda Ribas"", ""Tabatha Ricci""], ""KD"": [""0"", ""0""], ""Sig. str."": [""30 of 72"", ""34 of 76""], ""Sig. str. %"": [""41%"", ""44%""], ""Total str."": [""77 of 122"", ""82 of 140""], ""Td"": [""1 of 3"", ""1 of 4""], ""Td %"": [""33%"", ""25%""], ""Sub. att"": [""0"", ""0""], ""Rev."": [""0"", ""0""], ""Ctrl"": [""0:18"", ""4:11""]}], ""fighters"": [""Amanda Ribas"", ""Tabatha Ricci""]}",Per round RD1 22 of 47 - 46% 14 of 42 - 33% RD2 8 of 25 - 32% 20 of 34 - 58% Landed Attempted
UFC Fight Night: Whittaker vs. De Ridder,http://ufcstats.com/event-details/28d8638ea0a71908,http://ufcstats.com/fight-details/f9dac7702609669f,Ibo Aslan | Billy Elekana,6e8f1bcdda94ff45 | 07a74004d964c7f4,Billy Elekana,win,Decision - Unanimous,3,5:00,Light Heavyweight,"{""rows"": [{""Fighter"": [""Ibo Aslan"", ""Billy Elekana""], ""KD"": [""0"", ""0""], ""Sig. str."": [""28 of 78"", ""35 of 68""], ""Sig. str. %"": [""35%"", ""51%""], ""Total str."": [""29 of 80"", ""35 of 68""], ""Td"": [""0 of 0"", ""0 of 3""], ""Td %"": [""---"", ""0%""], ""Sub. att"": [""0"", ""0""], ""Rev."": [""0"", ""0""], ""Ctrl"": [""0:00"", ""0:00""]}], ""fighters"": [""Ibo Aslan"", ""Billy Elekana""]}",Per round RD1 8 of 19 - 42% 10 of 16 - 62% RD2 8 of 23 - 34% 10 of 21 - 47% RD3 12 of 36 - 33% 15 of 31 - 48% Landed Attempted
UFC Fight Night: Whittaker vs. De Ridder,http://ufcstats.com/event-details/28d8638ea0a71908,http://ufcstats.com/fight-details/23ddf51ce630028d,Mohammad Yahya | Steven Nguyen,3753714927f18437 | 69037fc7730e4225,Steven Nguyen,win,KO/TKO,2,5:00,Featherweight,"{""rows"": [{""Fighter"": [""Mohammad Yahya"", ""Steven Nguyen""], ""KD"": [""0"", ""6""], ""Sig. str."": [""57 of 151"", ""92 of 174""], ""Sig. str. %"": [""37%"", ""52%""], ""Total str."": [""60 of 154"", ""108 of 194""], ""Td"": [""0 of 4"", ""0 of 0""], ""Td %"": [""0%"", ""---""], ""Sub. att"": [""0"", ""0""], ""Rev."": [""0"", ""0""], ""Ctrl"": [""0:05"", ""2:43""]}], ""fighters"": [""Mohammad Yahya"", ""Steven Nguyen""]}",Per round RD1 33 of 86 - 38% 59 of 112 - 52% RD2 24 of 65 - 36% 33 of 62 - 53% Landed Attempted
UFC Fight Night: Whittaker vs. De Ridder,http://ufcstats.com/event-details/28d8638ea0a71908,http://ufcstats.com/fight-details/0a598768f5c8d540,Martin Buday | Marcus Buchecha,8eb046f83e82bf26 | 095854a135e6db55,Martin Buday,win,Decision - Unanimous,3,5:00,Heavyweight,"{""rows"": [{""Fighter"": [""Martin Buday"", ""Marcus Buchecha""], ""KD"": [""0"", ""0""], ""Sig. str."": [""41 of 86"", ""24 of 60""], ""Sig. str. %"": [""47%"", ""40%""], ""Total str."": [""92 of 150"", ""80 of 140""], ""Td"": [""0 of 0"", ""1 of 11""], ""Td %"": [""---"", ""9%""], ""Sub. att"": [""0"", ""0""], ""Rev."": [""2"", ""1""], ""Ctrl"": [""2:51"", ""5:05""]}], ""fighters"": [""Martin Buday"", ""Marcus Buchecha""]}",Per round RD1 19 of 44 - 43% 19 of 42 - 45% RD2 9 of 12 - 75% 3 of 8 - 37% RD3 13 of 30 - 43% 2 of 10 - 20% Landed Attempted
UFC 318: Holloway vs. Poirier 3,http://ufcstats.com/event-details/b8e2f10efb6eca85,http://ufcstats.com/fight-details/d7507e2741fd4d05,Max Holloway | Dustin Poirier,150ff4cc642270b9 | 029eaff01e6bb8f0,Max Holloway,win,Decision - Unanimous,5,5:00,Lightweight,"{""rows"": [{""Fighter"": [""Max Holloway"", ""Dustin Poirier""], ""KD"": [""1"", ""1""], ""Sig. str."": [""198 of 375"", ""109 of 255""], ""Sig. str. %"": [""52%"", ""42%""], ""Total str."": [""201 of 378"", ""109 of 255""], ""Td"": [""0 of 0"", ""0 of 1""], ""Td %"": [""---"", ""0%""], ""Sub. att"": [""0"", ""1""], ""Rev."": [""0"", ""0""], ""Ctrl"": [""1:32"", ""0:12""]}], ""fighters"": [""Max Holloway"", ""Dustin Poirier""]}",Per round RD1 26 of 64 - 40% 16 of 32 - 50% RD2 44 of 67 - 65% 25 of 43 - 58% RD3 38 of 61 - 62% 21 of 49 - 42% RD4 44 of 84 - 52% 22 of 68 - 32% RD5 46 of 99 - 46% 25 of 63 - 39% Landed Attempted
UFC 318: Holloway vs. Poirier 3,http://ufcstats.com/event-details/b8e2f10efb6eca85,http://ufcstats.com/fight-details/23c963be9de38205,Paulo Costa | Roman Kopylov,2e5c2aa8e4ab9d82 | 9d83f6da776ff7d6,Paulo Costa,win,Decision - Unanimous,3,5:00,Middleweight,"{""rows"": [{""Fighter"": [""Paulo Costa"", ""Roman Kopylov""], ""KD"": [""1"", ""0""], ""Sig. str."": [""99 of 159"", ""48 of 104""], ""Sig. str. %"": [""62%"", ""46%""], ""Total str."": [""102 of 162"", ""48 of 104""], ""Td"": [""0 of 2"", ""0 of 0""], ""Td %"": [""0%"", ""---""], ""Sub. att"": [""0"", ""0""], ""Rev."": [""0"", ""0""], ""Ctrl"": [""0:13"", ""0:00""]}], ""fighters"": [""Paulo Costa"", ""Roman Kopylov""]}",Per round RD1 34 of 54 - 62% 11 of 27 - 40% RD2 32 of 57 - 56% 16 of 32 - 50% RD3 33 of 48 - 68% 21 of 45 - 46% Landed Attempted
UFC 318: Holloway vs. Poirier 3,http://ufcstats.com/event-details/b8e2f10efb6eca85,http://ufcstats.com/fight-details/5dde61734080ac4a,Kevin Holland | Daniel Rodriguez,3a46b268013afede | 8a1f3b5c526cd6e6,Daniel Rodriguez,win,Decision - Unanimous,3,5:00,Welterweight,"{""rows"": [{""Fighter"": [""Kevin Holland"", ""Daniel Rodriguez""], ""KD"": [""1"", ""2""], ""Sig. str."": [""82 of 173"", ""77 of 149""], ""Sig. str. %"": [""47%"", ""51%""], ""Total str."": [""111 of 207"", ""111 of 189""], ""Td"": [""1 of 4"", ""0 of 1""], ""Td %"": [""25%"", ""0%""], ""Sub. att"": [""0"", ""0""], ""Rev."": [""0"", ""0""], ""Ctrl"": [""2:07"", ""3:34""]}], ""fighters"": [""Kevin Holland"", ""Daniel Rodriguez""]}",Per round RD1 40 of 83 - 48% 29 of 60 - 48% RD2 12 of 28 - 42% 31 of 55 - 56% RD3 30 of 62 - 48% 17 of 34 - 50% Landed Attempted
UFC 318: Holloway vs. Poirier 3,http://ufcstats.com/event-details/b8e2f10efb6eca85,http://ufcstats.com/fight-details/acc961fd5cf5c62e,Dan Ige | Patricio Pitbull,82a5152216251682 | 98a58c26c5b1ed17,Patricio Pitbull,win,Decision - Unanimous,3,5:00,Featherweight,"{""rows"": [{""Fighter"": [""Dan Ige"", ""Patricio Pitbull""], ""KD"": [""0"", ""0""], ""Sig. str."": [""47 of 124"", ""55 of 97""], ""Sig. str. %"": [""37%"", ""56%""], ""Total str."": [""59 of 145"", ""71 of 114""], ""Td"": [""0 of 0"", ""5 of 9""], ""Td %"": [""---"", ""55%""], ""Sub. att"": [""0"", ""0""], ""Rev."": [""0"", ""0""], ""Ctrl"": [""0:08"", ""2:44""]}], ""fighters"": [""Dan Ige"", ""Patricio Pitbull""]}",Per round RD1 6 of 28 - 21% 7 of 13 - 53% RD2 19 of 51 - 37% 37 of 58 - 63% RD3 22 of 45 - 48% 11 of 26 - 42% Landed Attempted
UFC 318: Holloway vs. Poirier 3,http://ufcstats.com/event-details/b8e2f10efb6eca85,http://ufcstats.com/fight-details/a95b03e9b5a91e47,Michael Johnson | Daniel Zellhuber,511e82663651438d | 4148802ae4a50768,Michael Johnson,win,Decision - Unanimous,3,5:00,Lightweight,"{""rows"": [{""Fighter"": [""Michael Johnson"", ""Daniel Zellhuber""], ""KD"": [""1"", ""0""], ""Sig. str."": [""80 of 195"", ""52 of 182""], ""Sig. str. %"": [""41%"", ""28%""], ""Total str."": [""81 of 196"", ""52 of 182""], ""Td"": [""0 of 1"", ""0 of 0""], ""Td %"": [""0%"", ""---""], ""Sub. att"": [""0"", ""0""], ""Rev."": [""0"", ""0""], ""Ctrl"": [""0:22"", ""0:08""]}], ""fighters"": [""Michael Johnson"", ""Daniel Zellhuber""]}",Per round RD1 24 of 56 - 42% 12 of 46 - 26% RD2 30 of 77 - 38% 17 of 66 - 25% RD3 26 of 62 - 41% 23 of 70 - 32% Landed Attempted
UFC 318: Holloway vs. Poirier 3,http://ufcstats.com/event-details/b8e2f10efb6eca85,http://ufcstats.com/fight-details/d2cb92fdf6a497e9,Kyler Phillips | Vinicius Oliveira,60425d07ef4b91a7 | 18d01f7f8338ae72,Vinicius Oliveira,win,Decision - Unanimous,3,5:00,Bantamweight,"{""rows"": [{""Fighter"": [""Kyler Phillips"", ""Vinicius Oliveira""], ""KD"": [""0"", ""1""], ""Sig. str."": [""49 of 151"", ""96 of 232""], ""Sig. str. %"": [""32%"", ""41%""], ""Total str."": [""54 of 156"", ""102 of 238""], ""Td"": [""0 of 5"", ""1 of 4""], ""Td %"": [""0%"", ""25%""], ""Sub. att"": [""0"", ""0""], ""Rev."": [""0"", ""0""], ""Ctrl"": [""0:09"", ""2:20""]}], ""fighters"": [""Kyler Phillips"", ""Vinicius Oliveira""]}",Per round RD1 29 of 67 - 43% 22 of 69 - 31% RD2 4 of 26 - 15% 41 of 81 - 50% RD3 16 of 58 - 27% 33 of 82 - 40% Landed Attempted
UFC 318: Holloway vs. Poirier 3,http://ufcstats.com/event-details/b8e2f10efb6eca85,http://ufcstats.com/fight-details/8e1feda9141602f1,Marvin Vettori | Brendan Allen,7acbb0972e75281a | 2f181c0467965b98,Brendan Allen,win,Decision - Unanimous,3,5:00,Middleweight,"{""rows"": [{""Fighter"": [""Marvin Vettori"", ""Brendan Allen""], ""KD"": [""0"", ""0""], ""Sig. str."": [""109 of 253"", ""111 of 224""], ""Sig. str. %"": [""43%"", ""49%""], ""Total str."": [""115 of 262"", ""119 of 233""], ""Td"": [""0 of 0"", ""3 of 4""], ""Td %"": [""---"", ""75%""], ""Sub. att"": [""0"", ""0""], ""Rev."": [""1"", ""0""], ""Ctrl"": [""1:17"", ""1:27""]}], ""fighters"": [""Marvin Vettori"", ""Brendan Allen""]}",Per round RD1 29 of 58 - 50% 30 of 55 - 54% RD2 36 of 95 - 37% 42 of 83 - 50% RD3 44 of 100 - 44% 39 of 86 - 45% Landed Attempted
UFC 318: Holloway vs. Poirier 3,http://ufcstats.com/event-details/b8e2f10efb6eca85,http://ufcstats.com/fight-details/df2ed8b509fbdbdc,Francisco Prado | Nikolay Veretennikov,3920d0cc288f9b0d | 0f1efce7d2571d10,Nikolay Veretennikov,win,Decision - Split,3,5:00,Welterweight,"{""rows"": [{""Fighter"": [""Francisco Prado"", ""Nikolay Veretennikov""], ""KD"": [""0"", ""0""], ""Sig. str."": [""47 of 77"", ""56 of 105""], ""Sig. str. %"": [""61%"", ""53%""], ""Total str."": [""64 of 94"", ""84 of 133""], ""Td"": [""3 of 10"", ""2 of 6""], ""Td %"": [""30%"", ""33%""], ""Sub. att"": [""1"", ""0""], ""Rev."": [""0"", ""1""], ""Ctrl"": [""6:49"", ""2:33""]}], ""fighters"": [""Francisco Prado"", ""Nikolay Veretennikov""]}",Per round RD1 7 of 9 - 77% 17 of 28 - 60% RD2 24 of 43 - 55% 26 of 55 - 47% RD3 16 of 25 - 64% 13 of 22 - 59% Landed Attempted
UFC 318: Holloway vs. Poirier 3,http://ufcstats.com/event-details/b8e2f10efb6eca85,http://ufcstats.com/fight-details/72e477b41f44e358,Ateba Gautier | Robert Valentin,2f815ed5f8278ba6 | 0cd0456d6029cec2,Ateba Gautier,win,KO/TKO,1,1:10,Middleweight,"{""rows"": [{""Fighter"": [""Ateba Gautier"", ""Robert Valentin""], ""KD"": [""1"", ""0""], ""Sig. str."": [""19 of 37"", ""2 of 5""], ""Sig. str. %"": [""51%"", ""40%""], ""Total str."": [""19 of 37"", ""2 of 5""], ""Td"": [""0 of 0"", ""0 of 0""], ""Td %"": [""---"", ""---""], ""Sub. att"": [""0"", ""0""], ""Rev."": [""0"", ""0""], ""Ctrl"": [""0:01"", ""0:00""]}], ""fighters"": [""Ateba Gautier"", ""Robert Valentin""]}",Per round RD1 19 of 37 - 51% 2 of 5 - 40% Landed Attempted
UFC 318: Holloway vs. Poirier 3,http://ufcstats.com/event-details/b8e2f10efb6eca85,http://ufcstats.com/fight-details/37bc72d5d211b189,Adam Fugitt | Islam Dulatov,a01a62132460a98d | e803242fb2e41112,Islam Dulatov,win,KO/TKO,1,4:06,Welterweight,"{""rows"": [{""Fighter"": [""Adam Fugitt"", ""Islam Dulatov""], ""KD"": [""0"", ""1""], ""Sig. str."": [""14 of 27"", ""21 of 41""], ""Sig. str. %"": [""51%"", ""51%""], ""Total str."": [""16 of 29"", ""23 of 44""], ""Td"": [""0 of 3"", ""0 of 0""], ""Td %"": [""0%"", ""---""], ""Sub. att"": [""0"", ""0""], ""Rev."": [""0"", ""0""], ""Ctrl"": [""0:59"", ""0:02""]}], ""fighters"": [""Adam Fugitt"", ""Islam Dulatov""]}",Per round RD1 14 of 27 - 51% 21 of 41 - 51% Landed Attempted
UFC 318: Holloway vs. Poirier 3,http://ufcstats.com/event-details/b8e2f10efb6eca85,http://ufcstats.com/fight-details/798652dbea086910,Jimmy Crute | Marcin Prachnio,70e1f8a821b72c8b | 6370c1c1e12723d5,Jimmy Crute,win,Submission,1,4:42,Light Heavyweight,"{""rows"": [{""Fighter"": [""Jimmy Crute"", ""Marcin Prachnio""], ""KD"": [""0"", ""0""], ""Sig. str."": [""5 of 18"", ""21 of 36""], ""Sig. str. %"": [""27%"", ""58%""], ""Total str."": [""11 of 27"", ""37 of 54""], ""Td"": [""3 of 6"", ""0 of 0""], ""Td %"": [""50%"", ""---""], ""Sub. att"": [""2"", ""0""], ""Rev."": [""0"", ""0""], ""Ctrl"": [""2:18"", ""0:08""]}], ""fighters"": [""Jimmy Crute"", ""Marcin Prachnio""]}",Per round RD1 5 of 18 - 27% 21 of 36 - 58% Landed Attempted
UFC 318: Holloway vs. Poirier 3,http://ufcstats.com/event-details/b8e2f10efb6eca85,http://ufcstats.com/fight-details/182ee320edb1b5ed,Ryan Spann | Lukasz Brzeski,a67f5afa8d6a1b80 | 0c25d0a5e8cdbf19,Ryan Spann,win,Submission,1,2:47,Heavyweight,"{""rows"": [{""Fighter"": [""Ryan Spann"", ""Lukasz Brzeski""], ""KD"": [""0"", ""0""], ""Sig. str."": [""8 of 19"", ""5 of 8""], ""Sig. str. %"": [""42%"", ""62%""], ""Total str."": [""8 of 19"", ""23 of 28""], ""Td"": [""1 of 1"", ""0 of 0""], ""Td %"": [""100%"", ""---""], ""Sub. att"": [""2"", ""0""], ""Rev."": [""0"", ""0""], ""Ctrl"": [""2:14"", ""0:00""]}], ""fighters"": [""Ryan Spann"", ""Lukasz Brzeski""]}",Per round RD1 8 of 19 - 42% 5 of 8 - 62% Landed Attempted
UFC 318: Holloway vs. Poirier 3,http://ufcstats.com/event-details/b8e2f10efb6eca85,http://ufcstats.com/fight-details/74099d470e8d2765,Brunno Ferreira | Jackson McVey,1e719d4b676dc19a | 3eeec2f53cebdf12,Brunno Ferreira,win,Submission,1,3:35,Middleweight,"{""rows"": [{""Fighter"": [""Brunno Ferreira"", ""Jackson McVey""], ""KD"": [""0"", ""0""], ""Sig. str."": [""7 of 9"", ""4 of 15""], ""Sig. str. %"": [""77%"", ""26%""], ""Total str."": [""9 of 11"", ""4 of 15""], ""Td"": [""1 of 1"", ""0 of 1""], ""Td %"": [""100%"", ""0%""], ""Sub. att"": [""1"", ""0""], ""Rev."": [""0"", ""0""], ""Ctrl"": [""1:07"", ""0:08""]}], ""fighters"": [""Brunno Ferreira"", ""Jackson McVey""]}",Per round RD1 7 of 9 - 77% 4 of 15 - 26% Landed Attempted
UFC 318: Holloway vs. Poirier 3,http://ufcstats.com/event-details/b8e2f10efb6eca85,http://ufcstats.com/fight-details/a602c68147b752b2,Carli Judice | Nicolle Caliari,f1ab6f37492c630a | fc0a4053eb8a3a59,Carli Judice,win,KO/TKO,3,1:30,Women's Flyweight,"{""rows"": [{""Fighter"": [""Carli Judice"", ""Nicolle Caliari""], ""KD"": [""1"", ""0""], ""Sig. str."": [""109 of 225"", ""32 of 101""], ""Sig. str. %"": [""48%"", ""31%""], ""Total str."": [""117 of 235"", ""35 of 104""], ""Td"": [""0 of 0"", ""1 of 8""], ""Td %"": [""---"", ""12%""], ""Sub. att"": [""0"", ""0""], ""Rev."": [""0"", ""0""], ""Ctrl"": [""1:18"", ""1:00""]}], ""fighters"": [""Carli Judice"", ""Nicolle Caliari""]}",Per round RD1 38 of 78 - 48% 11 of 40 - 27% RD2 47 of 108 - 43% 16 of 51 - 31% RD3 24 of 39 - 61% 5 of 10 - 50% Landed Attempted
UFC Fight Night: Lewis vs. Teixeira,http://ufcstats.com/event-details/7b03d9df5910917d,http://ufcstats.com/fight-details/0adfc21045c02555,Derrick Lewis | Tallison Teixeira,d3df1add9d9a7efb | 17923f676f100e16,Derrick Lewis,win,KO/TKO,1,0:35,Heavyweight,"{""rows"": [{""Fighter"": [""Derrick Lewis"", ""Tallison Teixeira""], ""KD"": [""1"", ""0""], ""Sig. str."": [""9 of 17"", ""3 of 5""], ""Sig. str. %"": [""52%"", ""60%""], ""Total str."": [""10 of 21"", ""3 of 5""], ""Td"": [""0 of 0"", ""0 of 0""], ""Td %"": [""---"", ""---""], ""Sub. att"": [""0"", ""0""], ""Rev."": [""0"", ""0""], ""Ctrl"": [""0:12"", ""0:00""]}], ""fighters"": [""Derrick Lewis"", ""Tallison Teixeira""]}",Per round RD1 9 of 17 - 52% 3 of 5 - 60% Landed Attempted
UFC Fight Night: Lewis vs. Teixeira,http://ufcstats.com/event-details/7b03d9df5910917d,http://ufcstats.com/fight-details/2a03bc4c491b4c9a,Stephen Thompson | Gabriel Bonfim,4a28cb716c19157a | 01641ba5df0c69b0,Gabriel Bonfim,win,Decision - Split,3,5:00,Welterweight,"{""rows"": [{""Fighter"": [""Stephen Thompson"", ""Gabriel Bonfim""], ""KD"": [""0"", ""0""], ""Sig. str."": [""42 of 92"", ""40 of 72""], ""Sig. str. %"": [""45%"", ""55%""], ""Total str."": [""78 of 135"", ""55 of 93""], ""Td"": [""0 of 2"", ""5 of 14""], ""Td %"": [""0%"", ""35%""], ""Sub. att"": [""0"", ""0""], ""Rev."": [""1"", ""0""], ""Ctrl"": [""0:28"", ""5:29""]}], ""fighters"": [""Stephen Thompson"", ""Gabriel Bonfim""]}",Per round RD1 6 of 24 - 25% 14 of 24 - 58% RD2 29 of 47 - 61% 16 of 30 - 53% RD3 7 of 21 - 33% 10 of 18 - 55% Landed Attempted
UFC Fight Night: Lewis vs. Teixeira,http://ufcstats.com/event-details/7b03d9df5910917d,http://ufcstats.com/fight-details/f368475c366c6d85,Calvin Kattar | Steve Garcia,751de04455cfaac0 | 97cf1a2c7c5e7889,Steve Garcia,win,Decision - Unanimous,3,5:00,Featherweight,"{""rows"": [{""Fighter"": [""Calvin Kattar"", ""Steve Garcia""], ""KD"": [""0"", ""1""], ""Sig. str."": [""26 of 123"", ""85 of 250""], ""Sig. str. %"": [""21%"", ""34%""], ""Total str."": [""26 of 123"", ""85 of 250""], ""Td"": [""0 of 0"", ""0 of 0""], ""Td %"": [""---"", ""---""], ""Sub. att"": [""0"", ""0""], ""Rev."": [""0"", ""0""], ""Ctrl"": [""0:21"", ""0:03""]}], ""fighters"": [""Calvin Kattar"", ""Steve Garcia""]}",Per round RD1 8 of 26 - 30% 22 of 71 - 30% RD2 5 of 47 - 10% 32 of 87 - 36% RD3 13 of 50 - 26% 31 of 92 - 33% Landed Attempted
UFC Fight Night: Lewis vs. Teixeira,http://ufcstats.com/event-details/7b03d9df5910917d,http://ufcstats.com/fight-details/4e5d4a36eaaa3a78,Nate Landwehr | Morgan Charriere,583ee11abddfc581 | 5b03b61f9d90125e,Morgan Charriere,win,KO/TKO,3,0:27,Featherweight,"{""rows"": [{""Fighter"": [""Nate Landwehr"", ""Morgan Charriere""], ""KD"": [""0"", ""1""], ""Sig. str."": [""63 of 155"", ""67 of 131""], ""Sig. str. %"": [""40%"", ""51%""], ""Total str."": [""65 of 158"", ""67 of 131""], ""Td"": [""0 of 0"", ""2 of 5""], ""Td %"": [""---"", ""40%""], ""Sub. att"": [""0"", ""0""], ""Rev."": [""0"", ""0""], ""Ctrl"": [""0:22"", ""1:03""]}], ""fighters"": [""Nate Landwehr"", ""Morgan Charriere""]}",Per round RD1 18 of 46 - 39% 27 of 43 - 62% RD2 43 of 103 - 41% 33 of 64 - 51% RD3 2 of 6 - 33% 7 of 24 - 29% Landed Attempted
UFC Fight Night: Lewis vs. Teixeira,http://ufcstats.com/event-details/7b03d9df5910917d,http://ufcstats.com/fight-details/4b75d3b7738cb278,Vitor Petrino | Austen Lane,71171fc96445bf65 | be9bdec19b7e9ffe,Vitor Petrino,win,Submission,1,4:16,Heavyweight,"{""rows"": [{""Fighter"": [""Vitor Petrino"", ""Austen Lane""], ""KD"": [""0"", ""0""], ""Sig. str."": [""3 of 6"", ""3 of 4""], ""Sig. str. %"": [""50%"", ""75%""], ""Total str."": [""17 of 22"", ""3 of 4""], ""Td"": [""1 of 1"", ""0 of 0""], ""Td %"": [""100%"", ""---""], ""Sub. att"": [""2"", ""0""], ""Rev."": [""0"", ""0""], ""Ctrl"": [""3:03"", ""0:00""]}], ""fighters"": [""Vitor Petrino"", ""Austen Lane""]}",Per round RD1 3 of 6 - 50% 3 of 4 - 75% Landed Attempted
UFC Fight Night: Lewis vs. Teixeira,http://ufcstats.com/event-details/7b03d9df5910917d,http://ufcstats.com/fight-details/b19bf99c7eb796bc,Junior Tafa | Tuco Tokkos,c15fa95b9a12fde4 | 3e8118c1ab52f211,Tuco Tokkos,win,Submission,2,4:25,Light Heavyweight,"{""rows"": [{""Fighter"": [""Junior Tafa"", ""Tuco Tokkos""], ""KD"": [""0"", ""0""], ""Sig. str."": [""24 of 38"", ""11 of 22""], ""Sig. str. %"": [""63%"", ""50%""], ""Total str."": [""25 of 39"", ""31 of 57""], ""Td"": [""0 of 0"", ""5 of 9""], ""Td %"": [""---"", ""55%""], ""Sub. att"": [""0"", ""1""], ""Rev."": [""1"", ""0""], ""Ctrl"": [""0:27"", ""7:51""]}], ""fighters"": [""Junior Tafa"", ""Tuco Tokkos""]}",Per round RD1 16 of 23 - 69% 6 of 9 - 66% RD2 8 of 15 - 53% 5 of 13 - 38% Landed Attempted
UFC Fight Night: Lewis vs. Teixeira,http://ufcstats.com/event-details/7b03d9df5910917d,http://ufcstats.com/fight-details/236f811290163dca,Max Griffin | Chris Curtis,b0d6a1d8ac3d563d | 5442f1bc4b47eaf3,Chris Curtis,win,Decision - Split,3,5:00,Welterweight,"{""rows"": [{""Fighter"": [""Max Griffin"", ""Chris Curtis""], ""KD"": [""0"", ""0""], ""Sig. str."": [""59 of 178"", ""64 of 155""], ""Sig. str. %"": [""33%"", ""41%""], ""Total str."": [""63 of 185"", ""71 of 162""], ""Td"": [""0 of 0"", ""0 of 1""], ""Td %"": [""---"", ""0%""], ""Sub. att"": [""0"", ""0""], ""Rev."": [""0"", ""0""], ""Ctrl"": [""1:03"", ""0:14""]}], ""fighters"": [""Max Griffin"", ""Chris Curtis""]}",Per round RD1 21 of 48 - 43% 8 of 32 - 25% RD2 17 of 58 - 29% 21 of 52 - 40% RD3 21 of 72 - 29% 35 of 71 - 49% Landed Attempted
UFC Fight Night: Lewis vs. Teixeira,http://ufcstats.com/event-details/7b03d9df5910917d,http://ufcstats.com/fight-details/d5e3be7a07c48b08,Jake Matthews | Chidi Njokuani,a845f0735bc67405 | c68c68efaa5ca6ef,Jake Matthews,win,Submission,1,1:09,Welterweight,"{""rows"": [{""Fighter"": [""Jake Matthews"", ""Chidi Njokuani""], ""KD"": [""0"", ""0""], ""Sig. str."": [""3 of 7"", ""5 of 10""], ""Sig. str. %"": [""42%"", ""50%""], ""Total str."": [""5 of 9"", ""5 of 10""], ""Td"": [""1 of 1"", ""0 of 0""], ""Td %"": [""100%"", ""---""], ""Sub. att"": [""1"", ""0""], ""Rev."": [""0"", ""0""], ""Ctrl"": [""0:29"", ""0:00""]}], ""fighters"": [""Jake Matthews"", ""Chidi Njokuani""]}",Per round RD1 3 of 7 - 42% 5 of 10 - 50% Landed Attempted
UFC Fight Night: Lewis vs. Teixeira,http://ufcstats.com/event-details/7b03d9df5910917d,http://ufcstats.com/fight-details/46bc1338a50cbeac,Lauren Murphy | Eduarda Moura,729d4bd5a6cd0a97 | de594b35c45c2e9a,Eduarda Moura,win,Decision - Unanimous,3,5:00,Women's Flyweight,"{""rows"": [{""Fighter"": [""Lauren Murphy"", ""Eduarda Moura""], ""KD"": [""0"", ""0""], ""Sig. str."": [""38 of 145"", ""64 of 235""], ""Sig. str. %"": [""26%"", ""27%""], ""Total str."": [""67 of 179"", ""74 of 248""], ""Td"": [""2 of 9"", ""2 of 3""], ""Td %"": [""22%"", ""66%""], ""Sub. att"": [""2"", ""0""], ""Rev."": [""0"", ""0""], ""Ctrl"": [""1:03"", ""3:02""]}], ""fighters"": [""Lauren Murphy"", ""Eduarda Moura""]}",Per round RD1 6 of 33 - 18% 19 of 58 - 32% RD2 11 of 51 - 21% 20 of 77 - 25% RD3 21 of 61 - 34% 25 of 100 - 25% Landed Attempted
UFC Fight Night: Lewis vs. Teixeira,http://ufcstats.com/event-details/7b03d9df5910917d,http://ufcstats.com/fight-details/5c650ae2193ab1bc,Kennedy Nzechukwu | Valter Walker,8667caa0451d245b | f5779a2303ed76ec,Valter Walker,win,Submission,1,0:54,Heavyweight,"{""rows"": [{""Fighter"": [""Kennedy Nzechukwu"", ""Valter Walker""], ""KD"": [""0"", ""0""], ""Sig. str."": [""0 of 0"", ""4 of 11""], ""Sig. str. %"": [""---"", ""36%""], ""Total str."": [""0 of 0"", ""4 of 11""], ""Td"": [""0 of 0"", ""1 of 2""], ""Td %"": [""---"", ""50%""], ""Sub. att"": [""0"", ""1""], ""Rev."": [""0"", ""0""], ""Ctrl"": [""0:03"", ""0:28""]}], ""fighters"": [""Kennedy Nzechukwu"", ""Valter Walker""]}",Per round RD1 0 of 0 - 0% 4 of 11 - 36% Landed Attempted
UFC Fight Night: Lewis vs. Teixeira,http://ufcstats.com/event-details/7b03d9df5910917d,http://ufcstats.com/fight-details/7f33fbdc35afd721,Mitch Ramirez | Mike Davis,e99eb0ef25885de5 | fb3e61720be4690c,Mike Davis,win,KO/TKO,2,4:08,Lightweight,"{""rows"": [{""Fighter"": [""Mitch Ramirez"", ""Mike Davis""], ""KD"": [""0"", ""1""], ""Sig. str."": [""51 of 111"", ""47 of 77""], ""Sig. str. %"": [""45%"", ""61%""], ""Total str."": [""57 of 118"", ""58 of 94""], ""Td"": [""0 of 2"", ""1 of 2""], ""Td %"": [""0%"", ""50%""], ""Sub. att"": [""0"", ""2""], ""Rev."": [""0"", ""0""], ""Ctrl"": [""0:05"", ""4:22""]}], ""fighters"": [""Mitch Ramirez"", ""Mike Davis""]}",Per round RD1 8 of 18 - 44% 3 of 8 - 37% RD2 43 of 93 - 46% 44 of 69 - 63% Landed Attempted
UFC Fight Night: Lewis vs. Teixeira,http://ufcstats.com/event-details/7b03d9df5910917d,http://ufcstats.com/fight-details/120d66cb0da0f3c3,Fatima Kline | Melissa Martinez,745fa7b605f8e2da | 3f4c3bc822bea45d,Fatima Kline,win,KO/TKO,3,2:36,Women's Strawweight,"{""rows"": [{""Fighter"": [""Fatima Kline"", ""Melissa Martinez""], ""KD"": [""1"", ""0""], ""Sig. str."": [""92 of 181"", ""44 of 119""], ""Sig. str. %"": [""50%"", ""36%""], ""Total str."": [""95 of 187"", ""52 of 129""], ""Td"": [""0 of 2"", ""0 of 0""], ""Td %"": [""0%"", ""---""], ""Sub. att"": [""0"", ""0""], ""Rev."": [""0"", ""0""], ""Ctrl"": [""0:40"", ""0:32""]}], ""fighters"": [""Fatima Kline"", ""Melissa Martinez""]}",Per round RD1 32 of 64 - 50% 17 of 38 - 44% RD2 35 of 67 - 52% 18 of 54 - 33% RD3 25 of 50 - 50% 9 of 27 - 33% Landed Attempted
UFC 317: Topuria vs. Oliveira,http://ufcstats.com/event-details/66766984842c13dc,http://ufcstats.com/fight-details/7a64d63e12618ba7,Ilia Topuria | Charles Oliveira,54f64b5e283b0ce7 | 07225ba28ae309b6,Ilia Topuria,win,KO/TKO,1,2:27,Lightweight,"{""rows"": [{""Fighter"": [""Ilia Topuria"", ""Charles Oliveira""], ""KD"": [""1"", ""0""], ""Sig. str."": [""21 of 29"", ""9 of 16""], ""Sig. str. %"": [""72%"", ""56%""], ""Total str."": [""24 of 32"", ""10 of 18""], ""Td"": [""0 of 0"", ""0 of 2""], ""Td %"": [""---"", ""0%""], ""Sub. att"": [""0"", ""0""], ""Rev."": [""0"", ""0""], ""Ctrl"": [""1:01"", ""0:21""]}], ""fighters"": [""Ilia Topuria"", ""Charles Oliveira""]}",Per round RD1 21 of 29 - 72% 9 of 16 - 56% Landed Attempted
UFC 317: Topuria vs. Oliveira,http://ufcstats.com/event-details/66766984842c13dc,http://ufcstats.com/fight-details/8308464729ea7c40,Alexandre Pantoja | Kai Kara-France,a0f0004aadf10b71 | 853eb0dd5c0e2149,Alexandre Pantoja,win,Submission,3,1:55,Flyweight,"{""rows"": [{""Fighter"": [""Alexandre Pantoja"", ""Kai Kara-France""], ""KD"": [""0"", ""0""], ""Sig. str."": [""42 of 76"", ""38 of 67""], ""Sig. str. %"": [""55%"", ""56%""], ""Total str."": [""70 of 107"", ""57 of 86""], ""Td"": [""3 of 6"", ""0 of 2""], ""Td %"": [""50%"", ""0%""], ""Sub. att"": [""2"", ""0""], ""Rev."": [""0"", ""0""], ""Ctrl"": [""7:20"", ""0:10""]}], ""fighters"": [""Alexandre Pantoja"", ""Kai Kara-France""]}",Per round RD1 7 of 13 - 53% 8 of 13 - 61% RD2 29 of 51 - 56% 22 of 42 - 52% RD3 6 of 12 - 50% 8 of 12 - 66% Landed Attempted
UFC 317: Topuria vs. Oliveira,http://ufcstats.com/event-details/66766984842c13dc,http://ufcstats.com/fight-details/f722b96ae6862843,Brandon Royval | Joshua Van,6e15f63b6c2e2c15 | 17e97649403ba428,Joshua Van,win,Decision - Unanimous,3,5:00,Flyweight,"{""rows"": [{""Fighter"": [""Brandon Royval"", ""Joshua Van""], ""KD"": [""0"", ""1""], ""Sig. str."": [""215 of 467"", ""204 of 305""], ""Sig. str. %"": [""46%"", ""66%""], ""Total str."": [""216 of 468"", ""209 of 311""], ""Td"": [""0 of 0"", ""0 of 0""], ""Td %"": [""---"", ""---""], ""Sub. att"": [""0"", ""0""], ""Rev."": [""0"", ""0""], ""Ctrl"": [""0:00"", ""0:09""]}], ""fighters"": [""Brandon Royval"", ""Joshua Van""]}",Per round RD1 42 of 116 - 36% 52 of 79 - 65% RD2 87 of 174 - 50% 74 of 106 - 69% RD3 86 of 177 - 48% 78 of 120 - 65% Landed Attempted
UFC 317: Topuria vs. Oliveira,http://ufcstats.com/event-details/66766984842c13dc,http://ufcstats.com/fight-details/1ea9ad3b6e1cba79,Beneil Dariush | Renato Moicano,08af939f41b5a57b | b6452706b373eea1,Beneil Dariush,win,Decision - Unanimous,3,5:00,Lightweight,"{""rows"": [{""Fighter"": [""Beneil Dariush"", ""Renato Moicano""], ""KD"": [""0"", ""1""], ""Sig. str."": [""56 of 107"", ""31 of 61""], ""Sig. str. %"": [""52%"", ""50%""], ""Total str."": [""77 of 131"", ""38 of 69""], ""Td"": [""5 of 5"", ""0 of 3""], ""Td %"": [""100%"", ""0%""], ""Sub. att"": [""0"", ""0""], ""Rev."": [""0"", ""1""], ""Ctrl"": [""5:53"", ""1:20""]}], ""fighters"": [""Beneil Dariush"", ""Renato Moicano""]}",Per round RD1 22 of 46 - 47% 22 of 42 - 52% RD2 8 of 14 - 57% 1 of 2 - 50% RD3 26 of 47 - 55% 8 of 17 - 47% Landed Attempted
UFC 317: Topuria vs. Oliveira,http://ufcstats.com/event-details/66766984842c13dc,http://ufcstats.com/fight-details/f6a3c78f15ff26c7,Payton Talbott | Felipe Lima,6e743a33d56bdaa4 | 9256f591b30c073e,Payton Talbott,win,Decision - Unanimous,3,5:00,Bantamweight,"{""rows"": [{""Fighter"": [""Payton Talbott"", ""Felipe Lima""], ""KD"": [""0"", ""0""], ""Sig. str."": [""59 of 118"", ""26 of 58""], ""Sig. str. %"": [""50%"", ""44%""], ""Total str."": [""97 of 165"", ""37 of 70""], ""Td"": [""0 of 1"", ""3 of 15""], ""Td %"": [""0%"", ""20%""], ""Sub. att"": [""0"", ""0""], ""Rev."": [""1"", ""0""], ""Ctrl"": [""4:49"", ""3:23""]}], ""fighters"": [""Payton Talbott"", ""Felipe Lima""]}",Per round RD1 14 of 26 - 53% 10 of 20 - 50% RD2 21 of 46 - 45% 9 of 20 - 45% RD3 24 of 46 - 52% 7 of 18 - 38% Landed Attempted
UFC 317: Topuria vs. Oliveira,http://ufcstats.com/event-details/66766984842c13dc,http://ufcstats.com/fight-details/958522de54ccc536,Jack Hermansson | Gregory Rodrigues,0a1942069c9ad6b6 | d1c65d2cf2925ddd,Gregory Rodrigues,win,KO/TKO,1,4:21,Middleweight,"{""rows"": [{""Fighter"": [""Jack Hermansson"", ""Gregory Rodrigues""], ""KD"": [""0"", ""1""], ""Sig. str."": [""30 of 55"", ""18 of 63""], ""Sig. str. %"": [""54%"", ""28%""], ""Total str."": [""30 of 55"", ""18 of 63""], ""Td"": [""0 of 1"", ""0 of 0""], ""Td %"": [""0%"", ""---""], ""Sub. att"": [""0"", ""0""], ""Rev."": [""0"", ""0""], ""Ctrl"": [""0:00"", ""0:03""]}], ""fighters"": [""Jack Hermansson"", ""Gregory Rodrigues""]}",Per round RD1 30 of 55 - 54% 18 of 63 - 28% Landed Attempted
UFC 317: Topuria vs. Oliveira,http://ufcstats.com/event-details/66766984842c13dc,http://ufcstats.com/fight-details/2f523b757f7f33a2,Hyder Amil | Jose Delgado,41cc71cbf210e0fe | 7d6ceff6747f2de2,Jose Delgado,win,KO/TKO,1,0:26,Featherweight,"{""rows"": [{""Fighter"": [""Hyder Amil"", ""Jose Delgado""], ""KD"": [""0"", ""1""], ""Sig. str."": [""3 of 5"", ""9 of 11""], ""Sig. str. %"": [""60%"", ""81%""], ""Total str."": [""3 of 5"", ""9 of 11""], ""Td"": [""0 of 1"", ""0 of 1""], ""Td %"": [""0%"", ""0%""], ""Sub. att"": [""0"", ""0""], ""Rev."": [""0"", ""0""], ""Ctrl"": [""0:00"", ""0:02""]}], ""fighters"": [""Hyder Amil"", ""Jose Delgado""]}",Per round RD1 3 of 5 - 60% 9 of 11 - 81% Landed Attempted
UFC 317: Topuria vs. Oliveira,http://ufcstats.com/event-details/66766984842c13dc,http://ufcstats.com/fight-details/815ff62ca8e217be,Viviane Araujo | Tracy Cortez,36541f1e6c5d4955 | 68d4a891e5cf2029,Tracy Cortez,win,Decision - Unanimous,3,5:00,Women's Flyweight,"{""rows"": [{""Fighter"": [""Viviane Araujo"", ""Tracy Cortez""], ""KD"": [""0"", ""0""], ""Sig. str."": [""22 of 51"", ""65 of 103""], ""Sig. str. %"": [""43%"", ""63%""], ""Total str."": [""39 of 69"", ""102 of 143""], ""Td"": [""0 of 0"", ""3 of 5""], ""Td %"": [""---"", ""60%""], ""Sub. att"": [""0"", ""1""], ""Rev."": [""1"", ""1""], ""Ctrl"": [""1:43"", ""8:17""]}], ""fighters"": [""Viviane Araujo"", ""Tracy Cortez""]}",Per round RD1 5 of 13 - 38% 15 of 20 - 75% RD2 12 of 29 - 41% 20 of 43 - 46% RD3 5 of 9 - 55% 30 of 40 - 75% Landed Attempted
UFC 317: Topuria vs. Oliveira,http://ufcstats.com/event-details/66766984842c13dc,http://ufcstats.com/fight-details/d7be78c400e7e0f9,Terrance McKinney | Viacheslav Borshchev,809bd1a871491508 | 19c591115a58982c,Terrance McKinney,win,Submission,1,0:55,Lightweight,"{""rows"": [{""Fighter"": [""Terrance McKinney"", ""Viacheslav Borshchev""], ""KD"": [""0"", ""0""], ""Sig. str."": [""1 of 2"", ""2 of 2""], ""Sig. str. %"": [""50%"", ""100%""], ""Total str."": [""1 of 2"", ""2 of 2""], ""Td"": [""1 of 1"", ""0 of 0""], ""Td %"": [""100%"", ""---""], ""Sub. att"": [""2"", ""0""], ""Rev."": [""0"", ""0""], ""Ctrl"": [""0:47"", ""0:00""]}], ""fighters"": [""Terrance McKinney"", ""Viacheslav Borshchev""]}",Per round RD1 1 of 2 - 50% 2 of 2 - 100% Landed Attempted
UFC 317: Topuria vs. Oliveira,http://ufcstats.com/event-details/66766984842c13dc,http://ufcstats.com/fight-details/9bff9fe298e63357,Niko Price | Jacobe Smith,d8da10db80131bec | 85497ffd934ecf7e,Jacobe Smith,win,Submission,2,4:03,Welterweight,"{""rows"": [{""Fighter"": [""Niko Price"", ""Jacobe Smith""], ""KD"": [""0"", ""0""], ""Sig. str."": [""34 of 61"", ""46 of 74""], ""Sig. str. %"": [""55%"", ""62%""], ""Total str."": [""46 of 76"", ""73 of 101""], ""Td"": [""0 of 2"", ""2 of 2""], ""Td %"": [""0%"", ""100%""], ""Sub. att"": [""0"", ""1""], ""Rev."": [""0"", ""0""], ""Ctrl"": [""0:00"", ""5:41""]}], ""fighters"": [""Niko Price"", ""Jacobe Smith""]}",Per round RD1 19 of 37 - 51% 33 of 53 - 62% RD2 15 of 24 - 62% 13 of 21 - 61% Landed Attempted
UFC 317: Topuria vs. Oliveira,http://ufcstats.com/event-details/66766984842c13dc,http://ufcstats.com/fight-details/043172689e415438,Jhonata Diniz | Alvin Hines,25f9a5f3e8a52618 | ab2a4b5e04dc5fe9,Jhonata Diniz,win,Decision - Unanimous,3,5:00,Heavyweight,"{""rows"": [{""Fighter"": [""Jhonata Diniz"", ""Alvin Hines""], ""KD"": [""0"", ""0""], ""Sig. str."": [""112 of 182"", ""82 of 259""], ""Sig. str. %"": [""61%"", ""31%""], ""Total str."": [""112 of 182"", ""83 of 260""], ""Td"": [""0 of 0"", ""1 of 10""], ""Td %"": [""---"", ""10%""], ""Sub. att"": [""0"", ""0""], ""Rev."": [""0"", ""0""], ""Ctrl"": [""0:00"", ""0:05""]}], ""fighters"": [""Jhonata Diniz"", ""Alvin Hines""]}",Per round RD1 32 of 55 - 58% 25 of 82 - 30% RD2 37 of 60 - 61% 17 of 69 - 24% RD3 43 of 67 - 64% 40 of 108 - 37% Landed Attempted
UFC Fight Night: Hill vs. Rountree Jr.,http://ufcstats.com/event-details/400c7b43c86d27d3,http://ufcstats.com/fight-details/03bc32bdb5a33496,Jamahal Hill | Khalil Rountree Jr.,5444c5a201d3ee5a | 749f572d1d3161fb,Khalil Rountree Jr.,win,Decision - Unanimous,5,5:00,Light Heavyweight,"{""rows"": [{""Fighter"": [""Jamahal Hill"", ""Khalil Rountree Jr.""], ""KD"": [""0"", ""1""], ""Sig. str."": [""69 of 172"", ""102 of 181""], ""Sig. str. %"": [""40%"", ""56%""], ""Total str."": [""70 of 173"", ""102 of 181""], ""Td"": [""0 of 0"", ""0 of 0""], ""Td %"": [""---"", ""---""], ""Sub. att"": [""0"", ""0""], ""Rev."": [""0"", ""0""], ""Ctrl"": [""0:00"", ""0:00""]}], ""fighters"": [""Jamahal Hill"", ""Khalil Rountree Jr.""]}",Per round RD1 14 of 30 - 46% 17 of 30 - 56% RD2 15 of 33 - 45% 15 of 35 - 42% RD3 6 of 25 - 24% 15 of 29 - 51% RD4 8 of 28 - 28% 18 of 30 - 60% RD5 26 of 56 - 46% 37 of 57 - 64% Landed Attempted
UFC Fight Night: Hill vs. Rountree Jr.,http://ufcstats.com/event-details/400c7b43c86d27d3,http://ufcstats.com/fight-details/a1afc16e21d1a807,Rafael Fiziev | Ignacio Bahamondes,c814b4c899793af6 | e4a47b07044ddd72,Rafael Fiziev,win,Decision - Unanimous,3,5:00,Lightweight,"{""rows"": [{""Fighter"": [""Rafael Fiziev"", ""Ignacio Bahamondes""], ""KD"": [""0"", ""0""], ""Sig. str."": [""62 of 113"", ""50 of 147""], ""Sig. str. %"": [""54%"", ""34%""], ""Total str."": [""87 of 141"", ""62 of 165""], ""Td"": [""4 of 4"", ""0 of 2""], ""Td %"": [""100%"", ""0%""], ""Sub. att"": [""0"", ""0""], ""Rev."": [""0"", ""0""], ""Ctrl"": [""1:43"", ""1:13""]}], ""fighters"": [""Rafael Fiziev"", ""Ignacio Bahamondes""]}",Per round RD1 17 of 25 - 68% 13 of 46 - 28% RD2 15 of 28 - 53% 20 of 44 - 45% RD3 30 of 60 - 50% 17 of 57 - 29% Landed Attempted
UFC Fight Night: Hill vs. Rountree Jr.,http://ufcstats.com/event-details/400c7b43c86d27d3,http://ufcstats.com/fight-details/8e5744c664fec3e9,Curtis Blaydes | Rizvan Kuniev,fa6796c55d6c5440 | 739fd4fbb5d862f4,Curtis Blaydes,win,Decision - Split,3,5:00,Heavyweight,"{""rows"": [{""Fighter"": [""Curtis Blaydes"", ""Rizvan Kuniev""], ""KD"": [""0"", ""0""], ""Sig. str."": [""56 of 95"", ""45 of 108""], ""Sig. str. %"": [""58%"", ""41%""], ""Total str."": [""101 of 143"", ""58 of 125""], ""Td"": [""2 of 15"", ""0 of 0""], ""Td %"": [""13%"", ""---""], ""Sub. att"": [""0"", ""0""], ""Rev."": [""0"", ""0""], ""Ctrl"": [""5:21"", ""0:26""]}], ""fighters"": [""Curtis Blaydes"", ""Rizvan Kuniev""]}",Per round RD1 12 of 23 - 52% 8 of 22 - 36% RD2 16 of 39 - 41% 24 of 52 - 46% RD3 28 of 33 - 84% 13 of 34 - 38% Landed Attempted
UFC Fight Night: Hill vs. Rountree Jr.,http://ufcstats.com/event-details/400c7b43c86d27d3,http://ufcstats.com/fight-details/36ec204f47e4d613,Tofiq Musayev | Myktybek Orolbai,ae81a3ac7b260411 | bf2c8e01b07d3eb1,Myktybek Orolbai,win,Submission,1,4:35,Catch Weight,"{""rows"": [{""Fighter"": [""Tofiq Musayev"", ""Myktybek Orolbai""], ""KD"": [""0"", ""0""], ""Sig. str."": [""2 of 6"", ""2 of 7""], ""Sig. str. %"": [""33%"", ""28%""], ""Total str."": [""17 of 23"", ""15 of 25""], ""Td"": [""0 of 0"", ""3 of 5""], ""Td %"": [""---"", ""60%""], ""Sub. att"": [""0"", ""1""], ""Rev."": [""0"", ""0""], ""Ctrl"": [""0:12"", ""3:40""]}], ""fighters"": [""Tofiq Musayev"", ""Myktybek Orolbai""]}",Per round RD1 2 of 6 - 33% 2 of 7 - 28% Landed Attempted
UFC Fight Night: Hill vs. Rountree Jr.,http://ufcstats.com/event-details/400c7b43c86d27d3,http://ufcstats.com/fight-details/7513a00037094075,Nazim Sadykhov | Nikolas Motta,ff62013d2fce6d13 | 37f560436d745c18,Nazim Sadykhov,win,KO/TKO,2,4:17,Lightweight,"{""rows"": [{""Fighter"": [""Nazim Sadykhov"", ""Nikolas Motta""], ""KD"": [""1"", ""1""], ""Sig. str."": [""93 of 150"", ""66 of 157""], ""Sig. str. %"": [""62%"", ""42%""], ""Total str."": [""102 of 161"", ""76 of 168""], ""Td"": [""0 of 1"", ""0 of 0""], ""Td %"": [""0%"", ""---""], ""Sub. att"": [""0"", ""0""], ""Rev."": [""0"", ""0""], ""Ctrl"": [""1:29"", ""0:16""]}], ""fighters"": [""Nazim Sadykhov"", ""Nikolas Motta""]}",Per round RD1 39 of 63 - 61% 36 of 82 - 43% RD2 54 of 87 - 62% 30 of 75 - 40% Landed Attempted
UFC Fight Night: Hill vs. Rountree Jr.,http://ufcstats.com/event-details/400c7b43c86d27d3,http://ufcstats.com/fight-details/19764211af05674c,Muhammad Naimov | Bogdan Grad,8d11d9c13e2ccdf7 | fb37795db81f93f3,Muhammad Naimov,win,Decision - Unanimous,3,5:00,Featherweight,"{""rows"": [{""Fighter"": [""Muhammad Naimov"", ""Bogdan Grad""], ""KD"": [""0"", ""0""], ""Sig. str."": [""18 of 54"", ""31 of 64""], ""Sig. str. %"": [""33%"", ""48%""], ""Total str."": [""70 of 119"", ""49 of 88""], ""Td"": [""1 of 3"", ""3 of 10""], ""Td %"": [""33%"", ""30%""], ""Sub. att"": [""1"", ""0""], ""Rev."": [""0"", ""0""], ""Ctrl"": [""2:53"", ""5:09""]}], ""fighters"": [""Muhammad Naimov"", ""Bogdan Grad""]}",Per round RD1 10 of 22 - 45% 15 of 30 - 50% RD2 6 of 21 - 28% 10 of 21 - 47% RD3 2 of 11 - 18% 6 of 13 - 46% Landed Attempted
UFC Fight Night: Hill vs. Rountree Jr.,http://ufcstats.com/event-details/400c7b43c86d27d3,http://ufcstats.com/fight-details/e512b80bbaea36c2,Seokhyeon Ko | Oban Elliott,4a07b1988477502c | 6b56e94a59b7b134,Seokhyeon Ko,win,Decision - Unanimous,3,5:00,Welterweight,"{""rows"": [{""Fighter"": [""Seokhyeon Ko"", ""Oban Elliott""], ""KD"": [""0"", ""0""], ""Sig. str."": [""33 of 61"", ""10 of 31""], ""Sig. str. %"": [""54%"", ""32%""], ""Total str."": [""80 of 127"", ""19 of 40""], ""Td"": [""6 of 9"", ""0 of 2""], ""Td %"": [""66%"", ""0%""], ""Sub. att"": [""1"", ""0""], ""Rev."": [""0"", ""0""], ""Ctrl"": [""10:15"", ""1:44""]}], ""fighters"": [""Seokhyeon Ko"", ""Oban Elliott""]}",Per round RD1 8 of 20 - 40% 4 of 11 - 36% RD2 15 of 27 - 55% 3 of 10 - 30% RD3 10 of 14 - 71% 3 of 10 - 30% Landed Attempted
UFC Fight Night: Hill vs. Rountree Jr.,http://ufcstats.com/event-details/400c7b43c86d27d3,http://ufcstats.com/fight-details/5fcf18bcd2a020f1,Ismail Naurdiev | JunYong Park,6a96ad1bc34fb113 | 285ae0b4a68221f4,JunYong Park,win,Decision - Unanimous,3,5:00,Middleweight,"{""rows"": [{""Fighter"": [""Ismail Naurdiev"", ""JunYong Park""], ""KD"": [""0"", ""0""], ""Sig. str."": [""76 of 153"", ""45 of 109""], ""Sig. str. %"": [""49%"", ""41%""], ""Total str."": [""84 of 164"", ""92 of 187""], ""Td"": [""1 of 2"", ""2 of 8""], ""Td %"": [""50%"", ""25%""], ""Sub. att"": [""0"", ""1""], ""Rev."": [""0"", ""0""], ""Ctrl"": [""1:25"", ""6:39""]}], ""fighters"": [""Ismail Naurdiev"", ""JunYong Park""]}",Per round RD1 52 of 105 - 49% 26 of 77 - 33% RD2 19 of 37 - 51% 9 of 13 - 69% RD3 5 of 11 - 45% 10 of 19 - 52% Landed Attempted
UFC Fight Night: Hill vs. Rountree Jr.,http://ufcstats.com/event-details/400c7b43c86d27d3,http://ufcstats.com/fight-details/fff3218758c513b8,Daria Zhelezniakova | Melissa Mullins,07047eb7d17fb0a2 | bd532e9a2b93870c,Daria Zhelezniakova,win,Decision - Unanimous,3,5:00,Women's Bantamweight,"{""rows"": [{""Fighter"": [""Daria Zhelezniakova"", ""Melissa Mullins""], ""KD"": [""0"", ""0""], ""Sig. str."": [""99 of 223"", ""64 of 148""], ""Sig. str. %"": [""44%"", ""43%""], ""Total str."": [""103 of 228"", ""77 of 165""], ""Td"": [""0 of 0"", ""3 of 6""], ""Td %"": [""---"", ""50%""], ""Sub. att"": [""0"", ""0""], ""Rev."": [""0"", ""0""], ""Ctrl"": [""0:00"", ""2:55""]}], ""fighters"": [""Daria Zhelezniakova"", ""Melissa Mullins""]}",Per round RD1 44 of 95 - 46% 26 of 68 - 38% RD2 35 of 65 - 53% 20 of 40 - 50% RD3 20 of 63 - 31% 18 of 40 - 45% Landed Attempted
UFC Fight Night: Hill vs. Rountree Jr.,http://ufcstats.com/event-details/400c7b43c86d27d3,http://ufcstats.com/fight-details/2bfc0212f2cae65b,Irina Alekseeva | Klaudia Sygula,103e2e33a60683e1 | 9f5e3c20ce40b344,Klaudia Sygula,win,Decision - Unanimous,3,5:00,Women's Bantamweight,"{""rows"": [{""Fighter"": [""Irina Alekseeva"", ""Klaudia Sygula""], ""KD"": [""0"", ""0""], ""Sig. str."": [""63 of 178"", ""101 of 181""], ""Sig. str. %"": [""35%"", ""55%""], ""Total str."": [""74 of 200"", ""156 of 248""], ""Td"": [""0 of 0"", ""1 of 2""], ""Td %"": [""---"", ""50%""], ""Sub. att"": [""0"", ""0""], ""Rev."": [""0"", ""0""], ""Ctrl"": [""1:43"", ""2:15""]}], ""fighters"": [""Irina Alekseeva"", ""Klaudia Sygula""]}",Per round RD1 35 of 92 - 38% 53 of 85 - 62% RD2 19 of 70 - 27% 29 of 63 - 46% RD3 9 of 16 - 56% 19 of 33 - 57% Landed Attempted
UFC Fight Night: Hill vs. Rountree Jr.,http://ufcstats.com/event-details/400c7b43c86d27d3,http://ufcstats.com/fight-details/8c140756bf43dcc2,Tagir Ulanbekov | Azat Maksum,f00ac08ab056af5d | 7f1bf0c255ec8756,Tagir Ulanbekov,win,Decision - Unanimous,3,5:00,Flyweight,"{""rows"": [{""Fighter"": [""Tagir Ulanbekov"", ""Azat Maksum""], ""KD"": [""0"", ""0""], ""Sig. str."": [""68 of 118"", ""62 of 159""], ""Sig. str. %"": [""57%"", ""38%""], ""Total str."": [""78 of 134"", ""76 of 177""], ""Td"": [""0 of 8"", ""3 of 7""], ""Td %"": [""0%"", ""42%""], ""Sub. att"": [""1"", ""0""], ""Rev."": [""0"", ""0""], ""Ctrl"": [""3:42"", ""0:56""]}], ""fighters"": [""Tagir Ulanbekov"", ""Azat Maksum""]}",Per round RD1 19 of 37 - 51% 18 of 47 - 38% RD2 25 of 43 - 58% 19 of 52 - 36% RD3 24 of 38 - 63% 25 of 60 - 41% Landed Attempted
UFC Fight Night: Hill vs. Rountree Jr.,http://ufcstats.com/event-details/400c7b43c86d27d3,http://ufcstats.com/fight-details/a12d3a6c8aaf87ca,Hamdy Abdelwahab | Mohammed Usman,3329d692aea4dc28 | da7f113b5ea39c43,Mohammed Usman,win,Decision - Unanimous,3,5:00,Heavyweight,"{""rows"": [{""Fighter"": [""Hamdy Abdelwahab"", ""Mohammed Usman""], ""KD"": [""0"", ""0""], ""Sig. str."": [""55 of 123"", ""86 of 179""], ""Sig. str. %"": [""44%"", ""48%""], ""Total str."": [""55 of 124"", ""86 of 179""], ""Td"": [""0 of 1"", ""0 of 4""], ""Td %"": [""0%"", ""0%""], ""Sub. att"": [""0"", ""0""], ""Rev."": [""0"", ""0""], ""Ctrl"": [""0:02"", ""0:00""]}], ""fighters"": [""Hamdy Abdelwahab"", ""Mohammed Usman""]}",Per round RD1 16 of 32 - 50% 9 of 46 - 19% RD2 21 of 39 - 53% 29 of 54 - 53% RD3 18 of 52 - 34% 48 of 79 - 60% Landed Attempted
UFC Fight Night: Usman vs. Buckley,http://ufcstats.com/event-details/de277a4abcfeea46,http://ufcstats.com/fight-details/d75b3d3c2b209b75,Kamaru Usman | Joaquin Buckley,f1b2aa7853d1ed6e | b9437600497350f3,Kamaru Usman,win,Decision - Unanimous,5,5:00,Welterweight,"{""rows"": [{""Fighter"": [""Kamaru Usman"", ""Joaquin Buckley""], ""KD"": [""0"", ""0""], ""Sig. str."": [""41 of 99"", ""44 of 148""], ""Sig. str. %"": [""41%"", ""29%""], ""Total str."": [""137 of 243"", ""51 of 156""], ""Td"": [""4 of 13"", ""0 of 0""], ""Td %"": [""30%"", ""---""], ""Sub. att"": [""0"", ""0""], ""Rev."": [""0"", ""0""], ""Ctrl"": [""12:57"", ""0:00""]}], ""fighters"": [""Kamaru Usman"", ""Joaquin Buckley""]}",Per round RD1 7 of 11 - 63% 0 of 4 - 0% RD2 10 of 21 - 47% 3 of 17 - 17% RD3 8 of 21 - 38% 10 of 35 - 28% RD4 6 of 20 - 30% 11 of 34 - 32% RD5 10 of 26 - 38% 20 of 58 - 34% Landed Attempted
UFC Fight Night: Usman vs. Buckley,http://ufcstats.com/event-details/de277a4abcfeea46,http://ufcstats.com/fight-details/79dfbbdd14fbbd11,Rose Namajunas | Miranda Maverick,47b63240018d5d86 | f29a6350c69f4a33,Rose Namajunas,win,Decision - Unanimous,3,5:00,Women's Flyweight,"{""rows"": [{""Fighter"": [""Rose Namajunas"", ""Miranda Maverick""], ""KD"": [""1"", ""0""], ""Sig. str."": [""25 of 86"", ""25 of 74""], ""Sig. str. %"": [""29%"", ""33%""], ""Total str."": [""46 of 118"", ""52 of 108""], ""Td"": [""2 of 4"", ""0 of 2""], ""Td %"": [""50%"", ""0%""], ""Sub. att"": [""0"", ""1""], ""Rev."": [""0"", ""1""], ""Ctrl"": [""6:33"", ""1:48""]}], ""fighters"": [""Rose Namajunas"", ""Miranda Maverick""]}",Per round RD1 17 of 59 - 28% 20 of 58 - 34% RD2 5 of 17 - 29% 5 of 14 - 35% RD3 3 of 10 - 30% 0 of 2 - 0% Landed Attempted
UFC Fight Night: Usman vs. Buckley,http://ufcstats.com/event-details/de277a4abcfeea46,http://ufcstats.com/fight-details/e5bd7e6e2a50a843,Edmen Shahbazyan | Andre Petroski,4144798612ef96e5 | 5f61780fe5e9b6d0,Edmen Shahbazyan,win,Decision - Unanimous,3,5:00,Middleweight,"{""rows"": [{""Fighter"": [""Edmen Shahbazyan"", ""Andre Petroski""], ""KD"": [""1"", ""0""], ""Sig. str."": [""53 of 136"", ""34 of 84""], ""Sig. str. %"": [""38%"", ""40%""], ""Total str."": [""58 of 142"", ""34 of 84""], ""Td"": [""0 of 1"", ""2 of 6""], ""Td %"": [""0%"", ""33%""], ""Sub. att"": [""0"", ""0""], ""Rev."": [""0"", ""0""], ""Ctrl"": [""0:15"", ""0:23""]}], ""fighters"": [""Edmen Shahbazyan"", ""Andre Petroski""]}",Per round RD1 15 of 41 - 36% 13 of 27 - 48% RD2 18 of 50 - 36% 12 of 34 - 35% RD3 20 of 45 - 44% 9 of 23 - 39% Landed Attempted
UFC Fight Night: Usman vs. Buckley,http://ufcstats.com/event-details/de277a4abcfeea46,http://ufcstats.com/fight-details/1714950933f88ab9,Cody Garbrandt | Raoni Barcelos,d8c7c61b176e3994 | b9f28e7045fdfce7,Raoni Barcelos,win,Decision - Unanimous,3,5:00,Bantamweight,"{""rows"": [{""Fighter"": [""Cody Garbrandt"", ""Raoni Barcelos""], ""KD"": [""0"", ""0""], ""Sig. str."": [""28 of 94"", ""37 of 85""], ""Sig. str. %"": [""29%"", ""43%""], ""Total str."": [""45 of 111"", ""43 of 93""], ""Td"": [""0 of 7"", ""1 of 11""], ""Td %"": [""0%"", ""9%""], ""Sub. att"": [""0"", ""0""], ""Rev."": [""1"", ""0""], ""Ctrl"": [""0:46"", ""2:26""]}], ""fighters"": [""Cody Garbrandt"", ""Raoni Barcelos""]}",Per round RD1 10 of 44 - 22% 6 of 19 - 31% RD2 6 of 27 - 22% 15 of 35 - 42% RD3 12 of 23 - 52% 16 of 31 - 51% Landed Attempted
UFC Fight Night: Usman vs. Buckley,http://ufcstats.com/event-details/de277a4abcfeea46,http://ufcstats.com/fight-details/08c04f18b0f58d71,Mansur Abdul-Malik | Cody Brundage,841695e02c99a521 | f14f644d41ade29f,,draw draw,Overturned,3,0:36,Middleweight,"{""rows"": [{""Fighter"": [""Mansur Abdul-Malik"", ""Cody Brundage""], ""KD"": [""0"", ""0""], ""Sig. str."": [""25 of 73"", ""30 of 67""], ""Sig. str. %"": [""34%"", ""44%""], ""Total str."": [""25 of 73"", ""30 of 67""], ""Td"": [""0 of 0"", ""0 of 0""], ""Td %"": [""---"", ""---""], ""Sub. att"": [""0"", ""0""], ""Rev."": [""0"", ""0""], ""Ctrl"": [""0:07"", ""0:01""]}], ""fighters"": [""Mansur Abdul-Malik"", ""Cody Brundage""]}",Per round RD1 4 of 15 - 26% 11 of 21 - 52% RD2 10 of 28 - 35% 10 of 31 - 32% RD3 11 of 30 - 36% 9 of 15 - 60% Landed Attempted
UFC Fight Night: Usman vs. Buckley,http://ufcstats.com/event-details/de277a4abcfeea46,http://ufcstats.com/fight-details/ec2034b134ae71cd,Alonzo Menifield | Oumar Sy,a495f599e787614f | 46e2011d92463b7e,Alonzo Menifield,win,Decision - Unanimous,3,5:00,Light Heavyweight,"{""rows"": [{""Fighter"": [""Alonzo Menifield"", ""Oumar Sy""], ""KD"": [""0"", ""0""], ""Sig. str."": [""29 of 86"", ""34 of 96""], ""Sig. str. %"": [""33%"", ""35%""], ""Total str."": [""34 of 91"", ""37 of 99""], ""Td"": [""0 of 0"", ""1 of 5""], ""Td %"": [""---"", ""20%""], ""Sub. att"": [""0"", ""0""], ""Rev."": [""0"", ""0""], ""Ctrl"": [""0:00"", ""4:13""]}], ""fighters"": [""Alonzo Menifield"", ""Oumar Sy""]}",Per round RD1 8 of 34 - 23% 16 of 41 - 39% RD2 2 of 6 - 33% 5 of 12 - 41% RD3 19 of 46 - 41% 13 of 43 - 30% Landed Attempted
UFC Fight Night: Usman vs. Buckley,http://ufcstats.com/event-details/de277a4abcfeea46,http://ufcstats.com/fight-details/13e2ff8b3a122094,Paul Craig | Rodolfo Bellato,eabf206b162b3b83 | 69898645d600abdb,,nc nc,Could Not Continue,1,4:59,Light Heavyweight,"{""rows"": [{""Fighter"": [""Paul Craig"", ""Rodolfo Bellato""], ""KD"": [""0"", ""0""], ""Sig. str."": [""17 of 27"", ""10 of 20""], ""Sig. str. %"": [""62%"", ""50%""], ""Total str."": [""40 of 52"", ""16 of 27""], ""Td"": [""0 of 6"", ""1 of 1""], ""Td %"": [""0%"", ""100%""], ""Sub. att"": [""0"", ""0""], ""Rev."": [""0"", ""0""], ""Ctrl"": [""0:34"", ""0:55""]}], ""fighters"": [""Paul Craig"", ""Rodolfo Bellato""]}",Per round RD1 17 of 27 - 62% 10 of 20 - 50% Landed Attempted
UFC Fight Night: Usman vs. Buckley,http://ufcstats.com/event-details/de277a4abcfeea46,http://ufcstats.com/fight-details/e861e9cc0118c670,Michael Chiesa | Court McGee,c58f51dedb310998 | 523fa774700d7d3f,Michael Chiesa,win,Decision - Unanimous,3,5:00,Welterweight,"{""rows"": [{""Fighter"": [""Michael Chiesa"", ""Court McGee""], ""KD"": [""0"", ""0""], ""Sig. str."": [""72 of 160"", ""39 of 145""], ""Sig. str. %"": [""45%"", ""26%""], ""Total str."": [""81 of 169"", ""51 of 158""], ""Td"": [""0 of 2"", ""0 of 6""], ""Td %"": [""0%"", ""0%""], ""Sub. att"": [""0"", ""0""], ""Rev."": [""0"", ""0""], ""Ctrl"": [""1:32"", ""0:45""]}], ""fighters"": [""Michael Chiesa"", ""Court McGee""]}",Per round RD1 15 of 45 - 33% 10 of 41 - 24% RD2 24 of 57 - 42% 17 of 58 - 29% RD3 33 of 58 - 56% 12 of 46 - 26% Landed Attempted
UFC Fight Night: Usman vs. Buckley,http://ufcstats.com/event-details/de277a4abcfeea46,http://ufcstats.com/fight-details/f6454f2e508626ec,Malcolm Wellmaker | Kris Moutinho,2e45d08b3f2f02c8 | 9c27f3217891f3f0,Malcolm Wellmaker,win,KO/TKO,1,2:37,Bantamweight,"{""rows"": [{""Fighter"": [""Malcolm Wellmaker"", ""Kris Moutinho""], ""KD"": [""1"", ""0""], ""Sig. str."": [""25 of 39"", ""6 of 27""], ""Sig. str. %"": [""64%"", ""22%""], ""Total str."": [""25 of 39"", ""7 of 28""], ""Td"": [""0 of 0"", ""0 of 1""], ""Td %"": [""---"", ""0%""], ""Sub. att"": [""0"", ""0""], ""Rev."": [""0"", ""0""], ""Ctrl"": [""0:08"", ""0:00""]}], ""fighters"": [""Malcolm Wellmaker"", ""Kris Moutinho""]}",Per round RD1 25 of 39 - 64% 6 of 27 - 22% Landed Attempted
UFC Fight Night: Usman vs. Buckley,http://ufcstats.com/event-details/de277a4abcfeea46,http://ufcstats.com/fight-details/b39b8ff0d7de211a,Cody Durden | Jose Ochoa,7f6ed67d3ed3c036 | 88be62d6c1e6dadb,Jose Ochoa,win,KO/TKO,2,0:11,Flyweight,"{""rows"": [{""Fighter"": [""Cody Durden"", ""Jose Ochoa""], ""KD"": [""0"", ""1""], ""Sig. str."": [""9 of 41"", ""30 of 79""], ""Sig. str. %"": [""21%"", ""37%""], ""Total str."": [""12 of 47"", ""52 of 107""], ""Td"": [""2 of 4"", ""0 of 0""], ""Td %"": [""50%"", ""---""], ""Sub. att"": [""0"", ""0""], ""Rev."": [""0"", ""0""], ""Ctrl"": [""1:42"", ""0:13""]}], ""fighters"": [""Cody Durden"", ""Jose Ochoa""]}",Per round RD1 9 of 39 - 23% 25 of 73 - 34% RD2 0 of 2 - 0% 5 of 6 - 83% Landed Attempted
UFC Fight Night: Usman vs. Buckley,http://ufcstats.com/event-details/de277a4abcfeea46,http://ufcstats.com/fight-details/59c4fdb3c0673066,Ricky Simon | Cameron Smotherman,5987b2458f4b5290 | 5c84f673b7bb7c15,Ricky Simon,win,Decision - Unanimous,3,5:00,Bantamweight,"{""rows"": [{""Fighter"": [""Ricky Simon"", ""Cameron Smotherman""], ""KD"": [""0"", ""0""], ""Sig. str."": [""34 of 74"", ""29 of 99""], ""Sig. str. %"": [""45%"", ""29%""], ""Total str."": [""50 of 94"", ""33 of 104""], ""Td"": [""3 of 10"", ""0 of 0""], ""Td %"": [""30%"", ""---""], ""Sub. att"": [""0"", ""0""], ""Rev."": [""0"", ""0""], ""Ctrl"": [""9:13"", ""0:02""]}], ""fighters"": [""Ricky Simon"", ""Cameron Smotherman""]}",Per round RD1 7 of 13 - 53% 1 of 6 - 16% RD2 16 of 31 - 51% 11 of 37 - 29% RD3 11 of 30 - 36% 17 of 56 - 30% Landed Attempted
UFC Fight Night: Usman vs. Buckley,http://ufcstats.com/event-details/de277a4abcfeea46,http://ufcstats.com/fight-details/2ae7404681deb3b3,Phil Rowe | Ange Loosa,8e382b585a92affe | 1497e735d9f2560a,Phil Rowe,win,KO/TKO,3,4:03,Welterweight,"{""rows"": [{""Fighter"": [""Phil Rowe"", ""Ange Loosa""], ""KD"": [""1"", ""1""], ""Sig. str."": [""85 of 166"", ""65 of 106""], ""Sig. str. %"": [""51%"", ""61%""], ""Total str."": [""103 of 187"", ""130 of 180""], ""Td"": [""0 of 0"", ""3 of 7""], ""Td %"": [""---"", ""42%""], ""Sub. att"": [""0"", ""0""], ""Rev."": [""0"", ""0""], ""Ctrl"": [""0:10"", ""6:13""]}], ""fighters"": [""Phil Rowe"", ""Ange Loosa""]}",Per round RD1 2 of 3 - 66% 15 of 23 - 65% RD2 34 of 85 - 40% 43 of 70 - 61% RD3 49 of 78 - 62% 7 of 13 - 53% Landed Attempted
UFC Fight Night: Usman vs. Buckley,http://ufcstats.com/event-details/de277a4abcfeea46,http://ufcstats.com/fight-details/ab325ea526824723,Jamey-Lyn Horth | Vanessa Demopoulos,5c637af9472ae7cc | 2c483cf443f38ece,Jamey-Lyn Horth,win,Decision - Unanimous,3,5:00,Women's Flyweight,"{""rows"": [{""Fighter"": [""Jamey-Lyn Horth"", ""Vanessa Demopoulos""], ""KD"": [""0"", ""0""], ""Sig. str."": [""101 of 167"", ""36 of 119""], ""Sig. str. %"": [""60%"", ""30%""], ""Total str."": [""115 of 183"", ""44 of 131""], ""Td"": [""2 of 3"", ""0 of 5""], ""Td %"": [""66%"", ""0%""], ""Sub. att"": [""0"", ""0""], ""Rev."": [""0"", ""0""], ""Ctrl"": [""2:34"", ""1:07""]}], ""fighters"": [""Jamey-Lyn Horth"", ""Vanessa Demopoulos""]}",Per round RD1 35 of 57 - 61% 5 of 39 - 12% RD2 33 of 60 - 55% 20 of 52 - 38% RD3 33 of 50 - 66% 11 of 28 - 39% Landed Attempted
UFC 316: Dvalishvili vs. O'Malley 2,http://ufcstats.com/event-details/18c49685296c60e6,http://ufcstats.com/fight-details/e61d83e4e1f9c4d7,Merab Dvalishvili | Sean O'Malley,c03520b5c88ed6b4 | b50a426a33da0012,Merab Dvalishvili,win,Submission,3,4:42,Bantamweight,"{""rows"": [{""Fighter"": [""Merab Dvalishvili"", ""Sean O'Malley""], ""KD"": [""0"", ""0""], ""Sig. str."": [""52 of 115"", ""31 of 57""], ""Sig. str. %"": [""45%"", ""54%""], ""Total str."": [""141 of 215"", ""38 of 65""], ""Td"": [""5 of 12"", ""0 of 0""], ""Td %"": [""41%"", ""---""], ""Sub. att"": [""1"", ""0""], ""Rev."": [""0"", ""0""], ""Ctrl"": [""6:29"", ""0:00""]}], ""fighters"": [""Merab Dvalishvili"", ""Sean O'Malley""]}",Per round RD1 17 of 37 - 45% 12 of 23 - 52% RD2 23 of 63 - 36% 19 of 33 - 57% RD3 12 of 15 - 80% 0 of 1 - 0% Landed Attempted
UFC 316: Dvalishvili vs. O'Malley 2,http://ufcstats.com/event-details/18c49685296c60e6,http://ufcstats.com/fight-details/81b84b34f0357fa5,Julianna Pena | Kayla Harrison,3253b16d38ae087d | 1af1170ed937cba7,Kayla Harrison,win,Submission,2,4:55,Women's Bantamweight,"{""rows"": [{""Fighter"": [""Julianna Pena"", ""Kayla Harrison""], ""KD"": [""0"", ""0""], ""Sig. str."": [""9 of 30"", ""30 of 54""], ""Sig. str. %"": [""30%"", ""55%""], ""Total str."": [""15 of 37"", ""59 of 88""], ""Td"": [""0 of 1"", ""2 of 3""], ""Td %"": [""0%"", ""66%""], ""Sub. att"": [""0"", ""1""], ""Rev."": [""0"", ""0""], ""Ctrl"": [""0:00"", ""6:05""]}], ""fighters"": [""Julianna Pena"", ""Kayla Harrison""]}",Per round RD1 6 of 17 - 35% 8 of 24 - 33% RD2 3 of 13 - 23% 22 of 30 - 73% Landed Attempted
UFC 316: Dvalishvili vs. O'Malley 2,http://ufcstats.com/event-details/18c49685296c60e6,http://ufcstats.com/fight-details/e28e829800466aca,Kelvin Gastelum | Joe Pyfer,8c0580d4fff106c1 | c1085e1701b13eca,Joe Pyfer,win,Decision - Unanimous,3,5:00,Middleweight,"{""rows"": [{""Fighter"": [""Kelvin Gastelum"", ""Joe Pyfer""], ""KD"": [""0"", ""2""], ""Sig. str."": [""33 of 99"", ""57 of 114""], ""Sig. str. %"": [""33%"", ""50%""], ""Total str."": [""34 of 100"", ""58 of 115""], ""Td"": [""0 of 1"", ""1 of 2""], ""Td %"": [""0%"", ""50%""], ""Sub. att"": [""0"", ""0""], ""Rev."": [""0"", ""0""], ""Ctrl"": [""0:27"", ""0:31""]}], ""fighters"": [""Kelvin Gastelum"", ""Joe Pyfer""]}",Per round RD1 8 of 20 - 40% 21 of 39 - 53% RD2 11 of 50 - 22% 17 of 40 - 42% RD3 14 of 29 - 48% 19 of 35 - 54% Landed Attempted
UFC 316: Dvalishvili vs. O'Malley 2,http://ufcstats.com/event-details/18c49685296c60e6,http://ufcstats.com/fight-details/df5dac45fc585fb0,Mario Bautista | Patchy Mix,bc711b6dd95c1af6 | 2cfba6c837c03ed0,Mario Bautista,win,Decision - Unanimous,3,5:00,Bantamweight,"{""rows"": [{""Fighter"": [""Mario Bautista"", ""Patchy Mix""], ""KD"": [""0"", ""0""], ""Sig. str."": [""173 of 302"", ""122 of 304""], ""Sig. str. %"": [""57%"", ""40%""], ""Total str."": [""173 of 302"", ""122 of 304""], ""Td"": [""0 of 0"", ""0 of 1""], ""Td %"": [""---"", ""0%""], ""Sub. att"": [""0"", ""0""], ""Rev."": [""0"", ""0""], ""Ctrl"": [""0:00"", ""0:00""]}], ""fighters"": [""Mario Bautista"", ""Patchy Mix""]}",Per round RD1 43 of 91 - 47% 36 of 74 - 48% RD2 65 of 103 - 63% 59 of 111 - 53% RD3 65 of 108 - 60% 27 of 119 - 22% Landed Attempted
UFC 316: Dvalishvili vs. O'Malley 2,http://ufcstats.com/event-details/18c49685296c60e6,http://ufcstats.com/fight-details/2129acab2280bd29,Vicente Luque | Kevin Holland,6d4b63c767106d3a | 3a46b268013afede,Kevin Holland,win,Submission,2,1:03,Welterweight,"{""rows"": [{""Fighter"": [""Vicente Luque"", ""Kevin Holland""], ""KD"": [""0"", ""0""], ""Sig. str."": [""24 of 46"", ""40 of 74""], ""Sig. str. %"": [""52%"", ""54%""], ""Total str."": [""24 of 46"", ""44 of 78""], ""Td"": [""0 of 1"", ""1 of 1""], ""Td %"": [""0%"", ""100%""], ""Sub. att"": [""0"", ""1""], ""Rev."": [""0"", ""0""], ""Ctrl"": [""0:00"", ""0:13""]}], ""fighters"": [""Vicente Luque"", ""Kevin Holland""]}",Per round RD1 22 of 40 - 55% 35 of 64 - 54% RD2 2 of 6 - 33% 5 of 10 - 50% Landed Attempted
UFC 316: Dvalishvili vs. O'Malley 2,http://ufcstats.com/event-details/18c49685296c60e6,http://ufcstats.com/fight-details/b6a87389bdc36a00,Bruno Silva | Joshua Van,294aa73dbf37d281 | 17e97649403ba428,Joshua Van,win,KO/TKO,3,4:01,Flyweight,"{""rows"": [{""Fighter"": [""Bruno Silva"", ""Joshua Van""], ""KD"": [""0"", ""3""], ""Sig. str."": [""76 of 149"", ""125 of 217""], ""Sig. str. %"": [""51%"", ""57%""], ""Total str."": [""77 of 150"", ""149 of 241""], ""Td"": [""1 of 6"", ""0 of 0""], ""Td %"": [""16%"", ""---""], ""Sub. att"": [""0"", ""0""], ""Rev."": [""0"", ""0""], ""Ctrl"": [""0:09"", ""1:01""]}], ""fighters"": [""Bruno Silva"", ""Joshua Van""]}",Per round RD1 22 of 40 - 55% 28 of 55 - 50% RD2 22 of 49 - 44% 52 of 93 - 55% RD3 32 of 60 - 53% 45 of 69 - 65% Landed Attempted
UFC 316: Dvalishvili vs. O'Malley 2,http://ufcstats.com/event-details/18c49685296c60e6,http://ufcstats.com/fight-details/01100a90b584215d,Azamat Murzakanov | Brendson Ribeiro,e90a2f22417af68e | 49edd0d90f60fb7d,Azamat Murzakanov,win,KO/TKO,1,3:25,Light Heavyweight,"{""rows"": [{""Fighter"": [""Azamat Murzakanov"", ""Brendson Ribeiro""], ""KD"": [""1"", ""0""], ""Sig. str."": [""27 of 36"", ""8 of 22""], ""Sig. str. %"": [""75%"", ""36%""], ""Total str."": [""29 of 38"", ""8 of 22""], ""Td"": [""0 of 0"", ""0 of 0""], ""Td %"": [""---"", ""---""], ""Sub. att"": [""0"", ""0""], ""Rev."": [""0"", ""0""], ""Ctrl"": [""0:27"", ""0:00""]}], ""fighters"": [""Azamat Murzakanov"", ""Brendson Ribeiro""]}",Per round RD1 27 of 36 - 75% 8 of 22 - 36% Landed Attempted
UFC 316: Dvalishvili vs. O'Malley 2,http://ufcstats.com/event-details/18c49685296c60e6,http://ufcstats.com/fight-details/ac977a0389682124,Serghei Spivac | Waldo Cortes Acosta,e2f6b2769aaedd6c | fc08099550072fe4,Waldo Cortes Acosta,win,Decision - Unanimous,3,5:00,Heavyweight,"{""rows"": [{""Fighter"": [""Serghei Spivac"", ""Waldo Cortes Acosta""], ""KD"": [""0"", ""0""], ""Sig. str."": [""48 of 119"", ""110 of 235""], ""Sig. str. %"": [""40%"", ""46%""], ""Total str."": [""53 of 124"", ""111 of 236""], ""Td"": [""2 of 6"", ""0 of 0""], ""Td %"": [""33%"", ""---""], ""Sub. att"": [""0"", ""0""], ""Rev."": [""0"", ""0""], ""Ctrl"": [""2:25"", ""0:00""]}], ""fighters"": [""Serghei Spivac"", ""Waldo Cortes Acosta""]}",Per round RD1 14 of 36 - 38% 27 of 59 - 45% RD2 18 of 42 - 42% 36 of 77 - 46% RD3 16 of 41 - 39% 47 of 99 - 47% Landed Attempted
UFC 316: Dvalishvili vs. O'Malley 2,http://ufcstats.com/event-details/18c49685296c60e6,http://ufcstats.com/fight-details/f0488a4486a64af0,Khaos Williams | Andreas Gustafsson,2558ae2e5671e318 | 2caf993f53541fa1,Andreas Gustafsson,win,Decision - Unanimous,3,5:00,Welterweight,"{""rows"": [{""Fighter"": [""Khaos Williams"", ""Andreas Gustafsson""], ""KD"": [""0"", ""0""], ""Sig. str."": [""39 of 74"", ""98 of 128""], ""Sig. str. %"": [""52%"", ""76%""], ""Total str."": [""95 of 134"", ""151 of 185""], ""Td"": [""0 of 0"", ""8 of 14""], ""Td %"": [""---"", ""57%""], ""Sub. att"": [""0"", ""0""], ""Rev."": [""0"", ""0""], ""Ctrl"": [""2:17"", ""9:34""]}], ""fighters"": [""Khaos Williams"", ""Andreas Gustafsson""]}",Per round RD1 21 of 40 - 52% 30 of 44 - 68% RD2 13 of 28 - 46% 35 of 46 - 76% RD3 5 of 6 - 83% 33 of 38 - 86% Landed Attempted
UFC 316: Dvalishvili vs. O'Malley 2,http://ufcstats.com/event-details/18c49685296c60e6,http://ufcstats.com/fight-details/d078e9046aa86307,Ariane da Silva | Wang Cong,6551c64fbcd1a467 | 2997e7fe3c9d3d4a,Wang Cong,win,Decision - Unanimous,3,5:00,Women's Flyweight,"{""rows"": [{""Fighter"": [""Ariane da Silva"", ""Wang Cong""], ""KD"": [""0"", ""1""], ""Sig. str."": [""63 of 176"", ""143 of 222""], ""Sig. str. %"": [""35%"", ""64%""], ""Total str."": [""65 of 178"", ""147 of 226""], ""Td"": [""0 of 4"", ""0 of 0""], ""Td %"": [""0%"", ""---""], ""Sub. att"": [""0"", ""0""], ""Rev."": [""0"", ""0""], ""Ctrl"": [""0:03"", ""0:16""]}], ""fighters"": [""Ariane da Silva"", ""Wang Cong""]}",Per round RD1 17 of 41 - 41% 46 of 65 - 70% RD2 19 of 59 - 32% 42 of 64 - 65% RD3 27 of 76 - 35% 55 of 93 - 59% Landed Attempted
UFC 316: Dvalishvili vs. O'Malley 2,http://ufcstats.com/event-details/18c49685296c60e6,http://ufcstats.com/fight-details/9f4a0de31375ba04,Jeka Saragih | JooSang Yoo,57186c150c645200 | a44020ea2e8cd026,JooSang Yoo,win,KO/TKO,1,0:28,Featherweight,"{""rows"": [{""Fighter"": [""Jeka Saragih"", ""JooSang Yoo""], ""KD"": [""0"", ""1""], ""Sig. str."": [""2 of 4"", ""6 of 8""], ""Sig. str. %"": [""50%"", ""75%""], ""Total str."": [""2 of 4"", ""6 of 8""], ""Td"": [""0 of 0"", ""0 of 0""], ""Td %"": [""---"", ""---""], ""Sub. att"": [""0"", ""0""], ""Rev."": [""0"", ""0""], ""Ctrl"": [""0:00"", ""0:00""]}], ""fighters"": [""Jeka Saragih"", ""JooSang Yoo""]}",Per round RD1 2 of 4 - 50% 6 of 8 - 75% Landed Attempted
UFC 316: Dvalishvili vs. O'Malley 2,http://ufcstats.com/event-details/18c49685296c60e6,http://ufcstats.com/fight-details/2e4064e0e6d4d92e,Quillan Salkilld | Yanal Ashmouz,17734443a833cdf7 | c739c2995a275314,Quillan Salkilld,win,Decision - Unanimous,3,5:00,Lightweight,"{""rows"": [{""Fighter"": [""Quillan Salkilld"", ""Yanal Ashmouz""], ""KD"": [""0"", ""0""], ""Sig. str."": [""79 of 124"", ""41 of 78""], ""Sig. str. %"": [""63%"", ""52%""], ""Total str."": [""89 of 135"", ""65 of 106""], ""Td"": [""8 of 23"", ""0 of 6""], ""Td %"": [""34%"", ""0%""], ""Sub. att"": [""0"", ""0""], ""Rev."": [""0"", ""1""], ""Ctrl"": [""7:35"", ""2:08""]}], ""fighters"": [""Quillan Salkilld"", ""Yanal Ashmouz""]}",Per round RD1 19 of 27 - 70% 14 of 25 - 56% RD2 20 of 37 - 54% 8 of 12 - 66% RD3 40 of 60 - 66% 19 of 41 - 46% Landed Attempted
UFC 316: Dvalishvili vs. O'Malley 2,http://ufcstats.com/event-details/18c49685296c60e6,http://ufcstats.com/fight-details/0e8599eca8ccfa32,MarQuel Mederos | Mark Choinski,e2be0c1a9b886d92 | 001eb2ab0f30e7ea,MarQuel Mederos,win,Decision - Unanimous,3,5:00,Lightweight,"{""rows"": [{""Fighter"": [""MarQuel Mederos"", ""Mark Choinski""], ""KD"": [""1"", ""0""], ""Sig. str."": [""110 of 165"", ""58 of 114""], ""Sig. str. %"": [""66%"", ""50%""], ""Total str."": [""115 of 170"", ""64 of 120""], ""Td"": [""0 of 0"", ""2 of 11""], ""Td %"": [""---"", ""18%""], ""Sub. att"": [""0"", ""0""], ""Rev."": [""0"", ""0""], ""Ctrl"": [""0:38"", ""4:39""]}], ""fighters"": [""MarQuel Mederos"", ""Mark Choinski""]}",Per round RD1 31 of 46 - 67% 14 of 36 - 38% RD2 52 of 82 - 63% 26 of 44 - 59% RD3 27 of 37 - 72% 18 of 34 - 52% Landed Attempted
UFC Fight Night: Blanchfield vs. Barber,http://ufcstats.com/event-details/2a898bf9fb7710b3,http://ufcstats.com/fight-details/212527d462690304,Mateusz Gamrot | Ludovit Klein,72db2a14ffa73ece | 5b86d491d63890c5,Mateusz Gamrot,win,Decision - Unanimous,3,5:00,Lightweight,"{""rows"": [{""Fighter"": [""Mateusz Gamrot"", ""Ludovit Klein""], ""KD"": [""0"", ""0""], ""Sig. str."": [""65 of 110"", ""24 of 74""], ""Sig. str. %"": [""59%"", ""32%""], ""Total str."": [""142 of 224"", ""85 of 145""], ""Td"": [""6 of 11"", ""0 of 0""], ""Td %"": [""54%"", ""---""], ""Sub. att"": [""0"", ""0""], ""Rev."": [""0"", ""0""], ""Ctrl"": [""8:45"", ""0:23""]}], ""fighters"": [""Mateusz Gamrot"", ""Ludovit Klein""]}",Per round RD1 10 of 19 - 52% 2 of 14 - 14% RD2 17 of 26 - 65% 2 of 11 - 18% RD3 38 of 65 - 58% 20 of 49 - 40% Landed Attempted
UFC Fight Night: Blanchfield vs. Barber,http://ufcstats.com/event-details/2a898bf9fb7710b3,http://ufcstats.com/fight-details/305d8c85b35a7d4e,Billy Ray Goff | Ramiz Brahimaj,fa07345cc9db5cc9 | 3d074044a33825e7,Ramiz Brahimaj,win,Submission,1,3:16,Welterweight,"{""rows"": [{""Fighter"": [""Billy Ray Goff"", ""Ramiz Brahimaj""], ""KD"": [""0"", ""0""], ""Sig. str."": [""1 of 3"", ""1 of 1""], ""Sig. str. %"": [""33%"", ""100%""], ""Total str."": [""2 of 4"", ""9 of 10""], ""Td"": [""0 of 1"", ""2 of 3""], ""Td %"": [""0%"", ""66%""], ""Sub. att"": [""0"", ""1""], ""Rev."": [""0"", ""0""], ""Ctrl"": [""0:59"", ""1:42""]}], ""fighters"": [""Billy Ray Goff"", ""Ramiz Brahimaj""]}",Per round RD1 1 of 3 - 33% 1 of 1 - 100% Landed Attempted
UFC Fight Night: Blanchfield vs. Barber,http://ufcstats.com/event-details/2a898bf9fb7710b3,http://ufcstats.com/fight-details/7aaa810540132a4b,Dustin Jacoby | Bruno Lopes,e4277e87a789d687 | 0abcf6bc47191219,Dustin Jacoby,win,KO/TKO,1,1:50,Light Heavyweight,"{""rows"": [{""Fighter"": [""Dustin Jacoby"", ""Bruno Lopes""], ""KD"": [""1"", ""0""], ""Sig. str."": [""17 of 29"", ""3 of 9""], ""Sig. str. %"": [""58%"", ""33%""], ""Total str."": [""17 of 30"", ""5 of 12""], ""Td"": [""0 of 0"", ""0 of 0""], ""Td %"": [""---"", ""---""], ""Sub. att"": [""0"", ""0""], ""Rev."": [""0"", ""0""], ""Ctrl"": [""0:30"", ""0:00""]}], ""fighters"": [""Dustin Jacoby"", ""Bruno Lopes""]}",Per round RD1 17 of 29 - 58% 3 of 9 - 33% Landed Attempted
UFC Fight Night: Blanchfield vs. Barber,http://ufcstats.com/event-details/2a898bf9fb7710b3,http://ufcstats.com/fight-details/106918bfbe24335d,Ketlen Vieira | Macy Chiasson,b9706f80d005036c | 9cdd2da1a9104a0b,Ketlen Vieira,win,Decision - Unanimous,3,5:00,Women's Featherweight,"{""rows"": [{""Fighter"": [""Ketlen Vieira"", ""Macy Chiasson""], ""KD"": [""0"", ""0""], ""Sig. str."": [""28 of 64"", ""22 of 43""], ""Sig. str. %"": [""43%"", ""51%""], ""Total str."": [""106 of 174"", ""52 of 77""], ""Td"": [""0 of 1"", ""0 of 4""], ""Td %"": [""0%"", ""0%""], ""Sub. att"": [""0"", ""0""], ""Rev."": [""0"", ""0""], ""Ctrl"": [""10:06"", ""0:33""]}], ""fighters"": [""Ketlen Vieira"", ""Macy Chiasson""]}",Per round RD1 18 of 48 - 37% 17 of 31 - 54% RD2 2 of 4 - 50% 0 of 1 - 0% RD3 8 of 12 - 66% 5 of 11 - 45% Landed Attempted
UFC Fight Night: Blanchfield vs. Barber,http://ufcstats.com/event-details/2a898bf9fb7710b3,http://ufcstats.com/fight-details/ad68450307a21ab1,Zach Reese | Dusko Todorovic,23dec7c47cb418f8 | 866fd7b1a6c90e7f,Zach Reese,win,Decision - Unanimous,3,5:00,Middleweight,"{""rows"": [{""Fighter"": [""Zach Reese"", ""Dusko Todorovic""], ""KD"": [""0"", ""0""], ""Sig. str."": [""50 of 108"", ""35 of 65""], ""Sig. str. %"": [""46%"", ""53%""], ""Total str."": [""73 of 135"", ""73 of 109""], ""Td"": [""2 of 3"", ""4 of 13""], ""Td %"": [""66%"", ""30%""], ""Sub. att"": [""0"", ""1""], ""Rev."": [""0"", ""1""], ""Ctrl"": [""1:19"", ""5:30""]}], ""fighters"": [""Zach Reese"", ""Dusko Todorovic""]}",Per round RD1 6 of 11 - 54% 10 of 15 - 66% RD2 17 of 30 - 56% 8 of 16 - 50% RD3 27 of 67 - 40% 17 of 34 - 50% Landed Attempted
UFC Fight Night: Blanchfield vs. Barber,http://ufcstats.com/event-details/2a898bf9fb7710b3,http://ufcstats.com/fight-details/baa2ee0bf7f97079,Jafel Filho | Allan Nascimento,65adf3856c4d9256 | 253076a23d03dcd0,Allan Nascimento,win,Decision - Unanimous,3,5:00,Flyweight,"{""rows"": [{""Fighter"": [""Jafel Filho"", ""Allan Nascimento""], ""KD"": [""0"", ""0""], ""Sig. str."": [""14 of 30"", ""12 of 24""], ""Sig. str. %"": [""46%"", ""50%""], ""Total str."": [""40 of 63"", ""30 of 58""], ""Td"": [""4 of 7"", ""1 of 6""], ""Td %"": [""57%"", ""16%""], ""Sub. att"": [""1"", ""1""], ""Rev."": [""0"", ""2""], ""Ctrl"": [""6:20"", ""7:03""]}], ""fighters"": [""Jafel Filho"", ""Allan Nascimento""]}",Per round RD1 11 of 20 - 55% 4 of 9 - 44% RD2 1 of 4 - 25% 6 of 9 - 66% RD3 2 of 6 - 33% 2 of 6 - 33% Landed Attempted
UFC Fight Night: Blanchfield vs. Barber,http://ufcstats.com/event-details/2a898bf9fb7710b3,http://ufcstats.com/fight-details/2521fed000747f47,Kurt Holobaugh | Jordan Leavitt,a7151778b3381036 | ac026518a9b4dc0f,Jordan Leavitt,win,Submission,1,1:39,Lightweight,"{""rows"": [{""Fighter"": [""Kurt Holobaugh"", ""Jordan Leavitt""], ""KD"": [""0"", ""0""], ""Sig. str."": [""0 of 1"", ""1 of 1""], ""Sig. str. %"": [""0%"", ""100%""], ""Total str."": [""7 of 9"", ""2 of 3""], ""Td"": [""0 of 0"", ""3 of 4""], ""Td %"": [""---"", ""75%""], ""Sub. att"": [""0"", ""1""], ""Rev."": [""0"", ""0""], ""Ctrl"": [""0:00"", ""1:27""]}], ""fighters"": [""Kurt Holobaugh"", ""Jordan Leavitt""]}",Per round RD1 0 of 1 - 0% 1 of 1 - 100% Landed Attempted
UFC Fight Night: Blanchfield vs. Barber,http://ufcstats.com/event-details/2a898bf9fb7710b3,http://ufcstats.com/fight-details/ae89ba793121fe0c,Bolaji Oki | Michael Aswell Jr.,4bdedbdeedff7d1d | 01c9e4013afce141,Bolaji Oki,win,Decision - Unanimous,3,5:00,Lightweight,"{""rows"": [{""Fighter"": [""Bolaji Oki"", ""Michael Aswell Jr.""], ""KD"": [""0"", ""0""], ""Sig. str."": [""136 of 303"", ""118 of 309""], ""Sig. str. %"": [""44%"", ""38%""], ""Total str."": [""136 of 303"", ""118 of 309""], ""Td"": [""0 of 0"", ""0 of 0""], ""Td %"": [""---"", ""---""], ""Sub. att"": [""0"", ""0""], ""Rev."": [""0"", ""0""], ""Ctrl"": [""0:00"", ""0:00""]}], ""fighters"": [""Bolaji Oki"", ""Michael Aswell Jr.""]}",Per round RD1 36 of 92 - 39% 24 of 84 - 28% RD2 54 of 108 - 50% 42 of 100 - 42% RD3 46 of 103 - 44% 52 of 125 - 41% Landed Attempted
UFC Fight Night: Blanchfield vs. Barber,http://ufcstats.com/event-details/2a898bf9fb7710b3,http://ufcstats.com/fight-details/73240bea13ed5e71,Rayanne dos Santos | Alice Ardelean,02bb48869eb7ac8f | 87f8699fdcc2c404,Alice Ardelean,win,Decision - Unanimous,3,5:00,Women's Strawweight,"{""rows"": [{""Fighter"": [""Rayanne dos Santos"", ""Alice Ardelean""], ""KD"": [""0"", ""0""], ""Sig. str."": [""78 of 225"", ""154 of 352""], ""Sig. str. %"": [""34%"", ""43%""], ""Total str."": [""79 of 227"", ""159 of 359""], ""Td"": [""1 of 6"", ""1 of 1""], ""Td %"": [""16%"", ""100%""], ""Sub. att"": [""0"", ""0""], ""Rev."": [""0"", ""1""], ""Ctrl"": [""0:30"", ""0:32""]}], ""fighters"": [""Rayanne dos Santos"", ""Alice Ardelean""]}",Per round RD1 23 of 45 - 51% 26 of 86 - 30% RD2 21 of 62 - 33% 45 of 107 - 42% RD3 34 of 118 - 28% 83 of 159 - 52% Landed Attempted
UFC Fight Night: Burns vs. Morales,http://ufcstats.com/event-details/8ad022dd81224f61,http://ufcstats.com/fight-details/a81ad236a2f221f2,Gilbert Burns | Michael Morales,23024fdfc966410a | c32aeb1a59e6272d,Michael Morales,win,KO/TKO,1,3:39,Welterweight,"{""rows"": [{""Fighter"": [""Gilbert Burns"", ""Michael Morales""], ""KD"": [""0"", ""2""], ""Sig. str."": [""5 of 18"", ""33 of 56""], ""Sig. str. %"": [""27%"", ""58%""], ""Total str."": [""5 of 18"", ""35 of 58""], ""Td"": [""1 of 2"", ""0 of 0""], ""Td %"": [""50%"", ""---""], ""Sub. att"": [""0"", ""0""], ""Rev."": [""0"", ""0""], ""Ctrl"": [""0:30"", ""0:10""]}], ""fighters"": [""Gilbert Burns"", ""Michael Morales""]}",Per round RD1 5 of 18 - 27% 33 of 56 - 58% Landed Attempted
UFC Fight Night: Burns vs. Morales,http://ufcstats.com/event-details/8ad022dd81224f61,http://ufcstats.com/fight-details/dcb27eef6441268c,Sodiq Yusuff | Mairon Santos,94426bb170c88115 | 480779d7f9a424d3,Mairon Santos,win,Decision - Unanimous,3,5:00,Lightweight,"{""rows"": [{""Fighter"": [""Sodiq Yusuff"", ""Mairon Santos""], ""KD"": [""0"", ""0""], ""Sig. str."": [""36 of 86"", ""40 of 83""], ""Sig. str. %"": [""41%"", ""48%""], ""Total str."": [""60 of 115"", ""71 of 114""], ""Td"": [""1 of 3"", ""0 of 0""], ""Td %"": [""33%"", ""---""], ""Sub. att"": [""0"", ""0""], ""Rev."": [""0"", ""0""], ""Ctrl"": [""2:02"", ""1:57""]}], ""fighters"": [""Sodiq Yusuff"", ""Mairon Santos""]}",Per round RD1 19 of 30 - 63% 9 of 27 - 33% RD2 10 of 26 - 38% 16 of 27 - 59% RD3 7 of 30 - 23% 15 of 29 - 51% Landed Attempted
UFC Fight Night: Burns vs. Morales,http://ufcstats.com/event-details/8ad022dd81224f61,http://ufcstats.com/fight-details/b3044bf646306e7f,Dustin Stoltzfus | Nursulton Ruziboev,71505842fb6455c3 | 49d2a08964c5eb11,Nursulton Ruziboev,win,Decision - Unanimous,3,5:00,Middleweight,"{""rows"": [{""Fighter"": [""Dustin Stoltzfus"", ""Nursulton Ruziboev""], ""KD"": [""0"", ""0""], ""Sig. str."": [""21 of 37"", ""35 of 68""], ""Sig. str. %"": [""56%"", ""51%""], ""Total str."": [""41 of 62"", ""53 of 94""], ""Td"": [""2 of 5"", ""1 of 2""], ""Td %"": [""40%"", ""50%""], ""Sub. att"": [""2"", ""0""], ""Rev."": [""0"", ""2""], ""Ctrl"": [""5:11"", ""3:21""]}], ""fighters"": [""Dustin Stoltzfus"", ""Nursulton Ruziboev""]}",Per round RD1 5 of 13 - 38% 13 of 27 - 48% RD2 2 of 3 - 66% 11 of 19 - 57% RD3 14 of 21 - 66% 11 of 22 - 50% Landed Attempted
UFC Fight Night: Burns vs. Morales,http://ufcstats.com/event-details/8ad022dd81224f61,http://ufcstats.com/fight-details/fe2acfdaaaec3dba,Julian Erosa | Melquizael Costa,902ec2cc48c8ae8a | 20bccc9bb4ceb23e,Melquizael Costa,win,Decision - Unanimous,3,5:00,Featherweight,"{""rows"": [{""Fighter"": [""Julian Erosa"", ""Melquizael Costa""], ""KD"": [""0"", ""0""], ""Sig. str."": [""69 of 173"", ""102 of 204""], ""Sig. str. %"": [""39%"", ""50%""], ""Total str."": [""85 of 202"", ""128 of 236""], ""Td"": [""3 of 10"", ""2 of 3""], ""Td %"": [""30%"", ""66%""], ""Sub. att"": [""0"", ""1""], ""Rev."": [""0"", ""0""], ""Ctrl"": [""3:34"", ""0:23""]}], ""fighters"": [""Julian Erosa"", ""Melquizael Costa""]}",Per round RD1 10 of 26 - 38% 32 of 75 - 42% RD2 23 of 54 - 42% 33 of 55 - 60% RD3 36 of 93 - 38% 37 of 74 - 50% Landed Attempted
UFC Fight Night: Burns vs. Morales,http://ufcstats.com/event-details/8ad022dd81224f61,http://ufcstats.com/fight-details/a9a6cca4bbf7a5db,Gabe Green | Matheus Camilo,5eb50529a8418b77 | 72f890c5d421e705,Gabe Green,win,Submission,2,3:43,Lightweight,"{""rows"": [{""Fighter"": [""Gabe Green"", ""Matheus Camilo""], ""KD"": [""0"", ""0""], ""Sig. str."": [""12 of 27"", ""13 of 27""], ""Sig. str. %"": [""44%"", ""48%""], ""Total str."": [""36 of 57"", ""33 of 48""], ""Td"": [""0 of 0"", ""2 of 3""], ""Td %"": [""---"", ""66%""], ""Sub. att"": [""1"", ""1""], ""Rev."": [""0"", ""0""], ""Ctrl"": [""2:12"", ""2:30""]}], ""fighters"": [""Gabe Green"", ""Matheus Camilo""]}",Per round RD1 7 of 18 - 38% 12 of 24 - 50% RD2 5 of 9 - 55% 1 of 3 - 33% Landed Attempted
UFC Fight Night: Burns vs. Morales,http://ufcstats.com/event-details/8ad022dd81224f61,http://ufcstats.com/fight-details/8ba31cf0b3164b72,Jared Gordon | Thiago Moises,7026eca45f65377b | d945aae53e3e54e6,Jared Gordon,win,KO/TKO,1,3:37,Lightweight,"{""rows"": [{""Fighter"": [""Jared Gordon"", ""Thiago Moises""], ""KD"": [""1"", ""0""], ""Sig. str."": [""7 of 13"", ""5 of 9""], ""Sig. str. %"": [""53%"", ""55%""], ""Total str."": [""21 of 36"", ""11 of 16""], ""Td"": [""1 of 1"", ""0 of 0""], ""Td %"": [""100%"", ""---""], ""Sub. att"": [""0"", ""0""], ""Rev."": [""0"", ""0""], ""Ctrl"": [""2:36"", ""0:00""]}], ""fighters"": [""Jared Gordon"", ""Thiago Moises""]}",Per round RD1 7 of 13 - 53% 5 of 9 - 55% Landed Attempted
UFC Fight Night: Burns vs. Morales,http://ufcstats.com/event-details/8ad022dd81224f61,http://ufcstats.com/fight-details/d6e2bc6e6c0cc4fe,Yadier del Valle | Connor Matthews,70380ccdc81915b8 | 36e78278a77006d4,Yadier del Valle,win,Submission,1,2:54,Featherweight,"{""rows"": [{""Fighter"": [""Yadier del Valle"", ""Connor Matthews""], ""KD"": [""0"", ""0""], ""Sig. str."": [""9 of 12"", ""3 of 10""], ""Sig. str. %"": [""75%"", ""30%""], ""Total str."": [""28 of 34"", ""3 of 10""], ""Td"": [""1 of 1"", ""0 of 0""], ""Td %"": [""100%"", ""---""], ""Sub. att"": [""1"", ""0""], ""Rev."": [""0"", ""0""], ""Ctrl"": [""1:21"", ""0:00""]}], ""fighters"": [""Yadier del Valle"", ""Connor Matthews""]}",Per round RD1 9 of 12 - 75% 3 of 10 - 30% Landed Attempted
UFC Fight Night: Burns vs. Morales,http://ufcstats.com/event-details/8ad022dd81224f61,http://ufcstats.com/fight-details/f75fe8b384b0db11,Luana Santos | Tainara Lisboa,5078e1dacf9d25f4 | 2c5f5749569eef66,Luana Santos,win,Submission,2,4:59,Women's Bantamweight,"{""rows"": [{""Fighter"": [""Luana Santos"", ""Tainara Lisboa""], ""KD"": [""0"", ""0""], ""Sig. str."": [""15 of 19"", ""6 of 34""], ""Sig. str. %"": [""78%"", ""17%""], ""Total str."": [""50 of 57"", ""7 of 35""], ""Td"": [""2 of 2"", ""0 of 1""], ""Td %"": [""100%"", ""0%""], ""Sub. att"": [""1"", ""0""], ""Rev."": [""0"", ""0""], ""Ctrl"": [""7:57"", ""0:00""]}], ""fighters"": [""Luana Santos"", ""Tainara Lisboa""]}",Per round RD1 9 of 11 - 81% 5 of 19 - 26% RD2 6 of 8 - 75% 1 of 15 - 6% Landed Attempted
UFC Fight Night: Burns vs. Morales,http://ufcstats.com/event-details/8ad022dd81224f61,http://ufcstats.com/fight-details/66887532be2de5ee,Elise Reed | Denise Gomes,ac7c765882f2c68c | cffb87059e645bd1,Denise Gomes,win,KO/TKO,2,0:30,Women's Strawweight,"{""rows"": [{""Fighter"": [""Elise Reed"", ""Denise Gomes""], ""KD"": [""0"", ""1""], ""Sig. str."": [""11 of 21"", ""28 of 42""], ""Sig. str. %"": [""52%"", ""66%""], ""Total str."": [""35 of 47"", ""69 of 86""], ""Td"": [""0 of 0"", ""3 of 3""], ""Td %"": [""---"", ""100%""], ""Sub. att"": [""0"", ""0""], ""Rev."": [""0"", ""0""], ""Ctrl"": [""0:00"", ""4:14""]}], ""fighters"": [""Elise Reed"", ""Denise Gomes""]}",Per round RD1 9 of 17 - 52% 15 of 22 - 68% RD2 2 of 4 - 50% 13 of 20 - 65% Landed Attempted
UFC Fight Night: Burns vs. Morales,http://ufcstats.com/event-details/8ad022dd81224f61,http://ufcstats.com/fight-details/18a7dc86279066f8,HyunSung Park | Carlos Hernandez,b671bdf981ad527d | 798e48f9e7f6ba22,HyunSung Park,win,Submission,1,2:26,Flyweight,"{""rows"": [{""Fighter"": [""HyunSung Park"", ""Carlos Hernandez""], ""KD"": [""0"", ""0""], ""Sig. str."": [""14 of 22"", ""4 of 17""], ""Sig. str. %"": [""63%"", ""23%""], ""Total str."": [""17 of 27"", ""4 of 17""], ""Td"": [""1 of 1"", ""0 of 0""], ""Td %"": [""100%"", ""---""], ""Sub. att"": [""1"", ""0""], ""Rev."": [""0"", ""0""], ""Ctrl"": [""0:33"", ""0:00""]}], ""fighters"": [""HyunSung Park"", ""Carlos Hernandez""]}",Per round RD1 14 of 22 - 63% 4 of 17 - 23% Landed Attempted
UFC Fight Night: Burns vs. Morales,http://ufcstats.com/event-details/8ad022dd81224f61,http://ufcstats.com/fight-details/afdd95ae7b7cdb0c,Tecia Pennington | Luana Pinheiro,31ef8b67e13495b3 | a3a542074109b347,Tecia Pennington,win,Decision - Unanimous,3,5:00,Women's Strawweight,"{""rows"": [{""Fighter"": [""Tecia Pennington"", ""Luana Pinheiro""], ""KD"": [""0"", ""0""], ""Sig. str."": [""63 of 127"", ""40 of 110""], ""Sig. str. %"": [""49%"", ""36%""], ""Total str."": [""78 of 149"", ""46 of 118""], ""Td"": [""0 of 2"", ""5 of 10""], ""Td %"": [""0%"", ""50%""], ""Sub. att"": [""0"", ""0""], ""Rev."": [""0"", ""0""], ""Ctrl"": [""0:44"", ""1:42""]}], ""fighters"": [""Tecia Pennington"", ""Luana Pinheiro""]}",Per round RD1 26 of 61 - 42% 16 of 51 - 31% RD2 18 of 38 - 47% 20 of 39 - 51% RD3 19 of 28 - 67% 4 of 20 - 20% Landed Attempted
UFC 315: Muhammad vs. Della Maddalena,http://ufcstats.com/event-details/118463dd8db16e7f,http://ufcstats.com/fight-details/b873c116e39c9920,Belal Muhammad | Jack Della Maddalena,b1b0729d27936f2f | 6b453bc35a823c3f,Jack Della Maddalena,win,Decision - Unanimous,5,5:00,Welterweight,"{""rows"": [{""Fighter"": [""Belal Muhammad"", ""Jack Della Maddalena""], ""KD"": [""0"", ""0""], ""Sig. str."": [""132 of 318"", ""178 of 342""], ""Sig. str. %"": [""41%"", ""52%""], ""Total str."": [""155 of 349"", ""200 of 364""], ""Td"": [""3 of 9"", ""0 of 3""], ""Td %"": [""33%"", ""0%""], ""Sub. att"": [""0"", ""0""], ""Rev."": [""0"", ""0""], ""Ctrl"": [""3:21"", ""0:40""]}], ""fighters"": [""Belal Muhammad"", ""Jack Della Maddalena""]}",Per round RD1 21 of 49 - 42% 28 of 61 - 45% RD2 21 of 63 - 33% 30 of 63 - 47% RD3 32 of 79 - 40% 34 of 76 - 44% RD4 31 of 65 - 47% 33 of 59 - 55% RD5 27 of 62 - 43% 53 of 83 - 63% Landed Attempted
UFC 315: Muhammad vs. Della Maddalena,http://ufcstats.com/event-details/118463dd8db16e7f,http://ufcstats.com/fight-details/9e9d1764a015f313,Valentina Shevchenko | Manon Fiorot,132deb59abae64b1 | 34ff304266360297,Valentina Shevchenko,win,Decision - Unanimous,5,5:00,Women's Flyweight,"{""rows"": [{""Fighter"": [""Valentina Shevchenko"", ""Manon Fiorot""], ""KD"": [""1"", ""0""], ""Sig. str."": [""72 of 149"", ""71 of 160""], ""Sig. str. %"": [""48%"", ""44%""], ""Total str."": [""173 of 251"", ""150 of 239""], ""Td"": [""2 of 9"", ""1 of 12""], ""Td %"": [""22%"", ""8%""], ""Sub. att"": [""0"", ""0""], ""Rev."": [""0"", ""0""], ""Ctrl"": [""1:52"", ""7:07""]}], ""fighters"": [""Valentina Shevchenko"", ""Manon Fiorot""]}",Per round RD1 19 of 36 - 52% 13 of 32 - 40% RD2 8 of 20 - 40% 12 of 28 - 42% RD3 14 of 28 - 50% 14 of 28 - 50% RD4 16 of 32 - 50% 14 of 33 - 42% RD5 15 of 33 - 45% 18 of 39 - 46% Landed Attempted
UFC 315: Muhammad vs. Della Maddalena,http://ufcstats.com/event-details/118463dd8db16e7f,http://ufcstats.com/fight-details/891b2faf1bff38ee,Jose Aldo | Aiemann Zahabi,d0f3959b4a9747e6 | 24656ef4d605c96f,Aiemann Zahabi,win,Decision - Unanimous,3,5:00,Featherweight,"{""rows"": [{""Fighter"": [""Jose Aldo"", ""Aiemann Zahabi""], ""KD"": [""1"", ""0""], ""Sig. str."": [""68 of 167"", ""99 of 199""], ""Sig. str. %"": [""40%"", ""49%""], ""Total str."": [""71 of 170"", ""109 of 209""], ""Td"": [""0 of 1"", ""0 of 0""], ""Td %"": [""0%"", ""---""], ""Sub. att"": [""0"", ""0""], ""Rev."": [""0"", ""0""], ""Ctrl"": [""0:02"", ""2:38""]}], ""fighters"": [""Jose Aldo"", ""Aiemann Zahabi""]}",Per round RD1 23 of 59 - 38% 21 of 46 - 45% RD2 25 of 72 - 34% 26 of 66 - 39% RD3 20 of 36 - 55% 52 of 87 - 59% Landed Attempted
UFC 315: Muhammad vs. Della Maddalena,http://ufcstats.com/event-details/118463dd8db16e7f,http://ufcstats.com/fight-details/0f53eb509d0ffeb9,Alexa Grasso | Natalia Silva,e8b731feff72294b | 262d32ebda89efc4,Natalia Silva,win,Decision - Unanimous,3,5:00,Women's Flyweight,"{""rows"": [{""Fighter"": [""Alexa Grasso"", ""Natalia Silva""], ""KD"": [""0"", ""0""], ""Sig. str."": [""45 of 139"", ""65 of 164""], ""Sig. str. %"": [""32%"", ""39%""], ""Total str."": [""54 of 149"", ""74 of 173""], ""Td"": [""0 of 2"", ""0 of 0""], ""Td %"": [""0%"", ""---""], ""Sub. att"": [""0"", ""0""], ""Rev."": [""0"", ""0""], ""Ctrl"": [""0:40"", ""0:15""]}], ""fighters"": [""Alexa Grasso"", ""Natalia Silva""]}",Per round RD1 11 of 36 - 30% 16 of 48 - 33% RD2 19 of 51 - 37% 21 of 56 - 37% RD3 15 of 52 - 28% 28 of 60 - 46% Landed Attempted
UFC 315: Muhammad vs. Della Maddalena,http://ufcstats.com/event-details/118463dd8db16e7f,http://ufcstats.com/fight-details/c7190cd03e53fb61,Benoit Saint Denis | Kyle Prepolec,c2299ec916bc7c56 | 873626e5547b5235,Benoit Saint Denis,win,Submission,2,2:35,Lightweight,"{""rows"": [{""Fighter"": [""Benoit Saint Denis"", ""Kyle Prepolec""], ""KD"": [""0"", ""0""], ""Sig. str."": [""54 of 70"", ""12 of 27""], ""Sig. str. %"": [""77%"", ""44%""], ""Total str."": [""77 of 103"", ""14 of 29""], ""Td"": [""3 of 5"", ""0 of 1""], ""Td %"": [""60%"", ""0%""], ""Sub. att"": [""2"", ""0""], ""Rev."": [""0"", ""0""], ""Ctrl"": [""5:32"", ""0:07""]}], ""fighters"": [""Benoit Saint Denis"", ""Kyle Prepolec""]}",Per round RD1 10 of 16 - 62% 0 of 1 - 0% RD2 44 of 54 - 81% 12 of 26 - 46% Landed Attempted
UFC 315: Muhammad vs. Della Maddalena,http://ufcstats.com/event-details/118463dd8db16e7f,http://ufcstats.com/fight-details/2521234a4bf7c615,Mike Malott | Charles Radtke,dd6103dd7127db1d | feedf3053472fe56,Mike Malott,win,KO/TKO,2,0:26,Welterweight,"{""rows"": [{""Fighter"": [""Mike Malott"", ""Charles Radtke""], ""KD"": [""1"", ""0""], ""Sig. str."": [""36 of 61"", ""10 of 33""], ""Sig. str. %"": [""59%"", ""30%""], ""Total str."": [""36 of 61"", ""10 of 33""], ""Td"": [""0 of 0"", ""0 of 0""], ""Td %"": [""---"", ""---""], ""Sub. att"": [""0"", ""0""], ""Rev."": [""0"", ""0""], ""Ctrl"": [""0:05"", ""0:00""]}], ""fighters"": [""Mike Malott"", ""Charles Radtke""]}",Per round RD1 27 of 47 - 57% 10 of 29 - 34% RD2 9 of 14 - 64% 0 of 4 - 0% Landed Attempted
UFC 315: Muhammad vs. Della Maddalena,http://ufcstats.com/event-details/118463dd8db16e7f,http://ufcstats.com/fight-details/4db2d86ebe8c8abd,Jessica Andrade | Jasmine Jasudavicius,6a1901c62ab3870f | a9e260472d321361,Jasmine Jasudavicius,win,Submission,1,2:40,Women's Flyweight,"{""rows"": [{""Fighter"": [""Jessica Andrade"", ""Jasmine Jasudavicius""], ""KD"": [""0"", ""0""], ""Sig. str."": [""4 of 8"", ""11 of 18""], ""Sig. str. %"": [""50%"", ""61%""], ""Total str."": [""4 of 8"", ""27 of 37""], ""Td"": [""0 of 0"", ""1 of 2""], ""Td %"": [""---"", ""50%""], ""Sub. att"": [""0"", ""1""], ""Rev."": [""0"", ""0""], ""Ctrl"": [""0:00"", ""1:12""]}], ""fighters"": [""Jessica Andrade"", ""Jasmine Jasudavicius""]}",Per round RD1 4 of 8 - 50% 11 of 18 - 61% Landed Attempted
UFC 315: Muhammad vs. Della Maddalena,http://ufcstats.com/event-details/118463dd8db16e7f,http://ufcstats.com/fight-details/c812457a810dde39,Modestas Bukauskas | Ion Cutelaba,476fe566d2df676e | cd13728ae1151f46,Modestas Bukauskas,win,Decision - Split,3,5:00,Light Heavyweight,"{""rows"": [{""Fighter"": [""Modestas Bukauskas"", ""Ion Cutelaba""], ""KD"": [""0"", ""0""], ""Sig. str."": [""44 of 92"", ""58 of 130""], ""Sig. str. %"": [""47%"", ""44%""], ""Total str."": [""52 of 100"", ""121 of 194""], ""Td"": [""0 of 0"", ""0 of 4""], ""Td %"": [""---"", ""0%""], ""Sub. att"": [""0"", ""0""], ""Rev."": [""0"", ""0""], ""Ctrl"": [""1:26"", ""2:21""]}], ""fighters"": [""Modestas Bukauskas"", ""Ion Cutelaba""]}",Per round RD1 12 of 34 - 35% 17 of 46 - 36% RD2 16 of 32 - 50% 25 of 49 - 51% RD3 16 of 26 - 61% 16 of 35 - 45% Landed Attempted
UFC 315: Muhammad vs. Della Maddalena,http://ufcstats.com/event-details/118463dd8db16e7f,http://ufcstats.com/fight-details/99aa1f28e22bb6dd,Navajo Stirling | Ivan Erslan,b4b496ec2197ee3e | 64ad3e3b0efa30bb,Navajo Stirling,win,Decision - Unanimous,3,5:00,Light Heavyweight,"{""rows"": [{""Fighter"": [""Navajo Stirling"", ""Ivan Erslan""], ""KD"": [""1"", ""0""], ""Sig. str."": [""110 of 225"", ""36 of 100""], ""Sig. str. %"": [""48%"", ""36%""], ""Total str."": [""124 of 243"", ""63 of 129""], ""Td"": [""3 of 5"", ""0 of 3""], ""Td %"": [""60%"", ""0%""], ""Sub. att"": [""0"", ""0""], ""Rev."": [""0"", ""0""], ""Ctrl"": [""3:01"", ""1:41""]}], ""fighters"": [""Navajo Stirling"", ""Ivan Erslan""]}",Per round RD1 31 of 76 - 40% 12 of 30 - 40% RD2 19 of 40 - 47% 11 of 34 - 32% RD3 60 of 109 - 55% 13 of 36 - 36% Landed Attempted
UFC 315: Muhammad vs. Della Maddalena,http://ufcstats.com/event-details/118463dd8db16e7f,http://ufcstats.com/fight-details/6ecfa439ef900bcc,Marc-Andre Barriault | Bruno Silva,8e9eb3fc86db0f7d | 12ebd7d157e91701,Marc-Andre Barriault,win,KO/TKO,1,1:27,Middleweight,"{""rows"": [{""Fighter"": [""Marc-Andre Barriault"", ""Bruno Silva""], ""KD"": [""1"", ""0""], ""Sig. str."": [""14 of 24"", ""6 of 12""], ""Sig. str. %"": [""58%"", ""50%""], ""Total str."": [""14 of 24"", ""6 of 12""], ""Td"": [""0 of 0"", ""0 of 1""], ""Td %"": [""---"", ""0%""], ""Sub. att"": [""0"", ""0""], ""Rev."": [""0"", ""0""], ""Ctrl"": [""0:18"", ""0:00""]}], ""fighters"": [""Marc-Andre Barriault"", ""Bruno Silva""]}",Per round RD1 14 of 24 - 58% 6 of 12 - 50% Landed Attempted
UFC 315: Muhammad vs. Della Maddalena,http://ufcstats.com/event-details/118463dd8db16e7f,http://ufcstats.com/fight-details/0e0a4282cd6c86d7,Daniel Santos | JeongYeong Lee,b67d6bacc68d4c92 | d008d785f6347dc2,Daniel Santos,win,Decision - Unanimous,3,5:00,Featherweight,"{""rows"": [{""Fighter"": [""Daniel Santos"", ""JeongYeong Lee""], ""KD"": [""0"", ""0""], ""Sig. str."": [""90 of 184"", ""68 of 150""], ""Sig. str. %"": [""48%"", ""45%""], ""Total str."": [""119 of 213"", ""107 of 190""], ""Td"": [""6 of 18"", ""0 of 0""], ""Td %"": [""33%"", ""---""], ""Sub. att"": [""0"", ""0""], ""Rev."": [""0"", ""0""], ""Ctrl"": [""6:06"", ""0:00""]}], ""fighters"": [""Daniel Santos"", ""JeongYeong Lee""]}",Per round RD1 33 of 78 - 42% 35 of 61 - 57% RD2 39 of 67 - 58% 20 of 52 - 38% RD3 18 of 39 - 46% 13 of 37 - 35% Landed Attempted
UFC 315: Muhammad vs. Della Maddalena,http://ufcstats.com/event-details/118463dd8db16e7f,http://ufcstats.com/fight-details/c20bd12ae7f04eff,Brad Katona | Bekzat Almakhan,7b433309b0fd12aa | a4dc0f2b95df4cc1,Bekzat Almakhan,win,KO/TKO,1,1:04,Bantamweight,"{""rows"": [{""Fighter"": [""Brad Katona"", ""Bekzat Almakhan""], ""KD"": [""0"", ""1""], ""Sig. str."": [""1 of 4"", ""8 of 11""], ""Sig. str. %"": [""25%"", ""72%""], ""Total str."": [""1 of 4"", ""8 of 11""], ""Td"": [""0 of 0"", ""0 of 0""], ""Td %"": [""---"", ""---""], ""Sub. att"": [""0"", ""0""], ""Rev."": [""0"", ""0""], ""Ctrl"": [""0:00"", ""0:02""]}], ""fighters"": [""Brad Katona"", ""Bekzat Almakhan""]}",Per round RD1 1 of 4 - 25% 8 of 11 - 72% Landed Attempted
UFC Fight Night: Sandhagen vs. Figueiredo,http://ufcstats.com/event-details/de20ffb3fc2e7629,http://ufcstats.com/fight-details/9b3bade95e1dd484,Cory Sandhagen | Deiveson Figueiredo,65f09bacd3957381 | aa72b0f831d0bfe5,Cory Sandhagen,win,KO/TKO,2,4:08,Bantamweight,"{""rows"": [{""Fighter"": [""Cory Sandhagen"", ""Deiveson Figueiredo""], ""KD"": [""0"", ""0""], ""Sig. str."": [""54 of 87"", ""6 of 9""], ""Sig. str. %"": [""62%"", ""66%""], ""Total str."": [""92 of 149"", ""8 of 11""], ""Td"": [""2 of 2"", ""2 of 5""], ""Td %"": [""100%"", ""40%""], ""Sub. att"": [""0"", ""0""], ""Rev."": [""1"", ""1""], ""Ctrl"": [""5:07"", ""0:31""]}], ""fighters"": [""Cory Sandhagen"", ""Deiveson Figueiredo""]}",Per round RD1 31 of 39 - 79% 2 of 2 - 100% RD2 23 of 48 - 47% 4 of 7 - 57% Landed Attempted
UFC Fight Night: Sandhagen vs. Figueiredo,http://ufcstats.com/event-details/de20ffb3fc2e7629,http://ufcstats.com/fight-details/380242601a2c5991,Reinier de Ridder | Bo Nickal,d549cefc7c54ab78 | 35673bf5204524ee,Reinier de Ridder,win,KO/TKO,2,1:53,Middleweight,"{""rows"": [{""Fighter"": [""Reinier de Ridder"", ""Bo Nickal""], ""KD"": [""1"", ""0""], ""Sig. str."": [""22 of 32"", ""8 of 21""], ""Sig. str. %"": [""68%"", ""38%""], ""Total str."": [""91 of 104"", ""24 of 40""], ""Td"": [""0 of 3"", ""1 of 1""], ""Td %"": [""0%"", ""100%""], ""Sub. att"": [""0"", ""0""], ""Rev."": [""0"", ""0""], ""Ctrl"": [""2:09"", ""2:24""]}], ""fighters"": [""Reinier de Ridder"", ""Bo Nickal""]}",Per round RD1 5 of 10 - 50% 2 of 6 - 33% RD2 17 of 22 - 77% 6 of 15 - 40% Landed Attempted
UFC Fight Night: Sandhagen vs. Figueiredo,http://ufcstats.com/event-details/de20ffb3fc2e7629,http://ufcstats.com/fight-details/191ee545160a4e09,Santiago Ponzinibbio | Daniel Rodriguez,6d1bffff14897645 | 8a1f3b5c526cd6e6,Daniel Rodriguez,win,KO/TKO,3,1:12,Welterweight,"{""rows"": [{""Fighter"": [""Santiago Ponzinibbio"", ""Daniel Rodriguez""], ""KD"": [""0"", ""1""], ""Sig. str."": [""49 of 111"", ""66 of 166""], ""Sig. str. %"": [""44%"", ""39%""], ""Total str."": [""50 of 115"", ""70 of 170""], ""Td"": [""1 of 8"", ""0 of 0""], ""Td %"": [""12%"", ""---""], ""Sub. att"": [""0"", ""0""], ""Rev."": [""0"", ""0""], ""Ctrl"": [""0:44"", ""0:08""]}], ""fighters"": [""Santiago Ponzinibbio"", ""Daniel Rodriguez""]}",Per round RD1 15 of 35 - 42% 35 of 81 - 43% RD2 27 of 60 - 45% 22 of 63 - 34% RD3 7 of 16 - 43% 9 of 22 - 40% Landed Attempted
UFC Fight Night: Sandhagen vs. Figueiredo,http://ufcstats.com/event-details/de20ffb3fc2e7629,http://ufcstats.com/fight-details/5ce29056e0cd2df9,Montel Jackson | Daniel Marcos,cc1a8b4b38b92c6d | 850266b3dc4e506e,Montel Jackson,win,Decision - Unanimous,3,5:00,Bantamweight,"{""rows"": [{""Fighter"": [""Montel Jackson"", ""Daniel Marcos""], ""KD"": [""0"", ""0""], ""Sig. str."": [""30 of 66"", ""17 of 32""], ""Sig. str. %"": [""45%"", ""53%""], ""Total str."": [""67 of 106"", ""24 of 43""], ""Td"": [""2 of 8"", ""3 of 7""], ""Td %"": [""25%"", ""42%""], ""Sub. att"": [""1"", ""0""], ""Rev."": [""0"", ""0""], ""Ctrl"": [""3:37"", ""5:45""]}], ""fighters"": [""Montel Jackson"", ""Daniel Marcos""]}",Per round RD1 4 of 12 - 33% 4 of 7 - 57% RD2 15 of 28 - 53% 7 of 12 - 58% RD3 11 of 26 - 42% 6 of 13 - 46% Landed Attempted
UFC Fight Night: Sandhagen vs. Figueiredo,http://ufcstats.com/event-details/de20ffb3fc2e7629,http://ufcstats.com/fight-details/6ccd10adc968e1f0,Cameron Smotherman | Serhiy Sidey,5c84f673b7bb7c15 | 1a2bf44edb8055b6,Serhiy Sidey,win,Decision - Unanimous,3,5:00,Bantamweight,"{""rows"": [{""Fighter"": [""Cameron Smotherman"", ""Serhiy Sidey""], ""KD"": [""0"", ""0""], ""Sig. str."": [""58 of 134"", ""55 of 132""], ""Sig. str. %"": [""43%"", ""41%""], ""Total str."": [""61 of 137"", ""66 of 149""], ""Td"": [""0 of 0"", ""5 of 12""], ""Td %"": [""---"", ""41%""], ""Sub. att"": [""0"", ""1""], ""Rev."": [""0"", ""0""], ""Ctrl"": [""0:00"", ""4:12""]}], ""fighters"": [""Cameron Smotherman"", ""Serhiy Sidey""]}",Per round RD1 22 of 43 - 51% 27 of 50 - 54% RD2 12 of 29 - 41% 11 of 39 - 28% RD3 24 of 62 - 38% 17 of 43 - 39% Landed Attempted
UFC Fight Night: Sandhagen vs. Figueiredo,http://ufcstats.com/event-details/de20ffb3fc2e7629,http://ufcstats.com/fight-details/9039959b41901412,Jeremy Stephens | Mason Jones,18968f97ad34f15c | f6ad6a1e4d600e0d,Mason Jones,win,Decision - Unanimous,3,5:00,Lightweight,"{""rows"": [{""Fighter"": [""Jeremy Stephens"", ""Mason Jones""], ""KD"": [""0"", ""0""], ""Sig. str."": [""42 of 108"", ""81 of 231""], ""Sig. str. %"": [""38%"", ""35%""], ""Total str."": [""54 of 126"", ""104 of 261""], ""Td"": [""0 of 0"", ""8 of 12""], ""Td %"": [""---"", ""66%""], ""Sub. att"": [""0"", ""0""], ""Rev."": [""0"", ""0""], ""Ctrl"": [""0:11"", ""6:03""]}], ""fighters"": [""Jeremy Stephens"", ""Mason Jones""]}",Per round RD1 21 of 47 - 44% 39 of 103 - 37% RD2 19 of 55 - 34% 37 of 115 - 32% RD3 2 of 6 - 33% 5 of 13 - 38% Landed Attempted
UFC Fight Night: Sandhagen vs. Figueiredo,http://ufcstats.com/event-details/de20ffb3fc2e7629,http://ufcstats.com/fight-details/2707dc2245335cc1,Yana Santos | Miesha Tate,3143bf892608139a | b96619b3acd7d9da,Yana Santos,win,Decision - Unanimous,3,5:00,Women's Bantamweight,"{""rows"": [{""Fighter"": [""Yana Santos"", ""Miesha Tate""], ""KD"": [""0"", ""0""], ""Sig. str."": [""66 of 117"", ""40 of 115""], ""Sig. str. %"": [""56%"", ""34%""], ""Total str."": [""87 of 143"", ""108 of 204""], ""Td"": [""0 of 1"", ""1 of 7""], ""Td %"": [""0%"", ""14%""], ""Sub. att"": [""0"", ""0""], ""Rev."": [""0"", ""0""], ""Ctrl"": [""0:46"", ""5:05""]}], ""fighters"": [""Yana Santos"", ""Miesha Tate""]}",Per round RD1 31 of 61 - 50% 22 of 55 - 40% RD2 31 of 44 - 70% 13 of 43 - 30% RD3 4 of 12 - 33% 5 of 17 - 29% Landed Attempted
UFC Fight Night: Sandhagen vs. Figueiredo,http://ufcstats.com/event-details/de20ffb3fc2e7629,http://ufcstats.com/fight-details/77ed474dfc5359ea,Ryan Loder | Azamat Bekoev,d5bab53a1a603aac | 3bc3f60b21cddc6a,Azamat Bekoev,win,KO/TKO,1,2:44,Middleweight,"{""rows"": [{""Fighter"": [""Ryan Loder"", ""Azamat Bekoev""], ""KD"": [""0"", ""2""], ""Sig. str."": [""13 of 25"", ""23 of 46""], ""Sig. str. %"": [""52%"", ""50%""], ""Total str."": [""15 of 27"", ""39 of 66""], ""Td"": [""0 of 4"", ""0 of 1""], ""Td %"": [""0%"", ""0%""], ""Sub. att"": [""0"", ""0""], ""Rev."": [""0"", ""0""], ""Ctrl"": [""0:13"", ""1:04""]}], ""fighters"": [""Ryan Loder"", ""Azamat Bekoev""]}",Per round RD1 13 of 25 - 52% 23 of 46 - 50% Landed Attempted
UFC Fight Night: Sandhagen vs. Figueiredo,http://ufcstats.com/event-details/de20ffb3fc2e7629,http://ufcstats.com/fight-details/6e26a6293ea6ba62,Marina Rodriguez | Gillian Robertson,cd2c4d30c6e13b47 | 38c7f72747f4f712,Gillian Robertson,win,KO/TKO,2,2:07,Women's Strawweight,"{""rows"": [{""Fighter"": [""Marina Rodriguez"", ""Gillian Robertson""], ""KD"": [""0"", ""0""], ""Sig. str."": [""4 of 17"", ""16 of 41""], ""Sig. str. %"": [""23%"", ""39%""], ""Total str."": [""7 of 20"", ""73 of 120""], ""Td"": [""0 of 0"", ""2 of 3""], ""Td %"": [""---"", ""66%""], ""Sub. att"": [""1"", ""0""], ""Rev."": [""0"", ""0""], ""Ctrl"": [""0:00"", ""5:21""]}], ""fighters"": [""Marina Rodriguez"", ""Gillian Robertson""]}",Per round RD1 2 of 13 - 15% 11 of 25 - 44% RD2 2 of 4 - 50% 5 of 16 - 31% Landed Attempted
UFC Fight Night: Sandhagen vs. Figueiredo,http://ufcstats.com/event-details/de20ffb3fc2e7629,http://ufcstats.com/fight-details/97b32ff27fd457a8,Gaston Bolanos | Quang Le,96924b0019b3aff1 | 32feae6d9a1e5047,Quang Le,win,Submission,2,1:54,Bantamweight,"{""rows"": [{""Fighter"": [""Gaston Bolanos"", ""Quang Le""], ""KD"": [""0"", ""0""], ""Sig. str."": [""5 of 20"", ""10 of 14""], ""Sig. str. %"": [""25%"", ""71%""], ""Total str."": [""8 of 23"", ""33 of 38""], ""Td"": [""0 of 0"", ""4 of 7""], ""Td %"": [""---"", ""57%""], ""Sub. att"": [""0"", ""1""], ""Rev."": [""0"", ""0""], ""Ctrl"": [""0:00"", ""5:46""]}], ""fighters"": [""Gaston Bolanos"", ""Quang Le""]}",Per round RD1 0 of 4 - 0% 2 of 3 - 66% RD2 5 of 16 - 31% 8 of 11 - 72% Landed Attempted
UFC Fight Night: Sandhagen vs. Figueiredo,http://ufcstats.com/event-details/de20ffb3fc2e7629,http://ufcstats.com/fight-details/c445401709421fa4,Thomas Petersen | Don'Tale Mayes,764d39074a352e33 | 1a9480fc288e55d7,Thomas Petersen,win,Decision - Unanimous,3,5:00,Heavyweight,"{""rows"": [{""Fighter"": [""Thomas Petersen"", ""Don'Tale Mayes""], ""KD"": [""0"", ""0""], ""Sig. str."": [""28 of 51"", ""3 of 11""], ""Sig. str. %"": [""54%"", ""27%""], ""Total str."": [""105 of 166"", ""13 of 23""], ""Td"": [""9 of 9"", ""0 of 0""], ""Td %"": [""100%"", ""---""], ""Sub. att"": [""1"", ""0""], ""Rev."": [""0"", ""0""], ""Ctrl"": [""13:49"", ""0:00""]}], ""fighters"": [""Thomas Petersen"", ""Don'Tale Mayes""]}",Per round RD1 1 of 3 - 33% 1 of 5 - 20% RD2 5 of 19 - 26% 1 of 4 - 25% RD3 22 of 29 - 75% 1 of 2 - 50% Landed Attempted
UFC Fight Night: Sandhagen vs. Figueiredo,http://ufcstats.com/event-details/de20ffb3fc2e7629,http://ufcstats.com/fight-details/469f887278324e63,Juliana Miller | Ivana Petrovic,aa0c573da7119292 | 38c5817ade8a8014,Juliana Miller,win,Decision - Unanimous,3,5:00,Women's Flyweight,"{""rows"": [{""Fighter"": [""Juliana Miller"", ""Ivana Petrovic""], ""KD"": [""0"", ""0""], ""Sig. str."": [""22 of 55"", ""25 of 53""], ""Sig. str. %"": [""40%"", ""47%""], ""Total str."": [""54 of 101"", ""57 of 87""], ""Td"": [""3 of 9"", ""1 of 5""], ""Td %"": [""33%"", ""20%""], ""Sub. att"": [""0"", ""0""], ""Rev."": [""0"", ""0""], ""Ctrl"": [""8:10"", ""2:47""]}], ""fighters"": [""Juliana Miller"", ""Ivana Petrovic""]}",Per round RD1 4 of 12 - 33% 7 of 12 - 58% RD2 4 of 11 - 36% 6 of 15 - 40% RD3 14 of 32 - 43% 12 of 26 - 46% Landed Attempted
