DOB,Height,Reach,SApM,SLpM,STANCE,Str. Acc.,Str. Def,Sub. Avg.,TD Acc.,TD Avg.,TD Def.,Weight,fighter_id,name,record
"Oct 22, 1995","5' 8""","69""",7.33,3.87,Orthodox,50%,33%,0.0,18%,2.00,0%,155 lbs.,001eb2ab0f30e7ea,Mark Choinski,8-1-0
"Aug 26, 1994","5' 6""","71""",3.47,1.30,Orthodox,34%,45%,0.5,25%,1.50,38%,135 lbs.,002ca196477ce572,Gabriel Silva,8-2-0
"Sep 20, 1989","6' 0""","78""",8.88,7.58,Switch,39%,58%,0.0,0%,0.00,0%,145 lbs.,003d82fa384ca1d0,Aalon Cruz,8-4-0
"Nov 05, 1986","5' 6""","70""",3.44,2.64,Orthodox,37%,56%,0.6,40%,1.95,83%,155 lbs.,0052de90691d4a93,Davi Ramos,10-4-0
"Jul 17, 1976","6' 7""","81""",2.48,0.85,Orthodox,44%,52%,4.2,40%,2.12,33%,265 lbs.,008dc37cca279def,Sean McCorkle,17-7-0
"Jul 17, 1997","5' 6""","69""",5.04,7.25,Orthodox,48%,55%,0.0,0%,0.00,66%,125 lbs.,008ea710276c9606,Jeff Molina,11-2-0
"Oct 14, 1992","6' 3""","80""",5.67,5.61,Orthodox,55%,45%,0.2,60%,0.49,68%,205 lbs.,009341ed974bad72,Jiri Prochazka,32-6-1
"Jan 18, 1992","6' 1""","76""",5.31,4.29,Orthodox,46%,46%,0.3,75%,1.67,65%,185 lbs.,009c4420727149ea,AJ Dobson,7-3-0 (1 NC)
"Feb 28, 1991","6' 0""","77""",3.46,2.35,Orthodox,42%,47%,0.3,42%,2.68,76%,155 lbs.,00a3ff40c4b2cf21,Glaico Franca Moreira,15-5-0
"Nov 15, 1979","6' 1""","74""",2.72,2.21,Switch,50%,46%,0.4,50%,2.83,57%,185 lbs.,00debc804e2b1cd4,Dylan Andrews,18-7-0 (1 NC)
"Oct 17, 1984","6' 3""","77""",2.68,4.10,Southpaw,49%,53%,1.0,29%,0.70,65%,185 lbs.,00e11b5c8b7bfeeb,Luke Rockhold,16-6-0
"Mar 21, 1985","6' 1""","74""",1.68,1.68,Southpaw,32%,68%,0.5,46%,2.85,66%,185 lbs.,010986ee359fb863,John Salter,14-3-0
"May 17, 1988","6' 1""","77""",5.23,3.61,Orthodox,41%,38%,0.0,42%,0.96,72%,185 lbs.,0112352cb32f5026,Denis Tiuliulin,10-10-0 (1 NC)
"Aug 23, 1983","5' 8""",--,2.80,2.15,Orthodox,31%,56%,0.0,50%,0.81,50%,155 lbs.,013da757877044a2,Joe Brammer,7-3-1
"Aug 20, 1997","6' 1""","72""",3.61,4.76,Orthodox,47%,64%,1.0,53%,2.57,78%,170 lbs.,01641ba5df0c69b0,Gabriel Bonfim,20-1-0
"Aug 19, 1988","5' 6""","68""",3.52,3.73,Southpaw,50%,50%,0.2,52%,4.34,33%,125 lbs.,016a8d958883167c,Gina Mazany,7-6-0
"Feb 25, 1991","5' 3""","62""",3.97,2.54,Orthodox,43%,57%,0.8,83%,2.03,66%,125 lbs.,01784fbc27c68b14,Rachael Ostovich,4-6-0
"Oct 23, 1994","6' 1""","77""",2.17,3.25,Orthodox,60%,51%,1.2,25%,1.40,85%,170 lbs.,01afe0916a40c7c5,Shavkat Rakhmonov,19-0-0
"Nov 16, 1989","6' 4""","78""",6.65,6.04,Orthodox,45%,52%,0.0,50%,0.09,74%,250 lbs.,01b352b6a9074d5c,Chase Sherman,16-12-0
"Apr 05, 1979","5' 10""",--,2.31,2.62,Orthodox,49%,51%,0.4,41%,1.06,71%,185 lbs.,01b39decaf0abf6a,Benji Radach,21-7-0 (1 NC)
"Sep 27, 2000","5' 8""","69""",7.03,7.60,Orthodox,42%,52%,0.0,25%,0.24,55%,145 lbs.,01c9e4013afce141,Michael Aswell Jr.,11-5-0
"Jan 07, 1984","5' 9""","74""",2.83,2.76,Orthodox,54%,54%,0.0,25%,2.10,50%,155 lbs.,01d2ed8c502e3828,Caros Fodor,11-6-0
"May 31, 1977","5' 8""",--,17.86,1.43,Orthodox,9%,43%,0.0,0%,0.00,0%,170 lbs.,01daf32100ed7517,Koji Oishi,25-10-10
"Apr 23, 1980","5' 10""",--,6.10,1.10,Orthodox,20%,43%,0.0,0%,0.00,0%,185 lbs.,01f022fa494188e2,Josh Bryant,15-4-0
"Oct 22, 1980","5' 8""","69""",4.68,3.47,Orthodox,42%,53%,0.6,0%,0.00,52%,135 lbs.,01fcef7e3d051722,Henry Briones,16-8-1
"Jun 15, 1993","5' 7""","67""",3.90,3.71,Switch,46%,44%,0.0,52%,2.83,58%,135 lbs.,01fed6f61ebea01f,Jay Perrin,10-7-0
"Nov 29, 1993","5' 7""","70""",5.22,5.95,Orthodox,41%,56%,0.0,0%,0.00,76%,135 lbs.,0232cabbc30a2372,Adrian Yanez,18-6-1
"Oct 31, 1969","5' 6""",--,4.07,0.51,Orthodox,40%,43%,0.0,12%,1.91,50%,135 lbs.,02500fb9fd79a974,Jason Reinhardt,20-3-0
"Feb 09, 1992","6' 0""","76""",4.04,2.61,Orthodox,45%,58%,0.0,50%,3.42,83%,205 lbs.,025f0b1b58fbad01,Darko Stosic,13-4-0
"Aug 05, 1973","5' 6""","67""",2.71,2.17,Orthodox,35%,55%,0.4,46%,4.09,56%,155 lbs.,029880cdbf5ca089,Sean Sherk,36-4-1
"Nov 14, 1990","5' 8""","68""",3.30,1.85,Orthodox,48%,58%,1.5,25%,0.29,44%,155 lbs.,029afd138865d20a,Rafael Alves,20-12-0
"Nov 13, 1989","5' 11""","72""",2.61,2.78,Orthodox,53%,65%,0.0,22%,1.25,88%,170 lbs.,029e1293e609fd74,Abubakar Nurmagomedov,17-4-1
"Jan 19, 1989","5' 9""","72""",4.57,5.24,Southpaw,50%,52%,1.2,35%,1.15,64%,155 lbs.,029eaff01e6bb8f0,Dustin Poirier,30-10-0 (1 NC)
"Jun 08, 1995","5' 2""","62""",6.47,4.57,Orthodox,40%,59%,0.0,14%,0.50,80%,115 lbs.,02bb48869eb7ac8f,Rayanne dos Santos,14-9-0
"May 17, 1973","5' 10""",--,0.00,0.00,Orthodox,0%,0%,0.0,0%,0.00,0%,195 lbs.,02d276b7d62b3472,Rudyard Moncayo,0-3-0
"Dec 31, 1970","6' 3""",--,1.91,2.00,Orthodox,40%,55%,0.6,0%,0.00,77%,245 lbs.,02e52b3a595f0786,Kevin Jordan,11-9-0
"Aug 11, 1986","5' 9""","65""",4.82,3.52,Southpaw,41%,50%,0.0,25%,0.39,52%,145 lbs.,02f2a9702ba3d167,Artem Lobov,13-15-1 (1 NC)
"Aug 10, 1994","6' 4""","79""",3.66,2.14,Orthodox,25%,44%,1.7,0%,0.00,50%,205 lbs.,02f484417a6fa69d,Uran Satybaldiev,9-1-0
"Jan 01, 1994","5' 2""","63""",7.84,7.45,Orthodox,52%,57%,0.0,14%,0.20,94%,115 lbs.,02f8fedc18cbd26c,Emily Ducote,13-9-0
--,"6' 2""",--,0.00,0.00,,0%,0%,0.0,0%,0.00,0%,185 lbs.,02fc8f50f56eb307,Trent Jenkins,0-4-0
"Aug 09, 1971","6' 2""",--,4.84,0.94,Orthodox,11%,63%,0.0,0%,0.00,0%,265 lbs.,030f08370fd1c2bb,Kerry Schall,24-13-0 (1 NC)
"Sep 20, 1988","5' 10""","70""",1.75,4.10,Orthodox,48%,65%,0.8,48%,5.32,84%,155 lbs.,032cc3922d871c7f,Khabib Nurmagomedov,29-0-0
"Aug 05, 1982","5' 11""","75""",3.65,2.60,Orthodox,42%,51%,0.9,21%,0.91,47%,170 lbs.,0359313549d230a1,Pete Sell,10-7-0
"Feb 24, 1965","6' 1""",--,2.06,5.59,Orthodox,61%,79%,0.0,0%,0.00,0%,205 lbs.,03688dc3c3af3ac1,Bas Rutten,28-4-1
"Dec 10, 1997","5' 10""","72""",7.93,2.83,Orthodox,46%,42%,0.0,45%,2.50,71%,155 lbs.,036e96c1c12b8a59,Nick Fiore,6-2-0
"Dec 17, 1983","5' 11""","74""",2.29,2.65,Orthodox,49%,73%,0.4,31%,1.82,78%,155 lbs.,03c9994c5b8958ec,John Cholish,8-3-0
"Mar 09, 1996","6' 3""","74""",8.80,2.40,Orthodox,37%,68%,0.0,0%,0.00,0%,170 lbs.,03dee485905dbc9f,Zachary Scroggin,7-1-0
"Jun 10, 1983","6' 5""","77""",3.33,3.05,Southpaw,39%,54%,0.1,28%,0.29,70%,250 lbs.,03f982ca3735070c,Walt Harris,13-10-0 (1 NC)
"Jun 02, 1973","6' 1""",--,0.00,0.00,,0%,0%,0.0,0%,0.00,0%,230 lbs.,040426baba8a45e8,Nate Schroeder,11-10-0
"Jan 22, 1994","5' 8""","70""",3.15,3.52,Southpaw,43%,60%,0.3,60%,1.24,73%,145 lbs.,040a74bb0a465c54,Arnold Allen,21-4-0
"Dec 19, 1989","6' 0""","73""",4.19,2.74,Orthodox,25%,56%,0.0,0%,0.00,20%,185 lbs.,045f25b3a4c08e81,Jack Marshman,23-10-0
"Aug 18, 1973","5' 10""","74""",2.27,1.42,Orthodox,33%,59%,1.3,27%,1.69,27%,155 lbs.,04643fd03d9159cc,Marcus Aurelio,22-10-0
"Feb 20, 1993","5' 9""","71""",5.54,4.59,Orthodox,48%,51%,0.0,66%,2.28,100%,145 lbs.,047a91d3d9c79b05,Collin Anglin,8-3-0
"Oct 07, 1997","5' 6""","69""",5.53,7.89,Orthodox,52%,57%,0.7,34%,1.40,70%,125 lbs.,04835018f90b118c,Casey O'Neill,11-2-0
"Oct 02, 1978","6' 1""",--,2.16,1.11,Orthodox,62%,38%,2.7,9%,0.33,28%,185 lbs.,049d698d773eb3e1,Matt Horwich,30-25-1
"Aug 04, 1987","5' 11""","78""",2.70,2.45,Switch,48%,55%,0.0,33%,0.94,37%,185 lbs.,04b39f4e8eb59d7c,Oluwale Bamgbose,6-4-0
"Mar 03, 1983","5' 9""","72""",2.50,3.79,Orthodox,41%,74%,0.0,50%,0.45,71%,155 lbs.,04c15b52c3cc1cab,Nate Mohr,9-7-0
"Aug 02, 1991","6' 2""","75""",3.00,4.82,Orthodox,53%,57%,0.0,0%,0.00,69%,205 lbs.,04c8b08b16a5b99e,Tanner Boser,22-11-1
"Jan 25, 1977","5' 7""","69""",3.62,3.37,Orthodox,32%,62%,0.5,23%,0.81,60%,155 lbs.,04d5718ed2661e8c,Jorge Gurgel,14-10-0
"Mar 01, 1979","5' 9""",--,4.00,0.00,Orthodox,0%,38%,16.4,0%,0.00,0%,155 lbs.,04f9fe830cf13482,Gerald Strebendt,9-7-0
"Aug 11, 1983","6' 3""",--,6.03,3.60,Orthodox,42%,44%,1.0,42%,3.12,0%,265 lbs.,052ceb8976695342,Chase Gormley,14-6-0 (1 NC)
"Jun 25, 1987","5' 8""","71""",3.53,5.11,Orthodox,45%,57%,0.3,29%,0.70,37%,135 lbs.,05339613bf8e9808,Rob Font,22-10-0
"Mar 22, 1972","6' 0""","72""",3.20,3.06,Orthodox,54%,52%,0.0,57%,1.19,33%,205 lbs.,0541480fbf719d86,Houston Alexander,17-15-1 (2 NC)
"Jan 30, 1981","5' 10""","73""",4.79,1.86,Orthodox,48%,38%,2.4,46%,2.08,25%,185 lbs.,054defd5420a551f,Rob Kimmons,25-9-0
"Nov 29, 1979","5' 11""","73""",2.73,2.19,Orthodox,35%,54%,0.3,42%,0.40,65%,185 lbs.,05560764359161e4,Constantinos Philippou,13-5-0 (1 NC)
"Feb 09, 1987","5' 4""","64""",3.84,3.83,Orthodox,47%,57%,0.1,29%,1.78,72%,135 lbs.,056c493bbd76a918,Henry Cejudo,16-6-0
"Dec 10, 1975","6' 6""",--,3.05,2.15,Orthodox,52%,52%,0.0,55%,1.73,43%,253 lbs.,0577808d22dfe79c,Jon Olav Einemo,6-3-0
"Jun 08, 1971","5' 9""","73""",3.92,2.21,Orthodox,35%,42%,0.0,33%,1.38,81%,185 lbs.,05866d8c3a321856,Marvin Eastman,18-15-1
"Apr 04, 1979","5' 10""","69""",1.55,1.14,Orthodox,35%,66%,2.5,100%,1.22,25%,155 lbs.,058e4e08a1ad8aba,Dale Hartt,6-3-0
"Nov 09, 1982","6' 2""",--,2.59,1.44,Southpaw,66%,48%,2.2,0%,0.00,33%,185 lbs.,0597a4528ebd1307,Chris Price,19-4-0
"Apr 11, 1991","5' 4""","65""",4.75,3.89,Orthodox,43%,53%,0.6,57%,2.00,61%,115 lbs.,05b43e0ead3df345,Kailin Curran,4-5-0
"Feb 11, 1989","5' 6""","69""",3.91,4.62,Orthodox,45%,61%,0.6,52%,1.65,53%,125 lbs.,05fa626cb33d15b8,Andrea Lee,13-11-0
"Mar 22, 1985","6' 2""","74""",3.73,4.49,Orthodox,57%,62%,0.0,33%,0.71,88%,170 lbs.,0641c21bec209472,Mike Jackson,1-2-0 (1 NC)
"Jul 22, 1986","5' 8""",--,5.80,2.72,Orthodox,42%,51%,0.0,0%,0.00,14%,155 lbs.,064b7dc68d786254,Cain Carrizosa,10-3-0
"Mar 01, 1988","6' 0""","73""",3.67,2.88,Orthodox,41%,51%,0.6,0%,0.00,0%,155 lbs.,065eb44700e641a4,Devin Powell,9-4-0
"Sep 14, 1995","5' 9""","74""",4.88,6.19,Orthodox,54%,49%,0.3,28%,1.13,80%,155 lbs.,06626b6287e1ae1e,Chris Padilla,17-6-1
"May 16, 1994","6' 2""","73""",3.62,5.55,Orthodox,62%,45%,0.0,0%,0.00,73%,185 lbs.,06734ca9d88dec3a,Shara Magomedov,17-1-0
"May 20, 1988","6' 3""","75""",3.52,3.03,Southpaw,46%,52%,0.7,18%,0.44,65%,185 lbs.,06827d70c53ff0d9,Scott Askham,14-4-0
"Jul 05, 1986","6' 7""","80""",3.61,3.28,Orthodox,45%,45%,0.4,0%,0.00,27%,258 lbs.,068f8a189a47fea6,Maurice Greene,9-7-0
"Feb 14, 1989","5' 6""","67""",5.07,3.36,Southpaw,44%,57%,0.0,16%,1.00,70%,135 lbs.,06a80a685ea98573,Irwin Rivera,10-6-0
"Oct 05, 1994","5' 5""","66""",1.58,2.88,Switch,56%,56%,0.2,49%,4.90,72%,135 lbs.,06e4245d16fc5315,Ailin Perez,13-2-0
"Jul 29, 1973","6' 3""",--,3.91,2.61,Orthodox,69%,26%,4.3,57%,4.34,66%,235 lbs.,06f0ffa6446c5b6d,Branden Lee Hinkle,17-11-0 (1 NC)
"Oct 02, 1980","6' 1""","77""",3.71,3.31,Orthodox,48%,42%,1.0,47%,1.96,59%,205 lbs.,06f36cf4bd97ec77,Ed Herman,27-16-0 (1 NC)
"Jan 23, 1996","5' 9""","68""",3.38,4.13,Orthodox,40%,64%,0.0,100%,0.31,50%,135 lbs.,07047eb7d17fb0a2,Daria Zhelezniakova,10-3-0
"Oct 17, 1989","5' 10""","74""",3.05,3.23,Orthodox,55%,48%,2.6,39%,2.29,54%,155 lbs.,07225ba28ae309b6,Charles Oliveira,37-11-0 (1 NC)
"Aug 04, 1989","5' 3""",--,3.43,0.87,Orthodox,31%,58%,0.0,45%,2.34,0%,135 lbs.,072a10e85f7d4bff,Milana Dudieva,11-6-0
"Sep 06, 1986","5' 10""","70""",3.06,4.05,Switch,47%,62%,0.1,36%,0.52,84%,170 lbs.,0749d968e932df53,Tarec Saffiedine,16-7-0
"Jul 21, 1986","5' 10""","73""",4.46,2.44,Orthodox,28%,55%,0.0,100%,0.62,50%,135 lbs.,0778f94eb5d588a5,Joey Gomez,6-2-0
"Jan 13, 1992","5' 8""","70""",10.56,7.58,Orthodox,36%,41%,0.0,50%,0.33,16%,135 lbs.,07797f10b9569cfc,Angel Pacheco,7-4-0
"Jun 18, 1991","5' 6""","68""",4.69,5.02,Orthodox,56%,53%,0.2,0%,0.00,60%,125 lbs.,077e3ace32b72be9,CJ Vergara,12-7-1
"Feb 09, 1994","5' 9""","71""",4.81,3.47,Orthodox,40%,51%,0.0,33%,0.63,55%,170 lbs.,078695e385ec2f57,Victor Valenzuela,14-4-0
"Sep 17, 1969","6' 8""",--,0.00,0.00,Orthodox,0%,0%,0.0,0%,0.00,0%,300 lbs.,07a18ae55dfc3cd9,Paul Varelans,9-9-0
"Apr 25, 1992","5' 5""","67""",3.27,2.63,Orthodox,52%,50%,1.0,60%,2.90,51%,125 lbs.,07a2bdaa0afdd831,Rogerio Bontorin,16-4-0 (2 NC)
"May 28, 1995","6' 3""","77""",3.59,2.71,Southpaw,56%,46%,0.8,22%,0.85,0%,205 lbs.,07a74004d964c7f4,Billy Elekana,10-2-0
"Feb 02, 1995","5' 9""","72""",4.24,2.40,Switch,45%,56%,0.0,66%,1.67,75%,155 lbs.,07bc580bdf3eb9c8,Lance Gibson Jr.,10-2-0
"Jul 19, 1987","6' 4""","84""",2.24,4.38,Orthodox,58%,64%,0.5,45%,1.89,95%,248 lbs.,07f72a2a7591b409,Jon Jones,28-1-0 (1 NC)
"Nov 05, 1987","5' 6""","69""",2.79,1.53,Orthodox,57%,49%,1.6,0%,0.00,25%,135 lbs.,07f959e6596307bb,Carlos Vera,12-4-0
"Nov 17, 1994","5' 11""","73""",3.29,3.29,Orthodox,44%,61%,0.3,0%,0.00,33%,145 lbs.,082eba4cd80f736f,Jarno Errens,14-6-1
"Jan 06, 2000","6' 3""","75""",0.77,1.99,Southpaw,86%,47%,0.0,85%,5.77,100%,185 lbs.,084532da3d25f3b8,Cezary Oleksiejczuk,17-3-0
"Sep 19, 1989","6' 2""","75""",4.19,4.99,Orthodox,48%,55%,0.1,29%,0.50,80%,205 lbs.,0845c81e37d3bcb3,Volkan Oezdemir,21-8-0
"Jun 04, 2000","6' 2""","77""",4.65,7.16,Orthodox,38%,64%,0.0,0%,0.00,75%,170 lbs.,0859524157a19045,Ty Miller,7-0-0 (1 NC)
"Mar 11, 1986","5' 9""",--,2.05,1.48,Southpaw,27%,55%,0.0,33%,3.42,66%,145 lbs.,0871254cd790c250,Tommy Hayden,11-3-0
"Jan 12, 1978","5' 11""",--,0.53,1.67,Orthodox,69%,33%,2.0,0%,0.00,14%,135 lbs.,0876d21328cf4a45,Dave Galera,5-1-0
--,"6' 8""",--,0.00,0.00,Orthodox,0%,0%,0.0,0%,0.00,0%,245 lbs.,08a7080ff5904661,Rafael Carino,2-1-1
"Jan 05, 1968","6' 3""",--,2.12,0.76,Orthodox,83%,30%,2.3,100%,4.55,0%,235 lbs.,08ae5cd9aef7ddd3,Kimo Leopoldo,10-7-1
"May 06, 1989","5' 10""","72""",2.63,3.74,Southpaw,49%,57%,0.8,38%,2.21,82%,155 lbs.,08af939f41b5a57b,Beneil Dariush,23-8-1
"Oct 31, 1988","5' 10""","73""",2.16,2.94,Orthodox,42%,66%,0.3,55%,2.16,50%,145 lbs.,08e908ed6d18d6a0,Myles Jury,17-4-0
"Oct 18, 1993","6' 0""","75""",3.10,4.57,Orthodox,60%,51%,1.6,48%,5.88,68%,185 lbs.,093e1f5bb73850be,Anthony Hernandez,15-3-0 (1 NC)
"Sep 12, 1983","5' 9""","69""",3.99,3.49,Southpaw,45%,53%,0.3,46%,3.83,63%,185 lbs.,0941df56f6ac954b,Johny Hendricks,18-8-0
"Jan 08, 1990","6' 2""","77""",2.15,1.59,Orthodox,50%,50%,0.4,16%,2.02,0%,255 lbs.,095854a135e6db55,Marcus Buchecha,5-3-1
"Jan 15, 1996","5' 9""","74""",2.89,0.73,Southpaw,33%,45%,0.6,20%,1.16,33%,135 lbs.,0978385b2bd9ef9b,Nick Aguirre,7-2-0
"Mar 15, 1990","6' 3""","76""",5.05,1.56,Southpaw,43%,36%,0.0,0%,0.00,36%,205 lbs.,09a4447655fd4b7b,Rafael Cerqueira,11-4-0
"Oct 19, 1966","5' 5""",--,0.00,0.00,Orthodox,0%,0%,0.0,0%,0.00,0%,145 lbs.,09c44b317c98bf96,David Velasquez,10-10-0
"Sep 07, 1990","5' 7""","68""",4.70,1.67,Orthodox,50%,43%,3.5,33%,2.36,0%,125 lbs.,09e62c450e754913,Jimmy Flick,17-9-0
"Nov 11, 1991","5' 8""","69""",2.14,1.37,Orthodox,40%,52%,0.9,60%,1.79,64%,145 lbs.,09f579be4520394a,Diego Rivas,10-2-0
"Jun 10, 1988","6' 1""","77""",3.72,5.15,Orthodox,45%,56%,0.4,29%,1.48,80%,170 lbs.,0a1942069c9ad6b6,Jack Hermansson,24-10-0
"May 04, 1994","5' 8""","69""",2.64,1.95,Orthodox,45%,50%,0.2,35%,3.30,28%,145 lbs.,0a73acff6325c1e2,Shayilan Nuerdanbieke,39-12-0
"Aug 07, 1988","5' 9""","74""",6.14,0.18,Orthodox,8%,36%,0.0,0%,0.00,25%,185 lbs.,0a95c474e61a6c44,Adam Yandiev,9-1-0
"Jul 22, 1982","5' 8""","68""",4.18,4.08,Orthodox,42%,69%,0.9,66%,0.25,71%,145 lbs.,0a97691039c4bbfb,Mark Hominick,20-12-0
"Jun 22, 1963","6' 1""","75""",1.53,2.85,Orthodox,57%,59%,0.5,46%,2.78,58%,205 lbs.,0aa92558424ced9e,Randy Couture,19-11-0
"Apr 24, 1993","6' 2""","74""",4.21,2.88,Orthodox,43%,54%,0.0,21%,1.93,100%,205 lbs.,0abcf6bc47191219,Bruno Lopes,14-3-0
"Jul 18, 1984","5' 11""","73""",5.66,3.64,Orthodox,49%,36%,0.9,55%,4.33,0%,170 lbs.,0b31f87be71ebbb1,Ben Askren,19-2-0 (1 NC)
"Apr 30, 1996","5' 5""","67""",3.02,1.88,Orthodox,39%,40%,2.3,25%,1.55,25%,135 lbs.,0b362247806341e5,JP Buys,9-6-0
"May 05, 1981","6' 3""","75""",1.86,3.92,Orthodox,55%,49%,0.0,50%,0.44,58%,185 lbs.,0b5b6876c2a4723f,Steve Steinbeiss,9-4-0
"Sep 17, 1982","5' 5""","66""",3.41,3.37,Orthodox,40%,65%,0.7,45%,2.61,59%,135 lbs.,0b64d0fed453ef7f,Scott Jorgensen,15-12-0
"Dec 28, 1984","5' 10""","70""",4.45,4.36,Orthodox,41%,58%,0.3,28%,0.64,61%,145 lbs.,0b8d512c79b4baf3,Matt Bessette,22-9-0 (1 NC)
"Jan 09, 1995","5' 9""","70""",3.88,4.39,Switch,53%,43%,0.0,50%,1.45,52%,145 lbs.,0bc697c5936a2d0a,Trevor Peek,9-3-0 (1 NC)
"Jun 30, 1972","6' 3""",--,3.20,1.31,Orthodox,31%,38%,0.0,33%,1.09,40%,257 lbs.,0bc7e61d204f2137,Fabiano Scherner,11-10-0 (3 NC)
"May 14, 1982","6' 0""",--,4.43,1.50,Orthodox,35%,37%,0.5,50%,1.00,28%,185 lbs.,0bcfe2513cb3bc39,Tom DeBlass,9-2-0
"Oct 16, 1998","5' 5""","64""",2.92,1.91,Switch,38%,60%,0.0,36%,1.98,68%,125 lbs.,0be6776db31d98ec,Mitch Raposo,11-3-0
"Apr 02, 1993","5' 6""","70""",4.29,2.68,Orthodox,34%,47%,0.0,50%,3.66,83%,135 lbs.,0c258d1d8e16e5f1,Kevin Natividad,9-4-0
"May 17, 1992","6' 3""","78""",3.65,4.90,Orthodox,50%,54%,0.4,33%,0.41,35%,236 lbs.,0c25d0a5e8cdbf19,Lukasz Brzeski,9-7-1 (1 NC)
"Dec 14, 1987","6' 1""","73""",2.78,2.27,Orthodox,40%,56%,1.6,15%,1.05,58%,185 lbs.,0c5c66ddd1886b83,Caio Magalhaes,10-3-0
"Mar 14, 1984","5' 10""",--,6.65,3.19,Orthodox,26%,49%,0.0,0%,0.00,100%,170 lbs.,0c670b443c3d269f,Jim Wallhead,29-11-0
"Dec 21, 1987","6' 1""","74""",3.32,3.41,Orthodox,43%,54%,0.0,26%,0.70,80%,185 lbs.,0c6d9ea8306c029e,Brad Tavares,21-13-0
"Jun 25, 1983","6' 0""","73""",4.41,4.67,Orthodox,51%,62%,0.0,13%,1.99,0%,185 lbs.,0c9c0a43d3f3f49d,Marcelo Guimaraes,9-2-1
"Sep 22, 1979","5' 3""","65""",1.89,1.58,Orthodox,26%,61%,0.0,25%,2.84,84%,125 lbs.,0ccab7c889ede9ea,Fredy Serrano,3-2-0
"Mar 31, 1995","6' 2""","77""",2.72,1.30,Orthodox,55%,33%,1.8,50%,0.59,55%,185 lbs.,0cd0456d6029cec2,Robert Valentin,12-6-0 (1 NC)
"Apr 15, 1967","5' 10""",--,1.88,1.70,Orthodox,63%,30%,0.0,0%,0.00,33%,210 lbs.,0cf935519d439ba6,Enson Inoue,12-8-0
"Aug 19, 1987","5' 6""","67""",4.14,2.99,Orthodox,38%,51%,1.9,83%,3.20,55%,125 lbs.,0d0351c20169a499,Jon Delos Reyes,8-5-0
"Apr 08, 1987","5' 9""",--,5.33,2.47,Orthodox,51%,44%,0.0,10%,1.00,33%,145 lbs.,0d1c163b206e8c5f,Rocky Lee,3-2-0
"Mar 10, 1976","6' 0""","76""",3.73,3.84,Southpaw,39%,64%,0.4,18%,0.39,66%,170 lbs.,0d506315895efffc,Sean Pierson,14-6-0
"Oct 02, 1995","6' 4""","79""",4.13,4.70,Orthodox,50%,58%,0.2,46%,1.38,50%,265 lbs.,0d5cc0170c1a7e71,Mick Parkin,10-1-0
"Oct 11, 1990","5' 8""","72""",3.64,3.00,Orthodox,42%,63%,0.0,0%,0.00,53%,145 lbs.,0d62719b1dcf7c40,Sheymon Moraes,11-4-0
"Feb 22, 1995","6' 0""","74""",4.45,5.73,Southpaw,52%,60%,0.0,42%,0.99,52%,185 lbs.,0d65c432720accb9,Michal Oleksiejczuk,22-10-0 (1 NC)
"Jan 14, 1994","6' 1""","76""",4.33,5.18,Switch,48%,52%,0.7,51%,2.22,34%,185 lbs.,0d7b51c9d2649a6e,Dricus Du Plessis,23-3-0
"Feb 27, 1991","6' 1""","76""",4.53,5.98,Orthodox,42%,60%,0.1,62%,0.66,68%,185 lbs.,0d8011111be000b2,Sean Strickland,31-7-0
"Aug 09, 1990","6' 2""","76""",3.46,5.35,Orthodox,48%,51%,0.0,0%,0.00,50%,205 lbs.,0d980975001ae3d8,Shamil Gamzatov,14-1-0
--,"5' 9""",--,0.00,0.00,,0%,0%,0.0,0%,0.00,0%,200 lbs.,0db70ca89e1c7374,Dieusel Berto,0-3-0
"Dec 25, 1982","6' 0""","77""",2.48,3.10,Orthodox,47%,57%,0.5,34%,2.55,77%,185 lbs.,0dba4df5f34d5ff0,Rafael Natal,21-9-1
"Mar 14, 1987","5' 8""","67""",3.83,2.86,Orthodox,38%,50%,0.0,60%,1.95,87%,145 lbs.,0de720c0f1d4ab9c,Danny Chavez,11-5-1
"May 17, 1970","6' 0""","74""",1.56,2.62,Southpaw,50%,52%,1.3,48%,3.01,60%,185 lbs.,0e041d43a47d2e4b,Matt Lindland,22-9-0
"Apr 10, 1982","6' 5""","79""",3.02,2.38,Orthodox,51%,40%,1.0,64%,2.87,66%,185 lbs.,0e21976afc92e4d1,Magnus Cedenblad,14-5-0
--,"5' 9""",--,1.44,0.29,Orthodox,33%,0%,0.0,0%,0.00,50%,185 lbs.,0e31bfd26cc8c503,Chris Liguori,15-10-0
"Feb 08, 1999","5' 9""","71""",3.72,2.88,Orthodox,42%,55%,0.0,31%,1.18,71%,135 lbs.,0e46690e55a8df75,Timmy Cuamba,10-4-0
"Mar 07, 1996","5' 10""","70""",5.30,3.73,Orthodox,39%,45%,0.0,16%,0.50,60%,145 lbs.,0e5c4e72237461bb,Bruno Souza,10-3-0
"Apr 18, 2000","5' 3""","65""",10.00,6.93,Orthodox,47%,40%,0.0,14%,0.50,57%,135 lbs.,0e6b611451a9a7d8,Mark Vologdin,12-4-2
"Apr 26, 1965","6' 3""",--,0.00,0.00,Orthodox,0%,0%,0.0,0%,0.00,0%,225 lbs.,0e9869d712e81f8f,Sam Adkins,7-20-2
--,"6' 4""",--,0.00,0.00,Orthodox,0%,0%,0.0,0%,0.00,0%,235 lbs.,0ec821423baa26bd,Scott Fiedler,0-1-0
"Apr 01, 1977","6' 0""","74""",2.83,1.59,Southpaw,46%,50%,0.6,60%,1.02,53%,185 lbs.,0ee783aa00e468f0,Vitor Belfort,26-14-0 (1 NC)
"Dec 22, 1989","6' 1""","74""",3.43,2.74,Orthodox,56%,47%,0.4,16%,0.40,62%,170 lbs.,0f1efce7d2571d10,Nikolay Veretennikov,14-8-0
"Jul 11, 1993","6' 3""","77""",15.00,7.41,Orthodox,43%,42%,0.0,11%,0.93,0%,252 lbs.,0f3a990526c5e706,Sean Sharaf,4-2-0
"Jul 22, 1971","5' 6""",--,0.00,0.00,Orthodox,0%,0%,0.0,0%,0.00,0%,155 lbs.,0f6528b461e47462,Joao Roque,7-2-4
"Mar 23, 1991","6' 0""","73""",5.42,3.18,Orthodox,43%,55%,0.3,35%,2.00,40%,170 lbs.,0fb1e2694a39a02f,Yuri Villefort,10-5-0
"Apr 05, 1992","5' 8""","70""",2.05,3.08,Orthodox,48%,55%,1.1,15%,0.86,63%,135 lbs.,0fd5f4b838e890cc,Said Nurmagomedov,18-5-0
"Jul 28, 1982","6' 1""","77""",2.33,6.37,Orthodox,57%,57%,0.4,45%,5.13,85%,240 lbs.,0ff11cc094e887bc,Cain Velasquez,14-3-0
"Oct 22, 1995","5' 5""","67""",2.29,4.58,Orthodox,57%,53%,0.6,22%,0.60,53%,135 lbs.,102a8fdf8cbf7467,Kleydson Rodrigues,8-4-0
"Aug 20, 1988","5' 11""","74""",2.53,2.52,Switch,39%,38%,1.0,33%,0.25,47%,170 lbs.,103b06d8707895a9,Emil Meek,9-5-1 (1 NC)
"Jun 27, 1990","5' 8""","67""",5.02,3.42,Orthodox,38%,45%,0.4,20%,0.38,50%,135 lbs.,103e2e33a60683e1,Irina Alekseeva,5-4-0
"Oct 26, 1988","5' 7""",--,2.53,2.47,Orthodox,35%,51%,0.8,0%,0.00,42%,145 lbs.,10559c53de0b950e,Joey Gambino,9-2-0
"Jan 31, 1985","5' 5""",--,4.68,0.14,Orthodox,33%,30%,0.0,0%,0.00,0%,135 lbs.,10657c60ce349e0f,Shunichi Shimizu,30-18-11 (1 NC)
"May 23, 1966","6' 1""",--,0.00,0.00,Orthodox,0%,0%,0.0,0%,0.00,0%,199 lbs.,108afe61a26bcbf4,Igor Zinoviev,4-1-2
"Mar 07, 1992","6' 3""","77""",2.75,4.38,Orthodox,54%,48%,1.1,38%,2.19,53%,205 lbs.,1091d4d957141094,Nikita Krylov,31-12-0
"Mar 09, 1985","5' 8""","68""",2.61,3.91,Orthodox,33%,70%,0.1,42%,2.82,83%,135 lbs.,10f3ba6cd2f44a97,Dominick Cruz,24-4-0
"Dec 18, 1985","5' 8""","69""",4.04,5.58,Orthodox,45%,54%,0.2,38%,0.95,65%,135 lbs.,113df4fde64735c6,Davey Grant,18-8-0
"Jul 28, 1995","5' 11""","73""",2.87,4.69,Orthodox,57%,56%,0.0,0%,0.00,60%,145 lbs.,11583163f45c7b31,Lucas Alexander,8-5-0
"May 09, 1994","5' 8""","69""",2.13,3.88,Orthodox,66%,37%,0.3,34%,3.20,40%,135 lbs.,117a06469813e4ef,ChangHo Lee,11-2-0
"May 28, 1983","6' 4""","77""",4.41,4.03,Orthodox,47%,45%,0.4,33%,0.36,85%,205 lbs.,11f8860028b68fcf,Aaron Rosa,18-6-0
"Dec 24, 1975","5' 8""",--,2.62,1.68,Orthodox,34%,38%,0.9,50%,0.94,66%,155 lbs.,1208ffc5be6e31ad,Samy Schiavo,10-6-0
--,"6' 0""",--,1.89,1.89,Orthodox,50%,70%,0.0,100%,2.84,0%,229 lbs.,1209b5134401ca53,Mario Neto,13-5-0
"Mar 30, 1989","5' 6""","69""",5.20,3.34,Orthodox,37%,50%,0.0,50%,0.84,14%,125 lbs.,122ac9b816d8b71c,Shana Dobson,4-5-0
"Feb 03, 1993","5' 0""","61""",6.19,2.21,Southpaw,29%,44%,0.6,50%,1.75,44%,115 lbs.,1235b31de15d0c6e,Montserrat Conejo Ruiz,10-5-0
"Dec 03, 1971","6' 0""",--,2.20,2.11,Southpaw,38%,54%,0.0,28%,0.88,44%,205 lbs.,12458872d6afae1b,Vernon White,26-33-2
"Dec 23, 1997","6' 0""","76""",2.64,1.93,Southpaw,45%,46%,0.2,45%,4.16,35%,185 lbs.,12585614e0ed2626,Nick Maximov,8-2-0
"Oct 27, 1989","5' 7""","70""",3.05,4.36,Southpaw,36%,68%,0.3,28%,0.46,96%,145 lbs.,1291edf2d566a71a,Julio Arce,19-6-0
"Dec 13, 1980","6' 0""","72""",4.04,3.72,Orthodox,48%,46%,0.9,0%,0.00,27%,155 lbs.,129537073431e52e,Garett Whiteley,7-3-0
"Jan 27, 1991","5' 11""","73""",3.65,5.16,Orthodox,50%,60%,0.2,17%,0.64,44%,145 lbs.,12e0fdc606f7e274,Luis Saldana,16-7-1
"Jul 13, 1989","6' 0""","74""",5.35,3.86,Orthodox,48%,41%,0.0,22%,0.77,74%,185 lbs.,12ebd7d157e91701,Bruno Silva,23-13-0
"Oct 01, 1979","5' 8""","72""",1.14,0.88,Orthodox,64%,46%,1.6,33%,2.20,50%,135 lbs.,12f1b140e248bdb9,Jerrod Sanders,16-3-0 (1 NC)
"Dec 23, 1985","5' 6""","65""",4.89,7.10,Orthodox,51%,51%,0.3,55%,1.52,58%,125 lbs.,12f91bfa8f1f723b,Joanne Wood,17-8-0
"Jul 24, 1985","6' 0""",--,7.01,0.63,Orthodox,55%,25%,0.0,50%,2.82,60%,185 lbs.,132505067f08c54d,Bubba Bush,8-3-0 (1 NC)
"Mar 07, 1988","5' 5""","66""",2.00,3.04,Southpaw,52%,63%,0.3,61%,2.65,76%,125 lbs.,132deb59abae64b1,Valentina Shevchenko,26-4-1
"Mar 20, 1984","6' 3""","81""",2.69,1.69,Southpaw,37%,59%,1.1,50%,1.69,33%,205 lbs.,132f860d02953f4c,Goran Reljic,15-8-0
"Jul 22, 1989","6' 4""","80""",3.22,4.03,Switch,48%,55%,0.1,9%,0.05,76%,185 lbs.,1338e2c7480bdf9e,Israel Adesanya,24-6-0
"Feb 03, 1991","5' 10""","74""",2.44,3.36,Orthodox,42%,61%,0.0,28%,1.00,70%,155 lbs.,135d124172a0bea3,Damir Ismagulov,24-3-0
"Mar 16, 1984","5' 11""","77""",4.35,4.42,Switch,49%,56%,0.0,40%,0.54,64%,185 lbs.,13a0275fa13c4d26,Jared Cannonier,18-9-0
"Nov 25, 1964","5' 10""",--,0.00,0.00,Switch,0%,0%,0.0,0%,0.00,0%,199 lbs.,13b2f59210dda9cc,Kevin Jackson,4-2-0
"May 26, 1964","5' 9""",--,0.00,0.00,Orthodox,0%,0%,0.0,0%,0.00,0%,220 lbs.,13c4313ed0f744f3,Brad Kohler,12-15-0
--,"6' 0""",--,0.00,0.00,Orthodox,0%,0%,0.0,0%,0.00,0%,240 lbs.,13e62d766b709aa6,Steve Nelmark,2-1-0
"Sep 09, 1988","6' 7""","84""",2.54,2.11,Orthodox,59%,46%,0.0,0%,0.00,50%,265 lbs.,140567899d98978a,Robelis Despaigne,5-2-0
"Nov 25, 1981","6' 1""","76""",2.79,3.57,Orthodox,50%,54%,0.7,48%,2.01,49%,205 lbs.,140745cbbcb023ac,Mauricio Rua,27-14-1
"Aug 20, 1984","5' 10""","71""",5.12,2.56,Orthodox,51%,35%,0.0,33%,2.02,33%,170 lbs.,1411c630ba711b64,Tommy Speer,21-7-0
"Jun 21, 1994","6' 0""","75""",7.00,3.41,Switch,49%,40%,1.0,72%,1.91,83%,185 lbs.,147e70aa6cc48cfc,Tresean Gore,7-4-0
"May 15, 1997","5' 7""","69""",4.56,1.49,Orthodox,53%,38%,1.0,16%,1.94,66%,135 lbs.,148bb103cfbf123e,Toshiomi Kazama,11-5-0
"Mar 18, 1993","5' 10""","74""",6.59,5.46,Orthodox,46%,52%,0.2,39%,2.53,83%,170 lbs.,1497e735d9f2560a,Ange Loosa,10-5-0 (1 NC)
"Sep 25, 1980","5' 5""","67""",6.10,3.00,Orthodox,30%,57%,0.0,23%,1.66,83%,125 lbs.,14aa21bc82cac57d,Iliarde Santos,30-13-1 (1 NC)
"Dec 22, 1986","5' 11""","70""",2.88,3.06,Southpaw,35%,64%,0.0,26%,1.98,77%,155 lbs.,14ff46596ad80609,Norman Parke,23-6-1
"Dec 04, 1991","5' 11""","69""",4.60,6.92,Orthodox,48%,58%,0.3,53%,0.22,81%,155 lbs.,150ff4cc642270b9,Max Holloway,28-9-0
"Oct 06, 1984","5' 3""",--,4.64,3.68,Orthodox,49%,56%,0.0,0%,0.00,33%,115 lbs.,1536a25e16fc299b,Anna Elmose,3-2-0
"Aug 31, 1972","5' 11""",--,2.59,2.59,Southpaw,39%,64%,0.0,100%,3.53,0%,185 lbs.,155bfc7ed36622df,Solomon Hutcherson,11-7-0 (1 NC)
"May 14, 1974","5' 11""",--,2.60,0.20,Orthodox,36%,53%,0.8,0%,0.00,25%,200 lbs.,1562b12763cc8d67,Alex Andrade,10-5-0
"Sep 26, 1991","6' 3""","73""",2.81,3.34,Southpaw,50%,60%,1.1,0%,0.00,70%,185 lbs.,1588b787bda7b540,Tom Breese,12-3-0
"Nov 11, 1985","5' 9""","72""",2.08,2.39,Orthodox,48%,63%,0.4,37%,1.76,65%,155 lbs.,159da492e000afbf,Leandro Silva,20-6-1 (1 NC)
"Jan 26, 1982","5' 8""","71""",3.38,2.19,Orthodox,33%,59%,1.6,36%,2.49,11%,155 lbs.,15b1b21cd743d652,Rafaello Oliveira,17-8-0
"Jul 03, 1983","5' 11""",--,4.41,3.29,Orthodox,38%,57%,0.0,0%,0.00,77%,155 lbs.,15df64c02b6b0fde,Danny Abbadi,4-6-0
"Jan 30, 2000","5' 8""","70""",6.44,4.56,Orthodox,49%,44%,0.0,0%,0.00,71%,145 lbs.,15ea371202eb25e1,Roberto Romero,8-5-1
"Jul 24, 1978","5' 10""","69""",2.40,3.88,Southpaw,52%,61%,0.0,47%,3.17,50%,170 lbs.,15ec018d144710db,Nathan Coy,15-7-0
"Nov 04, 1980","5' 7""",--,9.77,0.47,Orthodox,25%,36%,0.0,0%,0.00,50%,155 lbs.,15edcf67ccf5be84,Brian Geraghty,26-18-1
"Apr 14, 1987","5' 6""","69""",2.57,4.52,Southpaw,52%,55%,0.0,0%,0.00,53%,125 lbs.,1641ef250e9de19b,Sarah Frota,9-2-0
"Apr 16, 1976","5' 9""","72""",3.93,2.77,Orthodox,45%,40%,0.5,47%,1.46,60%,170 lbs.,1652f3213655b935,Phil Baroni,15-18-0
"Mar 08, 1987","5' 2""","62""",5.15,4.20,Southpaw,39%,61%,0.2,0%,0.00,66%,115 lbs.,165c244bcca3ed26,Seo Hee Ham,17-8-0
"Oct 12, 1987","6' 0""","73""",2.84,2.97,Orthodox,34%,55%,0.2,45%,2.58,65%,185 lbs.,16690d100f995f8f,Omari Akhmedov,21-6-1
"May 30, 1991","5' 11""","75""",12.00,4.00,Orthodox,33%,40%,0.0,0%,0.00,0%,170 lbs.,16a64f93f6678b7b,Martin Sano,4-3-1
"Sep 20, 1984","6' 3""",--,2.09,1.48,Orthodox,28%,51%,0.0,20%,1.36,33%,155 lbs.,16af2d5a6f28bee2,Quinn Mulhern,18-4-0
"Sep 07, 1994","5' 7""",--,4.14,1.21,Orthodox,19%,55%,0.0,0%,0.00,0%,135 lbs.,16b89be2f5c16fba,Larissa Pacheco,10-2-0
"Oct 12, 1989","6' 1""",--,7.53,6.33,Orthodox,44%,51%,0.0,16%,2.00,50%,185 lbs.,16bf6a73bdd302cd,Collin Hart,6-3-1
"Apr 13, 1988","6' 6""","77""",3.87,4.43,Orthodox,36%,59%,0.4,42%,0.63,63%,185 lbs.,172c2135e70f87b7,Luke Barnatt,13-4-0
"Dec 18, 1983","5' 9""","71""",4.32,2.28,Orthodox,44%,40%,1.6,34%,2.51,42%,135 lbs.,173acb3f920082b8,Roland Delorme,9-5-0 (1 NC)
"Mar 29, 1994","5' 3""",--,3.07,2.50,Orthodox,50%,52%,1.7,100%,0.85,40%,115 lbs.,175852708cb55776,Cristina Stanciu,5-2-0
"Dec 28, 1999","6' 0""","75""",3.03,5.01,Orthodox,57%,45%,0.8,35%,7.25,80%,155 lbs.,17734443a833cdf7,Quillan Salkilld,12-1-0
"Oct 09, 1986","5' 11""","73""",4.20,3.25,Southpaw,40%,53%,0.1,40%,0.69,61%,250 lbs.,1788eee370f077b7,Blagoy Ivanov,19-6-0 (1 NC)
"Dec 07, 1999","6' 7""","83""",4.10,4.85,Orthodox,62%,41%,0.0,30%,2.40,0%,258 lbs.,17923f676f100e16,Tallison Teixeira,9-2-0
"Feb 09, 1978","6' 0""","71""",2.26,3.12,Orthodox,51%,57%,0.6,29%,3.17,57%,185 lbs.,179f1948dc234f1f,Mark Munoz,14-6-0
"Mar 22, 1998","5' 7""","71""",2.47,2.72,Orthodox,42%,53%,2.1,50%,3.37,56%,125 lbs.,17cb6d8e8187f304,Nyamjargal Tumendemberel,10-1-0
"Oct 10, 2001","5' 5""","65""",5.82,8.43,Orthodox,57%,58%,0.2,61%,0.82,75%,125 lbs.,17e97649403ba428,Joshua Van,17-2-0
"Jul 17, 1982","5' 9""","70""",3.70,2.55,Southpaw,64%,37%,0.6,36%,3.89,83%,155 lbs.,182f2b78582de3d8,Marcus LeVesseur,22-7-0
--,"5' 10""",--,0.00,0.00,Orthodox,0%,0%,0.0,0%,0.00,0%,188 lbs.,184b955181bdef52,Wes Albritton,0-1-0
"Jan 26, 1961","6' 0""",--,0.00,0.00,Orthodox,0%,0%,0.0,0%,0.00,0%,190 lbs.,18524b46c570730b,Mark Hall,5-6-0
"Mar 07, 1983","5' 11""",--,5.52,2.28,Orthodox,35%,45%,0.0,33%,2.51,0%,170 lbs.,185fb0200a4605e6,Steve Kennedy,24-8-0
"May 25, 1986","5' 9""","71""",3.25,3.13,Orthodox,40%,57%,0.4,38%,1.10,61%,155 lbs.,18968f97ad34f15c,Jeremy Stephens,29-23-0 (1 NC)
"Dec 14, 1991","5' 5""","66""",5.12,2.82,Orthodox,32%,57%,0.0,43%,1.74,75%,135 lbs.,1897b7b913736a7c,Alatengheili,17-10-2
"Feb 20, 1979","5' 11""",--,1.93,1.61,Orthodox,54%,50%,0.6,25%,3.62,100%,185 lbs.,18aecaf50f52e4c3,Phillip Miller,16-0-0
"Nov 28, 1988","6' 4""","82""",4.24,4.35,Southpaw,53%,41%,0.0,0%,0.00,37%,205 lbs.,18b602842a24f7c5,Mike Rodriguez,11-7-0 (1 NC)
"Nov 30, 1995","5' 9""","70""",2.86,5.44,Switch,47%,58%,0.2,43%,1.27,71%,145 lbs.,18d01f7f8338ae72,Vinicius Oliveira,24-4-0
"Jul 28, 1987","5' 10""","70""",4.21,2.05,Southpaw,44%,39%,0.7,50%,0.35,47%,155 lbs.,18e8b7070228e728,Darrell Horcher,13-4-0
"Jun 13, 1992","5' 8""","72""",6.85,2.21,Orthodox,43%,48%,0.0,0%,0.00,0%,145 lbs.,192520689012c7e4,Suman Mokhtarian,8-5-0
"Feb 13, 1990","6' 0""","75""",4.94,4.82,Switch,48%,49%,0.6,33%,0.68,77%,155 lbs.,193b9d1858bc4df3,Dan Hooker,24-14-0
"Apr 16, 1986","6' 0""",--,4.31,1.17,Orthodox,12%,41%,0.0,50%,0.80,0%,155 lbs.,196ed28337adc630,Pat Audinwood,11-2-1
"Sep 22, 1986","5' 11""","71""",4.75,3.21,Orthodox,39%,51%,0.0,16%,0.36,83%,145 lbs.,1971869b7e054261,Mike de la Torre,14-7-0 (1 NC)
"Mar 27, 1978","5' 9""",--,1.73,0.00,Orthodox,0%,43%,2.0,10%,1.00,0%,170 lbs.,1975c2272ba40e71,Nick Serra,7-3-0
"Jun 08, 1993","5' 11""","75""",4.12,4.17,Southpaw,37%,61%,0.0,44%,2.91,0%,170 lbs.,198994b47f395af0,Carlo Pedersoli Jr.,11-3-0
"Jun 24, 1991","6' 2""","78""",6.39,3.15,Orthodox,26%,54%,0.7,0%,0.00,0%,170 lbs.,1999ffb5cebc314f,Brian Camozzi,7-5-0
"Jun 14, 1997","5' 9""","71""",3.37,3.67,Orthodox,35%,60%,2.5,0%,0.00,60%,125 lbs.,199eb7cf6ae90294,Naoki Inoue,11-1-0
"Feb 09, 1984","6' 1""","73""",3.11,2.75,Orthodox,48%,49%,0.8,100%,0.41,66%,170 lbs.,19a8cce18a1cef9e,James Head,9-4-0
"Jan 29, 1994","5' 4""","63""",6.64,4.42,Orthodox,48%,55%,0.3,43%,2.28,25%,115 lbs.,19b7738321cfae42,Mallory Martin,7-5-0
"Jan 08, 1992","5' 11""","69""",4.46,5.10,Orthodox,50%,57%,0.1,0%,0.00,43%,155 lbs.,19c591115a58982c,Viacheslav Borshchev,8-7-1
"Nov 07, 1980","5' 9""","73""",2.91,3.41,Orthodox,49%,59%,0.6,16%,1.56,75%,155 lbs.,19db7ac26308178f,Ivan Jorge,27-7-0
"Dec 05, 1993","5' 1""","59""",5.42,5.27,Southpaw,49%,46%,0.0,0%,0.00,75%,115 lbs.,19f8a2f6eecd92ac,Puja Tomar,9-6-0
--,"6' 1""",--,0.00,0.00,Southpaw,0%,0%,0.0,0%,0.00,0%,260 lbs.,19ffeb5e3fffd6d5,Joe Charles,6-13-0
"Jan 21, 1987","5' 9""","70""",4.85,5.55,Switch,47%,45%,1.4,0%,0.00,52%,135 lbs.,1a08b01fdabb6ae2,Tony Kelley,8-3-0
"Nov 27, 1968","6' 4""",--,7.91,6.19,Orthodox,69%,37%,5.2,100%,2.58,50%,243 lbs.,1a1a4d7a29041d77,Colin Robinson,10-12-0
"Nov 04, 1977","5' 8""",--,0.67,0.00,Orthodox,0%,75%,0.0,0%,0.00,66%,155 lbs.,1a225f04aa6e0739,Kelly Dullanty,4-2-0
"Jul 04, 1996","5' 11""","72""",4.26,4.49,Switch,39%,54%,1.3,25%,1.58,20%,135 lbs.,1a2bf44edb8055b6,Serhiy Sidey,12-2-0
"Jan 06, 1993","5' 6""","66""",2.98,3.31,Orthodox,51%,65%,0.8,43%,1.22,90%,125 lbs.,1a31ef98efce7a79,Matheus Nicolau,19-6-1
--,"6' 1""",--,0.00,0.00,Southpaw,0%,0%,0.0,0%,0.00,0%,215 lbs.,1a49e0670dfaca31,Jim Mullen,0-2-0
"Jan 20, 1990","5' 10""","71""",5.67,2.50,Orthodox,30%,55%,0.0,0%,0.00,66%,135 lbs.,1a54231796e24a3f,Liudvik Sholinian,9-4-1
"May 19, 1983","5' 9""","69""",2.44,1.41,Southpaw,41%,65%,1.1,46%,2.80,77%,155 lbs.,1a7745388839e52b,John Maguire,24-9-0
"Jan 16, 1992","6' 6""","81""",3.61,3.22,Orthodox,43%,46%,0.0,38%,0.59,46%,260 lbs.,1a9480fc288e55d7,Don'Tale Mayes,11-9-0 (1 NC)
"Feb 28, 1991","6' 3""","75""",6.18,5.87,Orthodox,47%,38%,0.0,0%,0.00,100%,265 lbs.,1a97a3ef4c758fae,Gokhan Saricam,12-2-0
"Oct 04, 1985","5' 7""","64""",4.83,2.96,Orthodox,31%,56%,0.0,25%,0.34,81%,115 lbs.,1a98c9dbb7fc3959,Jocelyn Jones-Lybarger,6-4-0
"Dec 20, 1975","6' 3""",--,3.16,3.62,,56%,33%,0.0,0%,0.00,42%,230 lbs.,1abfb658cd4f8533,Nandor Guelmino,11-5-1
"Mar 25, 1989","5' 10""",--,8.53,1.47,Orthodox,29%,29%,0.0,0%,0.00,100%,155 lbs.,1ad381c8994c4e5b,Ben Wall,8-7-1
"Aug 01, 1995","5' 9""","72""",3.97,2.91,Orthodox,36%,54%,1.0,57%,2.51,67%,145 lbs.,1ae8f3c723aacff4,Ricardo Ramos,17-8-0
"Jul 02, 1990","5' 8""","66""",1.10,4.29,Southpaw,62%,66%,0.9,37%,2.84,100%,135 lbs.,1af1170ed937cba7,Kayla Harrison,19-1-0
"Dec 16, 1999","5' 6""","65""",3.04,5.20,Orthodox,42%,64%,0.3,71%,1.30,80%,115 lbs.,1b35af4d1529adf6,Stephanie Luciano,7-2-1
"May 08, 1984","6' 0""","77""",1.80,5.40,Orthodox,50%,59%,0.0,100%,1.00,71%,155 lbs.,1b38a2b897f6209c,Felipe Silva,8-2-0
"Jul 23, 1982","6' 0""","72""",3.73,2.42,Orthodox,42%,59%,0.4,38%,1.20,75%,170 lbs.,1bcaac2d99b90fce,Sergio Moraes,14-6-1
--,"5' 9""",--,0.00,0.00,Orthodox,0%,0%,0.0,0%,0.00,0%,170 lbs.,1c061eb6e29eaa0a,Bob Cook,5-0-0
"Nov 20, 1998","6' 0""","73""",8.65,11.35,Orthodox,57%,52%,0.0,0%,0.00,100%,205 lbs.,1c23ec2f1b71be40,Iwo Baraniewski,9-0-0
"Dec 02, 1973","5' 11""",--,0.00,0.00,Orthodox,0%,0%,0.0,0%,0.00,0%,170 lbs.,1c2f2571b18791b6,Laverne Clark,27-21-1
"Jul 28, 1968","6' 3""",--,0.00,0.00,Orthodox,0%,0%,0.0,0%,0.00,0%,230 lbs.,1c3f5e85b59ec710,Brian Johnston,5-5-0
"Jun 02, 1978","5' 11""","76""",1.82,1.46,Orthodox,46%,62%,1.4,42%,3.05,83%,170 lbs.,1c86754617d9813a,Roan Carneiro,21-11-0
"Aug 24, 1970","5' 11""","74""",2.70,2.44,Orthodox,47%,51%,0.3,52%,1.52,57%,185 lbs.,1ccf4e7caff270df,Dan Henderson,32-15-0
"Nov 14, 1982","5' 9""",--,5.87,4.87,Orthodox,52%,55%,0.0,0%,0.00,0%,145 lbs.,1cecc8fe6748a532,Stephen Bass,11-2-0
"Jul 14, 1973","6' 2""","77""",3.61,1.36,Orthodox,19%,53%,0.0,0%,0.00,0%,245 lbs.,1cf1310684a841f5,Mostapha Al-Turk,6-6-0
"Jan 24, 1990","6' 0""","76""",3.93,3.30,Southpaw,52%,51%,1.5,40%,0.61,38%,185 lbs.,1cf7ccf64a5bf24e,Oskar Piechota,11-3-1 (1 NC)
"Mar 29, 1983","6' 1""","73""",4.48,4.41,Orthodox,46%,53%,1.2,33%,1.16,73%,155 lbs.,1d00756835ca67c9,Donald Cerrone,36-17-0 (2 NC)
"Jan 16, 1963","5' 9""",--,0.00,0.00,,0%,0%,0.0,0%,0.00,0%,190 lbs.,1d147d4163a6989b,Nick Sanzo,1-1-0
"Feb 01, 1982","5' 9""",--,1.13,1.07,,40%,43%,2.0,25%,1.00,20%,155 lbs.,1d1b85389a05df69,Chris Tickle,9-9-0
"Apr 24, 1984","5' 9""","71""",2.00,2.57,Orthodox,46%,65%,0.4,0%,0.00,65%,135 lbs.,1d239d571e342453,Germaine de Randamie,10-5-0
"Sep 17, 1997","6' 0""","74""",5.29,4.07,Southpaw,45%,61%,0.0,36%,2.22,0%,155 lbs.,1d2d98ddd05b38fb,Axel Sola,11-1-1
"Nov 15, 1989","6' 1""",--,1.75,1.40,Orthodox,33%,60%,0.8,0%,0.00,61%,155 lbs.,1d36f1ac66cf689d,Josh Shockley,11-4-0
"Dec 09, 1981","5' 11""","71""",5.39,3.33,Orthodox,43%,43%,0.0,41%,2.77,0%,205 lbs.,1d4bbaabd8b60173,Stanislav Nedkov,12-2-0 (1 NC)
"Feb 07, 1965","6' 2""",--,3.02,1.83,Orthodox,35%,56%,0.0,100%,0.87,80%,233 lbs.,1dab0d1d81dd06db,Tra Telligman,7-5-1
"Apr 12, 1983","5' 9""","69""",1.99,2.33,Southpaw,46%,62%,0.0,30%,1.90,45%,145 lbs.,1dafccb62a0f98ec,Robert Whiteford,14-4-0
"Aug 26, 1967","6' 0""",--,0.00,0.00,Orthodox,0%,0%,0.0,0%,0.00,0%,210 lbs.,1dc56b59cb28425d,Oleg Taktarov,17-5-2
"Jul 17, 2005","5' 9""","66""",3.20,3.96,Southpaw,48%,62%,0.0,0%,0.00,72%,135 lbs.,1dd1a3aacde66f72,Sulangrangbo,10-4-0
"Dec 31, 1986","6' 2""","75""",3.62,1.10,Southpaw,20%,49%,0.3,26%,1.35,16%,170 lbs.,1ddb480b601cefb1,Chance Rencountre,14-4-0
"Dec 16, 1988","5' 5""","65""",4.43,5.60,Southpaw,41%,64%,0.4,54%,2.25,69%,135 lbs.,1de9ad94de18eeaf,Nicco Montano,5-3-0
"Feb 18, 1980","6' 1""","79""",3.97,3.43,Orthodox,54%,49%,0.4,18%,0.53,70%,205 lbs.,1e1dbd1cc5a7469e,Jimi Manuwa,17-6-0
"Oct 30, 1986","6' 2""","76""",0.82,3.29,Orthodox,47%,78%,0.0,56%,5.84,100%,170 lbs.,1e327b281ef6a745,Adlan Amagov,14-2-1
"May 25, 1983","5' 6""",--,3.57,2.72,Orthodox,25%,68%,0.0,0%,0.00,0%,125 lbs.,1e35aa8955794580,Ulysses Gomez,9-5-0
"Jun 10, 1970","5' 3""",--,0.00,0.00,,0%,0%,0.0,0%,0.00,0%,145 lbs.,1e38bba6738b7b10,Alfonso Alcarez,1-3-1
"Mar 21, 1997","6' 1""","75""",1.58,2.68,Orthodox,52%,63%,0.5,42%,1.86,70%,155 lbs.,1e4f273069fb9e85,Fares Ziam,18-5-0
"Nov 04, 1992","5' 10""","72""",3.75,3.27,Orthodox,49%,51%,0.6,22%,1.00,50%,185 lbs.,1e719d4b676dc19a,Brunno Ferreira,15-4-0
"Feb 06, 1977","5' 11""","73""",3.39,2.24,Orthodox,48%,41%,0.4,33%,1.18,26%,170 lbs.,1e7483dbff40b84b,Vik Grujic,6-6-0
"Nov 08, 1976","5' 10""",--,2.68,1.34,Orthodox,36%,50%,1.6,0%,0.00,50%,155 lbs.,1ea8df62b3f8fea6,Justin James,13-7-0
"May 17, 1975","6' 4""","82""",1.28,3.33,Orthodox,56%,54%,0.2,56%,2.30,52%,240 lbs.,1eacf73d6a0055dc,Cheick Kongo,27-10-2
"Aug 12, 1986","5' 4""",--,4.07,2.23,Orthodox,37%,57%,0.5,11%,1.04,0%,115 lbs.,1ebdcb7488d0ebee,Pearl Gonzalez,6-3-0
"Aug 13, 1989","5' 4""","63""",2.63,4.66,Switch,52%,53%,0.5,44%,1.96,63%,115 lbs.,1ebe20ebbfa15e29,Zhang Weili,26-4-0
"Apr 17, 1986","5' 7""",--,3.08,1.60,Orthodox,28%,59%,0.9,11%,0.47,66%,135 lbs.,1ed32eaaba9ffe10,Jumabieke Tuerxun,19-4-1
"Jun 06, 1979","5' 10""","71""",1.64,1.11,Orthodox,57%,54%,0.0,63%,2.65,14%,155 lbs.,1efa064872f089d0,David Bielkheden,24-12-0
"Dec 19, 1986","6' 0""","74""",3.85,2.46,Orthodox,43%,53%,0.0,0%,0.00,77%,250 lbs.,1eff7bc0f815b270,Yorgan De Castro,6-3-0
"Oct 09, 1996","5' 6""","70""",3.64,5.35,Orthodox,53%,56%,0.6,50%,1.10,64%,135 lbs.,1effd880e1f1bb30,Garrett Armfield,10-5-0
"Apr 14, 1975","6' 2""","77""",2.05,3.05,Southpaw,61%,60%,0.8,77%,0.50,69%,185 lbs.,1f454354805b6f75,Anderson Silva,34-11-0 (1 NC)
"Jun 28, 1989","5' 10""","72""",2.66,3.95,Orthodox,38%,61%,0.2,45%,1.70,72%,155 lbs.,1f4b04a926ef1287,Johnny Case,22-6-0
--,--,--,0.00,0.00,,0%,0%,0.0,0%,0.00,0%,--,1f5f75658551f2d3,Sam Fulton,0-2-0
"Nov 29, 1983","6' 3""",--,4.13,1.93,Orthodox,30%,44%,1.0,50%,2.00,100%,185 lbs.,1f77fce698e80488,James Hammortree,6-3-0
"Sep 27, 1986","5' 11""",--,2.20,1.27,,20%,52%,0.0,0%,0.00,44%,170 lbs.,1f9c371c93dfd3a9,Ryan McGillivray,12-0-1
"Mar 17, 1980","6' 1""","75""",4.31,5.29,Orthodox,58%,53%,0.6,57%,0.44,61%,205 lbs.,1fb80f46d3c105d9,Fabio Maldonado,23-11-0
"Dec 19, 1991","5' 10""","72""",3.97,1.80,Switch,25%,57%,0.0,40%,1.00,87%,170 lbs.,1fc64507a0cb38cf,Rostem Akman,6-2-0
"Jan 11, 1987","6' 0""","75""",2.90,2.14,Southpaw,40%,58%,0.5,32%,1.53,77%,170 lbs.,1fcfc3709fe58151,Peter Sobotta,17-7-1
"Jul 27, 1978","6' 0""","72""",4.56,5.13,Southpaw,51%,52%,0.7,100%,1.42,56%,185 lbs.,1fd4fbdcc67de844,Drew McFedries,12-7-0
"Jul 17, 1975","5' 11""",--,2.57,1.14,Southpaw,42%,51%,0.5,41%,0.76,37%,183 lbs.,1fe7adb23b3eedfb,Yuki Kondo,60-33-9
"May 24, 1979","6' 3""","79""",3.84,2.18,Southpaw,47%,38%,2.0,40%,2.02,54%,264 lbs.,1ff9589f9065a9ed,Frank Mir,18-11-0
--,"5' 6""",--,0.00,0.00,Orthodox,0%,0%,0.0,0%,0.00,0%,160 lbs.,1ffc38f67785797b,Lowell Anderson,0-1-0
"Apr 20, 1984","5' 6""","68""",2.30,3.71,Orthodox,41%,65%,0.9,46%,1.87,59%,145 lbs.,20205040232ed0f3,Tyson Griffin,16-8-0
"Jul 15, 1990","6' 3""","77""",2.54,1.58,Orthodox,36%,56%,0.0,28%,3.29,100%,240 lbs.,202b0467521c9d6f,Viktor Pesta,10-4-0
"Jan 16, 1985","6' 3""","77""",5.07,4.45,Orthodox,41%,51%,0.2,100%,0.23,73%,170 lbs.,203c957eac95dd87,Hyun Gyu Lim,13-7-1
"Sep 28, 1981","5' 10""",--,3.74,1.05,Orthodox,22%,40%,0.5,20%,1.43,0%,170 lbs.,2067a177a2842fbf,Sammy Morgan,18-12-0
"Jul 30, 1993","5' 9""","76""",3.91,4.55,Orthodox,53%,49%,0.3,25%,0.35,85%,155 lbs.,207773daeb4afa7b,Devonte Smith,11-4-0
"Aug 25, 1989","5' 5""","68""",3.65,2.88,Orthodox,39%,58%,0.4,22%,0.28,72%,125 lbs.,20999e27ddd94bda,Ryan Benoit,10-8-0
"May 23, 2002","6' 3""","79""",4.86,4.24,Orthodox,45%,49%,0.0,0%,0.00,0%,170 lbs.,20a0e4cc5227c117,Jose Souza,9-1-0
"Sep 25, 1984","6' 3""","76""",1.92,1.31,Orthodox,31%,69%,0.2,54%,6.39,25%,205 lbs.,20bcc9966affb19c,Jake O'Brien,15-4-0
"Sep 14, 1996","5' 10""","71""",3.19,4.29,Southpaw,47%,50%,0.8,35%,1.53,50%,145 lbs.,20bccc9bb4ceb23e,Melquizael Costa,26-8-0
--,"5' 5""",--,0.00,0.00,Orthodox,0%,0%,0.0,0%,0.00,0%,170 lbs.,20bd6c3e03c46ee6,Townsend Saunders,0-2-0
"Sep 27, 2003","5' 9""","69""",3.57,1.02,Orthodox,61%,26%,0.0,0%,0.00,64%,155 lbs.,20d37922ba85e6fc,Artur Minev,7-1-0
"Sep 16, 1968","6' 3""",--,2.77,0.92,Orthodox,50%,57%,0.0,0%,0.00,0%,227 lbs.,20ec0061400178ca,Roberto Traven,6-4-1
"Jun 16, 1977","5' 10""","72""",2.13,2.28,Orthodox,47%,59%,0.0,37%,0.74,75%,170 lbs.,210935fd21670f6d,Rich Attonito,10-5-0
"Aug 14, 1978","5' 9""",--,3.79,6.21,Southpaw,40%,59%,0.0,0%,0.00,0%,170 lbs.,21321cdfba797c52,Derrick Noble,27-15-1
"May 06, 1982","5' 11""",--,4.80,3.92,Orthodox,50%,41%,0.0,0%,0.00,100%,170 lbs.,2153a7f8396a46cc,Luiz Dutra,13-6-1
"Nov 08, 1989","5' 6""","69""",2.94,4.22,Orthodox,52%,57%,0.2,28%,0.75,70%,125 lbs.,215a70f073a7b726,Jordan Espinosa,15-9-0 (1 NC)
"May 09, 1983","6' 4""","76""",4.14,2.79,Orthodox,47%,46%,0.9,33%,1.72,85%,260 lbs.,219a254e15d60135,Tim Hague,21-13-0
"May 20, 1973","5' 11""",--,3.26,1.00,Orthodox,27%,36%,1.7,40%,0.84,16%,170 lbs.,21b1132949f2a9b0,Steve Berger,21-23-2 (1 NC)
"Aug 21, 2000","6' 0""","71""",5.12,4.65,Southpaw,50%,51%,0.0,0%,0.00,50%,170 lbs.,21b5c82c1b89dab1,Yusaku Kinoshita,6-3-0
"Mar 16, 1987","5' 9""","71""",1.52,2.06,Orthodox,67%,40%,0.0,80%,3.26,60%,145 lbs.,21b813b919776d90,Erik Silva,9-4-0
"Dec 20, 1964","6' 1""","75""",2.62,1.88,Orthodox,52%,40%,0.8,40%,3.89,50%,205 lbs.,21b8a0f5c231096f,Mark Coleman,16-10-0
--,--,--,0.00,0.00,,0%,0%,0.0,0%,0.00,0%,--,21f2974fd08085e3,Saeed Hosseini,0-1-0
"Jan 31, 1983","5' 11""",--,1.83,1.07,Orthodox,36%,47%,0.0,0%,0.00,70%,230 lbs.,22061ff217907c78,Konstantin Erokhin,9-3-0
"Jun 26, 1992","5' 1""","62""",5.39,4.99,Orthodox,44%,52%,0.3,100%,0.26,64%,115 lbs.,2244d9a2b64b8c3b,Hannah Cifers,10-7-0
"Jun 04, 1996","5' 4""","67""",4.80,2.10,Southpaw,21%,50%,0.0,0%,0.00,66%,135 lbs.,225def29ecfe0fc1,Carlos Huachin,10-5-1
"Dec 19, 1981","6' 2""","74""",4.46,4.56,Orthodox,32%,62%,0.0,33%,0.74,80%,185 lbs.,2284092f8b63273b,Luke Zachrich,14-4-0
"Mar 01, 1989","5' 9""","69""",3.02,1.61,Orthodox,42%,56%,0.4,42%,3.28,77%,135 lbs.,2296125b6c362355,Wulijiburen,20-9-0
"Sep 05, 1960","6' 8""",--,0.00,0.00,Open Stance,0%,0%,0.0,0%,0.00,0%,770 lbs.,2299605af59fd309,Emmanuel Yarborough,1-2-0
"Feb 12, 1984","5' 11""","76""",4.37,4.91,Orthodox,45%,55%,0.9,35%,0.39,66%,170 lbs.,22a92d7f62195791,Tony Ferguson,26-11-0
"Apr 01, 1988","5' 11""","75""",1.62,3.05,Orthodox,44%,62%,1.1,62%,5.32,55%,155 lbs.,22aa91e402d0fe1f,Ramsey Nijem,9-6-0
"Jun 29, 1981","6' 1""",--,2.36,1.62,Orthodox,33%,59%,0.3,43%,3.59,77%,205 lbs.,22d1e00e1aabb7c9,Mike Whitehead,27-8-0
"Sep 10, 1997","6' 4""","78""",2.94,3.60,Southpaw,55%,55%,0.0,16%,0.27,56%,185 lbs.,22e07d3da1aa3475,Andrey Pulyaev,10-5-0
"Dec 17, 1979","6' 0""","76""",3.64,1.59,Orthodox,44%,43%,0.1,42%,0.43,36%,185 lbs.,22e47b53e4ceb27c,David Loiseau,23-11-0
"Aug 05, 1980","5' 10""","74""",2.27,0.73,Southpaw,20%,46%,2.5,44%,2.46,40%,170 lbs.,22edaf53ad59a967,Daniel Roberts,15-7-0
"Nov 25, 1979","5' 7""",--,1.45,1.72,Orthodox,41%,58%,1.3,61%,4.08,65%,155 lbs.,22ee260735da0d58,Richard Crunkilton,19-4-0
"Jul 20, 1986","5' 10""","71""",3.68,3.16,Orthodox,48%,52%,0.4,35%,2.04,53%,170 lbs.,23024fdfc966410a,Gilbert Burns,22-10-0
"Aug 22, 1983","6' 0""","73""",4.14,2.35,Orthodox,26%,51%,0.8,0%,0.00,33%,155 lbs.,231926533134ec1f,Justin Buchholz,15-10-0
"Jul 15, 1993","6' 0""","76""",0.40,4.80,Orthodox,69%,78%,0.0,100%,7.50,33%,185 lbs.,231cae8b77fbbcc1,Khalid Murtazaliev,14-2-0
"Aug 01, 1985","6' 2""","76""",1.21,3.75,Orthodox,50%,68%,1.1,60%,1.59,59%,185 lbs.,232c582f29f8f65e,Gegard Mousasi,42-6-2
"Mar 07, 1982","6' 3""","75""",3.93,5.15,Orthodox,42%,55%,0.0,46%,1.57,30%,185 lbs.,23459ee7e373b98f,Jared Hamman,14-6-0
"Nov 12, 1982","6' 6""","79""",2.40,2.31,Orthodox,41%,54%,1.7,45%,0.49,56%,185 lbs.,234f3767ff0e5701,Kendall Grove,23-17-0 (1 NC)
"Sep 01, 1980","5' 8""","71""",2.36,2.62,Orthodox,42%,62%,0.2,42%,3.08,71%,170 lbs.,236a37d96d476164,Mike Pierce,17-7-0
--,--,--,0.00,0.00,Orthodox,0%,0%,0.0,0%,0.00,0%,--,237187ed9f419285,Jack McGlaughlin,1-4-0
"Feb 21, 1983","5' 9""","76""",2.37,3.14,Orthodox,47%,60%,0.0,40%,0.91,64%,170 lbs.,23725c826c481e7f,Paul Daley,39-15-2
"Dec 08, 2001","5' 7""","68""",4.41,6.12,Switch,48%,57%,0.0,28%,0.66,84%,145 lbs.,239d8e5359022f3b,Kevin Vallejos,18-1-0
"Mar 25, 1982","6' 0""","71""",10.27,1.98,Orthodox,21%,45%,0.0,0%,0.00,0%,170 lbs.,23a16ebe733e3041,Rory Markham,17-6-0
"Sep 02, 1986","5' 10""",--,3.00,1.43,,33%,50%,1.0,38%,2.50,60%,170 lbs.,23a6e307077c6ccc,Enrique Marin,10-4-0
"Jan 25, 1943","5' 10""",--,0.00,0.00,Orthodox,0%,0%,0.0,0%,0.00,0%,190 lbs.,23ab42947c1990e3,Ron van Clief,0-1-0
"Mar 24, 1994","6' 4""","77""",4.00,4.47,Switch,54%,43%,1.2,61%,2.74,52%,185 lbs.,23dec7c47cb418f8,Zach Reese,10-4-0 (1 NC)
"Aug 28, 1997","5' 5""",--,7.77,6.23,Orthodox,31%,55%,0.0,0%,0.00,0%,115 lbs.,24174a3f44ce8e03,Chan-Mi Jeon,5-2-0
"Jul 11, 1988","5' 9""","70""",5.73,2.95,Southpaw,42%,51%,0.7,25%,0.35,0%,145 lbs.,242d36d241b43c12,Kron Gracie,5-3-0
"Nov 19, 1987","5' 8""","68""",4.11,4.47,Orthodox,48%,68%,0.0,14%,0.12,83%,135 lbs.,24656ef4d605c96f,Aiemann Zahabi,14-3-0
"Apr 24, 1981","6' 2""","77""",5.00,4.79,Southpaw,41%,60%,0.3,28%,0.56,100%,185 lbs.,24b033b3daf1c9df,Luiz Cane,17-7-0 (1 NC)
"Oct 03, 1989","5' 5""",--,4.63,3.57,Orthodox,41%,62%,0.0,42%,4.00,83%,135 lbs.,2525a853486ee670,Sirwan Kakai,12-5-0
"Jun 27, 1992","5' 6""","69""",5.16,4.59,Orthodox,50%,56%,0.0,58%,3.99,62%,125 lbs.,2526be54e6a0e62a,Denys Bondar,14-5-0
"Sep 11, 1991","5' 8""","69""",2.53,3.20,Orthodox,51%,53%,0.9,20%,1.04,41%,125 lbs.,253076a23d03dcd0,Allan Nascimento,22-7-0
"Mar 26, 1971","6' 0""",--,6.50,3.49,Orthodox,39%,43%,0.5,0%,0.00,66%,185 lbs.,253de74457bd6374,Tony Fryklund,14-9-1
"Jul 14, 1976","5' 5""",--,2.61,0.43,Orthodox,25%,57%,4.0,0%,0.00,50%,155 lbs.,25433871e4eee0f4,Alberto Crane,15-5-0
--,"5' 9""",--,6.19,3.09,Orthodox,50%,64%,0.0,0%,0.00,0%,155 lbs.,2549d63da9c456cb,Rick Davis,3-1-1
"Mar 30, 1994","6' 0""","77""",5.34,4.97,Orthodox,39%,41%,0.0,0%,0.00,51%,170 lbs.,2558ae2e5671e318,Khaos Williams,16-5-0
"Jan 17, 1994","5' 11""","75""",3.66,4.96,Orthodox,48%,58%,0.2,58%,1.75,66%,170 lbs.,257b0c8d6f199895,Impa Kasanganay,9-2-0
"Jun 22, 1996","5' 10""",--,4.37,3.23,Southpaw,38%,52%,0.0,100%,2.50,100%,155 lbs.,25af5e832f17b474,Jesus Pinedo,16-5-1
"Jun 23, 1991","6' 4""","79""",3.62,3.89,Orthodox,56%,56%,0.0,0%,0.00,70%,254 lbs.,25f9a5f3e8a52618,Jhonata Diniz,9-2-0
"May 29, 1996","6' 3""","75""",4.96,4.44,Southpaw,50%,50%,0.0,18%,0.73,66%,185 lbs.,260bd4cef10b033f,Ihor Potieria,20-8-0
"Sep 25, 1989","6' 0""","73""",4.28,3.43,Orthodox,54%,49%,0.9,22%,2.87,60%,185 lbs.,260e9e0d4954aea6,Rodolfo Vieira,11-5-0
--,"6' 0""",--,0.00,0.00,Southpaw,0%,0%,0.0,0%,0.00,0%,225 lbs.,2620f3eb21c79614,Scott Adams,8-1-0
"Oct 01, 1992","5' 9""","72""",4.45,4.23,Orthodox,40%,59%,0.1,35%,1.05,68%,155 lbs.,262a7d06203657e6,Alexander Hernandez,18-9-0
"Feb 03, 1997","5' 4""","65""",2.36,4.81,Southpaw,45%,66%,0.0,30%,0.43,90%,125 lbs.,262d32ebda89efc4,Natalia Silva,20-5-1
"Jul 28, 1970","5' 8""",--,2.49,1.73,Orthodox,47%,42%,2.9,40%,2.88,50%,155 lbs.,263ebd4a669e1e98,Fabiano Iha,9-5-0
"Aug 27, 1980","5' 10""","75""",3.55,4.71,Orthodox,46%,60%,0.3,27%,0.57,60%,170 lbs.,2650e2f846a30f64,Amir Sadollah,6-5-0
"May 07, 1973","5' 9""",--,6.17,2.72,Orthodox,42%,57%,0.0,0%,0.00,75%,185 lbs.,265589bdd93e7ce5,Lodune Sincaid,15-9-0
"Nov 16, 1983","5' 9""","70""",1.79,2.93,Southpaw,45%,63%,0.8,45%,2.40,63%,170 lbs.,2676b28836a5a836,Benson Henderson,24-7-0
"Nov 21, 1995","5' 9""","70""",7.70,6.77,Southpaw,40%,55%,0.0,33%,0.50,100%,155 lbs.,267f4a6568abe245,Landon Quinones,7-3-1
"Oct 25, 1978","5' 3""","63""",5.10,2.97,Southpaw,54%,50%,1.0,41%,2.31,53%,115 lbs.,26b63bc5c0c1f65d,Alex Chambers,5-5-0
"May 18, 1992","5' 4""","61""",4.67,5.19,Orthodox,47%,50%,0.2,12%,0.66,54%,115 lbs.,26e3f3928b1891d9,Hannah Goldy,6-4-0
"May 18, 1975","5' 7""",--,1.68,0.84,Orthodox,100%,68%,0.0,0%,0.00,50%,155 lbs.,26eddcda9d6b2ffe,Paul Rodriguez,10-9-2
"May 18, 1979","6' 2""","76""",2.94,2.12,Orthodox,45%,57%,1.1,39%,2.80,66%,242 lbs.,270b89c00ef0c55c,Gabriel Gonzaga,17-11-0
"Nov 23, 1965","6' 1""",--,3.57,2.87,Orthodox,64%,37%,0.7,57%,0.91,45%,219 lbs.,271fe91f4ba9d2c5,Don Frye,20-9-1 (1 NC)
--,"6' 0""","73""",3.44,2.13,Orthodox,42%,43%,0.9,50%,2.35,83%,155 lbs.,2721bb808bb2523c,Curt Warburton,13-6-0
"May 01, 1989","5' 9""","73""",3.53,4.69,Southpaw,43%,55%,0.0,33%,0.94,77%,155 lbs.,2747c60e42d9d75f,David Teymur,8-2-0
"Feb 08, 1974","6' 2""","77""",3.41,2.30,Orthodox,50%,38%,1.2,72%,3.10,36%,235 lbs.,27541033b97c076d,Kevin Ferguson,5-2-0 (1 NC)
"Oct 27, 1991","5' 10""","70""",1.45,2.45,Southpaw,58%,61%,1.0,56%,3.10,91%,170 lbs.,275aca31f61ba28c,Islam Makhachev,28-1-0
"Jul 29, 1974","5' 10""",--,1.99,1.84,Orthodox,44%,42%,2.5,50%,0.46,57%,170 lbs.,275cafc9de131c83,Dave Menne,45-17-2
"Jun 08, 1985","5' 10""",--,12.92,0.46,Southpaw,33%,9%,0.0,0%,0.00,0%,170 lbs.,276c60b14b571dd4,Takenori Sato,19-11-7 (1 NC)
"Oct 24, 1988","6' 7""","80""",2.90,4.84,Orthodox,57%,54%,0.2,62%,0.54,68%,250 lbs.,279566840aa55bf2,Alexander Volkov,40-11-0
"Jul 23, 1986","5' 7""",--,1.44,2.23,Switch,56%,45%,0.7,66%,1.31,20%,125 lbs.,27b164b0d1833df0,Kalindra Faria,18-8-1
"May 08, 1992","5' 6""","66""",2.40,2.21,Orthodox,45%,64%,1.7,44%,2.40,63%,125 lbs.,27b388f0aab49780,Dione Barbosa,9-4-0
"Oct 08, 1978","5' 11""",--,6.47,1.83,Orthodox,47%,34%,0.0,28%,1.00,30%,205 lbs.,27d65e9d0fba61ea,Roger Hollett,13-5-0
"Jun 28, 1978","6' 1""",--,5.66,2.86,Orthodox,43%,49%,0.0,25%,0.82,50%,235 lbs.,27fc9218a3653e3c,Justin Eilers,19-7-1
"Jul 02, 1988","5' 8""","71""",6.42,4.92,Orthodox,39%,55%,0.0,50%,0.46,66%,145 lbs.,2804ce8dadab5770,Marcelo Rojo,16-10-0
"Apr 24, 1984","5' 6""","66""",3.61,2.65,Southpaw,35%,59%,0.0,33%,0.86,83%,155 lbs.,2816ced060a21be3,Nick Hein,14-5-0 (1 NC)
"Apr 26, 1984","6' 1""","73""",3.88,3.00,Orthodox,33%,59%,1.8,36%,0.60,38%,145 lbs.,282fa667ff9c51ed,Cole Miller,21-11-0 (1 NC)
"Jul 05, 1993","6' 3""","75""",3.12,3.66,Southpaw,46%,51%,1.2,33%,1.17,48%,155 lbs.,2844b047183a1adb,Luis Pena,9-3-0
"Feb 27, 1991","5' 10""","73""",3.82,4.64,Orthodox,51%,51%,0.8,42%,1.69,54%,185 lbs.,285ae0b4a68221f4,JunYong Park,19-7-0
"Dec 08, 1974","6' 1""",--,4.00,2.27,Southpaw,53%,25%,0.0,0%,0.00,16%,185 lbs.,288aaa8f82040e02,Dante Rivera,16-7-0
"Apr 25, 1979","5' 7""",--,8.14,2.57,Orthodox,60%,42%,0.0,0%,0.00,0%,205 lbs.,28ba5f27e473420c,Alexandre Ferreira,18-6-0
"Jul 19, 1986","6' 0""","72""",4.27,3.41,Orthodox,40%,38%,0.0,0%,0.00,81%,185 lbs.,28c55b4087a6f136,Elvis Mutapcic,15-6-1
"May 04, 1994","5' 11""","74""",7.78,8.75,Orthodox,47%,48%,0.0,11%,0.43,90%,170 lbs.,28d421729451c8ca,Carlos Leal,23-7-0
"Jul 23, 1987","6' 1""","75""",1.80,3.40,Orthodox,40%,62%,0.9,43%,2.61,60%,170 lbs.,28f3c2258a1d8874,John Hathaway,17-2-0
"Oct 31, 1980","5' 7""",--,2.40,1.88,Southpaw,55%,53%,0.3,55%,4.47,83%,145 lbs.,28f62d866c59c709,Waylon Lowe,16-7-0 (2 NC)
"Nov 16, 1993","5' 5""","64""",5.35,5.44,Orthodox,43%,57%,0.2,15%,0.64,60%,125 lbs.,29162be25ebef5f0,Luis Gurule,11-4-0
"Nov 12, 1982","6' 2""","74""",2.55,3.92,Orthodox,50%,67%,0.7,47%,1.03,70%,205 lbs.,2924886ee9c4c527,Thiago Silva,19-6-0 (2 NC)
"May 01, 1988","5' 6""",--,5.00,3.64,Orthodox,44%,47%,0.0,0%,0.00,0%,145 lbs.,2937cb502dda0808,Anistavio Medeiros,19-10-0
"Mar 16, 1990","5' 4""","65""",4.72,3.95,Orthodox,51%,51%,0.2,24%,1.94,72%,125 lbs.,294aa73dbf37d281,Bruno Silva,15-9-2 (1 NC)
"Sep 04, 1978","5' 10""",--,2.70,0.26,Orthodox,16%,43%,1.9,100%,1.93,25%,170 lbs.,2961be02cfb0d2c1,Roman Mitichyan,8-3-0
"May 28, 1995","5' 10""","73""",2.64,4.05,Orthodox,52%,41%,0.5,33%,0.92,50%,125 lbs.,296a120cb880477b,Kiru Sahota,12-3-0
"Sep 06, 1991","5' 9""","69""",4.89,4.65,Orthodox,44%,60%,0.0,0%,0.00,66%,170 lbs.,2975297f505e9447,Jonny Parsons,9-3-0
"Jul 30, 1989","5' 7""","71""",3.24,2.51,Orthodox,45%,60%,0.7,18%,0.72,75%,125 lbs.,297a2b35444c245b,Mandy Bohm,8-2-0 (1 NC)
"May 15, 1992","5' 6""","65""",2.73,6.82,Southpaw,58%,60%,0.6,75%,0.62,85%,125 lbs.,2997e7fe3c9d3d4a,Wang Cong,10-1-0
"Aug 08, 1988","5' 11""","71""",3.47,2.96,Switch,42%,49%,1.2,32%,2.30,37%,155 lbs.,29af297d9f1de0f8,Damon Jackson,23-8-1 (1 NC)
"Mar 12, 1968","5' 11""",--,3.22,0.23,Orthodox,50%,17%,3.5,0%,0.00,0%,185 lbs.,29f935654825331b,Chris Sanford,5-1-0
"Aug 28, 1996","5' 5""","71""",3.93,1.74,Southpaw,37%,44%,0.0,33%,1.37,66%,125 lbs.,2a4200ead401a9ce,Carls John De Tomas,6-2-0
"Mar 05, 1976","6' 8""","80""",2.61,4.23,Orthodox,41%,61%,0.1,100%,0.11,75%,265 lbs.,2a542ee8a8b83559,Tim Sylvia,31-10-0 (1 NC)
"Oct 12, 1963","6' 7""",--,0.00,0.00,Southpaw,0%,0%,0.0,0%,0.00,0%,350 lbs.,2a6f8136da1e52c0,Koji Kitao,1-2-0
--,"5' 10""",--,0.00,0.00,,0%,0%,0.0,0%,0.00,0%,225 lbs.,2a7afe14b3a0a058,Asbel Cancio,0-1-0
"Aug 29, 1983","6' 7""",--,4.10,3.67,Orthodox,51%,41%,0.7,70%,5.07,100%,220 lbs.,2a8502954f49e682,Vinicius Queiroz,8-4-0
"Oct 10, 1989","6' 0""","73""",2.55,3.35,Orthodox,44%,69%,0.2,58%,1.56,66%,170 lbs.,2aa49b3766a59bcd,Jordan Mein,31-12-0
"Jun 22, 1988","6' 1""","73""",3.72,2.60,Orthodox,47%,52%,1.0,25%,0.81,77%,185 lbs.,2ac4628c08ec5125,Markus Perez,12-5-0
--,--,--,2.55,2.91,Orthodox,61%,46%,0.0,0%,0.00,75%,205 lbs.,2adb11835acd815b,Tom Blackledge,10-7-0
"Mar 02, 1992","5' 8""","69""",2.08,3.92,Orthodox,53%,58%,1.3,34%,1.97,67%,145 lbs.,2af2f2e26c4c0402,Hunter Azure,9-2-0
"Mar 24, 1983","5' 11""",--,0.56,0.84,Southpaw,26%,63%,0.0,0%,0.00,25%,155 lbs.,2b06b6ad5db63348,Brandon Melendez,25-25-0
"Jul 31, 1991","5' 7""","70""",4.93,4.84,Southpaw,43%,61%,0.0,14%,0.17,75%,145 lbs.,2b074403b7c6cdb4,Thomas Almeida,22-5-0
--,"5' 11""",--,0.00,0.00,Orthodox,0%,0%,0.0,0%,0.00,0%,199 lbs.,2b1587a3376ab743,Ernie Verdicia,0-1-0
"Oct 18, 1995","5' 8""","68""",3.82,9.27,Orthodox,58%,50%,0.0,100%,8.18,0%,145 lbs.,2b266e623e20737a,Rodrigo Vera,22-1-1
"Jan 01, 1976","5' 7""",--,2.26,1.49,Southpaw,49%,45%,1.6,36%,2.30,20%,145 lbs.,2b4faacc16d66898,Eiji Mitsuoka,18-9-2
"May 12, 1992","6' 4""","80""",5.67,4.96,Orthodox,44%,45%,0.0,50%,0.18,20%,265 lbs.,2b68d9f125d07b42,Jared Vanderaa,12-10-0
"May 02, 1990","6' 4""","77""",4.65,4.12,Orthodox,43%,47%,0.5,0%,0.00,50%,185 lbs.,2b6d855c6e280fb1,Alex Nicholson,7-4-0
"Jan 03, 1996","5' 8""","69""",1.86,3.86,Orthodox,56%,61%,0.2,46%,4.03,79%,135 lbs.,2b6fc1c02736833d,Umar Nurmagomedov,20-1-0
"Feb 28, 1979","6' 1""","75""",2.71,4.33,Orthodox,38%,65%,0.3,43%,1.05,63%,185 lbs.,2b93ebd9f5417ad2,Michael Bisping,30-9-0
"Nov 04, 1994","5' 5""","65""",5.84,3.63,Orthodox,39%,49%,0.0,11%,1.63,28%,125 lbs.,2bd98ab77a8daa75,Stewart Nicoll,8-3-0
"Jun 03, 1975","6' 3""","80""",2.70,1.55,Orthodox,52%,46%,2.0,16%,1.43,35%,185 lbs.,2be6596a9db33bf5,Jason MacDonald,25-16-0
"Jul 15, 1994","5' 11""","71""",4.02,2.77,Switch,53%,44%,0.0,40%,1.92,61%,170 lbs.,2c010b26a3306969,Orion Cosce,8-2-0
"Dec 15, 1981","5' 4""","64""",1.91,2.66,Southpaw,41%,61%,0.3,50%,1.09,62%,145 lbs.,2c1170b825f58e57,Guangyou Ning,5-4-1
"Sep 04, 1994","5' 11""","71""",4.79,2.22,Southpaw,41%,41%,0.5,46%,2.90,62%,145 lbs.,2c2caf2f2bab9df5,Humberto Bandenay,14-7-0 (1 NC)
"Sep 22, 1988","5' 2""","59""",5.39,3.37,Orthodox,39%,41%,0.4,9%,0.32,26%,125 lbs.,2c483cf443f38ece,Vanessa Demopoulos,11-8-0
"Mar 04, 1986","5' 10""","72""",4.90,3.28,Orthodox,53%,56%,0.4,50%,0.38,53%,250 lbs.,2c5a0b8317f8f27a,Roque Martinez,15-8-2
"Mar 02, 1991","5' 7""","67""",2.88,2.01,Orthodox,44%,45%,0.3,31%,1.67,53%,135 lbs.,2c5f5749569eef66,Tainara Lisboa,7-4-0
"Feb 05, 1990","5' 11""",--,3.45,4.83,Orthodox,47%,56%,0.3,0%,0.00,52%,170 lbs.,2c64c035485906aa,Nah-Shon Burrell,15-7-0 (1 NC)
"Apr 14, 1981","6' 8""",--,3.29,1.52,Switch,38%,33%,0.0,33%,0.91,20%,255 lbs.,2c6e81426dd7573c,Jack May,9-3-0
"Jan 31, 1987","5' 6""","70""",3.90,3.78,Orthodox,36%,57%,0.5,41%,1.49,91%,145 lbs.,2c99576fefe53c7c,Renan Barao,34-9-0 (1 NC)
"Jul 02, 1991","5' 8""","73""",3.37,5.45,Orthodox,50%,56%,0.0,0%,0.00,65%,145 lbs.,2c9d00968f818270,Hakeem Dawodu,13-4-1
"Feb 20, 1991","6' 1""","73""",3.63,5.82,Orthodox,71%,45%,0.0,58%,6.19,100%,170 lbs.,2caf993f53541fa1,Andreas Gustafsson,12-3-0
"Mar 17, 1988","6' 2""","78""",2.63,3.48,Orthodox,48%,52%,0.0,0%,0.00,72%,242 lbs.,2cd428e9606856fd,Jairzinho Rozenstruik,15-6-0
"Jan 12, 1988","5' 4""","63""",8.13,4.53,Switch,34%,38%,0.0,0%,0.00,75%,115 lbs.,2cdb479a0ef0ee1d,Xiong Jingnan,19-3-0
"Aug 16, 1993","5' 11""","70""",7.30,5.30,Southpaw,43%,43%,0.0,62%,2.50,0%,135 lbs.,2cfba6c837c03ed0,Patchy Mix,20-3-0
"Nov 07, 1978","6' 3""","76""",3.29,3.78,Orthodox,41%,46%,0.0,0%,0.00,0%,205 lbs.,2d447cc91bdaa545,Joachim Christensen,14-6-0
"Mar 09, 1989","5' 4""","63""",1.80,1.20,,20%,76%,0.0,0%,0.00,0%,125 lbs.,2db0c114414d4f06,Karine Gevorgyan,3-3-0
"Nov 29, 1984","5' 9""","70""",2.84,1.38,Southpaw,31%,61%,1.6,18%,1.31,54%,155 lbs.,2db7fa8db6bc9632,Shane Nelson,16-7-0
"Sep 29, 1994","5' 8""","71""",8.54,5.47,Switch,42%,44%,0.0,0%,0.00,0%,145 lbs.,2dbc60c52de126d8,Harry Hardwick,13-5-1
"Jul 16, 1994","5' 10""","71""",2.68,2.92,Orthodox,61%,46%,3.1,54%,3.06,0%,145 lbs.,2dc1bc1a02961656,Manny Bermudez,14-2-0
"Apr 11, 1989","6' 1""","79""",2.53,0.48,Orthodox,23%,39%,0.0,52%,4.07,28%,170 lbs.,2de91c2244ad7e89,Dominic Waters,9-5-0
--,"5' 9""",--,0.00,0.00,Orthodox,0%,0%,0.0,0%,0.00,0%,205 lbs.,2e04a3b4a2011b97,Roland Payne,0-1-0
"Dec 26, 1989","6' 4""","77""",3.40,4.99,Southpaw,53%,49%,0.2,28%,0.25,82%,205 lbs.,2e19380f34871c6a,Dominick Reyes,16-5-0
"Aug 14, 1987","6' 0""","71""",2.30,1.64,Orthodox,41%,51%,1.4,36%,4.09,25%,155 lbs.,2e25c1d983c26311,Colton Smith,7-4-0
"Jun 04, 1994","5' 10""","71""",4.23,4.58,Switch,55%,52%,0.0,0%,0.00,46%,135 lbs.,2e45d08b3f2f02c8,Malcolm Wellmaker,10-2-0
"Aug 05, 1988","5' 11""","72""",2.98,3.25,Orthodox,50%,59%,0.7,17%,1.02,59%,185 lbs.,2e585c701f72fe55,Ian Heinisch,14-5-0
"Apr 21, 1991","6' 1""","72""",5.96,6.15,Orthodox,59%,49%,0.0,42%,0.30,77%,205 lbs.,2e5c2aa8e4ab9d82,Paulo Costa,16-4-0
"Mar 25, 1995","5' 10""","73""",4.24,6.57,Switch,56%,50%,0.7,66%,1.32,76%,155 lbs.,2e7878927067fdca,Manuel Torres,17-4-0
"Dec 12, 1985","5' 10""","68""",2.96,3.31,Orthodox,51%,50%,0.3,14%,0.33,60%,145 lbs.,2ebfbe72ed703925,Tristan Connelly,14-8-0
"Jun 20, 1965","6' 2""",--,1.91,1.52,Switch,41%,41%,0.0,14%,1.06,37%,205 lbs.,2ee09ec2a0695eb9,Mike van Arsdale,8-5-0
"Mar 13, 1982","5' 7""","65""",3.87,2.69,Orthodox,55%,44%,0.1,27%,0.52,47%,135 lbs.,2eeaefbfc7f9fcff,Lina Lansberg,10-8-0
--,"5' 11""",--,0.00,0.00,,0%,0%,0.0,0%,0.00,0%,230 lbs.,2efbc83a6b9b7f86,Tai Bowden,1-1-0
"Jul 19, 1982","5' 5""","66""",2.50,3.22,Orthodox,42%,66%,0.2,39%,1.65,78%,135 lbs.,2f13e4020cea5b38,Raphael Assuncao,28-10-0
"Sep 22, 1982","6' 2""",--,2.34,2.55,Orthodox,40%,35%,0.0,0%,0.00,0%,170 lbs.,2f1700b3a4a09bc7,Paul Georgieff,6-2-0
"Dec 28, 1995","6' 2""","75""",3.78,3.75,Orthodox,52%,47%,1.1,41%,1.52,57%,185 lbs.,2f181c0467965b98,Brendan Allen,27-7-0
"Jan 16, 1996","5' 8""","73""",3.82,2.82,Orthodox,40%,57%,0.6,15%,1.11,100%,155 lbs.,2f1a257d6777096d,Luigi Vendramini,9-3-0
"Nov 03, 1981","5' 10""",--,3.38,0.96,Orthodox,52%,36%,0.4,25%,1.94,46%,170 lbs.,2f3f12002564bb55,Steve Bruno,15-6-0
"Jun 22, 2002","5' 6""","68""",1.91,2.40,Orthodox,53%,43%,2.0,37%,5.03,50%,125 lbs.,2f43a3e82661fa99,Rei Tsuruya,11-1-0
"Sep 02, 1981","6' 3""","76""",3.02,2.41,Orthodox,44%,55%,0.1,23%,1.01,45%,235 lbs.,2f5cbecbbe18bac4,Shamil Abdurakhimov,20-8-0
"Jun 14, 1989","5' 6""","67""",2.97,3.01,Orthodox,43%,61%,0.0,31%,3.63,68%,135 lbs.,2f6a993c7f547c13,Sergey Morozov,19-5-0
"Jan 23, 1975","6' 3""","74""",2.88,2.59,Orthodox,46%,60%,0.6,35%,2.47,54%,205 lbs.,2f732dd9210d301f,Tito Ortiz,19-12-1
"Apr 10, 2002","6' 4""","81""",2.60,4.32,Switch,43%,54%,0.0,100%,0.41,93%,185 lbs.,2f815ed5f8278ba6,Ateba Gautier,11-1-0
"Aug 04, 1980","5' 9""","71""",2.79,2.72,Southpaw,45%,49%,0.8,62%,1.44,60%,135 lbs.,2f95a3c6d58b2aad,Iuri Alcantara,35-10-0 (1 NC)
"Jan 21, 1987","5' 7""","69""",3.73,3.13,Southpaw,50%,55%,1.3,60%,3.32,71%,135 lbs.,2fc7e9701642ca38,Matthew Lopez,10-4-0
"Aug 22, 1994","5' 6""","69""",2.05,2.00,Switch,40%,57%,3.0,42%,1.14,26%,125 lbs.,2fe9032955c2e013,Joseph Morales,15-2-0
"Mar 19, 1982","5' 4""","62""",3.13,1.57,Orthodox,54%,33%,0.0,100%,3.91,50%,115 lbs.,2fee10d5cf86bfca,Maia Stevenson,6-5-0
"Sep 19, 1987","5' 10""",--,1.87,1.40,Orthodox,37%,41%,0.0,33%,2.00,62%,170 lbs.,2ff2e6e5abea3e53,Lewis Gonzalez,11-3-0
"Jun 09, 1994","5' 10""","73""",4.42,2.77,Orthodox,38%,41%,0.0,33%,2.40,0%,155 lbs.,3033c1c080672475,Dakota Bush,8-4-0
"Dec 01, 1988","6' 0""","73""",2.72,3.84,Orthodox,46%,58%,0.2,40%,1.55,66%,170 lbs.,303a05a7aa3ff761,Richard Walsh,9-5-0
"Aug 10, 1989","5' 7""","68""",5.33,3.34,Orthodox,44%,62%,1.1,40%,0.75,20%,145 lbs.,304a21d0595e1a08,Justin Jaynes,16-8-0
--,"6' 1""",--,0.00,0.00,,0%,0%,0.0,0%,0.00,0%,200 lbs.,304fcd812f12c589,Geza Kalman,4-9-0
"Nov 16, 1989","5' 7""",--,4.34,2.17,Southpaw,44%,48%,0.0,33%,1.36,0%,155 lbs.,3058888c33149a53,Yusuke Kasuya,9-3-0
"Jul 10, 1994","5' 10""","70""",4.86,3.86,Orthodox,37%,57%,0.0,66%,0.43,75%,145 lbs.,305d73ede05e31ad,Austin Lingo,9-3-0
"Jan 25, 1981","5' 11""","74""",1.99,1.71,Orthodox,39%,63%,1.2,31%,1.42,63%,170 lbs.,30a09e43f15f1d75,Paulo Thiago,18-9-0
"Jun 03, 1992","5' 6""",--,8.00,4.00,Orthodox,25%,55%,0.0,0%,0.00,0%,170 lbs.,30b577b112bef42d,Vernon Ramos Ho,3-1-0
"Oct 22, 1994","5' 6""","68""",2.64,2.51,Orthodox,44%,60%,0.0,31%,3.25,66%,125 lbs.,30cad5a751adcb48,Alibi Idiris,11-1-0 (1 NC)
--,"6' 8""",--,0.00,0.00,Orthodox,0%,0%,0.0,0%,0.00,0%,270 lbs.,30cd319d39ee689b,Gerry Harris,1-4-0
"Nov 19, 1984","6' 2""","74""",3.54,3.22,Orthodox,54%,54%,1.0,0%,0.00,87%,205 lbs.,30ea504870f8597b,Josh Stansbury,4-8-0
"Jan 10, 1981","6' 0""","75""",2.92,3.76,Orthodox,55%,55%,1.3,46%,1.68,63%,170 lbs.,31123249b0bbf52e,Matt Brown,26-19-0
--,"6' 1""",--,0.00,0.00,Orthodox,0%,0%,0.0,0%,0.00,0%,210 lbs.,312f47c3d2f83ffa,Houston Dorr,1-2-0
"Aug 01, 1997","6' 0""","75""",6.35,6.64,Orthodox,42%,48%,0.0,28%,0.51,85%,185 lbs.,312f7d7b2b2f7de4,Djorden Santos,11-3-0
"Sep 03, 1980","5' 11""",--,3.68,0.00,Orthodox,0%,55%,0.0,50%,5.81,0%,155 lbs.,3138fab619faf4d1,Brian Cobb,20-9-0
"Nov 11, 1989","5' 6""","68""",3.12,4.41,Orthodox,57%,52%,0.1,47%,0.78,51%,135 lbs.,3143bf892608139a,Yana Santos,17-8-0 (1 NC)
"Feb 26, 1968","5' 11""",--,0.00,0.00,Orthodox,0%,0%,0.0,0%,0.00,0%,199 lbs.,31652c9267606d54,John Lober,5-9-4
"Jul 04, 1991","6' 2""","74""",5.86,1.89,Switch,41%,31%,0.0,0%,0.00,30%,155 lbs.,318572f6f74b760d,Charlie Ontiveros,11-9-0
"Nov 26, 1974","5' 8""",--,6.92,4.62,Orthodox,35%,21%,0.0,100%,3.46,100%,170 lbs.,318e629d1eb7aa49,Richie Hightower,8-4-0 (1 NC)
--,"6' 0""",--,0.00,0.00,Orthodox,0%,0%,0.0,0%,0.00,0%,210 lbs.,319fa1bd3176bded,Johnny Rhodes,2-1-0
"Mar 25, 1990","5' 10""","70""",2.93,3.73,Southpaw,44%,54%,0.6,46%,0.75,55%,155 lbs.,31a13532e724ca2b,Stevie Ray,23-9-0
"Jun 05, 1996","5' 6""","70""",8.28,3.95,Switch,45%,34%,1.2,50%,2.32,0%,125 lbs.,31bb0772f21cabd8,Daniel Lacerda,11-6-0 (1 NC)
"Feb 13, 1993","5' 6""","72""",2.99,2.36,Orthodox,33%,54%,1.0,20%,0.25,56%,135 lbs.,31bbd39c0a075d4e,Pingyuan Liu,13-7-0
--,"5' 9""",--,0.00,0.00,Orthodox,0%,0%,0.0,0%,0.00,0%,235 lbs.,31bbd46d57dfbcb7,John Campetella,0-1-0
--,"5' 10""",--,0.00,0.00,Orthodox,0%,0%,0.0,0%,0.00,0%,212 lbs.,31c01fbc2586a5eb,Dwayne Cason,1-1-0
"Oct 21, 1965","5' 9""",--,2.22,0.60,Southpaw,45%,44%,0.0,45%,3.33,50%,170 lbs.,31ceaf0e670c1578,Gil Castillo,8-5-0
"Aug 02, 1988","5' 8""","71""",2.68,2.59,Orthodox,58%,41%,0.4,50%,3.31,23%,155 lbs.,31d7446b184e3305,Magomed Mustafaev,14-4-0
"Feb 21, 1995","6' 5""","77""",5.83,6.39,Orthodox,44%,55%,0.8,33%,0.40,85%,170 lbs.,31dbfbe4e7a6727c,Trey Waters,9-2-0
"Oct 03, 1983","5' 9""","70""",3.42,3.73,Orthodox,41%,62%,0.3,60%,0.71,63%,170 lbs.,31ee470ef5dc8d7f,Thiago Alves,23-15-0
"Aug 16, 1989","5' 1""","60""",3.48,4.73,Orthodox,48%,61%,0.1,14%,0.56,62%,115 lbs.,31ef8b67e13495b3,Tecia Pennington,15-8-0
"Apr 20, 1991","5' 11""","71""",4.58,3.60,Switch,45%,53%,0.5,23%,1.18,66%,155 lbs.,31f8081c7600da93,Kyle Nelson,17-7-1
"Sep 12, 1977","6' 3""",--,3.28,0.36,Orthodox,15%,32%,1.8,100%,0.90,42%,185 lbs.,32016899d0a222a3,Lee Murray,8-2-1 (1 NC)
"May 13, 1979","5' 6""","66""",2.31,1.71,Orthodox,54%,62%,2.2,11%,0.62,10%,145 lbs.,320edfb0332b7073,Fredson Paixao,10-5-0 (1 NC)
"Jun 28, 1982","6' 1""","75""",3.75,2.11,Orthodox,37%,51%,0.7,55%,1.18,19%,170 lbs.,322a56923b396b4d,DaMarques Johnson,15-15-0
"Jul 17, 1982","6' 6""","79""",4.31,2.93,Orthodox,41%,42%,0.2,68%,1.21,75%,255 lbs.,3236bf606fe9fa5b,Travis Browne,18-7-1
"Apr 27, 1996","5' 10""","69""",5.83,7.27,Orthodox,43%,54%,0.2,66%,0.35,66%,155 lbs.,323d4ca260dfa0ba,Esteban Ribovics,15-3-0
"Mar 10, 1990","6' 0""","71""",5.82,4.49,Orthodox,46%,51%,0.0,30%,0.42,73%,170 lbs.,32490e80ddab1e5a,Song Kenan,22-9-0
"Aug 19, 1989","5' 6""","69""",2.56,3.10,Orthodox,44%,57%,0.8,54%,1.70,24%,135 lbs.,3253b16d38ae087d,Julianna Pena,13-6-0
"Jul 06, 1994","5' 9""","73""",7.58,6.53,Switch,46%,58%,0.0,0%,0.00,50%,135 lbs.,325ad0dd9126d3df,Randy Costa,6-4-0
"Oct 11, 1990","6' 4""","76""",1.01,1.01,Orthodox,75%,29%,0.0,100%,2.54,100%,185 lbs.,3261aa79bf6caa64,Ben Johnston,5-2-0
"Nov 23, 1993","5' 11""","72""",4.56,4.49,Orthodox,51%,51%,0.0,30%,2.00,100%,170 lbs.,326a001926ffb7ec,Darian Weeks,5-3-0
"Dec 10, 1989","6' 0""","72""",4.30,2.31,Southpaw,31%,47%,0.0,0%,0.00,0%,265 lbs.,326f94d6cfb1bf25,Ben Sosoli,7-3-0 (2 NC)
"Jul 15, 1988","6' 2""","76""",3.71,3.19,Orthodox,41%,48%,0.7,43%,1.16,32%,185 lbs.,327d5f279895110d,Roman Dolidze,15-5-0
"May 08, 1993","5' 6""","69""",4.25,5.64,Orthodox,51%,54%,0.5,48%,1.35,73%,145 lbs.,329e403448756217,Nathaniel Wood,23-6-0
--,"6' 7""",--,0.00,0.00,,0%,0%,0.0,0%,0.00,0%,295 lbs.,32a3025d5db456ae,Jon Hess,1-1-0
"Jul 27, 1995","5' 8""","68""",4.07,4.64,Orthodox,47%,55%,0.4,28%,1.13,67%,125 lbs.,32ab52e5de93092d,Steve Erceg,14-4-0
"Nov 27, 1980","6' 0""","73""",2.14,2.32,Southpaw,49%,56%,0.1,23%,1.70,61%,170 lbs.,32ba186f4b0e3267,Brian Ebersole,51-18-1 (1 NC)
"Jan 26, 1985","5' 6""","66""",2.46,2.58,Orthodox,41%,64%,0.4,40%,0.77,72%,125 lbs.,32be4b7f7de1c905,Chico Camus,17-7-0 (1 NC)
"Jun 01, 1983","5' 10""",--,4.40,3.77,Orthodox,47%,47%,0.0,0%,0.00,100%,170 lbs.,32c03df3c9760069,Wendell Oliveira Marques,29-10-0
"Mar 16, 1993","5' 10""","73""",2.64,2.54,Orthodox,40%,52%,0.0,43%,3.29,66%,155 lbs.,32c355b04fc57f3a,Marc Diakiese,17-7-0
"Mar 21, 1990","5' 11""","74""",2.71,3.04,Orthodox,59%,48%,1.2,35%,3.08,100%,170 lbs.,32c3ee378671a5d9,Austin Vanderford,13-3-0
"Oct 18, 1991","5' 7""","70""",4.59,2.82,Orthodox,38%,49%,0.4,33%,2.90,100%,135 lbs.,32feae6d9a1e5047,Quang Le,9-3-0
"Jan 11, 1986","6' 1""","73""",2.53,2.16,Orthodox,35%,67%,1.4,30%,0.43,39%,155 lbs.,33011768c3c4dc9a,Terry Etim,16-5-0
"Aug 10, 1991","6' 0""","77""",3.55,2.38,Switch,36%,37%,0.0,16%,0.87,0%,170 lbs.,330bafba312face4,Oliver Enkamp,7-2-0
"Dec 13, 1971","6' 4""",--,1.11,4.44,Orthodox,52%,64%,2.8,80%,11.11,0%,205 lbs.,330ec26453c44a59,Mike Nickels,9-5-0
"Jan 22, 1993","6' 2""","72""",3.67,4.27,Southpaw,55%,51%,0.0,65%,3.25,100%,265 lbs.,3329d692aea4dc28,Hamdy Abdelwahab,7-1-0 (1 NC)
"Feb 06, 1992","6' 4""","78""",2.86,4.13,Orthodox,50%,51%,0.1,21%,0.64,85%,205 lbs.,333b9e5c723ac873,Aleksandar Rakic,14-6-0
"Jul 11, 1999","5' 3""","58""",3.68,2.94,Orthodox,38%,46%,0.4,47%,2.00,75%,115 lbs.,3351aa64aa83c4d9,Cory McKenna,8-4-0
"Jan 31, 1987","5' 10""",--,0.00,0.00,Orthodox,0%,100%,0.0,100%,7.32,0%,155 lbs.,338a11d3674eb2d4,Aaron Wilkinson,11-7-0
"Jan 11, 1984","5' 9""","69""",4.39,4.32,Orthodox,41%,55%,0.5,36%,2.92,92%,155 lbs.,33a331684283900f,Eddie Alvarez,29-6-0 (1 NC)
"Jan 17, 1995","5' 10""","74""",2.71,2.86,,45%,55%,1.1,57%,4.52,66%,185 lbs.,33a86e839ad202d8,Luis Felipe Dias,18-5-0
"Jun 03, 2000","5' 10""","72""",2.20,0.60,Southpaw,25%,52%,1.0,0%,0.00,33%,155 lbs.,33a8708747b7f943,Lucas Brennan,11-3-0
"Jan 18, 1981","5' 9""","76""",1.86,3.98,Orthodox,43%,74%,1.6,0%,0.00,17%,135 lbs.,33b2f68ef95252e0,Miguel Torres,44-9-0
"Jun 21, 1986","5' 11""",--,4.01,3.44,Switch,52%,46%,0.0,33%,0.65,50%,155 lbs.,33e00249ef08d3a4,Jake Lindsey,12-7-0
"Dec 13, 1961","6' 2""",--,0.47,0.41,Orthodox,46%,60%,0.9,50%,0.89,20%,221 lbs.,33e33d51f289d2a1,Maurice Smith,12-14-0
"Apr 07, 1994","6' 0""","74""",6.26,3.30,Orthodox,41%,45%,0.0,100%,0.25,66%,170 lbs.,33efaf2d0941cfcf,Andre Fialho,16-8-0 (1 NC)
"May 21, 1979","6' 0""","70""",5.87,1.90,Orthodox,27%,50%,0.5,6%,0.12,58%,185 lbs.,3410cf010558dc8b,Scott Smith,18-11-0 (1 NC)
"Mar 12, 1970","5' 8""",--,0.74,1.37,Southpaw,45%,74%,0.0,33%,1.47,57%,155 lbs.,3414b50b08a10600,Antonio McKee,29-6-2
"Apr 20, 1984","6' 3""",--,4.03,0.00,Orthodox,0%,40%,0.0,50%,6.72,0%,260 lbs.,34218661c44ed55d,Michel Batista,4-1-0 (1 NC)
"Feb 12, 1992","6' 0""","75""",2.83,1.83,Southpaw,50%,64%,0.5,33%,2.00,25%,170 lbs.,348dff4e03bd18c6,Stefan Sekulic,12-4-0
"Aug 28, 1982","5' 10""","72""",2.19,2.49,Orthodox,41%,58%,1.0,59%,5.27,59%,170 lbs.,349aaa3da11eb587,Karo Parisyan,24-11-0 (1 NC)
"Dec 06, 1997","5' 5""","68""",5.27,3.87,Orthodox,42%,50%,0.0,0%,0.00,72%,125 lbs.,34b96d52db1d26e6,Kevin Borjas,11-5-0
"Aug 05, 1989","5' 9""","71""",3.66,1.51,Southpaw,53%,43%,0.6,50%,0.86,44%,135 lbs.,34c2b3656f88f7ef,Aaron Phillips,12-5-0
"Apr 28, 1990","5' 7""","69""",2.28,2.63,Orthodox,65%,35%,2.7,72%,2.40,66%,145 lbs.,34e516ab361afb1c,Darrick Minner,26-14-0
"Jun 24, 1989","6' 1""","76""",4.31,3.52,Orthodox,41%,57%,0.7,15%,0.32,63%,170 lbs.,34e552520a934063,Brad Scott,11-6-0
"May 31, 1988","6' 1""","75""",2.39,4.19,Orthodox,42%,53%,0.0,28%,1.27,59%,185 lbs.,34f88592c0ab7a54,Elias Theodorou,16-3-0
"Feb 17, 1990","5' 7""","65""",3.58,5.66,Orthodox,42%,66%,0.0,29%,1.05,87%,125 lbs.,34ff304266360297,Manon Fiorot,13-2-0
"Dec 30, 1994","5' 5""","67""",4.28,5.47,Orthodox,55%,49%,0.1,48%,1.08,72%,135 lbs.,351c4ec637380ad5,Karol Rosa,19-8-0
"Sep 11, 1976","6' 1""","73""",2.90,1.55,Orthodox,47%,59%,0.7,43%,4.66,0%,255 lbs.,353de740bb6c7e75,Mike Russow,15-3-0 (1 NC)
"Jan 14, 1996","6' 1""","76""",1.93,3.36,Southpaw,61%,60%,2.3,57%,3.12,100%,185 lbs.,35673bf5204524ee,Bo Nickal,9-1-0
"Oct 11, 1981","6' 3""","78""",1.64,2.22,Orthodox,42%,59%,0.6,36%,1.79,73%,205 lbs.,3591d0d5d382a381,Francis Carmont,25-12-0
"Jul 15, 1987","5' 11""","73""",3.10,2.65,Orthodox,34%,41%,0.5,5%,0.48,30%,135 lbs.,35b3772629e27a49,Kevin Croom,21-15-0 (1 NC)
"Jul 16, 1978","5' 6""",--,22.50,0.00,Orthodox,0%,45%,0.0,0%,0.00,0%,155 lbs.,35dc6220b113b7ec,Ryan Roberts,21-12-1 (1 NC)
"Mar 18, 1993","5' 11""","71""",6.49,2.28,Switch,29%,45%,0.0,0%,0.00,0%,135 lbs.,35e1f9984ed64206,Ryan MacDonald,10-2-0
"May 05, 1981","5' 7""","67""",3.50,3.36,Orthodox,40%,54%,0.1,50%,1.36,58%,155 lbs.,35faad160d346839,Mizuto Hirota,18-10-2
"Dec 02, 1998","5' 10""","70""",4.28,4.48,Southpaw,41%,63%,0.0,0%,0.00,78%,145 lbs.,3618e0632ecdba9c,Keiichiro Nakamura,8-1-0
"Aug 06, 1985","5' 7""","69""",3.26,2.85,Orthodox,49%,45%,1.5,24%,1.42,54%,145 lbs.,361d49960a196976,Daniel Pineda,28-17-0 (3 NC)
"Jan 25, 1988","5' 7""",--,3.83,1.01,Orthodox,69%,35%,0.8,33%,0.85,63%,145 lbs.,36207c58e854cae5,Dashon Johnson,9-2-0
"Feb 04, 1981","5' 9""","71""",1.62,1.43,Orthodox,41%,64%,1.4,20%,1.06,18%,145 lbs.,3623bd267a2eef2e,Yaotzin Meza,21-11-0 (1 NC)
"Nov 21, 1986","5' 4""","68""",4.83,3.84,Orthodox,47%,55%,0.6,43%,1.72,75%,125 lbs.,36541f1e6c5d4955,Viviane Araujo,13-7-0
"Jul 28, 1990","5' 8""","69""",3.00,3.60,Southpaw,45%,64%,0.6,47%,2.70,42%,135 lbs.,36549928f90f1d36,Jose Quinonez,9-5-0
"Mar 06, 1984","6' 2""","78""",1.83,3.25,Orthodox,47%,60%,0.6,57%,2.43,77%,205 lbs.,365fee2da473b177,Anthony Johnson,22-6-0
"Nov 26, 1986","6' 3""","78""",1.47,4.02,Orthodox,47%,66%,0.0,100%,0.33,88%,242 lbs.,369e1ce458ef50a6,Ruslan Magomedov,14-1-0
"Nov 03, 1990","6' 3""","71""",3.31,5.84,Orthodox,53%,53%,0.0,33%,0.17,41%,185 lbs.,369ea36e450ae62a,Armen Petrosyan,9-5-0
"Jan 18, 1971","6' 6""",--,0.00,0.00,Orthodox,0%,0%,14.3,0%,0.00,100%,265 lbs.,36a432f22144843e,Neil Grove,12-8-1
"Sep 02, 1990","6' 2""","78""",3.34,3.06,Orthodox,48%,56%,0.6,59%,2.50,100%,185 lbs.,36b8f265bcd1b7a4,Abus Magomedov,29-7-1
"Sep 20, 1985","5' 5""","66""",4.00,6.65,Orthodox,46%,62%,0.0,57%,0.38,81%,135 lbs.,36df8e119aec6175,Sarah Kaufman,18-4-0 (1 NC)
"May 31, 1992","5' 8""","71""",6.06,4.82,Switch,43%,55%,0.7,55%,3.24,46%,145 lbs.,36e78278a77006d4,Connor Matthews,7-4-0
"Apr 26, 1981","6' 2""",--,3.67,1.90,Orthodox,35%,53%,0.0,100%,0.95,87%,185 lbs.,36fbaa49a09ff997,Brian Houston,4-6-0
"Nov 12, 1990","5' 7""","70""",3.91,3.54,Orthodox,37%,54%,0.5,47%,0.71,63%,135 lbs.,37098a6e6c27fb66,Vince Morales,16-11-0
"Feb 04, 1979","6' 3""","77""",3.22,3.82,Orthodox,45%,57%,0.2,35%,0.37,76%,240 lbs.,3738e68d2261e60f,Andrei Arlovski,34-24-0 (2 NC)
"May 23, 1994","5' 9""","73""",6.39,3.50,Switch,39%,43%,0.5,20%,0.50,42%,145 lbs.,3753714927f18437,Mohammad Yahya,12-6-0
"Apr 19, 1981","6' 3""","77""",6.85,1.34,Southpaw,47%,22%,0.0,50%,2.51,100%,205 lbs.,3795fca327cbcf23,Antonio Mendes,18-13-0
"Nov 22, 1981","6' 3""","77""",1.83,1.56,Orthodox,40%,62%,3.5,22%,1.17,0%,155 lbs.,37b1696e6d115957,Rolando Delgado,11-6-1
"Feb 11, 1994","6' 2""","73""",3.10,2.84,Orthodox,43%,52%,0.7,26%,1.18,50%,155 lbs.,37c5366d18ed6c05,Roosevelt Roberts,12-6-0 (1 NC)
"May 12, 1987","5' 8""","71""",3.15,3.54,Orthodox,57%,41%,0.8,40%,3.37,100%,145 lbs.,37cc294027f55e4d,Austin Springer,12-4-0
"Oct 04, 1990","6' 1""","74""",2.42,2.57,Southpaw,51%,57%,0.5,40%,0.72,40%,205 lbs.,37d5b176d438d2a5,Karl Roberson,9-6-0
"Dec 12, 1996","5' 6""","69""",5.76,5.03,Orthodox,38%,44%,0.0,44%,0.95,47%,115 lbs.,37d752ec41ed84bb,Maria Oliveira,13-7-0
"Nov 25, 1991","6' 2""",--,0.13,10.22,Orthodox,61%,92%,2.0,100%,3.98,0%,205 lbs.,37e03538c960bac6,Abdul-Kerim Edilov,17-4-0
"Sep 30, 1991","5' 7""","71""",3.53,4.71,Orthodox,53%,53%,0.0,36%,1.77,63%,155 lbs.,37ed1ab2f8b819f4,Brad Riddell,10-4-0
"Feb 08, 1993","5' 9""","70""",5.28,4.13,Orthodox,38%,52%,0.0,0%,0.00,83%,155 lbs.,37f560436d745c18,Nikolas Motta,15-6-0 (1 NC)
"Apr 30, 1975","6' 0""",--,1.57,2.17,Orthodox,39%,65%,0.5,33%,0.50,64%,170 lbs.,388abbf8832b5adf,Jeff Joslin,5-3-0
"May 14, 1982","6' 2""",--,3.14,3.27,Orthodox,39%,60%,0.0,14%,0.65,57%,205 lbs.,38b50fd1e1b5b656,Razak Al-Hassan,13-5-0
"Jun 11, 1994","5' 8""","70""",2.05,1.91,Southpaw,41%,56%,0.8,38%,2.12,61%,125 lbs.,38c5817ade8a8014,Ivana Petrovic,7-3-0
"Aug 08, 1986","5' 9""","70""",3.74,3.34,Orthodox,47%,59%,0.1,54%,0.91,34%,155 lbs.,38c626ca912c7bac,Damir Hadzovic,14-8-0
"May 17, 1995","5' 5""","63""",2.86,2.71,Orthodox,48%,56%,0.9,40%,2.76,38%,115 lbs.,38c7f72747f4f712,Gillian Robertson,17-8-0
"Jul 21, 1992","5' 8""",--,0.88,0.00,Orthodox,0%,33%,0.0,0%,0.00,0%,135 lbs.,38ed5a2299230227,Filip Pejic,12-2-2
"Jun 16, 2002","5' 10""","69""",4.31,3.68,Orthodox,43%,54%,0.8,19%,0.76,40%,170 lbs.,3920d0cc288f9b0d,Francisco Prado,12-5-0
"Sep 07, 1981","5' 8""","73""",4.12,4.12,Orthodox,51%,52%,0.5,41%,2.71,100%,135 lbs.,39330403ad27c2bb,Patrick Williams,8-6-0
"Jan 11, 1971","6' 0""",--,1.19,3.01,Orthodox,47%,76%,2.5,18%,0.49,36%,185 lbs.,394f55ebca199124,Ivan Salaverry,14-9-0
"Nov 24, 1985","5' 9""","72""",3.72,1.65,Orthodox,37%,46%,0.0,42%,7.08,0%,155 lbs.,3956bdc8ab2e54b3,John Gunther,5-1-0
"Jul 22, 1991","5' 9""","73""",2.65,4.34,Orthodox,51%,60%,0.5,54%,1.20,44%,145 lbs.,396fe87b84ac2e1c,Lerone Murphy,17-1-1
"May 21, 1982","5' 8""","71""",2.87,3.13,Orthodox,47%,57%,0.9,33%,1.84,46%,145 lbs.,3974fa35c917af1d,Ricardo Lamas,20-8-0
"Apr 11, 1993","6' 5""","78""",3.62,7.63,Orthodox,67%,56%,1.3,80%,2.62,100%,255 lbs.,399afbabc02376b5,Tom Aspinall,15-3-0 (1 NC)
"Aug 22, 1989","6' 1""",--,3.65,1.12,Orthodox,41%,40%,2.2,80%,2.92,72%,145 lbs.,39cc64bf0a269db9,Niklas Backstrom,11-3-0 (1 NC)
"Mar 14, 1998","6' 5""","79""",1.93,2.85,Orthodox,69%,58%,0.9,26%,2.38,100%,265 lbs.,39d309957c5c210d,Mario Pinto,12-0-0
"Nov 29, 1990","5' 6""","68""",4.54,3.21,Orthodox,48%,45%,0.2,18%,1.18,27%,145 lbs.,39d91e95949de3d9,Felicia Spencer,9-3-0
"Sep 09, 1983","6' 3""",--,3.32,2.12,Southpaw,37%,64%,0.9,0%,0.00,50%,185 lbs.,3a12a2f096a6d975,Roger Narvaez,8-3-0
"Nov 30, 1982","5' 6""","67""",2.59,2.72,Orthodox,43%,58%,0.6,44%,1.18,65%,145 lbs.,3a24769a4855040a,Diego Nunes,19-7-0
"Jun 22, 1985","5' 7""","68""",4.09,3.54,Orthodox,38%,56%,0.2,42%,0.54,71%,145 lbs.,3a314d9fa7c6825d,Douglas Silva de Andrade,29-7-0 (1 NC)
"Nov 05, 1992","6' 3""","81""",3.21,4.24,Orthodox,49%,50%,0.6,36%,0.79,57%,170 lbs.,3a46b268013afede,Kevin Holland,29-15-0 (1 NC)
"Feb 27, 1986","5' 7""",--,3.43,3.20,Orthodox,34%,69%,0.0,0%,0.00,16%,125 lbs.,3a524c6700addc24,Tateki Matsuda,13-8-0
"Jun 17, 1984","6' 2""","78""",3.37,3.11,Orthodox,45%,51%,0.8,42%,3.27,72%,185 lbs.,3a8176e15b9887c1,Chris Weidman,16-8-0
"Oct 20, 1982","6' 1""",--,3.01,1.03,Orthodox,31%,55%,0.0,0%,0.00,57%,265 lbs.,3aa794cbe1e3484b,Josh Copeland,12-4-0
"Mar 10, 1982","5' 9""","72""",3.20,2.69,Orthodox,32%,64%,0.3,66%,1.22,63%,170 lbs.,3ae10ac4df3df05c,Jesse Lennox,14-4-0
"Jul 04, 1989","5' 7""","70""",4.21,5.38,Orthodox,36%,47%,0.0,50%,0.52,62%,135 lbs.,3b0a516d2921e0d6,Batgerel Danaa,12-5-0
"Dec 05, 1982","5' 9""","68""",3.86,3.90,Orthodox,47%,51%,0.9,43%,3.09,27%,155 lbs.,3b9f723e2720a238,Roger Bowling,12-6-0 (1 NC)
"Oct 21, 1982","6' 0""",--,0.84,3.29,Orthodox,64%,47%,0.0,25%,1.15,50%,170 lbs.,3ba3b5cc94498437,Johnny Rees,13-5-0 (1 NC)
"May 22, 1984","5' 10""","71""",5.39,2.84,Orthodox,39%,54%,2.0,45%,2.39,54%,155 lbs.,3bad7ef643840f67,Joe Lauzon,28-16-0
"Aug 01, 1990","6' 0""","75""",4.54,3.84,Orthodox,41%,55%,1.7,33%,0.97,57%,170 lbs.,3bb2dc8e87b10a46,David Zawada,17-7-0
"May 12, 1987","5' 11""",--,2.94,5.04,Orthodox,38%,61%,0.0,0%,0.00,0%,155 lbs.,3bbcd63a016d9715,Cameron Dollar,11-5-0
"Dec 30, 1995","6' 0""","72""",6.83,4.57,Orthodox,52%,31%,0.0,43%,3.48,62%,185 lbs.,3bc3f60b21cddc6a,Azamat Bekoev,20-5-0
"Sep 22, 1978","5' 7""","70""",3.52,3.81,Southpaw,41%,60%,0.8,65%,1.23,63%,155 lbs.,3be081c29bf734d9,Takanori Gomi,35-14-0 (1 NC)
"Jan 02, 1999","5' 5""","66""",3.13,4.54,Switch,66%,58%,0.0,14%,0.46,81%,125 lbs.,3be16d817b36098b,DongHun Choi,9-0-0
"Nov 10, 1981","6' 1""","72""",2.47,3.43,Orthodox,34%,60%,0.1,57%,1.05,59%,135 lbs.,3c0437fbeda06962,George Roop,15-13-1
"Sep 17, 1977","5' 11""","77""",1.65,2.27,Orthodox,35%,67%,1.2,65%,2.51,38%,185 lbs.,3c241737a6069b9f,Denis Kang,35-16-2 (2 NC)
"Feb 12, 1992","5' 8""","67""",2.92,2.66,Southpaw,43%,40%,0.0,42%,1.95,80%,135 lbs.,3c26c420584d912d,Hailey Cowan,7-5-0
"Apr 28, 1978","5' 10""",--,1.25,0.00,Orthodox,0%,33%,0.0,0%,0.00,0%,170 lbs.,3c48019bc387b80c,Billy Miles,2-2-0
"Jan 23, 1990","6' 2""","74""",4.57,2.50,Orthodox,42%,51%,0.0,20%,4.69,100%,185 lbs.,3c5005b66696d790,Anthony Ivy,8-4-0
"Sep 01, 1979","5' 11""","74""",1.84,2.78,Orthodox,47%,62%,0.7,35%,2.58,70%,185 lbs.,3c660c90d48fc80d,Tim Kennedy,18-6-0
"Jan 15, 1987","6' 5""","79""",3.53,4.03,Orthodox,40%,51%,0.4,39%,1.53,83%,205 lbs.,3c6976f8182d9527,Alexander Gustafsson,18-8-0
"Dec 20, 2000","5' 8""","67""",4.14,5.30,Southpaw,46%,51%,0.7,28%,0.89,47%,135 lbs.,3c8a5200436e19f3,Cameron Saaiman,9-3-0
"Mar 18, 1986","6' 0""","76""",1.64,1.80,Southpaw,32%,65%,0.0,100%,0.67,54%,155 lbs.,3c921b1a30fdcbdd,Mike Ricci,11-5-0
"Jul 17, 1999","6' 2""","75""",1.30,4.97,Orthodox,65%,57%,0.9,60%,2.80,91%,185 lbs.,3cc506f115cbb9d5,Mantas Kondratavicius,9-1-0
"Jan 20, 1996","5' 8""","72""",2.29,4.40,Southpaw,50%,63%,0.5,37%,0.76,73%,125 lbs.,3cf18e01cb6cbde3,Sumudaerji,19-7-0 (1 NC)
"Jun 13, 1994","5' 8""","67""",4.07,3.60,Orthodox,37%,50%,0.6,31%,0.70,67%,125 lbs.,3cf66c62d9069f43,Lucie Pudilova,14-10-0
"Nov 17, 1992","5' 10""","72""",3.27,2.29,Orthodox,48%,47%,1.6,34%,1.99,44%,170 lbs.,3d074044a33825e7,Ramiz Brahimaj,13-6-0
"Mar 03, 1983","5' 6""","65""",3.91,2.42,Orthodox,34%,56%,0.0,33%,1.75,80%,135 lbs.,3d5b1ce6097dbb49,Augusto Mendes,6-2-0
"Aug 18, 1987","5' 6""","65""",3.25,6.28,Orthodox,48%,62%,0.1,62%,0.27,80%,115 lbs.,3d6749c4267da18f,Joanna Jedrzejczyk,16-5-0
--,"6' 0""",--,0.00,0.00,,0%,0%,0.0,0%,0.00,0%,185 lbs.,3da19339ee7051d5,Justin Martin,4-3-0
"Apr 03, 1984","5' 9""","71""",1.63,3.30,Orthodox,39%,65%,1.8,60%,3.67,37%,170 lbs.,3dc3022232b79c7a,Brian Foster,27-10-0
"Jun 10, 1985","5' 4""","65""",3.09,2.85,Orthodox,42%,52%,0.3,36%,2.51,65%,125 lbs.,3dd92ff9fb0412b3,Ali Bagautinov,15-6-0
"Jul 01, 1990","6' 2""","76""",3.28,1.23,Orthodox,40%,39%,0.8,0%,0.00,50%,170 lbs.,3dd949593346dbc3,Craig White,14-9-0
"May 22, 1987","5' 4""","65""",3.01,2.75,Southpaw,55%,45%,0.7,64%,1.02,63%,115 lbs.,3df5493bb279226f,Amanda Lemos,15-6-1
--,--,--,0.00,0.00,,0%,0%,0.0,0%,0.00,0%,--,3e03cec9767d37e6,He-Man Gipson,1-2-0
--,"6' 1""",--,0.00,0.00,Orthodox,0%,0%,0.0,0%,0.00,0%,290 lbs.,3e514f437c51ce0a,Steven Graham,2-1-0
"Feb 12, 1985","5' 8""","69""",1.60,1.64,Orthodox,29%,67%,0.3,0%,0.00,31%,155 lbs.,3e61082025db8137,Yosdenis Cedeno,10-6-1
"Jul 17, 1991","5' 7""","70""",7.75,7.53,Orthodox,51%,52%,0.0,33%,0.67,80%,155 lbs.,3e708ce33b6b18e6,Victor Martinez,13-7-0
"Jun 30, 1990","6' 4""","76""",3.70,2.59,Orthodox,41%,46%,0.6,36%,2.87,33%,205 lbs.,3e8118c1ab52f211,Tuco Tokkos,11-6-0
"Sep 23, 1988","5' 7""","66""",8.43,3.87,Southpaw,57%,46%,0.0,19%,1.81,100%,135 lbs.,3eb4dc9a7d4ac906,Ramona Pascual,6-5-0
"Nov 04, 1989","5' 9""",--,2.75,0.79,Orthodox,25%,45%,0.0,100%,0.79,50%,155 lbs.,3ec1e4ba98c9c85a,JC Cottrell,17-5-0
"Jul 01, 1982","5' 6""","68""",1.63,2.57,Southpaw,61%,47%,0.8,65%,2.77,42%,145 lbs.,3ecd936bd8814108,Cat Zingano,10-4-0
"Mar 25, 1999","6' 4""","77""",3.37,6.51,Southpaw,69%,23%,1.2,0%,0.00,0%,185 lbs.,3eeec2f53cebdf12,Jackson McVey,7-2-0
"May 12, 1980","6' 1""","75""",7.65,4.00,Orthodox,36%,51%,0.0,0%,0.00,0%,241 lbs.,3f11b5d4bd76a6d9,Damian Grabowski,20-5-0
"Jan 08, 1997","5' 7""","71""",2.88,3.25,Orthodox,47%,49%,0.9,33%,3.42,64%,145 lbs.,3f11fd1751fa83b1,Yizha,26-6-0
"Jan 08, 1991","5' 10""","71""",1.47,1.25,Orthodox,54%,58%,0.4,52%,4.80,66%,170 lbs.,3f1d23b01c552a13,Michael Graves,6-0-1
"Oct 05, 1965","6' 4""",--,0.00,0.00,,0%,0%,0.0,0%,0.00,0%,245 lbs.,3f24c96753dbd9f9,Scott Bessac,4-6-0
"Aug 18, 1997","5' 2""","66""",5.21,3.78,Southpaw,47%,53%,0.0,50%,0.35,50%,115 lbs.,3f4c3bc822bea45d,Melissa Martinez,8-2-0
"Aug 27, 1982","5' 8""","68""",4.91,3.25,Orthodox,45%,50%,0.0,28%,0.70,86%,145 lbs.,3f52ce18fb98008f,Akira Corassani,12-6-0 (1 NC)
"Oct 20, 1986","5' 10""",--,2.99,0.72,Orthodox,34%,41%,0.0,0%,0.00,50%,145 lbs.,3f56b99447f00607,Paul Redmond,12-7-0
"Jun 20, 1976","6' 0""","73""",4.79,2.18,Orthodox,36%,46%,0.1,27%,1.14,65%,263 lbs.,3f7c14c7eca7195d,Roy Nelson,22-14-0
"May 11, 1986","6' 3""","79""",3.92,1.23,Orthodox,34%,38%,0.0,0%,0.00,46%,205 lbs.,3f7dab21b6c971bc,Dequan Townsend,21-12-0
"May 10, 1995","5' 8""","70""",5.65,2.76,Orthodox,49%,48%,0.0,0%,0.00,0%,145 lbs.,3fa7688bfe48a493,Yoshinori Horie,8-2-0
"Jan 28, 1996","5' 4""","67""",3.71,3.77,Orthodox,46%,57%,0.7,26%,0.70,87%,125 lbs.,3fa97913cfd205d3,Alessandro Costa,17-5-0
--,"6' 1""",--,0.00,0.00,Southpaw,0%,0%,0.0,0%,0.00,0%,200 lbs.,3fed746acfd026dd,Todd Butler,1-4-0
"Aug 24, 1986","5' 9""","69""",3.86,3.08,Switch,36%,47%,1.0,35%,1.67,38%,145 lbs.,40093d1d2d78394e,Charles Rosa,14-8-0
"Nov 18, 1984","5' 4""","68""",3.27,3.13,Orthodox,58%,58%,1.0,0%,0.00,0%,125 lbs.,404ecb2700844072,DeAnna Bennett,8-3-1
"Jan 13, 1997","5' 11""","74""",5.50,6.23,Orthodox,47%,52%,0.2,0%,0.00,75%,155 lbs.,40a456a25d52ee65,Rolando Bedoya,14-5-0
"Sep 28, 1976","5' 9""",--,2.60,1.85,Orthodox,37%,59%,1.2,52%,1.38,76%,155 lbs.,40a604761ca7d64d,Din Thomas,26-9-0 (1 NC)
"Feb 28, 1999","5' 3""","64""",5.25,6.64,Orthodox,39%,54%,0.0,0%,0.00,100%,115 lbs.,40cb680ae1cd331f,Yazmin Jauregui,11-2-0
"Apr 26, 1993","5' 10""","75""",4.97,3.50,Orthodox,40%,50%,0.0,0%,0.00,58%,170 lbs.,40d8b74488743800,Carlton Minus,10-3-0 (1 NC)
"Jan 23, 1991","6' 1""","77""",1.75,2.70,Orthodox,56%,51%,0.4,62%,4.52,73%,170 lbs.,40f3cb27fc7305a1,Themba Gorimbo,14-7-0
"Feb 16, 1986","5' 8""","68""",2.98,3.37,Orthodox,45%,54%,0.0,22%,1.45,63%,145 lbs.,40ff198adda94b9f,Mark Eddiva,6-3-0
"Aug 14, 1999","5' 2""","63""",3.19,3.01,Orthodox,50%,51%,0.8,22%,1.83,37%,115 lbs.,4100c7a09497ad41,Kay Hansen,7-6-0
"May 07, 1986","5' 1""","64""",7.37,4.10,Orthodox,31%,52%,0.0,21%,0.75,83%,115 lbs.,411539901068522f,Jodie Esquibel,6-6-0
"Nov 26, 1987","6' 2""",--,1.95,1.83,Orthodox,36%,60%,0.9,0%,0.00,50%,170 lbs.,411d012af19ecb59,Chris Spang,6-3-0
"Jan 09, 1978","6' 1""",--,2.71,2.34,Southpaw,63%,37%,5.5,50%,5.54,0%,185 lbs.,4123fd4dcc1fe937,David Terrell,6-2-0
"Jan 16, 1993","6' 1""","75""",2.61,3.47,Southpaw,56%,60%,0.4,50%,1.25,76%,185 lbs.,4126a78111c0855a,Caio Borralho,18-2-0 (1 NC)
"Apr 24, 1984","6' 2""","75""",3.10,2.70,Orthodox,41%,59%,0.9,26%,0.44,55%,185 lbs.,4130a743d9d22163,Alan Belcher,18-8-0
"Nov 20, 1997","6' 2""","74""",3.87,4.06,Orthodox,48%,50%,0.4,36%,1.43,66%,185 lbs.,4144798612ef96e5,Edmen Shahbazyan,16-6-0
"Jul 07, 1999","6' 1""","77""",6.17,5.45,Switch,38%,54%,0.3,25%,0.14,81%,155 lbs.,4148802ae4a50768,Daniel Zellhuber,15-4-0
"Oct 25, 1991","5' 6""","69""",6.13,4.20,Orthodox,39%,51%,0.0,0%,0.00,0%,135 lbs.,41498c2d1a87b154,Zviad Lazishvili,13-1-0
"May 28, 1990","5' 9""","70""",4.04,5.83,Switch,52%,50%,0.8,16%,0.52,65%,145 lbs.,41cc71cbf210e0fe,Hyder Amil,11-3-0
--,"6' 0""",--,0.00,0.00,Orthodox,0%,0%,0.0,0%,0.00,0%,335 lbs.,41e77dc504a192c6,Chris Condo,0-1-0
"Jun 26, 1991","6' 3""","79""",1.30,2.23,Orthodox,62%,43%,1.7,55%,5.64,60%,225 lbs.,41e83a89929d1327,Jailton Almeida,22-5-0
"Mar 09, 1989","6' 3""","78""",3.43,2.16,Orthodox,26%,42%,0.0,0%,0.00,100%,262 lbs.,41f90012b86a11bf,Raphael Pessoa,10-2-0
"May 05, 1980","6' 1""",--,2.55,1.37,Orthodox,41%,31%,0.0,100%,2.94,0%,185 lbs.,42078a86d3dd037b,Rob Yundt,9-5-0
"Apr 27, 1985","5' 4""","67""",3.43,4.30,Orthodox,43%,57%,0.3,44%,1.90,66%,125 lbs.,4234f0097c83fa62,Sijara Eubanks,8-7-0
"Nov 06, 1977","6' 1""","72""",2.07,1.80,Southpaw,43%,63%,1.0,24%,2.49,61%,170 lbs.,427b5953ac8e3a27,Demian Maia,28-11-0
"Dec 12, 1966","6' 1""",--,1.13,0.88,Southpaw,41%,37%,0.8,0%,0.00,66%,175 lbs.,429e7d3725852ce9,Royce Gracie,15-2-3
"Feb 20, 1990","5' 5""","70""",3.10,1.86,Orthodox,36%,52%,0.6,35%,2.64,43%,135 lbs.,42a7e90605df3c8a,Damian Stasiak,10-6-0
"May 18, 1996","5' 6""","68""",5.20,4.73,Orthodox,42%,52%,0.0,34%,3.00,87%,135 lbs.,42ac4020cba261ad,Caolan Loughran,10-2-0
"May 30, 1983","5' 9""","70""",3.97,2.67,Orthodox,32%,57%,0.5,31%,0.65,53%,145 lbs.,4304992c2acc187b,Bart Palaszewski,36-17-0
"Aug 02, 1988","5' 4""","67""",3.32,1.84,Switch,32%,47%,0.0,75%,1.02,11%,125 lbs.,4333a8e70a672eb7,Brogan Walker,8-5-0
"Oct 06, 1973","6' 6""","81""",1.78,4.06,Southpaw,71%,60%,0.2,83%,1.17,53%,205 lbs.,43563a32c3f10e95,Cyrille Diabate,19-10-1
"Aug 26, 1979","6' 0""",--,2.67,1.20,Orthodox,51%,27%,4.0,60%,3.00,0%,170 lbs.,43612456979e5d5e,Steve Byrnes,6-1-0
"Jun 15, 1988","5' 8""","71""",4.49,5.26,Southpaw,41%,63%,0.9,50%,0.22,55%,155 lbs.,436f970c9ea9169c,Gabriel Benitez,23-13-0
"Aug 19, 1994","5' 3""","65""",4.65,4.45,Orthodox,52%,49%,0.0,33%,0.75,80%,115 lbs.,43a59ce3bb40449e,Mizuki,16-6-0
"Feb 21, 1964","5' 10""",--,0.00,0.00,Orthodox,0%,0%,0.0,0%,0.00,0%,185 lbs.,440c9dbab63528fb,Paul Herrera,1-1-0
"Jul 02, 1983","5' 7""","71""",2.61,3.19,Orthodox,49%,50%,0.7,23%,0.98,25%,135 lbs.,4417980b3e798abf,Reuben Duran,11-7-1
"May 09, 1991","6' 3""","77""",3.83,4.60,Orthodox,49%,48%,0.0,40%,0.23,56%,265 lbs.,441eacbe20e0e80b,Augusto Sakai,16-5-1
"Dec 06, 1974","5' 7""","70""",3.13,2.12,Southpaw,37%,56%,0.3,33%,0.22,63%,145 lbs.,44260175069b6276,Jens Pulver,27-19-1
"Nov 17, 1997","6' 3""","74""",2.86,4.78,Orthodox,54%,52%,0.4,31%,0.92,80%,170 lbs.,442c9011034ae1fd,Ian Machado Garry,17-1-0
"Mar 09, 1986","6' 1""",--,5.85,4.08,Orthodox,48%,40%,1.2,42%,1.85,30%,155 lbs.,443f60bec7c3c3d5,Michael McBride,8-3-0
"Oct 31, 1981","5' 8""","66""",2.47,2.64,Orthodox,40%,61%,0.8,75%,1.88,76%,145 lbs.,44470bfd9483c7ad,Katsunori Kikuno,24-8-2
"Jul 14, 1974","5' 10""",--,3.68,1.88,Orthodox,49%,47%,0.0,33%,0.72,86%,185 lbs.,445a98acb8985970,Falaniko Vitale,30-11-0
"Jan 27, 2000","5' 7""","70""",3.10,2.87,Orthodox,54%,44%,1.3,43%,3.57,46%,125 lbs.,4461d7e47375a895,Tatsuro Taira,18-2-0
"Jun 09, 1984","5' 11""","70""",2.96,3.37,Orthodox,49%,62%,0.0,32%,1.07,72%,170 lbs.,447f9858ae78f921,Muslim Salikhov,22-6-0
"Sep 24, 1982","5' 7""","69""",5.70,3.35,Orthodox,30%,51%,0.1,23%,1.35,30%,125 lbs.,4498b382c65a7faa,Roxanne Modafferi,25-21-0
"Jul 19, 1986","5' 2""","64""",2.33,3.31,Orthodox,52%,65%,1.4,25%,3.49,71%,125 lbs.,449c890bd90f3374,Hector Sandoval,14-4-0
"Jan 20, 1969","5' 10""",--,0.00,0.00,Orthodox,0%,0%,0.0,0%,0.00,0%,170 lbs.,44aa652b181bcf68,Marcelo Aguiar,2-3-1
"Mar 27, 1987","5' 7""","71""",2.12,2.08,Orthodox,32%,63%,0.0,58%,2.32,66%,155 lbs.,44bc27bfa76dcd9e,Renee Forte,8-4-0
"Feb 16, 1970",--,--,0.00,0.00,,0%,0%,0.0,0%,0.00,0%,--,44f9c777fed7ca03,Frank Caracci,2-3-0
"Jul 07, 1994","5' 7""","70""",4.07,3.56,Southpaw,49%,62%,0.0,0%,0.00,80%,135 lbs.,450bcab0968562c4,John Yannis,10-5-0
"Dec 22, 1992","5' 8""",--,2.05,2.05,Southpaw,47%,58%,0.0,0%,0.00,62%,135 lbs.,45230be0641f3f53,Leonardo Morales,6-2-0
"Aug 16, 1979","5' 9""",--,8.90,0.39,Orthodox,40%,42%,0.0,0%,0.00,0%,205 lbs.,453ee00c3e1ae9dd,Ron Faircloth,33-20-0 (1 NC)
"Jun 30, 1968","5' 7""",--,0.00,0.00,Orthodox,0%,0%,0.0,0%,0.00,0%,178 lbs.,4565d435005319c0,Minoki Ichihara,0-1-0
"Jun 08, 1979","6' 0""",--,3.55,1.73,Orthodox,24%,66%,0.0,33%,0.70,100%,155 lbs.,459e4dc69ec669b2,Jason Novelli,11-3-1
"Sep 28, 1976","5' 7""",--,2.38,1.35,Southpaw,23%,66%,0.0,0%,0.00,80%,185 lbs.,45bc8f98d62bd096,Jordan Radev,23-5-0
"Jan 19, 1990","5' 6""","67""",3.33,5.19,Orthodox,53%,45%,0.3,40%,1.73,55%,135 lbs.,45e738622ea2c02c,Timur Valiev,18-3-0 (1 NC)
"Apr 22, 1991","5' 9""","67""",2.65,4.40,Orthodox,57%,63%,0.1,30%,0.30,67%,135 lbs.,45f0cc9d18f35137,Chris Gutierrez,22-7-2
"Nov 23, 1992","5' 10""","72""",2.77,4.08,Orthodox,53%,59%,0.8,51%,3.58,86%,170 lbs.,45f7cb591c3ab00b,Sean Brady,19-2-0
--,"6' 0""",--,5.80,0.00,Orthodox,0%,13%,0.0,0%,0.00,0%,265 lbs.,4604ab1de9058474,Mark Robinson,1-0-0 (1 NC)
"Oct 06, 1986","5' 10""","70""",3.50,2.46,Orthodox,32%,54%,0.0,33%,0.47,69%,145 lbs.,4638cc6479cc0afe,Masio Fullen,11-7-0
"Jan 16, 1993","5' 10""",--,4.17,2.37,Orthodox,30%,48%,0.0,0%,0.00,46%,145 lbs.,4665cbf36b08193b,Chris Avila,5-4-0
"Dec 01, 1985","5' 7""","70""",3.75,3.23,Orthodox,58%,45%,0.0,16%,1.83,75%,170 lbs.,4665f9f909cd7214,Shinsho Anzai,10-3-0
"Sep 13, 1963","6' 4""",--,0.00,0.00,Southpaw,0%,0%,0.0,0%,0.00,0%,197 lbs.,4679a38cced7c64a,Yuri Vaulin,0-1-0
"Jun 07, 1992","6' 2""","78""",4.18,5.57,Orthodox,46%,58%,0.3,55%,0.58,84%,145 lbs.,4682bc59d5f55145,Sean Woodson,13-2-1
"Oct 19, 1983","6' 0""","73""",4.57,7.09,Orthodox,58%,53%,0.0,0%,0.00,100%,205 lbs.,4690d47bf725fd98,Gokhan Saki,1-2-0
"Apr 29, 1983","5' 7""","68""",5.40,4.51,Orthodox,37%,58%,0.3,45%,0.77,66%,115 lbs.,46a2f24feb258ae0,Valerie Letourneau,8-6-0
"Dec 08, 1981","6' 1""","75""",5.27,4.92,Orthodox,36%,54%,0.0,18%,0.48,75%,185 lbs.,46baf0f57edfa4df,Joey Beltran,17-14-0 (1 NC)
"Aug 28, 1963","6' 2""",--,0.00,0.00,Orthodox,0%,0%,0.0,0%,0.00,0%,225 lbs.,46c8ec317aff28ac,Patrick Smith,20-17-0
"Mar 10, 1986","5' 9""","76""",4.32,4.38,Orthodox,43%,51%,0.0,37%,1.00,42%,185 lbs.,46d0a888d87d91ac,Abu Azaitar,14-4-1
"Mar 30, 1994","5' 7""","68""",2.99,3.36,Orthodox,44%,65%,0.0,26%,1.22,77%,135 lbs.,46e0d677f91bacc0,Miles Johns,15-5-0 (1 NC)
"Nov 21, 1995","6' 4""","83""",1.87,3.41,Orthodox,48%,66%,0.3,35%,2.45,66%,205 lbs.,46e2011d92463b7e,Oumar Sy,12-2-0
"Mar 31, 1973","6' 0""",--,3.50,2.87,Orthodox,50%,58%,0.0,20%,0.67,40%,205 lbs.,46e2ca71fd5089cb,Reese Andy,7-3-0
--,"6' 2""",--,0.00,0.00,Orthodox,0%,0%,0.0,0%,0.00,0%,240 lbs.,46f11d15c0134fe3,Larry Cureton,0-2-0
"Aug 27, 1982","5' 10""","73""",2.87,3.54,Orthodox,45%,54%,1.3,29%,1.55,46%,155 lbs.,46fd223e3ced39b3,Ryan Couture,11-5-0
"Aug 31, 1982","6' 0""","74""",3.29,3.09,Southpaw,57%,47%,0.1,26%,0.56,68%,247 lbs.,470fedbc8563ac47,Daniel Omielanczuk,19-8-1 (1 NC)
"Apr 05, 1990","5' 11""","70""",5.80,4.46,Switch,64%,46%,0.0,0%,0.00,40%,170 lbs.,4729c93ba705a3bf,Kiefer Crosbie,10-6-0
"Aug 30, 1979","5' 4""","65""",4.67,4.04,Orthodox,30%,66%,1.3,0%,0.00,0%,125 lbs.,472f6f6e6d962f40,Barb Honchak,10-4-0
"May 17, 1982","6' 0""","74""",3.44,2.46,Orthodox,35%,51%,0.4,35%,0.73,35%,170 lbs.,473ce3aa581251a2,Dan Hardy,25-10-0 (1 NC)
"May 28, 1977","5' 6""",--,10.29,3.43,Orthodox,36%,62%,0.0,0%,0.00,0%,155 lbs.,476414d2f18cd059,Andy Wang,7-8-1 (1 NC)
"Feb 10, 1994","6' 3""","76""",3.86,3.14,Switch,43%,50%,0.1,66%,0.23,82%,205 lbs.,476fe566d2df676e,Modestas Bukauskas,20-7-0
"Oct 30, 1995","5' 4""","64""",3.24,3.06,Southpaw,45%,50%,0.3,41%,0.82,51%,125 lbs.,4798e823ada58fe9,Veronica Hardy,10-5-1
"Jun 29, 1992","5' 5""","65""",3.38,3.50,Orthodox,41%,63%,0.3,48%,1.47,62%,125 lbs.,47b63240018d5d86,Rose Namajunas,15-8-0
"Nov 12, 1984","5' 11""","74""",3.05,4.05,Orthodox,47%,64%,0.3,59%,1.38,72%,170 lbs.,47b9e0e7703a4868,Jorge Masvidal,35-17-0
"Dec 22, 1986","5' 11""","72""",2.73,2.63,Orthodox,36%,58%,0.4,29%,0.97,57%,170 lbs.,47cd337b86b1af92,Zak Ottow,17-7-0
"Jun 10, 2000","5' 7""","72""",2.24,3.33,Orthodox,48%,65%,0.0,0%,0.00,69%,145 lbs.,480779d7f9a424d3,Mairon Santos,18-1-0
"Oct 31, 1985","6' 2""",--,2.10,0.97,Orthodox,30%,31%,0.5,0%,0.00,66%,170 lbs.,480b702debcb5433,Dan Cramer,11-4-0
"Mar 15, 1977","5' 4""","66""",2.01,2.09,Southpaw,45%,57%,0.0,22%,0.41,45%,135 lbs.,4834ff149dc9542a,Norifumi Yamamoto,18-6-0 (2 NC)
"Jun 13, 1989","5' 6""","70""",6.21,4.55,Orthodox,44%,46%,0.0,52%,4.28,40%,185 lbs.,483a953b18d73bb3,Deron Winn,7-3-0
"Apr 13, 1983","6' 2""","77""",3.58,3.23,Orthodox,50%,51%,1.3,40%,0.20,66%,170 lbs.,484acc7b0f856ce9,Ben Saunders,22-13-2
"Jan 17, 1999","5' 6""","71""",4.14,1.66,Orthodox,40%,30%,0.4,27%,2.54,55%,125 lbs.,48812daf291a4e23,Mateus Mendonca,10-3-0
"Sep 27, 1997","5' 10""","72""",5.86,4.76,Orthodox,47%,50%,0.0,16%,0.99,76%,155 lbs.,48a9a128784d53d1,Elves Brener,16-6-0
"Apr 03, 1977","6' 1""","73""",1.10,3.08,Southpaw,43%,62%,0.4,59%,3.81,66%,205 lbs.,48d1f690b763934c,Chael Sonnen,29-15-1
"Dec 16, 1983","5' 7""","69""",3.27,3.37,Orthodox,37%,57%,0.1,57%,1.46,70%,135 lbs.,48e093ea1f43a053,Takeya Mizugaki,21-11-2
"Jul 11, 1981","5' 6""",--,2.87,1.60,Orthodox,64%,50%,0.0,66%,2.00,75%,145 lbs.,48e96d9cea6d4ab0,Josh Clopton,6-2-1
"Mar 13, 1977","6' 7""",--,4.24,2.73,Orthodox,31%,49%,1.0,71%,1.72,0%,265 lbs.,4908c5ee68a50ee5,Brad Imes,13-7-0
"Jul 30, 1977","6' 4""","77""",2.64,3.59,Orthodox,52%,55%,1.2,31%,1.75,31%,231 lbs.,492b202d2064e7a9,Fabricio Werdum,24-9-1
"Feb 20, 1997","5' 5""","65""",3.72,1.91,Orthodox,30%,46%,0.0,50%,0.88,46%,115 lbs.,4948e412fa6ab67d,Ravena Oliveira,7-4-1
"Jun 24, 1987","5' 7""","69""",2.77,1.90,Orthodox,47%,39%,0.6,43%,2.22,36%,170 lbs.,494b0bfdbac74502,Brendan O'Reilly,6-3-0 (1 NC)
--,"6' 5""",--,0.00,0.00,,0%,0%,0.0,0%,0.00,0%,275 lbs.,49590e0508b2c19f,David Levicki,1-3-0
"Jun 25, 1995","5' 3""","63""",2.57,4.93,Switch,50%,64%,0.2,33%,0.25,66%,115 lbs.,4959f10a62f3fec3,Cheyanne Vlismas,7-3-0
"Jul 07, 1975","5' 11""","71""",1.78,2.66,Orthodox,40%,65%,1.3,25%,2.37,25%,205 lbs.,497ba5b12a4bfc47,Jason Brilz,22-6-1
--,--,--,0.00,0.00,,0%,0%,0.0,0%,0.00,0%,--,4985113c0928aa62,Jackie Lee,0-1-0
"Jun 10, 1981","6' 1""","74""",2.62,3.66,Orthodox,51%,66%,0.0,76%,1.94,73%,170 lbs.,49858bf46dabf6fb,Nordine Taleb,15-7-0
"Aug 30, 1979","5' 4""","64""",3.79,3.56,Orthodox,41%,58%,1.6,27%,0.78,53%,125 lbs.,49a74b9fb2e45fdf,Neil Seery,16-13-0
"Jun 01, 1991","5' 4""","63""",6.06,2.36,Southpaw,44%,38%,0.4,26%,1.61,20%,135 lbs.,49b130de1da2e1bf,Sarah Alpar,9-6-0
"Nov 19, 1993","6' 5""","76""",2.68,2.38,Orthodox,46%,49%,0.3,80%,1.36,33%,185 lbs.,49d2a08964c5eb11,Nursulton Ruziboev,37-9-2 (2 NC)
"Jan 16, 1984","5' 10""",--,3.43,1.71,,33%,11%,0.0,0%,0.00,0%,185 lbs.,49e49b54e5901d0d,Eddie Mendez,8-3-1 (1 NC)
"Sep 17, 1991","6' 3""","79""",2.39,2.90,Orthodox,59%,56%,0.8,30%,0.76,50%,205 lbs.,49e96ff8ab781589,Tyson Pedro,10-5-0
"Sep 08, 1996","6' 3""","81""",3.91,3.04,Orthodox,42%,53%,0.6,42%,0.85,21%,205 lbs.,49edd0d90f60fb7d,Brendson Ribeiro,17-10-0 (1 NC)
"Nov 16, 1987","6' 1""","76""",5.42,7.49,Orthodox,55%,53%,0.0,57%,1.80,71%,170 lbs.,49ee5024966efc0d,Mounir Lazzez,11-3-0
"Mar 12, 1980","6' 3""",--,2.50,0.17,Orthodox,15%,28%,0.0,0%,0.00,14%,235 lbs.,49efbdc6c9f650c4,Icho Larenas,6-5-0
"Nov 10, 1988","5' 9""",--,4.45,3.25,Orthodox,43%,54%,0.7,58%,2.53,77%,155 lbs.,49f4b511932f71e9,David Michaud,11-3-0
"Jan 31, 1991","5' 11""",--,5.20,5.37,Orthodox,45%,56%,2.4,75%,7.32,0%,155 lbs.,49f78022126bf4a4,Cesar Arzamendia,8-3-0
--,"6' 0""",--,4.00,0.00,Southpaw,0%,66%,0.0,0%,0.00,0%,155 lbs.,4a01dc8376736ef5,John Lewis,3-4-3
"Feb 17, 1995","5' 3""","64""",2.18,2.18,Southpaw,30%,63%,0.0,33%,2.72,0%,125 lbs.,4a043165cf47cab2,Juancamilo Ronderos,4-2-0
"Sep 24, 1993","5' 10""","71""",1.42,2.73,Southpaw,59%,58%,0.3,63%,4.00,75%,170 lbs.,4a07b1988477502c,Seokhyeon Ko,13-2-0
"Oct 16, 1983","5' 8""","71""",3.19,4.11,Orthodox,44%,66%,0.3,36%,1.85,63%,145 lbs.,4a1329cc8eb0928a,Maximo Blanco,12-8-1 (1 NC)
"Feb 11, 1983","6' 0""","75""",3.00,4.05,Orthodox,46%,54%,0.0,35%,0.23,63%,170 lbs.,4a28cb716c19157a,Stephen Thompson,17-9-1
"Oct 13, 1993","5' 7""","73""",3.06,6.28,Orthodox,47%,41%,0.0,50%,1.27,50%,145 lbs.,4a574b8512fc1b30,Javier Reyes,23-6-0
"Aug 10, 1985","5' 4""","63""",3.10,2.97,Orthodox,43%,58%,0.2,28%,1.12,52%,115 lbs.,4a57ebb14315b251,Randa Markos,11-12-1
"Jan 28, 1996","5' 7""","68""",2.57,2.93,Orthodox,55%,68%,0.0,33%,1.50,100%,135 lbs.,4a6dff1b260bcf61,Aleksandre Topuria,7-1-0
"Nov 23, 1992","6' 1""","75""",4.24,3.77,Switch,42%,54%,0.4,57%,1.01,45%,170 lbs.,4aa58269d0664b5b,Matthew Semelsberger,11-8-0
"Nov 23, 1985","5' 11""","71""",2.94,2.50,Orthodox,39%,52%,0.0,40%,2.33,23%,155 lbs.,4ac1ecf8ce59ef23,Jason Saggo,12-4-0
"Aug 31, 1990","5' 9""",--,3.33,1.33,Orthodox,27%,60%,0.0,50%,1.50,50%,135 lbs.,4ae4049426e0161d,Alexis Dufresne,6-3-0
"May 02, 1982","6' 0""","77""",3.70,3.23,Orthodox,38%,47%,0.0,20%,1.85,50%,170 lbs.,4b1d46a1b5c0fd11,Alberto Mina,13-1-0
"Oct 05, 1972","6' 3""","75""",3.77,2.27,Orthodox,43%,53%,1.1,22%,2.03,33%,205 lbs.,4b4753d19489297f,Anthony Perosh,15-10-0
"Feb 20, 1984","6' 2""","75""",3.65,5.04,Orthodox,49%,60%,0.2,40%,1.14,64%,170 lbs.,4b47e71384a9522f,Tim Means,33-17-1 (1 NC)
"Mar 01, 1977","6' 2""",--,1.60,1.47,Orthodox,35%,44%,0.5,25%,0.50,74%,205 lbs.,4b4fc3ddc307bc73,James Zikic,21-10-2
"Nov 19, 1998","5' 8""","70""",2.56,2.42,Orthodox,48%,57%,0.0,0%,0.00,66%,170 lbs.,4b85abc5abbe657c,Jefferson Nascimento,13-1-0
"Sep 17, 1987","5' 11""","73""",2.44,0.97,Orthodox,38%,39%,3.8,0%,0.00,38%,170 lbs.,4b8fb0453a596b8e,Hector Urbina,17-10-1
"Apr 24, 1986","5' 8""","71""",4.51,3.91,Orthodox,49%,43%,0.5,37%,1.88,61%,155 lbs.,4b93a88f3b1de35b,Michael Chandler,23-11-0
"Aug 02, 1984","6' 0""","75""",2.91,2.96,Southpaw,35%,55%,0.6,28%,0.62,66%,205 lbs.,4ba8d454f762005d,Zak Cummings,25-7-0
"Mar 10, 1979","6' 1""","77""",2.95,2.98,Orthodox,45%,58%,0.2,55%,0.95,50%,185 lbs.,4bcb6eb12b4ad4aa,Vitor Miranda,12-5-0
"May 11, 1985","5' 11""","72""",3.21,2.01,Orthodox,40%,49%,2.3,34%,1.74,39%,145 lbs.,4bd6b4800070b069,Chas Skelly,19-3-0 (1 NC)
"Nov 15, 1995","5' 10""","73""",5.12,6.42,Orthodox,45%,61%,0.0,57%,1.02,75%,155 lbs.,4bdedbdeedff7d1d,Bolaji Oki,10-4-0
"Jan 05, 1990","6' 0""","73""",2.96,1.31,Southpaw,47%,40%,0.8,42%,1.20,54%,135 lbs.,4bf6b225ff6099c4,Domingo Pilarte,8-3-0 (1 NC)
"Feb 12, 1988","5' 11""","72""",3.17,2.93,Orthodox,43%,58%,0.0,100%,0.25,86%,170 lbs.,4c288a2b250bb576,Luke Jumeau,13-5-0
"Oct 04, 1984","5' 6""","68""",4.45,4.63,Orthodox,49%,54%,0.7,44%,0.95,34%,135 lbs.,4c2d90e335e6df19,Alexis Davis,21-11-0
"Oct 01, 1983","6' 1""","74""",1.86,2.89,Southpaw,40%,63%,0.2,44%,2.13,58%,170 lbs.,4c7781da8c6cae93,Ryan LaFlare,14-3-0
"Apr 12, 1974","5' 6""",--,0.00,0.00,Orthodox,0%,0%,0.0,0%,0.00,0%,170 lbs.,4c805f5f58a75df0,Mikey Burnett,5-2-0
"May 13, 1988","6' 1""","77""",3.34,3.19,Orthodox,41%,52%,0.0,21%,0.42,66%,155 lbs.,4c88a1db5a46c6a4,Jai Herbert,14-6-1
"Mar 30, 1988","5' 10""",--,4.09,1.34,Orthodox,25%,61%,2.7,33%,1.63,80%,155 lbs.,4c8d6fde2dde07c4,Dan Lauzon,17-6-0
"Jul 31, 1993","5' 8""","72""",5.46,5.19,Orthodox,40%,52%,0.0,18%,0.63,64%,145 lbs.,4cd8b03aee1d0138,Shane Young,13-8-0
"May 15, 1983","6' 0""","74""",2.41,2.50,Southpaw,42%,60%,1.4,32%,2.46,57%,205 lbs.,4d44f37107f01b9b,Tom Lawlor,10-6-0 (1 NC)
"Mar 26, 1994","5' 4""","65""",2.62,3.35,Orthodox,52%,42%,1.0,33%,1.27,34%,115 lbs.,4d5197f331c47290,Paige VanZant,8-5-0
--,"5' 11""",--,0.00,0.00,Orthodox,0%,0%,0.0,0%,0.00,0%,170 lbs.,4d74641fac830182,Brad Gumm,10-6-1 (1 NC)
"May 18, 1995","6' 3""","77""",4.54,5.79,Southpaw,48%,41%,1.1,55%,0.75,75%,155 lbs.,4d8fa64202cee4c1,Jalin Turner,15-9-0
--,"6' 5""",--,0.00,0.00,Orthodox,0%,0%,0.0,0%,0.00,0%,275 lbs.,4dc496aa0cfc0d95,Harry Moskowitz,6-12-0
"Jul 22, 1996","6' 0""","72""",4.17,3.23,Orthodox,51%,45%,0.8,20%,1.55,42%,170 lbs.,4dcfb28c011c11b2,Wellington Turman,18-8-0
"Aug 19, 1989","6' 1""","77""",2.23,2.98,Southpaw,42%,57%,0.1,39%,1.33,82%,185 lbs.,4e06913c91da5200,Krzysztof Jotko,24-6-0
"May 26, 1985","6' 0""","74""",4.01,5.34,Orthodox,48%,63%,0.0,100%,0.27,75%,170 lbs.,4e0692ad070976e4,Lyman Good,21-6-0 (1 NC)
"Jan 18, 1996","5' 1""","61""",2.45,3.58,Orthodox,55%,53%,0.1,50%,1.76,70%,115 lbs.,4e30e4250cb08b61,Loma Lookboonmee,10-5-0
"Aug 06, 1995","6' 2""","79""",2.64,1.97,Orthodox,44%,53%,0.2,31%,1.30,33%,185 lbs.,4e6738062d469256,Sedriques Dumas,10-5-0 (1 NC)
"Nov 11, 1978","6' 3""",--,8.80,2.60,Orthodox,36%,40%,0.0,0%,0.00,90%,260 lbs.,4e9fb05d7e5e61b8,Wesley Correira,20-16-0
"Jul 30, 1987","5' 9""",--,5.90,2.19,Orthodox,26%,45%,0.0,0%,0.00,40%,155 lbs.,4f11e9ce318ffbcb,Anthony Christodoulou,12-7-0
"Feb 02, 1988","5' 9""","73""",5.17,1.86,Orthodox,36%,41%,1.8,34%,2.94,66%,145 lbs.,4f140403000158b5,Herbert Burns,11-6-0
"Feb 09, 1982","6' 1""",--,2.33,2.68,Orthodox,53%,49%,1.8,68%,6.51,0%,185 lbs.,4f2fcbefb668689d,Jake Rosholt,12-5-0 (1 NC)
"Jul 27, 1998","5' 6""","68""",4.46,2.91,Orthodox,53%,49%,0.7,0%,0.00,35%,135 lbs.,4f3064faf17aa711,Tamires Vidal,7-4-0
"Apr 23, 1982","5' 6""",--,3.58,1.64,Orthodox,32%,62%,0.7,40%,1.33,0%,155 lbs.,4f4dac51adc1af4f,Diego Saraiva,22-20-1
"Sep 26, 1984","5' 8""","69""",4.09,3.68,Orthodox,40%,62%,0.0,35%,0.74,75%,155 lbs.,4f732e58ed907eff,Ross Pearson,20-16-0 (1 NC)
"Jul 12, 1981","5' 10""","73""",1.85,1.24,Orthodox,34%,55%,1.4,0%,0.00,52%,170 lbs.,4f736494fc733095,Carlos Eduardo Rocha,9-4-0
"Apr 20, 1978","6' 0""",--,1.64,0.49,Southpaw,30%,47%,1.2,17%,0.84,21%,170 lbs.,4f74c8be51db8a37,Daiju Takase,12-15-2
"Jun 25, 1981","5' 11""","72""",4.07,2.03,Switch,47%,35%,1.7,9%,0.43,57%,155 lbs.,4f853e98886283cf,Carlo Prater,31-18-1
"Feb 10, 1976","5' 11""","72""",5.16,1.48,Orthodox,30%,49%,1.0,50%,0.33,57%,205 lbs.,4f95f74620a6b7a4,David Heath,18-7-0
"Jul 11, 1991","5' 5""",--,4.90,3.74,Orthodox,71%,32%,0.0,12%,1.75,100%,115 lbs.,4fcf6e0c4e0e6664,Izabela Badurek,6-3-0
"Apr 23, 1984","5' 9""","70""",4.08,4.17,Orthodox,28%,57%,0.1,38%,0.63,77%,155 lbs.,501b07aec9b8fc2d,Sam Stout,20-12-1
--,"6' 3""",--,0.00,0.00,,0%,0%,0.0,0%,0.00,0%,210 lbs.,505934897b8b4824,Thaddeus Luster,0-1-0
"Apr 16, 2000","5' 6""","67""",2.45,2.53,Orthodox,53%,64%,1.0,37%,2.14,85%,135 lbs.,5078e1dacf9d25f4,Luana Santos,11-2-0
"Jul 12, 1990","5' 8""","68""",4.15,3.81,Switch,48%,53%,0.6,7%,0.31,71%,145 lbs.,5095b0920a3602aa,Blake Bilder,8-2-1
"Nov 14, 1995","5' 8""","69""",0.88,2.05,Orthodox,51%,58%,1.9,48%,6.63,83%,135 lbs.,50a28b9f8314e008,Saidyokub Kakhramonov,10-3-0
"Aug 19, 1977","6' 4""",--,1.15,1.85,Orthodox,51%,61%,1.0,39%,2.30,40%,265 lbs.,50cc91ce2982785d,Ricco Rodriguez,53-25-0 (1 NC)
"Jul 20, 1983","6' 0""","72""",2.57,2.57,Orthodox,36%,50%,1.1,37%,3.08,55%,155 lbs.,50d2f0018bcf9eef,Pat Healy,34-23-0 (1 NC)
"Apr 08, 1983","6' 3""","80""",3.33,3.03,Southpaw,47%,47%,0.5,36%,1.09,67%,205 lbs.,50db8711c70196cd,Ovince Saint Preux,27-18-0
"May 04, 1990","5' 4""","62""",4.65,5.28,Orthodox,49%,62%,0.5,36%,1.78,38%,115 lbs.,51018a31ddf31eb2,Molly McCann,14-8-0
"Jul 30, 1984","6' 3""",--,2.25,0.83,Orthodox,26%,62%,0.0,20%,1.78,0%,205 lbs.,5114f1b5ad4cdf72,Shane Primm,5-5-0
"Jun 04, 1986","5' 10""","73""",3.78,4.27,Southpaw,39%,58%,0.0,38%,0.57,81%,155 lbs.,511e82663651438d,Michael Johnson,25-20-0
"Jul 12, 1977","6' 3""","81""",2.11,3.53,Orthodox,72%,50%,0.5,55%,3.90,60%,265 lbs.,513c6f1715e547a8,Brock Lesnar,5-3-0 (1 NC)
"Nov 27, 1991","5' 11""","71""",4.49,3.80,Orthodox,33%,56%,0.0,50%,0.33,0%,170 lbs.,5140122c3eecd307,Daichi Abe,6-2-0
"Oct 19, 1988","5' 8""","70""",4.33,4.48,Southpaw,41%,53%,0.1,16%,0.61,58%,155 lbs.,519e4fe37ce9ff75,Drew Dober,29-15-0 (1 NC)
"Feb 19, 1984","5' 6""","66""",2.51,2.78,Orthodox,54%,61%,0.3,51%,2.57,65%,125 lbs.,51a0c09cbe9b8472,Liz Carmouche,13-7-0
"Oct 28, 1979","6' 0""",--,4.62,0.51,Orthodox,50%,57%,5.1,0%,0.00,20%,235 lbs.,51b0bb73a1da34bc,Mike Ciesnolevicz,19-4-0 (1 NC)
"Nov 03, 1980","5' 9""","72""",3.48,2.91,Orthodox,45%,46%,2.1,50%,2.14,50%,145 lbs.,51b1e2fd9872005b,Mackens Semerzier,8-4-0 (1 NC)
"May 12, 1989","5' 6""","66""",7.39,5.96,Switch,39%,55%,0.0,0%,0.00,100%,125 lbs.,51c655162e462ceb,Shannon Ross,13-9-0
"Apr 12, 1991","5' 9""","68""",2.13,4.27,Orthodox,47%,59%,0.3,50%,2.02,66%,135 lbs.,51e2f44a8dbf6984,Melissa Croden,8-3-0
"Feb 27, 1987","5' 10""","72""",5.64,3.68,Orthodox,34%,50%,0.3,80%,1.23,83%,155 lbs.,51e86de150ee8be6,Thibault Gouti,12-5-0
"Jul 17, 1994","5' 7""","71""",3.93,1.60,Orthodox,22%,39%,2.0,0%,0.00,62%,135 lbs.,51ec9dc3b4964f19,Gianni Vazquez,13-5-1
"Apr 04, 1992","5' 7""","70""",1.80,3.93,Orthodox,52%,61%,1.0,0%,0.00,57%,155 lbs.,523af801b3429015,Allan Zuniga,13-1-0
"Jul 06, 1987","6' 3""",--,2.84,3.16,Orthodox,61%,41%,0.0,36%,2.40,62%,205 lbs.,523f6ad11dbe9b53,Hans Stringer,22-8-3
"Dec 12, 1984","5' 11""","75""",3.65,4.50,Orthodox,36%,60%,0.5,24%,1.78,70%,170 lbs.,523fa774700d7d3f,Court McGee,23-14-0
"Jun 11, 1993","5' 6""","69""",3.46,4.65,Orthodox,51%,51%,0.6,37%,0.30,68%,135 lbs.,528b071cf3da7c56,Luana Carolina,11-5-0
"Aug 03, 1978","5' 7""","71""",3.22,2.95,Orthodox,39%,63%,0.4,20%,0.22,58%,135 lbs.,528c24b99fbaab79,Johnny Eduardo,28-13-0
"Nov 05, 1993","5' 11""","73""",4.40,3.03,Southpaw,39%,49%,0.0,13%,1.00,88%,155 lbs.,52b6bf4528130e86,Shem Rock,12-3-1
"Sep 22, 1986","5' 11""","73""",2.97,3.67,Orthodox,49%,51%,0.2,38%,1.62,85%,155 lbs.,52ba464d9068d871,Elias Silverio,13-3-0
"Sep 04, 1996","5' 10""","72""",1.79,2.78,Switch,50%,64%,1.3,31%,1.84,55%,145 lbs.,52c2ae6d2f2d2613,Youssef Zalal,18-6-1
"Mar 18, 1972","6' 0""","72""",2.80,4.96,Open Stance,44%,66%,0.0,33%,0.25,60%,185 lbs.,52cae54377b433b7,Nate Quarry,12-4-0
"Mar 16, 1990","6' 2""","79""",2.14,1.95,Orthodox,42%,52%,0.8,39%,3.42,53%,185 lbs.,52e76bb4b3e852f3,Antonio Carlos Junior,11-5-0 (1 NC)
"Dec 27, 1996","5' 7""","69""",4.50,4.82,Orthodox,51%,53%,0.6,60%,1.20,78%,145 lbs.,52ef95b5860fb28c,Jean Silva,17-3-0
"Mar 19, 2000","5' 11""","75""",2.31,3.43,Orthodox,56%,44%,0.3,50%,1.84,62%,155 lbs.,530af2900b5a1693,Dom Mar Fan,9-3-0
"Jan 02, 1979","6' 0""","74""",4.26,2.25,Orthodox,45%,40%,0.2,29%,0.87,51%,205 lbs.,53278852bcd91e11,Igor Pokrajac,28-13-0 (1 NC)
"Aug 24, 1976","6' 0""",--,1.57,0.78,Orthodox,42%,40%,0.0,0%,0.00,33%,185 lbs.,5330fe7e4c3af81c,Floyd Sword,12-3-0
"Dec 11, 1989","6' 0""","73""",2.59,2.68,Orthodox,37%,58%,1.0,27%,0.71,68%,170 lbs.,5331b25a60417ffb,Anthony Rocco Martin,17-6-0
"Apr 30, 1988","5' 7""","67""",3.58,2.28,Orthodox,34%,50%,0.8,21%,0.67,33%,135 lbs.,539ed332b3078821,Sarah Moras,6-8-0
"May 25, 1981","6' 2""",--,3.07,1.13,Southpaw,34%,40%,1.0,0%,0.00,38%,185 lbs.,53bb0d40905b87c0,Jay Silva,10-11-1
"Oct 29, 1989","5' 7""","69""",4.57,3.17,Orthodox,46%,47%,1.4,25%,1.08,40%,125 lbs.,53c10176e3bc7416,Felipe Bunes,14-9-0
"Aug 17, 1985","6' 2""","78""",3.59,3.80,Orthodox,49%,46%,0.0,33%,1.65,100%,205 lbs.,53c943c873cffe90,Philipe Lins,18-5-0
--,--,--,0.00,0.00,,0%,0%,0.0,0%,0.00,0%,--,53e533db1b8e9712,Jack Nilson,2-6-0
"Aug 28, 1984","5' 11""","73""",3.74,3.00,Orthodox,40%,60%,1.0,33%,0.42,50%,155 lbs.,53ec9cb470e1a4ea,Jon Tuck,10-5-0
"Jul 25, 1984","5' 8""",--,2.08,1.42,Southpaw,47%,56%,0.9,0%,0.00,27%,145 lbs.,53f84637dfffab7a,Eric Wisely,26-9-1
"Aug 26, 1988","5' 11""","72""",2.70,3.68,Southpaw,51%,56%,0.0,33%,1.50,61%,170 lbs.,5431dccc09118234,Lance Benoist,7-2-0
"Jul 15, 1987","5' 10""","75""",5.75,5.52,Orthodox,50%,54%,0.0,0%,0.00,64%,170 lbs.,5442f1bc4b47eaf3,Chris Curtis,32-13-0 (1 NC)
"May 19, 1991","6' 4""","79""",4.03,6.19,Southpaw,51%,44%,0.0,0%,0.00,73%,205 lbs.,5444c5a201d3ee5a,Jamahal Hill,12-4-0 (1 NC)
"May 25, 1991","5' 9""","72""",3.96,3.81,Orthodox,35%,56%,0.2,35%,0.91,70%,135 lbs.,544d7460b3e44393,Albert Morales,7-4-1
"Nov 20, 1995","5' 4""","67""",2.46,4.62,Orthodox,43%,59%,1.8,57%,4.54,100%,115 lbs.,545092d13c67aa49,Alexia Thainara,14-1-0
"Jun 19, 1983","5' 6""","69""",4.09,3.69,Orthodox,46%,57%,1.0,45%,3.00,31%,125 lbs.,54578e5927adea53,Richie Vaculik,10-4-0
"May 28, 1976","6' 2""","77""",2.42,2.55,Orthodox,39%,63%,0.8,25%,0.39,64%,185 lbs.,546015aa2ad945fd,Rory Singer,11-9-0
"Mar 05, 1986","5' 6""","66""",1.78,0.96,Orthodox,40%,46%,0.7,62%,3.61,50%,125 lbs.,546f8599a63c29da,Robert Sanchez,8-2-0
"Jan 08, 1989","6' 0""","77""",3.72,5.33,Orthodox,59%,55%,0.2,34%,2.11,90%,185 lbs.,547afe1017e72dbe,Phil Hawes,12-6-0
"Oct 19, 1981","5' 9""",--,2.73,1.09,Southpaw,41%,35%,1.2,60%,3.51,0%,185 lbs.,54ed8dc6f8c31207,Gilbert Smith,12-6-0
"Jan 21, 1997","5' 7""","69""",3.97,4.82,Orthodox,50%,62%,0.9,57%,1.73,95%,155 lbs.,54f64b5e283b0ce7,Ilia Topuria,17-1-0
"Sep 23, 1996","5' 8""","70""",3.11,6.16,Orthodox,53%,45%,0.0,50%,6.54,0%,145 lbs.,5537efc6e496dd84,Aaron Pico,14-5-0
"Dec 24, 1985","5' 10""","70""",3.39,3.54,Southpaw,47%,57%,0.5,28%,0.46,57%,155 lbs.,5580771f383e141f,Jesse Ronson,21-12-0 (1 NC)
"Oct 08, 1976","5' 9""","70""",2.25,2.57,Orthodox,43%,60%,0.3,41%,0.61,39%,170 lbs.,55a7b2d4e54ffac9,Ryo Chonan,22-13-0
"Aug 11, 1990","5' 8""","69""",4.47,3.04,Orthodox,37%,52%,0.0,20%,0.30,68%,145 lbs.,55ed59d541f8b90c,Rolando Dy,9-7-1 (1 NC)
"Feb 23, 1989","5' 9""","70""",2.97,2.48,Southpaw,51%,55%,0.5,33%,2.36,70%,155 lbs.,55ee431411ccf07a,Olivier Aubin-Mercier,11-5-0
"Aug 06, 1985","5' 7""","69""",3.18,3.45,Orthodox,35%,61%,0.2,58%,1.60,78%,125 lbs.,55f446032177b119,Chris Beal,10-5-0
"Aug 05, 1987","5' 9""","74""",2.96,1.65,Orthodox,53%,41%,2.6,44%,1.03,55%,135 lbs.,55f80a8aeffcdb33,Dustin Pague,12-11-0
"Aug 29, 1988","5' 4""","66""",5.86,5.24,Switch,43%,52%,0.2,19%,1.30,75%,125 lbs.,55fa6ce3e522c8bb,Zhalgas Zhumagulov,14-9-0
"Jun 14, 1980","5' 11""","75""",0.89,1.80,Orthodox,55%,69%,1.7,53%,2.32,84%,170 lbs.,56116a79e4deed06,Claude Patrick,14-2-0
"Jun 18, 1996","6' 1""","79""",3.56,0.00,Orthodox,0%,50%,0.0,0%,0.00,0%,185 lbs.,563a1d42bb0e3cef,Tre'ston Vines,10-4-0
"Aug 04, 1983","6' 3""",--,1.29,4.44,,58%,72%,3.5,25%,1.75,40%,185 lbs.,564c2f5f9eb45d67,Mike King,5-1-0
"Nov 16, 1979","5' 7""",--,4.32,2.88,Orthodox,46%,67%,0.7,43%,4.88,0%,155 lbs.,5669b828e7e11329,David Kaplan,3-4-0
"Apr 05, 1989","5' 11""","67""",1.96,1.78,Orthodox,35%,49%,1.7,33%,1.67,45%,135 lbs.,56709e66f1c6008f,Cole Smith,7-2-0
"Feb 20, 1991","5' 7""","65""",4.88,3.18,Orthodox,47%,43%,0.6,0%,0.00,53%,125 lbs.,568bbad0eaced57c,Shanna Young,9-6-0
"Mar 31, 1980","6' 4""","77""",3.35,3.93,Orthodox,51%,49%,0.8,62%,1.33,50%,205 lbs.,56b8b24f65f9f057,Mike Kyle,22-14-1 (2 NC)
"Sep 22, 1985","6' 2""",--,4.40,3.13,,37%,72%,0.0,0%,0.00,0%,170 lbs.,56bc9ccb609df534,Chuck O'Neil,17-9-0
"Feb 21, 1981","5' 7""","68""",2.64,2.40,Orthodox,43%,48%,0.3,18%,1.04,53%,125 lbs.,56c9acc4e86046a2,Chris Kelades,9-3-0
--,"6' 2""",--,0.00,0.00,,0%,0%,0.0,0%,0.00,0%,170 lbs.,56f4b81ec4db61af,Courtney Turner,0-3-0
"Feb 25, 1988","6' 2""","76""",2.73,4.46,Orthodox,62%,58%,0.0,7%,0.38,100%,205 lbs.,56f7d7ee06be4aab,Zac Pauga,7-3-0
"Jan 03, 1987","5' 7""","72""",4.45,2.09,Orthodox,45%,56%,0.4,28%,4.06,50%,145 lbs.,56fcb2c4d99f9d1b,Mike Grundy,12-4-0
"Jun 29, 1988","6' 3""",--,7.32,4.15,Orthodox,43%,40%,0.0,100%,3.97,16%,245 lbs.,5713c1d2fac539ac,Cody East,12-3-0
"Jan 01, 1995","5' 8""","69""",2.82,2.75,Orthodox,50%,40%,0.5,80%,2.17,66%,145 lbs.,57186c150c645200,Jeka Saragih,14-5-0
"May 31, 1981","5' 11""",--,4.91,1.12,Orthodox,28%,44%,1.5,38%,3.64,100%,155 lbs.,5731cc327790b731,Matt Veach,17-5-0
"May 24, 1985","6' 0""",--,4.37,2.73,Orthodox,29%,55%,0.5,0%,0.00,37%,170 lbs.,575360be653ad6a6,Hernani Perpetuo,18-5-0 (1 NC)
"May 30, 1982","5' 6""","64""",2.76,2.78,Orthodox,37%,65%,1.0,28%,0.56,38%,145 lbs.,5755960ebd0b16f6,Ivan Menjivar,25-12-0
--,"6' 0""",--,0.00,0.00,Orthodox,0%,0%,0.0,0%,0.00,0%,199 lbs.,577ec7e108b94be3,Rainy Martinez,0-2-0
"Dec 04, 1990","5' 4""",--,2.15,2.71,Orthodox,46%,51%,0.0,60%,1.94,68%,125 lbs.,57887765f831e228,Roldan Sangcha'an,4-2-0
"Mar 26, 1988","5' 9""","68""",6.64,5.19,Orthodox,39%,56%,0.2,50%,0.15,77%,135 lbs.,578ef12674df1e6a,Irene Aldana,15-8-0
"Sep 24, 1980","6' 1""","74""",2.65,3.28,Orthodox,42%,59%,0.3,12%,0.12,60%,205 lbs.,579fcdfcabd23a7b,Brian Stann,12-6-0
"Apr 19, 1983","5' 4""","64""",2.24,1.94,Southpaw,43%,62%,0.3,30%,3.71,56%,125 lbs.,57ab4d7c0bc09a30,Zach Makovsky,20-8-0
"Feb 21, 1988","5' 11""","76""",2.55,2.99,Orthodox,51%,46%,0.6,38%,2.35,63%,170 lbs.,57b10fca4f9c9a7a,Alex Oliveira,22-12-1 (2 NC)
"Oct 14, 1985","5' 11""","70""",0.76,1.81,Southpaw,63%,65%,0.7,50%,0.71,50%,155 lbs.,57bad6a84230f0c9,Tony Sims,12-4-0
"Mar 12, 1984","5' 5""","63""",4.58,1.89,Orthodox,53%,44%,0.0,25%,0.92,33%,135 lbs.,57bf89d42364d39e,Issei Tamura,10-8-0
"Aug 04, 1987","6' 3""",--,1.43,3.47,Switch,50%,69%,0.0,33%,0.58,58%,170 lbs.,5823ceab56741617,Jonathan Meunier,8-1-0
"Jun 06, 1988","5' 9""","72""",5.96,5.55,Orthodox,45%,51%,0.7,41%,0.73,71%,145 lbs.,583ee11abddfc581,Nate Landwehr,18-8-0
"Jun 21, 1984","6' 0""","74""",4.18,2.50,Orthodox,48%,49%,1.4,35%,0.85,56%,170 lbs.,5866fc86183a9fb8,Erick Silva,19-9-0 (1 NC)
"Jun 04, 1997","5' 9""","70""",3.71,4.15,Orthodox,45%,51%,1.6,0%,0.00,60%,155 lbs.,5870c541798124ae,Manoel Sousa,14-1-0
--,"6' 0""",--,0.00,0.00,,0%,0%,0.0,0%,0.00,0%,215 lbs.,5898357a45a73674,Sione Latu,1-0-0
"Mar 02, 1993","6' 3""","77""",3.03,4.53,Orthodox,54%,53%,1.1,33%,0.18,46%,170 lbs.,58bbef3770bb2dfc,Joel Alvarez,23-4-0
"Nov 12, 1980","5' 10""","72""",2.38,2.07,Orthodox,61%,67%,3.6,11%,2.07,50%,155 lbs.,58bc81376286b3d3,Per Eklund,14-5-1
"Jul 12, 1990","5' 10""","73""",2.80,1.41,Orthodox,25%,51%,0.0,30%,2.82,0%,155 lbs.,5904b0b38dc6718d,Cody Pfister,13-6-1
"Apr 30, 1987","5' 10""","70""",4.53,4.06,Orthodox,40%,61%,0.2,18%,0.63,74%,155 lbs.,59279a7c978f7da0,Al Iaquinta,14-7-1
"Aug 02, 1977","6' 1""","77""",3.13,3.37,Open Stance,39%,58%,1.0,25%,0.52,71%,205 lbs.,59583ff832fe9d68,Krzysztof Soszynski,26-12-1
"Oct 06, 1993","6' 1""","73""",4.32,4.28,Orthodox,51%,50%,0.6,52%,1.11,75%,185 lbs.,595db60957de51d3,Michel Pereira,32-15-0 (2 NC)
"Apr 10, 1995","5' 8""","69""",3.43,4.61,Orthodox,41%,60%,0.0,23%,1.47,54%,155 lbs.,597499ac7a5aac62,Abdul-Kareem Al-Selwady,16-4-0
"Jan 23, 1961","6' 1""",--,0.00,0.00,Orthodox,0%,0%,0.0,0%,0.00,0%,210 lbs.,597db668b01c442c,Marco Ruas,9-4-2
"Aug 31, 1992","5' 6""","69""",3.90,3.03,Orthodox,42%,61%,0.3,41%,4.49,76%,135 lbs.,5987b2458f4b5290,Ricky Simon,22-7-1
--,"6' 4""",--,0.00,0.00,Orthodox,0%,0%,0.0,0%,0.00,0%,275 lbs.,598a58db87b890ee,Kevin Rosier,2-6-0
"Sep 27, 1994","6' 1""","71""",5.80,1.70,Orthodox,31%,42%,1.5,33%,3.00,0%,155 lbs.,59a27d2e6d0802ac,Max Rohskopf,5-1-0
--,"6' 0""",--,6.45,0.00,Orthodox,0%,35%,0.0,0%,0.00,50%,170 lbs.,59aaf2730b84698a,Jesse Sanders,23-7-0
"Nov 30, 2001","5' 9""","71""",2.14,2.92,Orthodox,51%,43%,0.7,22%,1.72,83%,125 lbs.,59c438c81fbf3ece,Tereza Bleda,7-2-0
"Jul 18, 1985","6' 2""",--,4.35,1.20,Orthodox,33%,38%,1.1,0%,0.00,50%,220 lbs.,5a558ba1ff5e9121,Darrill Schoonover,14-8-0
"Apr 25, 1985","5' 9""",--,3.23,0.81,Orthodox,33%,38%,0.0,75%,9.09,0%,170 lbs.,5a6e4d2f0c76a242,Manuel Rodriguez,11-5-0
"Apr 25, 1981","6' 0""","78""",2.49,1.94,Orthodox,33%,58%,0.0,100%,1.94,60%,185 lbs.,5abf827d62f98fee,Clifford Starks,13-3-0
"Jan 06, 1985","5' 4""","65""",3.04,1.83,Southpaw,29%,55%,0.6,42%,5.15,47%,125 lbs.,5aedf14771ca82d2,Wilson Reis,23-10-0
--,"6' 0""",--,0.00,0.00,,0%,0%,0.0,0%,0.00,0%,200 lbs.,5af480a3b2e1726b,David Hood,1-3-0
"Oct 26, 1995","5' 8""","69""",4.51,4.02,Orthodox,50%,53%,0.3,46%,2.06,83%,145 lbs.,5b03b61f9d90125e,Morgan Charriere,21-12-1
"Mar 04, 1987","5' 4""","68""",4.04,3.12,Orthodox,42%,55%,0.5,22%,1.62,28%,135 lbs.,5b2325cd70dbe2ea,Talita Bernardo,6-4-0
"Nov 01, 1982","6' 2""","73""",3.59,2.08,Southpaw,45%,54%,1.4,24%,2.74,50%,185 lbs.,5b2d7906aa894274,Mike Massenzio,13-9-0
"Dec 30, 1984","6' 2""","76""",3.77,2.83,Orthodox,50%,50%,1.0,45%,1.20,71%,170 lbs.,5b407acfe0ef9b76,Nick Osipczak,6-3-0
"Dec 30, 1997","5' 7""","72""",4.47,3.47,Orthodox,43%,62%,0.0,0%,0.00,100%,145 lbs.,5b43d68174b6e2ab,Losene Keita,16-2-0
"Aug 28, 1984","5' 9""","71""",2.17,3.80,Southpaw,41%,62%,0.9,48%,2.53,63%,170 lbs.,5b5307450405abf0,Rick Story,19-9-0
"Jul 30, 1974","6' 1""",--,2.89,0.70,Orthodox,43%,49%,0.0,0%,0.00,0%,220 lbs.,5b5b9c6f6f270369,Kristof Midoux,6-10-0
"Feb 22, 1995","5' 7""","72""",3.48,3.76,Southpaw,53%,53%,0.0,51%,1.37,76%,155 lbs.,5b86d491d63890c5,Ludovit Klein,24-5-1
"Feb 21, 1994","5' 7""","68""",2.81,4.83,Orthodox,41%,61%,0.7,16%,0.36,81%,155 lbs.,5b8ba8f5512893b1,Matt Sayles,8-4-0
"Jul 29, 1976","6' 0""","75""",1.89,1.66,Orthodox,32%,61%,1.0,60%,4.05,66%,170 lbs.,5bb0a618ad03ac64,Jay Hieron,23-7-0
"Jun 02, 1969","5' 11""",--,4.67,0.93,Orthodox,70%,28%,2.0,0%,0.00,40%,205 lbs.,5bd533d50c8e7b8a,Chris Haseman,20-17-0
"Jun 03, 1975","6' 3""","75""",1.84,3.21,Orthodox,58%,50%,2.4,36%,1.35,28%,185 lbs.,5be86bb2f78fef2f,Jason Lambert,26-13-0
"Dec 31, 1991","5' 11""","71""",4.40,3.63,Orthodox,53%,50%,0.5,66%,0.36,72%,145 lbs.,5bf31a46becc1204,Michael Trizano,11-3-0
"Feb 13, 1995","5' 8""","69""",4.13,2.00,Orthodox,26%,56%,0.0,0%,0.00,66%,145 lbs.,5c10da56d712ac9c,Khusein Askhabov,23-1-0
"Dec 15, 1988","5' 8""","67""",2.80,2.90,Orthodox,58%,54%,0.0,57%,0.85,76%,125 lbs.,5c126c6aac3ef364,Poliana Botelho,8-5-0
"Apr 14, 1980","6' 1""","74""",3.62,2.71,Orthodox,53%,49%,0.1,40%,0.60,63%,205 lbs.,5c1ca0c72b599a3c,Rafael Cavalcante,12-7-0 (1 NC)
"Oct 10, 1989","5' 10""",--,5.26,0.79,Orthodox,50%,23%,0.0,0%,0.00,0%,155 lbs.,5c2ce761399dc9c5,Marcin Bandel,15-7-0
"Mar 30, 1990","5' 7""","66""",2.64,3.80,Orthodox,47%,63%,0.2,42%,0.98,80%,125 lbs.,5c637af9472ae7cc,Jamey-Lyn Horth,9-3-0
"Sep 17, 1997","5' 9""","69""",3.57,3.97,Orthodox,37%,58%,0.0,0%,0.00,62%,135 lbs.,5c84f673b7bb7c15,Cameron Smotherman,12-7-0
"Jan 01, 1964","6' 2""",--,0.00,0.00,Orthodox,0%,0%,0.0,0%,0.00,0%,230 lbs.,5ca158b1cc9cb242,Jason Godsey,16-16-0
"May 03, 1983","6' 3""","75""",1.98,1.64,Southpaw,44%,56%,1.4,50%,0.93,50%,185 lbs.,5cafbc97dba2e797,Robert McDaniel,28-10-0
"Sep 11, 2000","5' 7""","70""",3.80,3.75,Orthodox,39%,41%,0.5,0%,0.00,20%,125 lbs.,5cdf5339728f580d,Felipe dos Santos,8-3-0 (1 NC)
"Nov 14, 1993","5' 5""","68""",3.88,4.68,Southpaw,55%,57%,0.2,30%,0.36,78%,125 lbs.,5d1b7e3dd9e11074,Manel Kape,23-7-0
"Mar 03, 1999","5' 9""","72""",3.45,3.19,Orthodox,34%,55%,0.5,47%,2.71,88%,155 lbs.,5d495dec23d7c68e,Francis Marshall,10-3-0
"Aug 10, 1983","6' 2""","76""",2.58,2.65,Orthodox,47%,54%,1.2,54%,3.55,62%,185 lbs.,5d7bdab5e03e3216,CB Dollaway,17-9-0
"Feb 06, 1974","5' 8""",--,1.90,0.81,Orthodox,33%,48%,0.0,100%,1.36,0%,170 lbs.,5d7c18191b8aa432,Zach Light,9-11-0
"May 03, 2002","5' 10""","69""",2.20,1.40,,44%,42%,0.0,80%,4.00,33%,145 lbs.,5d8006587d6a6711,Isaac Thomson,9-3-0
"Apr 03, 1988","5' 10""","73""",3.30,2.62,Orthodox,56%,35%,0.4,40%,1.78,48%,205 lbs.,5da33b8fbfa5ee95,William Knight,11-5-0
"Jun 10, 1995","5' 5""","67""",3.77,4.89,Orthodox,53%,66%,0.5,37%,0.74,65%,115 lbs.,5dd180c8b3196786,Gloria de Paula,6-5-0
"Aug 30, 1981","5' 7""","72""",4.32,1.77,Orthodox,43%,49%,0.0,33%,0.43,13%,135 lbs.,5df17b3620145578,Cole Escovedo,17-9-0
"Jul 16, 1977","5' 3""",--,7.42,3.31,Orthodox,39%,41%,0.0,10%,0.75,80%,135 lbs.,5dfe71ade71f3a4b,Rosi Sexton,13-5-0
"Sep 22, 1989","6' 3""","79""",2.22,4.43,Orthodox,46%,59%,0.0,50%,4.89,83%,205 lbs.,5e4eec08896c9423,Corey Anderson,14-5-0
"Aug 12, 1988","5' 6""","68""",2.48,2.20,Orthodox,46%,52%,0.6,42%,2.48,50%,135 lbs.,5e6294b37bbef029,Stephanie Egger,8-5-0
"Dec 22, 1984","5' 10""","73""",5.98,2.91,Orthodox,29%,48%,0.0,0%,0.00,36%,155 lbs.,5e84a859c6a82288,Michel Quinones,8-3-0
"Apr 24, 1998","5' 8""","67""",2.40,4.69,Orthodox,44%,69%,0.0,50%,1.75,71%,125 lbs.,5e9ca8dd7d783a75,Alden Coria,12-3-0 (1 NC)
"Feb 07, 1991","5' 5""","64""",2.82,1.44,Orthodox,21%,48%,0.0,16%,0.66,58%,125 lbs.,5ea918ea81b7dee2,Yao Zhikui,2-4-0
"May 02, 1993","5' 10""","73""",6.19,5.60,Switch,45%,47%,0.5,50%,0.71,50%,155 lbs.,5eb50529a8418b77,Gabe Green,12-5-0
"Dec 17, 1997","5' 7""","71""",2.94,3.90,Orthodox,50%,56%,1.1,40%,1.81,67%,145 lbs.,5ec591b78349ba7e,Christian Rodriguez,13-4-0
"Aug 23, 1977","5' 11""","71""",1.50,1.39,Southpaw,46%,55%,2.0,34%,2.67,43%,170 lbs.,5eedbf1e9601be35,Brock Larson,42-10-0
"Aug 04, 1984","5' 8""","68""",3.61,2.53,Orthodox,34%,54%,0.8,25%,2.57,80%,135 lbs.,5ef0088c1b19beeb,Bryan Caraway,21-9-0
"Jan 27, 1996","5' 7""","71""",4.71,3.76,Orthodox,46%,46%,1.4,0%,0.00,47%,125 lbs.,5ef94841c4bc3f86,Edgar Chairez,14-6-0 (1 NC)
"Sep 30, 1976","5' 9""","73""",2.34,2.91,Southpaw,42%,66%,0.7,53%,0.76,69%,155 lbs.,5f04e3d58d9ce982,Yves Edwards,42-22-1 (1 NC)
"May 05, 1987","5' 7""","67""",4.00,4.29,Orthodox,39%,55%,0.5,31%,0.39,39%,125 lbs.,5f179af5fffeb9f6,Cortney Casey,10-10-0
"Jun 17, 1977","6' 0""",--,2.44,0.78,Orthodox,15%,60%,0.4,80%,1.74,55%,185 lbs.,5f2f0da6fd6a84fd,Andrei Semenov,34-9-2
"Nov 07, 1986","5' 10""","70""",2.54,2.15,Orthodox,44%,52%,0.9,48%,6.90,100%,170 lbs.,5f3805dda9661cba,Jason Witt,19-9-0
"Apr 27, 1987","5' 9""","71""",8.09,1.99,Switch,40%,51%,0.0,0%,0.00,0%,135 lbs.,5f3da9a9610d8969,Cameron Else,10-6-0
"Nov 26, 1974","5' 11""",--,0.85,0.21,Orthodox,20%,50%,0.0,0%,0.00,0%,185 lbs.,5f6038bcdb95e3e4,John Kolosci,15-9-0
"Jun 12, 1991","6' 0""","73""",2.99,2.75,Switch,49%,51%,1.2,52%,3.13,86%,185 lbs.,5f61780fe5e9b6d0,Andre Petroski,13-6-0
"Jan 21, 1988","5' 8""","75""",4.87,4.28,Southpaw,40%,51%,0.1,75%,0.36,72%,145 lbs.,5f6f049d54728e88,Andre Ewell,17-9-0
"Jan 13, 1979","5' 6""","70""",2.67,3.87,Orthodox,32%,65%,0.3,32%,0.87,65%,145 lbs.,5f87a5c00b3d17ed,Dennis Siver,23-11-0 (1 NC)
"Jun 11, 1985","5' 8""","72""",2.98,2.88,Switch,38%,57%,0.2,41%,2.04,60%,155 lbs.,5f99b2bafb10305f,Daron Cruickshank,18-10-0 (1 NC)
"Dec 18, 1991","5' 6""","71""",5.07,4.95,Switch,51%,54%,0.1,37%,1.49,75%,135 lbs.,5fa2974cbd18e05c,John Castaneda,21-8-1
"Jul 25, 1982","5' 9""","69""",2.31,1.91,Orthodox,54%,58%,0.5,46%,2.97,33%,145 lbs.,5fceb45939fc0c8a,Tom Niinimaki,22-8-1
"Jul 12, 1977","6' 4""","81""",2.68,2.47,Orthodox,57%,48%,0.0,47%,2.20,66%,265 lbs.,60029bcf496bd707,Soa Palelei,22-5-0
"Jul 12, 1972","5' 11""",--,0.00,0.00,Southpaw,0%,0%,0.0,0%,0.00,0%,185 lbs.,6014d25e73b669c9,Keiichiro Yamamiya,45-35-10
"Mar 16, 1989","5' 8""","68""",3.65,2.95,Orthodox,27%,57%,0.3,37%,1.91,85%,135 lbs.,60193e707634e560,Montse Rendon,7-2-0
"Sep 28, 1991","5' 5""","69""",4.47,3.82,Orthodox,48%,44%,0.3,41%,5.40,52%,135 lbs.,601964f9654f911a,Tony Gravely,23-9-0
--,"5' 9""",--,0.00,0.00,,0%,0%,0.0,0%,0.00,0%,160 lbs.,601cf40c09090853,Josh Stuart,1-4-0
"Jun 12, 1995","5' 8""","72""",3.83,4.75,Orthodox,43%,58%,0.3,47%,2.82,75%,135 lbs.,60425d07ef4b91a7,Kyler Phillips,12-5-0
"Jul 30, 1984","5' 11""",--,2.69,1.39,Orthodox,24%,62%,0.0,0%,0.00,37%,155 lbs.,6085ceb59087514b,Steve Lopez,13-6-1
"Feb 10, 1978","6' 3""",--,5.47,1.27,Southpaw,58%,31%,0.0,20%,1.91,0%,250 lbs.,60884f31ead1609c,Jonathan Wiezorek,11-2-0
"Aug 03, 1996","5' 7""","70""",4.16,3.80,Southpaw,43%,61%,1.1,11%,0.33,54%,135 lbs.,60a42bf82447c919,Jake Hadley,11-4-0
"Oct 14, 1988","5' 11""","74""",3.71,1.44,Orthodox,41%,50%,2.2,36%,1.97,16%,145 lbs.,60ba33c3f555a7a3,Josh Grispi,14-5-0
"Dec 04, 1975","6' 0""",--,1.87,0.97,Orthodox,27%,48%,0.5,0%,0.00,37%,170 lbs.,60c72f7459827881,Julio Paulino,23-5-0
"Jan 29, 1997","5' 6""","68""",7.00,7.07,,41%,33%,0.0,33%,1.00,100%,155 lbs.,6142edbd477d20c9,Dakota Hope,11-2-0
"Jul 01, 1989","6' 3""","73""",2.02,2.82,Orthodox,66%,50%,0.2,41%,1.14,41%,185 lbs.,61fb8098ccf81c7f,Antonio Arroyo,9-5-0
"Oct 13, 1973","5' 9""","73""",1.36,2.14,Switch,53%,53%,1.2,50%,2.95,35%,170 lbs.,621a6c59f88a44fe,Matt Hughes,45-9-0
"Jul 15, 1984",--,"70""",6.25,2.28,Orthodox,32%,44%,0.0,25%,1.01,33%,155 lbs.,6224e8d0a34264eb,Edward Faaloloto,2-5-0
"May 12, 1973","5' 11""","75""",2.42,0.41,Orthodox,32%,42%,0.7,24%,1.95,30%,185 lbs.,622f015c81a9b13a,Travis Lutter,10-6-0
"Feb 23, 1987","6' 3""","76""",3.31,4.13,Orthodox,39%,60%,0.7,33%,0.26,57%,155 lbs.,6256b2b1562cb8e1,James Vick,13-5-0
"Nov 19, 1974","6' 2""",--,0.17,2.50,Southpaw,71%,84%,2.5,85%,7.51,0%,227 lbs.,62918a2118de08b2,Tom Murphy,8-0-0
"Jul 10, 1975","6' 3""",--,2.77,0.61,Orthodox,62%,40%,0.9,40%,1.84,16%,235 lbs.,6291ac0a3726732f,Pete Williams,12-6-0
"Dec 28, 1992","6' 1""","74""",2.25,2.12,Switch,48%,49%,0.7,100%,0.66,55%,155 lbs.,62f7097c04311193,Niklas Stolze,12-6-0
"Apr 21, 1984","5' 11""","75""",1.59,2.47,Orthodox,42%,64%,0.2,37%,1.54,62%,155 lbs.,633a45d131192ffe,Kajan Johnson,23-13-1
"Jul 09, 1985","5' 8""","68""",2.25,7.28,Orthodox,52%,64%,0.4,55%,0.66,94%,145 lbs.,634bb0de2eb043b4,Cristiane Justino,21-2-0 (1 NC)
"Oct 17, 1981","5' 8""","69""",2.92,3.13,Southpaw,40%,55%,0.1,30%,0.87,76%,135 lbs.,634e2fb70bde3fd5,Holly Holm,15-7-0 (1 NC)
"Jul 14, 1988","6' 3""","73""",3.15,5.52,Orthodox,54%,54%,0.0,20%,0.14,53%,205 lbs.,6370c1c1e12723d5,Marcin Prachnio,17-9-0
"Jun 28, 1995","5' 9""","72""",6.78,2.56,Orthodox,33%,35%,0.5,5%,0.51,20%,145 lbs.,637bd06c32219f0b,Jacob Kilburn,8-4-0
"Jul 11, 1985","6' 2""","74""",3.63,2.70,Switch,42%,52%,0.7,66%,1.36,50%,170 lbs.,638cfec7ec559d6e,Brandon Thatch,11-5-0
"Feb 11, 1964","6' 1""","72""",4.30,1.47,Orthodox,46%,39%,2.5,60%,0.94,44%,205 lbs.,63b65af1c5cb02cb,Ken Shamrock,28-17-2
"Jan 30, 1984","6' 4""","77""",3.33,4.49,Orthodox,47%,56%,0.1,50%,0.30,81%,238 lbs.,63def5a5662a6917,Junior Dos Santos,21-9-0
"Nov 20, 1970","5' 9""",--,6.44,1.21,Orthodox,75%,20%,0.0,0%,0.00,0%,185 lbs.,63eedfcc73071d41,Lance Gibson,4-5-0
"Apr 27, 1995","5' 9""","72""",4.82,8.67,Orthodox,64%,63%,0.0,0%,0.00,0%,145 lbs.,640a0f838f057a81,Lerryan Douglas,14-5-0
"Dec 27, 1996","5' 11""","71""",2.25,0.96,Orthodox,60%,30%,2.4,0%,0.00,33%,145 lbs.,641ca2c2ed91b93c,Zygimantas Ramaska,9-3-0
"Mar 13, 1969","5' 11""",--,6.47,2.26,Southpaw,51%,44%,2.3,0%,0.00,66%,199 lbs.,6420efac0578988b,Yoshiki Takahashi,30-27-3 (1 NC)
"Feb 03, 1984","5' 9""","72""",2.48,1.79,Orthodox,35%,56%,0.7,28%,0.99,44%,145 lbs.,64360e618823a8e4,Phillipe Nover,11-8-1
"Sep 04, 1982","5' 11""",--,6.87,6.27,,49%,43%,0.0,20%,2.00,0%,155 lbs.,6448e57a9533b7e4,Abner Lloveras,20-9-1
"Oct 04, 1990","5' 5""","67""",1.99,1.97,Orthodox,37%,50%,0.2,38%,2.40,43%,135 lbs.,64788ee44b062ded,Michinori Tanaka,11-3-0
"Jul 10, 1985","5' 11""",--,3.34,1.06,Orthodox,30%,56%,0.8,0%,0.00,14%,170 lbs.,64959f90b6dd9759,Brock Jardine,12-6-0
"Jan 21, 1986","5' 11""","75""",4.68,4.14,Orthodox,44%,55%,0.1,50%,0.43,73%,155 lbs.,64a50dad704d1d49,Edson Barboza,24-14-0
"Nov 15, 1991","6' 2""","72""",4.57,2.53,Orthodox,49%,54%,0.0,37%,0.93,70%,205 lbs.,64ad3e3b0efa30bb,Ivan Erslan,15-6-0 (1 NC)
"Sep 13, 1997","6' 2""","74""",2.59,1.68,Orthodox,34%,44%,0.0,0%,0.00,44%,170 lbs.,64b12fe31be7560c,Eric Nolan,8-5-0
"Mar 28, 1988","6' 1""","74""",2.23,3.73,Orthodox,60%,44%,0.2,33%,0.20,53%,185 lbs.,64d47ef881a437a4,Cesar Almeida,7-3-0
"Nov 22, 1992","5' 11""","72""",3.31,4.42,Southpaw,53%,47%,0.1,51%,1.97,48%,170 lbs.,64facb6cc564262d,Punahele Soriano,13-4-0
"May 19, 1981","5' 11""","76""",1.40,3.78,Orthodox,53%,72%,1.1,74%,4.16,83%,185 lbs.,6506c1d34da9c013,Georges St-Pierre,26-2-0
"Oct 15, 1979","5' 6""","65""",2.21,1.34,Orthodox,39%,66%,0.7,33%,1.42,35%,125 lbs.,6546af7ab545b90c,Darren Uyenoyama,10-6-0
"Feb 18, 1988","5' 10""","73""",3.78,2.68,Orthodox,34%,54%,0.7,66%,0.96,64%,155 lbs.,654ae722109a0d31,Joe Duffy,16-5-0
"Jan 26, 1994","5' 6""","67""",4.40,4.05,Orthodox,41%,50%,0.3,38%,0.47,68%,125 lbs.,6551c64fbcd1a467,Ariane da Silva,17-11-0
"Jul 31, 1984","6' 0""","79""",3.85,3.23,Orthodox,48%,54%,0.1,38%,0.54,64%,185 lbs.,65578a75fa7900e3,Uriah Hall,18-11-0
"Jul 07, 1979","5' 11""","74""",3.54,2.72,Orthodox,52%,59%,0.2,0%,0.00,76%,235 lbs.,658c3465581ae46b,Pat Barry,8-7-0
"May 05, 1993","5' 7""","68""",1.76,1.78,Orthodox,40%,50%,1.8,47%,2.40,50%,125 lbs.,65adf3856c4d9256,Jafel Filho,17-5-0
"Jul 24, 1996","5' 7""","70""",6.50,5.48,Southpaw,43%,48%,0.0,11%,0.36,86%,135 lbs.,65cdf4ec31143d86,Vinicius Salvador,14-7-0
"Aug 25, 1994","5' 9""","71""",5.35,3.13,Orthodox,50%,42%,0.4,44%,1.65,66%,155 lbs.,65db4065e2bc107d,Darrius Flowers,13-8-1
"May 22, 1984","5' 11""","73""",3.20,2.23,Southpaw,36%,58%,0.3,48%,1.65,63%,170 lbs.,65ddc8a9ac4e8531,Keita Nakamura,34-10-2 (1 NC)
"Apr 20, 1992","5' 11""","70""",3.72,4.92,Switch,45%,55%,0.2,33%,1.14,57%,135 lbs.,65f09bacd3957381,Cory Sandhagen,18-7-0
"Dec 17, 1981","6' 0""",--,2.99,3.94,Orthodox,30%,67%,0.0,14%,0.90,0%,205 lbs.,663b76da637402c3,Victor Valimaki,18-10-0
"Dec 27, 1973","6' 1""",--,3.93,1.27,,48%,40%,0.0,10%,1.00,0%,205 lbs.,668222c99c5c311d,Matt Lucas,15-3-0
"May 04, 1999","5' 4""","66""",4.25,5.24,Orthodox,44%,58%,0.9,34%,1.96,78%,125 lbs.,669970f7feba8ecd,Erin Blanchfield,14-2-0
"Mar 06, 1965","5' 10""",--,0.00,0.00,Orthodox,0%,0%,0.0,0%,0.00,0%,199 lbs.,669a3cb6e394f515,Royce Alger,3-2-0
"Feb 06, 1986","5' 11""","70""",3.00,2.20,Southpaw,49%,54%,2.1,18%,0.85,10%,155 lbs.,66ab58d0b3783607,Andrew Holbrook,12-3-0
"Nov 21, 1986","6' 0""","73""",3.56,2.67,Southpaw,43%,43%,0.4,27%,1.25,45%,155 lbs.,66e98b3bb5fc5250,Dan Moret,13-6-0
--,"5' 7""",--,0.00,0.00,Southpaw,0%,0%,0.0,0%,0.00,0%,170 lbs.,672ef06fd9f41f7d,Marcelo Mello,1-0-0
"Jun 22, 1983","5' 5""","64""",4.93,4.37,Orthodox,43%,56%,0.0,18%,0.39,85%,135 lbs.,673ea7dcc786b1b3,Bethe Correia,11-6-1
"Feb 10, 1990","6' 4""","78""",4.92,2.94,Orthodox,46%,45%,0.3,33%,1.06,83%,265 lbs.,6747ccd6d1acd266,Shamil Gaziev,14-3-0
"May 24, 1994","5' 10""","73""",3.04,3.41,Orthodox,44%,59%,0.3,0%,0.00,65%,145 lbs.,6751eacd16bd59bc,Josh Culibao,11-4-1
"Feb 16, 1985","6' 2""",--,1.49,2.20,Orthodox,54%,53%,2.1,100%,0.31,30%,185 lbs.,6776260cb0aef647,Logan Clark,18-6-0
"Jan 22, 1982","6' 1""","76""",2.26,3.29,Orthodox,38%,57%,0.4,60%,3.55,82%,205 lbs.,679a9054e2815943,Tomasz Drwal,21-5-1
"Mar 05, 1989","5' 6""",--,3.33,1.07,Orthodox,39%,43%,0.0,33%,0.50,37%,115 lbs.,67a992d4cff22466,Ericka Almeida,7-3-0
"Jan 15, 1990","5' 8""","70""",4.18,4.05,Orthodox,40%,54%,1.2,45%,0.59,43%,125 lbs.,67c1d46f4ed16f9e,Matt Schnell,17-11-0 (1 NC)
"Feb 27, 1987","6' 3""","77""",3.06,3.86,Orthodox,51%,57%,1.7,39%,4.15,76%,205 lbs.,67f272324a030d00,Misha Cirkunov,15-9-0
"Nov 01, 1979","6' 2""",--,6.95,0.50,Orthodox,62%,27%,0.0,0%,0.00,0%,205 lbs.,6803d4d6908354ac,Brad Morris,10-6-0
"Jul 13, 1982","6' 1""","73""",4.41,4.01,Orthodox,44%,50%,0.0,7%,0.15,43%,185 lbs.,6809c31286b08d97,Tom Watson,17-9-0
"Apr 25, 1993","6' 1""","71""",3.42,5.59,Southpaw,60%,56%,0.0,50%,0.34,55%,170 lbs.,681399317dbf4701,Uros Medic,13-3-0
"Jul 23, 1986","5' 7""",--,4.73,0.93,Orthodox,21%,36%,0.0,0%,0.00,71%,155 lbs.,683ea28a198936fe,Jay Cucciniello,8-1-0
"Feb 24, 1993","6' 1""","71""",2.20,1.80,Switch,39%,39%,0.5,30%,1.35,60%,170 lbs.,684d3aee255a3d09,Gadzhi Omargadzhiev,13-2-0
"Aug 10, 1971","5' 10""",--,1.12,1.26,Orthodox,54%,57%,0.8,56%,2.00,30%,205 lbs.,6859f67468ba8489,Kevin Randleman,17-16-0
"Dec 26, 1985","6' 6""","77""",2.52,1.44,Orthodox,79%,52%,0.8,28%,3.93,0%,205 lbs.,687c15b2eddfaa63,Danilo Marques,11-4-0
"Feb 14, 1978","5' 10""",--,5.75,2.19,Orthodox,28%,44%,0.0,0%,0.00,100%,185 lbs.,6888e31ce88f5b17,Steve Vigneault,12-6-0
"Mar 31, 1992","5' 7""","67""",3.97,2.62,Orthodox,48%,46%,0.0,80%,2.62,90%,135 lbs.,68b8ebdfce9dbb61,Charalampos Grigoriou,8-5-0
"Jan 27, 1988","5' 10""","74""",2.42,2.32,Orthodox,49%,50%,0.0,42%,2.95,76%,170 lbs.,68c11c27d4d56572,Dominique Steele,14-9-0
"Feb 13, 1976","6' 1""","75""",1.89,1.26,Orthodox,35%,61%,1.1,15%,1.58,50%,185 lbs.,68c6cd5287b473a7,Dean Lister,13-7-0
"Nov 12, 1990","6' 0""","72""",0.74,2.08,Southpaw,52%,67%,0.7,25%,2.22,80%,155 lbs.,68c7ad953455c73f,Don Madge,9-3-1
"Dec 23, 1993","5' 2""","67""",5.76,5.65,Southpaw,43%,51%,0.0,0%,0.00,58%,135 lbs.,68d35296f566792b,Josiane Nunes,10-4-0
"Dec 10, 1993","5' 5""","65""",3.61,3.95,Orthodox,48%,53%,0.3,40%,2.04,59%,125 lbs.,68d4a891e5cf2029,Tracy Cortez,12-4-0
"Nov 30, 1980","5' 7""",--,5.07,1.97,Orthodox,28%,55%,0.0,20%,0.44,85%,155 lbs.,68d76fd9ecf7431d,Luke Caudillo,17-17-0
"Jan 04, 1975","6' 2""","80""",3.53,4.38,Orthodox,47%,53%,0.0,33%,1.42,42%,265 lbs.,68dd7b3783c19f9c,Shane Carwin,12-2-0
"Sep 16, 1992","5' 11""","71""",2.58,2.22,Orthodox,46%,47%,0.0,52%,5.73,66%,145 lbs.,68f6e96c5fa6e044,Jeremy Kennedy,11-1-0
"Sep 10, 1996","5' 10""","72""",3.87,3.40,Orthodox,44%,46%,2.5,0%,0.00,41%,135 lbs.,6902fcf0610dd303,Jakub Wiklacz,18-3-2
"May 19, 1993","5' 11""","73""",7.10,7.47,Switch,42%,60%,0.0,100%,0.24,88%,145 lbs.,69037fc7730e4225,Steven Nguyen,10-2-0
"Oct 03, 1983","5' 10""",--,3.80,1.68,Orthodox,32%,45%,0.7,25%,1.99,33%,155 lbs.,6905d45bd71b50a9,Leo Kuntz,18-4-1
"May 11, 1986","5' 7""",--,12.12,1.82,Southpaw,42%,60%,0.0,0%,0.00,0%,135 lbs.,696002b59f09d73b,Joseph Sandoval,7-7-0
"Nov 22, 1990","6' 4""","79""",6.52,5.33,Orthodox,49%,61%,0.0,0%,0.00,50%,185 lbs.,6967153c7edb4d87,Ozzy Diaz,10-4-0
"May 05, 1994","5' 8""","69""",3.34,5.25,Orthodox,64%,61%,0.0,40%,4.77,100%,135 lbs.,69888118d968ba52,Joshua Weems,11-3-0
"Feb 05, 1996","6' 3""","75""",5.86,5.37,Orthodox,60%,46%,0.2,35%,1.38,94%,205 lbs.,69898645d600abdb,Rodolfo Bellato,13-3-1 (1 NC)
"May 20, 1988","5' 11""",--,4.74,2.83,Orthodox,37%,57%,0.0,66%,1.55,80%,170 lbs.,69a400af4420cd6a,Andreas Stahl,10-4-0
"Feb 05, 1976","6' 4""","78""",3.07,3.40,Orthodox,61%,46%,0.9,0%,0.00,40%,245 lbs.,69b69c0178c4004d,Antoni Hardonk,8-6-0
"Apr 04, 1991","6' 0""",--,1.63,1.32,Orthodox,26%,44%,0.0,0%,0.00,33%,170 lbs.,69e8c632135af48b,Anying Wang,2-1-0
"Mar 06, 1994","5' 8""","69""",2.71,1.28,Orthodox,41%,51%,0.4,47%,3.45,22%,145 lbs.,69f01b25dfabaf6b,Mads Burnell,9-3-0
--,"6' 3""",--,0.00,0.00,Southpaw,0%,0%,0.0,0%,0.00,0%,235 lbs.,6a0b80a24f22e152,Ryan Parker,0-1-0
"May 17, 1988","6' 2""","77""",3.67,3.95,Orthodox,51%,60%,0.0,50%,0.71,45%,250 lbs.,6a11e325aa60ad02,Jeff Hughes,10-4-0 (1 NC)
"Sep 25, 1991","5' 1""","62""",5.58,6.37,Orthodox,48%,54%,0.3,54%,2.10,75%,115 lbs.,6a1901c62ab3870f,Jessica Andrade,26-15-0
"Oct 26, 1984","5' 8""","70""",3.23,3.48,Southpaw,47%,60%,0.6,35%,1.95,54%,170 lbs.,6a2f7c151031653d,Rafael Dos Anjos,32-17-0
"Apr 14, 1993","6' 2""","75""",9.64,3.21,Orthodox,42%,47%,0.0,0%,0.00,0%,256 lbs.,6a311920edd73c85,Max Gimenis,6-2-0
"May 18, 1998","5' 5""","65""",2.78,4.56,Switch,53%,55%,0.1,45%,1.56,51%,125 lbs.,6a740daf1b279661,Maycee Barber,15-3-0
"Sep 30, 1991","6' 0""","71""",8.05,2.93,Switch,41%,33%,0.0,0%,0.00,27%,155 lbs.,6a8928652fc01bee,Brandon Jenkins,15-9-0
"Oct 10, 1980","5' 8""","71""",3.13,2.82,Orthodox,43%,54%,0.0,42%,3.10,92%,185 lbs.,6a92caba39b64752,Terry Martin,23-11-0
"Aug 18, 1996","5' 10""","74""",1.75,3.66,Orthodox,52%,64%,0.2,40%,1.48,73%,185 lbs.,6a96ad1bc34fb113,Ismail Naurdiev,25-8-0
"Apr 24, 1978","6' 4""",--,1.51,2.92,Orthodox,46%,68%,1.6,7%,0.53,37%,232 lbs.,6aa1cbc1466e9a0b,Marcio Cruz,8-3-0
"Oct 14, 1994","6' 0""","77""",4.11,5.57,Orthodox,52%,54%,0.0,57%,0.76,64%,185 lbs.,6aae253467e8f9ce,Tafon Nchukwi,6-4-0
"Dec 18, 1987","6' 1""","77""",3.44,2.95,Southpaw,45%,53%,1.5,29%,1.70,40%,185 lbs.,6ac9bc2953c47345,Gerald Meerschaert,37-22-0
"Apr 21, 2003","5' 7""","69""",4.33,7.17,Orthodox,52%,47%,0.0,71%,9.69,50%,125 lbs.,6ad8e4296f7522d9,Igor Severino,8-1-0
"Jul 26, 1974","6' 0""","70""",1.57,1.12,Southpaw,52%,41%,1.5,42%,2.25,40%,170 lbs.,6ad9058b7c7898b0,Tony DeSouza,11-4-0
"Jul 16, 1999","6' 4""","78""",4.18,3.72,Orthodox,53%,42%,0.0,38%,4.07,100%,205 lbs.,6add18754930182b,Julius Walker,7-3-0
"Dec 15, 1997","6' 0""","74""",5.54,9.87,Orthodox,53%,58%,0.0,0%,0.00,83%,145 lbs.,6b0a6def604de298,Tommy McMillen,10-0-0
"Sep 10, 1996","5' 11""","73""",4.24,5.32,Switch,51%,61%,0.1,20%,0.34,64%,170 lbs.,6b453bc35a823c3f,Jack Della Maddalena,18-4-0
"Dec 19, 1997","6' 0""","72""",2.24,3.62,Orthodox,48%,61%,0.0,40%,1.52,52%,170 lbs.,6b56e94a59b7b134,Oban Elliott,12-4-0
"Jan 31, 1981","6' 0""",--,1.39,2.29,Southpaw,45%,66%,0.9,0%,0.00,42%,155 lbs.,6b5b9be990774f0e,Maciej Jewtuszko,12-3-0
--,"5' 10""",--,8.57,2.64,Orthodox,50%,43%,0.0,0%,0.00,50%,242 lbs.,6b7bc7eaf2465387,Neil Wain,13-4-0
"Jan 05, 1989","5' 11""","75""",3.01,2.99,Orthodox,40%,59%,0.6,29%,1.97,66%,185 lbs.,6b7c7460855dbbb9,Albert Duraev,16-5-0
"Jun 05, 1976","5' 11""",--,4.44,0.61,Orthodox,42%,31%,0.0,0%,0.00,0%,155 lbs.,6bb1d2b714d4b3bc,Joey Gilbert,2-3-0
"Sep 07, 1986","5' 6""","65""",6.29,5.38,Orthodox,41%,55%,0.5,16%,0.48,82%,135 lbs.,6bd02119599741a4,Pedro Munhoz,20-10-0 (2 NC)
"Mar 01, 1980","6' 1""","75""",2.41,3.94,Orthodox,46%,65%,0.2,45%,0.50,53%,155 lbs.,6bf5a7d3e081ade2,Anthony Njokuani,16-12-0 (1 NC)
"Jun 28, 1991","5' 6""","65""",3.96,2.12,,34%,42%,0.0,0%,0.00,25%,135 lbs.,6c011be66326ad97,Bruno Korea,7-3-0
"Nov 20, 1986","6' 2""","75""",2.96,3.57,Orthodox,44%,56%,0.5,19%,0.27,57%,185 lbs.,6c2030e0a143a94b,Chris Camozzi,24-13-0
"Mar 08, 2000","6' 3""","73""",3.74,4.84,Southpaw,45%,48%,1.4,26%,1.08,58%,155 lbs.,6c3b2525436cf5d4,Tom Nolan,11-1-0
"Oct 17, 1984","6' 0""","74""",2.91,4.65,Orthodox,44%,58%,0.0,0%,0.00,50%,145 lbs.,6c7020b859c7a3ce,Edimilson Souza,15-5-0
"Mar 13, 1981","6' 0""","73""",2.42,3.53,Orthodox,39%,57%,0.7,20%,1.37,38%,170 lbs.,6c7e25571490aa3b,George Sullivan,17-7-0 (1 NC)
"Nov 28, 1987","5' 5""","64""",3.51,3.73,Orthodox,51%,58%,0.3,42%,1.66,62%,135 lbs.,6c8072b61c276e67,Jessica-Rose Clark,11-9-0 (1 NC)
"Jan 26, 1999","5' 5""","67""",3.40,2.87,Orthodox,47%,50%,0.0,35%,2.73,33%,115 lbs.,6c9b66b43663f2f7,Viktoriia Dudakova,8-2-0
"Sep 29, 1982","6' 1""","76""",2.87,2.08,Orthodox,52%,43%,0.0,66%,1.18,58%,170 lbs.,6cadfd8f1d9e7685,Che Mills,16-10-0 (3 NC)
--,--,--,0.00,0.00,Orthodox,0%,0%,0.0,0%,0.00,0%,--,6cbb7661c3258617,Felix Lee Mitchell,2-7-0
"Jul 24, 1969","5' 11""",--,0.00,0.00,Southpaw,0%,0%,0.0,0%,0.00,0%,190 lbs.,6ceff86fae4f6b3b,Jason DeLucia,33-21-1
"Sep 26, 1986","6' 0""","73""",4.68,4.78,Orthodox,41%,61%,0.0,27%,0.60,71%,170 lbs.,6d1bffff14897645,Santiago Ponzinibbio,31-9-0
"Oct 27, 1993","5' 5""","68""",3.88,2.47,Orthodox,33%,59%,0.4,25%,1.18,62%,125 lbs.,6d35bf94f7d30241,Amir Albazi,17-3-0
"Mar 02, 1996","5' 10""","73""",1.90,2.11,Orthodox,45%,58%,0.0,14%,0.63,44%,155 lbs.,6d38e41efa47a72d,Jordan Vucenic,13-4-0
"Dec 06, 1990","6' 5""","80""",5.30,1.27,Orthodox,47%,26%,0.4,9%,0.88,42%,185 lbs.,6d48a2df51749d91,Antonio Trocoli,12-7-0 (1 NC)
"Nov 27, 1991","5' 11""","75""",5.24,4.80,Orthodox,50%,51%,0.7,48%,0.89,59%,185 lbs.,6d4b63c767106d3a,Vicente Luque,24-12-1
"Jan 09, 1992","5' 7""","73""",3.24,2.94,Southpaw,40%,49%,0.4,29%,0.94,66%,125 lbs.,6d68c1afe954f121,Ode Osbourne,13-9-0 (2 NC)
--,"6' 3""",--,6.38,0.00,Southpaw,0%,28%,0.0,0%,0.00,50%,265 lbs.,6d7886b094b471ac,Sean Gannon,2-1-0
"Apr 10, 1980","5' 10""","72""",3.13,2.69,Orthodox,43%,51%,0.3,36%,2.53,72%,170 lbs.,6da99156486ed6c2,Joshua Burkman,28-16-0 (1 NC)
"Jan 25, 1983","6' 2""","75""",3.26,3.22,Southpaw,60%,51%,0.0,0%,0.00,71%,170 lbs.,6dd758d34da8d254,Ron Stallings,14-8-0 (1 NC)
"Jan 21, 1987","5' 8""","72""",4.28,1.80,Orthodox,38%,38%,0.4,0%,0.00,67%,125 lbs.,6ded9184b2284645,Willie Gates,12-7-0
"Oct 06, 1983","5' 7""","68""",4.97,3.87,Orthodox,33%,65%,0.0,0%,0.00,87%,125 lbs.,6e00cfffd54653c4,Tyson Nam,21-14-1
"Feb 14, 1984","5' 10""","74""",3.02,3.72,Orthodox,47%,52%,0.8,26%,1.37,57%,170 lbs.,6e0273f9478be71e,Kenny Robertson,15-5-0
--,"5' 8""",--,0.00,0.00,,0%,0%,0.0,0%,0.00,0%,238 lbs.,6e02c318762f52f1,Alberta Cerra Leon,0-1-0
"Jul 17, 1992","6' 0""","72""",2.67,1.40,Orthodox,33%,51%,1.0,33%,1.00,83%,145 lbs.,6e0e977beb909837,Sung Bin Jo,9-1-0
"Aug 16, 1992","5' 9""","68""",4.24,5.60,Southpaw,42%,42%,1.2,64%,0.89,45%,125 lbs.,6e15f63b6c2e2c15,Brandon Royval,18-9-0
"Nov 04, 1993","6' 2""","75""",1.64,2.89,Orthodox,49%,62%,0.0,73%,3.67,61%,205 lbs.,6e344b71421103da,Magomed Gadzhiyasulov,9-1-0
"Sep 09, 1998","5' 10""","70""",3.41,6.62,Switch,56%,46%,0.2,44%,0.78,77%,135 lbs.,6e743a33d56bdaa4,Payton Talbott,11-1-0
"Nov 15, 1995","5' 5""","66""",4.48,3.13,Southpaw,41%,48%,2.8,33%,0.46,40%,125 lbs.,6e7506127408aa9e,Nadia Kassem,5-2-0
"May 03, 1988","5' 10""","69""",2.81,2.13,Orthodox,46%,46%,1.3,47%,2.88,71%,125 lbs.,6e7c758f5cdec01a,Paddy Holohan,12-2-1
"Nov 15, 1999","5' 4""","64""",2.42,5.71,Orthodox,55%,58%,0.0,33%,1.30,0%,125 lbs.,6e8349a0a0476d60,Imanol Rodriguez,7-0-0
"Apr 23, 1996","6' 3""","77""",3.96,5.75,Orthodox,48%,56%,0.0,0%,0.00,87%,205 lbs.,6e8f1bcdda94ff45,Ibo Aslan,14-4-0
"Dec 19, 1990","6' 4""",--,4.12,4.85,Southpaw,39%,47%,0.0,0%,0.00,64%,185 lbs.,6e92eb1242b46636,Steve Montgomery,9-5-0
"Jun 27, 1991","5' 10""","72""",3.88,3.14,Orthodox,50%,42%,0.7,75%,0.68,80%,125 lbs.,6e9f40c706f91f32,Nate Maness,16-3-0
"May 31, 1992","6' 0""","73""",3.59,3.53,Orthodox,37%,58%,0.3,0%,0.00,50%,155 lbs.,6eaec40f724852f4,Jessin Ayari,16-6-0
"Feb 22, 1993","6' 1""","75""",5.74,3.56,Orthodox,42%,52%,0.8,71%,1.40,50%,205 lbs.,6ebe96a116e79e52,John Allan,13-7-0 (1 NC)
--,"5' 11""",--,0.00,0.00,Orthodox,0%,0%,0.0,0%,0.00,0%,230 lbs.,6ece1d2ab1bed31d,Steve Judson,0-2-0
"May 10, 2002","5' 8""","72""",5.90,7.75,Orthodox,52%,57%,0.8,0%,0.00,100%,145 lbs.,6eedb757f13b9978,Marwan Rahiki,9-0-0
"Jul 30, 1977","5' 9""",--,4.03,1.25,Orthodox,22%,52%,0.0,18%,0.94,42%,170 lbs.,6ef58dabef8beb15,Josh Haynes,14-11-0
"Apr 21, 1986","6' 5""","79""",3.00,2.30,Orthodox,47%,37%,0.6,42%,3.29,100%,250 lbs.,6ef65b6a152e49d5,Philip De Fries,12-6-0 (1 NC)
"Feb 24, 1978","6' 0""","74""",1.65,2.61,Orthodox,50%,54%,0.8,51%,3.60,56%,170 lbs.,6f018c039b4d5d80,Jon Fitch,30-7-1 (1 NC)
"Dec 13, 1986","5' 6""","66""",3.07,4.42,Orthodox,46%,59%,1.1,40%,3.89,82%,155 lbs.,6f242453c91a5af0,Dennis Bermudez,17-9-0
"Jan 16, 1996","5' 6""","70""",1.64,2.93,Orthodox,48%,66%,0.0,100%,0.32,50%,145 lbs.,6f4ec5aa3eced219,Zhu Kangjie,21-5-0 (1 NC)
"Sep 06, 1982","5' 11""","71""",3.00,2.48,Southpaw,42%,46%,1.1,26%,2.85,44%,170 lbs.,6f7c616b98e18c29,Claudio Silva,14-4-0
"Sep 05, 1980","5' 9""","71""",1.78,1.19,Southpaw,34%,52%,2.0,48%,3.19,52%,155 lbs.,6f81b6de2557739a,Jacob Volkmann,19-7-0
"Aug 13, 1984","5' 8""","68""",3.25,3.44,Orthodox,47%,50%,1.2,32%,3.30,43%,145 lbs.,6fb1ba67bef41b37,Nik Lentz,30-12-2 (1 NC)
"Jan 07, 1993","5' 7""","71""",6.15,4.06,Orthodox,42%,49%,0.6,39%,2.82,66%,135 lbs.,6fc506e1099afe20,Luan Lacerda,13-4-0
"Sep 29, 1992","5' 5""","67""",4.34,3.92,Southpaw,46%,61%,0.0,25%,0.70,67%,125 lbs.,6fd953151d981979,JJ Aldrich,15-7-0
"Sep 11, 1987","5' 10""","71""",3.22,3.63,Orthodox,46%,57%,0.6,37%,2.12,69%,135 lbs.,700a674c042b7a96,Cody Gibson,22-12-0
"May 07, 1984","5' 5""","64""",3.25,3.59,Orthodox,39%,67%,0.0,30%,2.08,88%,125 lbs.,701e057d63c124d9,Ian McCall,13-5-1
"Sep 06, 1988","5' 9""","68""",4.11,5.57,Orthodox,53%,55%,0.0,34%,1.91,60%,155 lbs.,7026eca45f65377b,Jared Gordon,21-9-0 (1 NC)
"Jul 29, 1996","5' 9""","69""",2.16,4.05,Southpaw,60%,55%,2.0,42%,1.23,58%,145 lbs.,70380ccdc81915b8,Yadier del Valle,10-1-0
"Aug 09, 1968","6' 0""",--,0.00,0.00,Orthodox,0%,0%,0.0,0%,0.00,0%,240 lbs.,706404da0775dcbc,Hugo Duarte,6-3-0
"May 01, 1984","5' 8""","72""",1.63,2.27,Orthodox,38%,67%,0.4,100%,1.20,71%,155 lbs.,706f8e2b34e8e18b,Anton Kuivanen,24-10-0
"Apr 22, 1997","6' 2""","74""",2.81,4.52,Southpaw,59%,61%,0.0,75%,1.37,80%,205 lbs.,709fadb644ee3f51,Diyar Nurgozhay,11-2-0
"Mar 25, 1997","5' 7""","70""",4.35,6.10,Orthodox,43%,57%,0.2,80%,0.65,59%,125 lbs.,70d2329a92864fdb,Sabina Mazo,9-4-0
"Aug 04, 2001","5' 11""","71""",2.80,8.07,Orthodox,62%,70%,0.0,33%,0.58,75%,170 lbs.,70dd69b6a703257e,Daniil Donchenko,15-2-0
"Mar 04, 1996","6' 2""","74""",3.65,4.15,Orthodox,52%,42%,2.0,52%,4.39,58%,205 lbs.,70e1f8a821b72c8b,Jimmy Crute,14-4-2
"Apr 06, 1988","5' 10""","74""",3.85,0.99,Orthodox,30%,46%,0.0,0%,0.00,0%,185 lbs.,70fa1c64a2c439ef,Alen Amedovski,8-4-0
"Mar 08, 2000","5' 9""","71""",3.87,5.07,Orthodox,55%,34%,3.0,0%,0.00,44%,145 lbs.,70fc8214822b5a85,Shane Collins,8-0-0
"Feb 09, 1988","5' 8""","73""",2.66,2.37,Orthodox,45%,64%,0.7,47%,0.93,41%,135 lbs.,71002dbc1743b9a7,Felipe Arantes,18-10-1 (2 NC)
--,"5' 10""",--,7.06,2.47,Orthodox,25%,41%,0.0,0%,0.00,0%,170 lbs.,710d93f1508f7104,Stevie Lynch,5-2-0
"Jan 31, 1991","5' 11""","71""",5.36,4.94,Orthodox,39%,44%,0.0,0%,0.00,53%,145 lbs.,710f0f8c5d5c9d41,Lucas Almeida,15-5-0
"Aug 28, 1997","6' 2""","77""",2.71,3.24,Orthodox,48%,51%,0.7,46%,2.60,79%,225 lbs.,71171fc96445bf65,Vitor Petrino,14-2-0
"Jul 27, 1978","5' 6""",--,4.27,1.85,Orthodox,25%,59%,0.0,0%,0.00,66%,155 lbs.,712c4db78b9373d1,Joe Jordan,49-14-2
"Sep 07, 1993","5' 6""","65""",3.75,2.56,Orthodox,57%,52%,0.1,52%,1.23,57%,115 lbs.,7138a15258dabf20,Bruna Brasil,11-7-1
"Jan 13, 1988","5' 10""","72""",4.03,2.07,Orthodox,37%,50%,0.8,50%,3.18,0%,170 lbs.,714e1e0681ddb703,Derrick Krantz,22-12-0
"Nov 15, 1991","6' 0""","75""",3.23,3.30,Orthodox,45%,47%,1.1,37%,2.08,46%,185 lbs.,71505842fb6455c3,Dustin Stoltzfus,16-8-0
"Jul 06, 1987","6' 2""",--,6.92,2.31,Orthodox,17%,44%,0.0,0%,0.00,0%,205 lbs.,7195e2a932686f82,Nick Roehrick,7-1-0
"May 01, 1981","5' 10""","71""",3.92,1.87,Orthodox,44%,41%,0.3,20%,1.59,28%,170 lbs.,71df36d6d8cf0d74,Kiichi Kunimoto,18-7-2 (1 NC)
"Oct 19, 1988","6' 0""","72""",6.91,4.98,Orthodox,48%,47%,0.0,50%,2.80,66%,170 lbs.,71f048adbfed5b49,Sabah Homasi,11-8-0
"Feb 18, 1980","5' 8""",--,2.77,2.62,Orthodox,23%,58%,0.0,100%,1.19,0%,170 lbs.,7215953cd5c6254d,Ross Pointon,6-17-0
"Oct 10, 1998","5' 8""","74""",4.39,3.19,Southpaw,45%,36%,0.5,50%,0.90,81%,135 lbs.,723b64c0e9a8f348,Josias Musasa,8-2-0
"Feb 01, 1980","5' 9""",--,4.71,3.52,Orthodox,56%,63%,0.0,66%,3.10,57%,170 lbs.,725a834930c2b5bf,Troy Mandaloniz,3-2-0
"Feb 18, 1997","5' 10""","67""",4.61,3.36,Switch,49%,46%,0.9,35%,1.54,33%,170 lbs.,725b1abc9a39d873,AJ Fletcher,10-3-0
--,"6' 0""",--,0.00,0.00,Southpaw,0%,0%,0.0,0%,0.00,0%,200 lbs.,7269329bd87eb479,Christophe Leninger,3-4-0
"Dec 24, 1992","6' 0""","74""",2.90,2.05,Orthodox,40%,55%,0.0,20%,0.64,80%,205 lbs.,7279654c7674cd24,Klidson Abreu,15-4-0 (1 NC)
"Jul 27, 1983","5' 5""","67""",5.19,3.94,Orthodox,38%,56%,0.2,24%,1.09,67%,125 lbs.,729d4bd5a6cd0a97,Lauren Murphy,16-7-0
"Feb 21, 1988","5' 7""",--,2.89,1.95,Orthodox,39%,57%,0.0,18%,1.77,50%,135 lbs.,72c4b253d2f5ebf2,Roman Salazar,10-6-0 (1 NC)
"Dec 11, 1990","5' 10""","70""",2.81,3.21,Southpaw,51%,60%,0.2,38%,5.22,83%,155 lbs.,72db2a14ffa73ece,Mateusz Gamrot,26-4-0 (1 NC)
"Oct 12, 1986","6' 1""","76""",2.11,0.25,Switch,27%,43%,0.0,0%,0.00,28%,155 lbs.,72e5e5a6edfa8223,Marcos Mariano,6-6-0
"Apr 21, 1991","5' 4""","72""",3.87,2.62,Orthodox,42%,45%,1.2,28%,1.18,36%,135 lbs.,72ea1984c52019b5,Saimon Oliveira,18-7-0
"Jan 02, 2001","5' 10""","69""",3.05,2.22,Orthodox,43%,66%,0.6,53%,4.16,0%,155 lbs.,72f890c5d421e705,Matheus Camilo,11-3-0
"Jul 03, 1987","6' 3""","76""",4.79,3.85,Orthodox,46%,43%,0.0,0%,0.00,64%,205 lbs.,72ffecf712673af1,Adam Milstead,8-4-0
"Mar 18, 1980","6' 1""","76""",2.09,3.23,Southpaw,50%,64%,0.8,54%,1.53,66%,170 lbs.,7339d340aa2889cb,Kyle Noke,22-10-1
"Oct 30, 1979","5' 9""",--,1.69,0.68,Orthodox,66%,54%,7.6,0%,0.00,0%,170 lbs.,7342fcc41a4817fa,Ansar Chalangov,14-5-0
--,"6' 3""",--,0.00,0.00,Orthodox,0%,0%,0.0,0%,0.00,0%,217 lbs.,738acab0c6934dd8,Dmitri Stepanov,0-1-0
"Mar 10, 1992","6' 4""","76""",2.33,3.94,Orthodox,54%,48%,0.0,75%,0.98,93%,240 lbs.,739fd4fbb5d862f4,Rizvan Kuniev,13-3-1 (1 NC)
"Apr 15, 1998","6' 5""","80""",4.27,2.20,Orthodox,38%,36%,0.0,0%,0.00,0%,265 lbs.,73a78713bd899f4c,Allen Frye Jr.,6-1-0
"Dec 13, 1978","5' 9""","70""",3.20,2.76,Orthodox,48%,56%,0.5,55%,1.19,74%,155 lbs.,73c7cfa551289285,BJ Penn,16-14-2
"Jun 02, 1976","6' 2""","75""",2.34,2.43,Southpaw,35%,59%,0.8,44%,0.64,62%,205 lbs.,73e09f837f3b5ecc,Rogerio Nogueira,23-10-0
"Dec 02, 1977","5' 10""",--,2.83,1.80,Orthodox,35%,50%,0.0,62%,2.50,83%,170 lbs.,73ef22f25d0f70e2,Romie Aram,7-1-0
"Nov 11, 1988","6' 0""","72""",4.14,2.87,Southpaw,35%,60%,0.5,0%,0.00,76%,145 lbs.,7413b80dbb0f8f9f,Lucas Martins,19-3-0
"Mar 24, 1993","5' 4""","63""",3.93,3.47,Orthodox,41%,51%,1.1,18%,0.93,37%,115 lbs.,7447e9f28508106a,Mackenzie Dern,16-5-0
"Apr 15, 1978","6' 0""","76""",4.77,2.17,Orthodox,55%,46%,3.3,10%,1.63,100%,205 lbs.,744e098e065cfdbe,Ricardo Romero,11-3-0
"Mar 02, 1978","6' 4""","78""",1.77,2.37,Orthodox,50%,54%,0.7,50%,1.22,32%,250 lbs.,7450525c7ba032a0,Heath Herring,28-16-0 (1 NC)
"Jul 12, 2000","5' 6""","67""",2.71,5.01,Orthodox,50%,57%,0.0,58%,2.02,50%,115 lbs.,745fa7b605f8e2da,Fatima Kline,9-1-0
"Sep 05, 2002","5' 9""","71""",2.96,4.18,Orthodox,48%,46%,1.1,53%,2.98,53%,135 lbs.,7478b7f959ba61f5,Elijah Smith,10-1-0
"Jun 03, 1998","5' 8""","69""",3.40,3.72,Orthodox,41%,59%,0.8,50%,5.50,0%,135 lbs.,74939a16c7b56f33,Juan Diaz,16-1-1
"May 23, 1969","6' 3""",--,0.00,0.00,Southpaw,0%,0%,0.0,0%,0.00,0%,260 lbs.,749685d24e2cac50,Remco Pardoel,9-6-1 (2 NC)
"Jan 12, 2001","6' 2""","75""",5.01,9.82,Southpaw,53%,58%,0.0,33%,1.47,100%,155 lbs.,7498b3ac79a3b948,Taiyilake Nueraji,12-1-0 (1 NC)
"Feb 26, 1990","6' 1""","76""",4.33,3.88,Southpaw,40%,49%,0.1,0%,0.00,58%,205 lbs.,749f572d1d3161fb,Khalil Rountree Jr.,15-7-0 (1 NC)
"May 14, 1990","6' 0""","74""",3.40,1.89,Orthodox,38%,55%,1.1,0%,0.00,33%,155 lbs.,74d35fbc9c6a61bd,Alvaro Herrera Mendoza,9-6-0
"Dec 07, 1993","6' 4""","78""",4.23,3.24,Orthodox,40%,49%,0.2,47%,1.59,75%,205 lbs.,74f9448b97bf8bec,Da Woon Jung,15-6-1
--,"6' 1""",--,0.00,0.00,Southpaw,0%,0%,0.0,0%,0.00,0%,210 lbs.,74fefd43f073cd2f,Joe Pardo,4-6-0
"Mar 26, 1988","5' 11""","72""",6.55,4.41,Orthodox,37%,54%,0.1,29%,0.34,77%,145 lbs.,751de04455cfaac0,Calvin Kattar,23-10-0
"Jul 30, 2000","5' 7""","70""",1.35,1.61,Orthodox,45%,57%,0.8,41%,5.29,25%,125 lbs.,75353550928a7921,Muhammad Mokaev,13-0-0 (1 NC)
"Apr 13, 1992","5' 7""","68""",2.57,2.79,Orthodox,47%,57%,0.0,0%,0.00,33%,115 lbs.,7559395ad833c074,Miranda Granger,7-3-0
"Mar 15, 1982","5' 5""","65""",2.11,1.94,Orthodox,44%,55%,0.0,31%,1.72,70%,115 lbs.,75a6a390fd5dca46,Juliana Lima,9-5-0
"Aug 05, 1982","6' 2""","74""",3.81,1.44,Switch,42%,55%,0.0,0%,0.00,75%,253 lbs.,75afb06215a07341,Dmitrii Smoliakov,9-3-0
"Aug 07, 1982","6' 1""",--,6.19,1.53,Orthodox,33%,39%,3.3,66%,2.18,0%,185 lbs.,75bbd2206a15319f,Edwin DeWees,38-17-0 (1 NC)
"Jul 14, 1979","5' 10""","72""",2.65,2.04,Orthodox,34%,60%,1.9,33%,2.46,42%,155 lbs.,75e0d3cc2262b732,Shane Roller,11-7-0
"Oct 07, 1983","5' 10""","71""",2.51,1.95,Southpaw,31%,63%,0.8,53%,4.08,92%,155 lbs.,75e5fec9f72910ef,Gleison Tibau,33-14-0
"Feb 18, 1976","6' 1""","73""",2.02,1.58,Orthodox,37%,46%,0.0,44%,1.28,43%,225 lbs.,75f871836d41f90f,Justin McCully,11-5-2
"Jun 04, 1991","5' 8""","68""",5.17,3.97,Southpaw,46%,44%,0.3,36%,2.28,53%,125 lbs.,760a55d5b6098cbe,Carlos Candelario,8-3-0
"May 18, 1989","5' 10""","73""",7.44,6.56,Orthodox,46%,51%,0.0,31%,1.11,73%,155 lbs.,764342d39cdaa54a,Frank Camacho,22-10-0
"Aug 28, 1976","6' 2""",--,11.80,0.98,Southpaw,20%,29%,0.0,0%,0.00,0%,235 lbs.,7649c4c95b824488,Josh Hendricks,19-11-0 (1 NC)
"Mar 30, 1995","6' 1""","74""",2.61,3.10,Southpaw,59%,54%,0.4,43%,3.01,87%,250 lbs.,764d39074a352e33,Thomas Petersen,11-4-0
"Aug 07, 1983","5' 7""","69""",4.01,2.79,Southpaw,25%,60%,0.0,0%,0.00,80%,155 lbs.,76729a829623e266,Henry Martinez,9-4-0
"Jun 02, 1992","6' 6""","79""",2.17,6.10,Orthodox,64%,63%,0.0,100%,0.29,66%,185 lbs.,7674b836ce0698a0,Yousri Belgaroui,10-3-0
"May 01, 1994","6' 2""","75""",2.98,4.01,Orthodox,54%,52%,1.4,58%,5.32,87%,185 lbs.,767755fd74662dbf,Khamzat Chimaev,15-1-0
"Feb 12, 1980","6' 0""","72""",1.18,2.46,Orthodox,41%,81%,0.0,71%,1.32,70%,240 lbs.,7691a80e6ca3e55b,Jon Madsen,8-2-0
"Aug 17, 1982","5' 9""","66""",8.41,7.56,Orthodox,40%,51%,0.0,0%,0.00,62%,135 lbs.,76984112f697631f,Leslie Smith,10-7-1
"Feb 11, 1994","5' 7""","72""",2.80,3.91,Orthodox,47%,61%,0.2,52%,4.78,61%,145 lbs.,76e2870ffafbe38f,Movsar Evloev,20-0-0
"Oct 11, 1983","5' 10""","73""",2.63,3.43,Orthodox,55%,55%,1.5,50%,2.50,40%,185 lbs.,76ee3d666c648f6b,Charles Byrd,10-7-0
--,"5' 9""",--,3.33,2.20,Orthodox,35%,48%,2.0,75%,3.00,25%,170 lbs.,771b60ff889661c8,Mark Scanlon,9-2-0
"Nov 15, 1982","5' 4""",--,2.32,1.68,,48%,57%,0.6,63%,4.19,50%,115 lbs.,77350fd0e6d1dba8,Lisa Ellis,15-11-0
"Apr 06, 1994","5' 10""","73""",5.18,4.39,Switch,45%,56%,0.3,0%,0.00,73%,135 lbs.,773f7feacf96153e,Benito Lopez,10-2-0
"Nov 15, 1975","6' 1""",--,0.00,0.00,Orthodox,0%,0%,0.0,0%,0.00,0%,170 lbs.,775bad6d700d2302,David Roberts,5-8-0
"Apr 14, 1987","5' 8""","70""",3.00,3.33,Orthodox,42%,58%,0.0,41%,1.92,70%,145 lbs.,776a58a67665a171,Nad Narimani,12-4-0
"Nov 13, 1996","5' 9""","71""",12.83,9.28,Switch,43%,42%,0.0,0%,0.00,100%,170 lbs.,776d4262c4da38bf,Pete Rodriguez,5-2-0
"Jan 08, 1992","5' 11""","72""",4.22,3.53,Orthodox,45%,54%,0.0,15%,0.61,75%,155 lbs.,7772b283d288dbe2,Guram Kutateladze,13-5-0
"Aug 15, 1985","6' 0""","73""",4.09,4.87,Orthodox,37%,61%,0.0,40%,1.33,96%,155 lbs.,777dea713da2441d,Valmir Lazaro,15-5-0
"Dec 12, 1989","6' 0""","74""",3.44,3.32,Orthodox,39%,61%,0.0,39%,1.46,83%,185 lbs.,77d7295d1b22c694,Alessio Di Chirico,13-7-0
"May 14, 1979","5' 6""","67""",2.59,2.65,Orthodox,40%,64%,0.8,30%,1.54,58%,135 lbs.,78114b7199cef90c,Urijah Faber,35-11-0
"Jan 03, 1995","5' 10""","73""",3.86,5.48,Orthodox,52%,42%,1.4,21%,0.68,46%,155 lbs.,7826923b47f8d72a,Paddy Pimblett,24-4-0
--,"6' 0""",--,1.99,0.17,Orthodox,10%,57%,2.5,40%,4.97,100%,235 lbs.,782a2a17d3e38fdf,Keigo Kunihara,3-2-0
"Jul 12, 1994","5' 8""","72""",3.25,3.74,Orthodox,46%,44%,0.2,44%,1.99,69%,145 lbs.,7832f2f62f04178f,Tucker Lutz,12-4-0
"Jan 21, 1987","6' 0""","71""",3.19,3.99,Orthodox,59%,55%,0.0,28%,1.36,82%,155 lbs.,784285b7ae7dd85f,Shane Campbell,14-6-0
"Apr 12, 1990","6' 4""","81""",2.31,5.40,Orthodox,61%,60%,0.6,23%,0.66,47%,247 lbs.,787bb1f087ccff8a,Ciryl Gane,14-2-0 (1 NC)
"Jun 15, 1989","6' 0""","75""",6.11,1.11,Southpaw,66%,4%,0.0,0%,0.00,0%,265 lbs.,78863e4a28204a6b,Justin Frazier,10-3-0
"Nov 25, 1994","6' 1""","74""",4.89,1.35,Southpaw,40%,38%,0.0,0%,0.00,0%,205 lbs.,78a68f1dade6aaf7,Fabio Cherant,7-4-0
"Aug 05, 1981","6' 1""",--,2.47,2.47,Orthodox,42%,69%,0.0,100%,0.65,0%,251 lbs.,78d48d3874dacafd,Azunna Anyanwu,14-5-0
"Oct 15, 1986","5' 11""","74""",4.45,4.18,Orthodox,48%,46%,0.7,0%,0.00,57%,155 lbs.,78e501478a36a018,Khama Worthy,16-9-0
"Mar 07, 1989","5' 5""","67""",2.57,2.64,Orthodox,32%,64%,0.3,16%,0.56,43%,135 lbs.,78f485f851891d68,Journey Newson,10-5-0 (1 NC)
"Feb 11, 1995","5' 8""","72""",2.28,2.38,Orthodox,50%,43%,1.2,67%,3.23,57%,145 lbs.,791c8437b341fba5,Joanderson Brito,19-5-1
"Dec 07, 1993","5' 7""","70""",3.64,3.84,Orthodox,44%,59%,0.4,39%,1.36,65%,125 lbs.,792be9a24df82ed6,Brandon Moreno,23-10-2
"Jul 18, 1988","6' 0""","76""",3.57,2.90,Orthodox,51%,44%,0.0,27%,1.12,50%,170 lbs.,79325a3c1a5c3bf4,Andreas Michailidis,13-6-0
"Jun 15, 1982","5' 7""","70""",2.44,2.05,Orthodox,44%,60%,2.2,44%,2.75,39%,145 lbs.,79899ecf62020f6d,Joe Stevenson,33-16-0
"Oct 25, 1993","5' 8""","67""",3.50,3.83,Orthodox,45%,50%,0.2,21%,1.56,65%,125 lbs.,798e48f9e7f6ba22,Carlos Hernandez,10-5-0
"Jul 29, 1992","5' 5""","65""",3.04,3.65,Southpaw,40%,64%,0.5,0%,0.00,100%,125 lbs.,79cb2a690b9ba5e8,Zarrukh Adashev,4-4-0
"Jul 05, 1979","5' 10""","72""",2.91,2.10,Orthodox,39%,54%,1.2,38%,1.85,70%,155 lbs.,7a15f3694c5cbc02,John Alessio,35-17-0 (2 NC)
"Apr 14, 1969","5' 9""",--,0.00,0.00,Orthodox,0%,0%,0.0,0%,0.00,0%,185 lbs.,7a359ef685a304a7,Amaury Bitetti,5-2-0
"Sep 11, 1982","5' 11""","71""",4.10,2.23,Orthodox,39%,59%,0.0,17%,0.75,90%,170 lbs.,7a39bbac8cc0fa70,Gasan Umalatov,17-4-2
"Aug 10, 1993","5' 8""","74""",4.93,1.60,Orthodox,35%,36%,0.0,100%,1.92,50%,170 lbs.,7a47e068f8017019,Val Woodburn,7-2-0
"Jun 14, 1986","5' 9""","75""",6.55,3.36,Orthodox,47%,36%,0.0,0%,0.00,35%,261 lbs.,7a5e8c94a86f9895,Chris Barnett,23-10-0
"Apr 08, 1981","5' 9""",--,3.37,1.80,Orthodox,27%,68%,0.5,0%,0.00,0%,155 lbs.,7a613f78dd7ee8f8,Bernardo Magalhaes,13-4-0
"Dec 07, 1979","6' 1""","72""",2.83,2.53,Orthodox,47%,62%,1.3,39%,2.57,57%,185 lbs.,7a703c565ccaa18f,Jacare Souza,26-10-0 (1 NC)
"Jun 20, 1988","5' 10""","73""",3.09,4.21,Southpaw,49%,62%,0.7,68%,0.54,64%,145 lbs.,7aa3d6964eff4877,Alex Caceres,21-15-0 (1 NC)
"Jul 01, 1976","5' 9""",--,2.19,1.98,Orthodox,37%,70%,0.3,100%,0.27,88%,183 lbs.,7aa88401f93ce836,Amar Suloev,24-7-0
"Aug 24, 1990","5' 9""","74""",4.38,6.01,Southpaw,64%,61%,3.8,60%,5.64,100%,185 lbs.,7ab478c397cd68ef,Aliaskhab Khizriev,14-0-0 (1 NC)
"Dec 23, 1978","5' 10""","71""",1.85,1.29,Orthodox,33%,61%,1.5,32%,2.34,20%,155 lbs.,7abe471b61725980,Fabricio Camoes,14-9-1
"Sep 20, 1993","6' 0""","74""",4.55,4.74,Southpaw,45%,56%,0.4,43%,1.41,68%,185 lbs.,7acbb0972e75281a,Marvin Vettori,19-10-1
"Apr 30, 1999","5' 8""","71""",3.75,2.70,Orthodox,50%,51%,1.1,46%,4.80,42%,135 lbs.,7af33fc4435017f1,Brady Hiestand,9-2-0
"Aug 04, 1988","6' 0""","73""",1.90,0.53,Orthodox,26%,51%,7.4,16%,0.53,33%,155 lbs.,7b143a54451263d9,Paul Sass,14-2-0
"Mar 10, 1990","5' 11""","71""",1.88,1.28,Southpaw,48%,53%,0.8,30%,1.75,69%,155 lbs.,7b310409440c9102,Zhang Lipeng,23-9-1
"Jan 24, 1989","6' 1""","73""",6.71,1.57,Southpaw,31%,30%,7.9,16%,1.57,33%,145 lbs.,7b3503352cd53abb,Westin Wilson,17-10-0
"Jun 12, 1986","6' 5""",--,6.82,7.73,,45%,49%,0.0,0%,0.00,50%,205 lbs.,7b39035fae7268b8,Matt Van Buren,7-6-0
"Dec 19, 1991","5' 6""","64""",4.75,4.81,Orthodox,52%,50%,0.0,34%,1.86,61%,135 lbs.,7b433309b0fd12aa,Brad Katona,16-5-0
--,"5' 9""",--,0.00,0.00,Orthodox,0%,0%,0.0,0%,0.00,0%,170 lbs.,7b6ce3a9460565b5,Valeri Ignatov,1-2-0
"May 03, 1972","5' 10""",--,2.32,1.62,Southpaw,36%,47%,0.0,66%,0.75,75%,170 lbs.,7b6e40a73b567072,Shonie Carter,51-31-7 (1 NC)
"Jun 10, 1967","5' 7""",--,1.40,0.20,Orthodox,25%,47%,0.0,12%,2.00,0%,155 lbs.,7b9aa973e5c04624,Eddie Ruiz,1-1-0
"Jan 18, 1981","5' 8""",--,5.60,2.40,Orthodox,35%,42%,0.0,20%,1.50,100%,170 lbs.,7bc475b0fc2020ab,Luis Ramos,20-10-2
"Feb 20, 1981","6' 3""","74""",5.44,5.61,Orthodox,59%,45%,1.7,28%,1.67,0%,205 lbs.,7bc96507e4b38d3b,Cody Donovan,8-5-0
"Oct 13, 1986","5' 8""","68""",2.82,3.05,Orthodox,49%,35%,6.1,0%,0.00,50%,135 lbs.,7bd94b60d7521e4a,John Albert,6-5-0
"May 28, 1989","5' 9""","70""",2.36,3.42,Orthodox,51%,58%,0.0,100%,0.48,61%,145 lbs.,7bde387d50829adf,Eduardo Garagorri,13-2-0
"Aug 19, 1986","5' 6""","66""",4.59,3.31,Switch,41%,54%,0.7,41%,1.68,60%,135 lbs.,7be14eaed4c74856,Brian Kelleher,24-16-0
"Dec 16, 1987","6' 0""","72""",2.50,1.74,Switch,34%,67%,2.5,25%,2.50,14%,155 lbs.,7be63795363029e8,Cody McKenzie,16-10-0
"Sep 24, 1980","5' 6""","66""",1.92,2.26,Orthodox,46%,47%,0.5,65%,4.38,50%,135 lbs.,7be74a12d7352df2,Sara McMann,13-6-0
"Sep 11, 1977","5' 10""",--,2.03,1.49,Southpaw,33%,65%,0.0,50%,4.06,0%,185 lbs.,7c0847d3854a95f2,Sean Salmon,18-21-0
"Jan 06, 1981","6' 0""","73""",3.71,4.24,Southpaw,43%,64%,0.0,43%,2.17,70%,185 lbs.,7c35f869033901ae,Riki Fukuda,24-9-0 (1 NC)
"Oct 07, 1989","5' 10""","71""",2.50,2.16,Southpaw,41%,50%,1.2,43%,3.03,41%,125 lbs.,7c3c48cf54a2848e,Yuta Sasaki,21-6-2
"Nov 18, 1982","6' 2""","78""",2.63,1.93,Orthodox,38%,50%,0.9,68%,2.00,81%,185 lbs.,7c6e87729e824ef4,Ildemar Alcantara,21-11-0
"Dec 02, 1992","5' 8""","70""",5.34,4.18,Switch,47%,50%,0.8,39%,0.47,71%,135 lbs.,7c7332319c14094c,Marlon Vera,23-12-1
"Apr 01, 1993","5' 6""","69""",7.63,5.10,Orthodox,36%,52%,0.0,25%,1.50,100%,135 lbs.,7c9c6a884be167fe,Jin Soo Son,9-4-0
"Dec 05, 1991","6' 0""","73""",4.35,4.78,Southpaw,64%,46%,0.4,10%,0.41,66%,155 lbs.,7c9f96f9a6a5cd50,Brok Weaver,15-6-0
--,--,--,0.00,0.00,,0%,0%,0.0,0%,0.00,0%,--,7ca4c3f8aa8bacae,Paulo Santos,0-3-0
"Mar 09, 1988","5' 9""","70""",3.65,4.25,Orthodox,55%,49%,0.0,26%,1.49,69%,155 lbs.,7cbf7c78d3b34218,Drakkar Klose,16-3-1
"May 13, 1983","5' 11""","73""",1.98,2.02,Orthodox,47%,62%,1.2,35%,2.89,37%,155 lbs.,7cdd3e5d3aa9cb39,Yan Cabral,13-3-0
"Apr 13, 1994","6' 1""","73""",4.32,3.25,Orthodox,38%,50%,0.0,0%,0.00,50%,170 lbs.,7cec3c4a5e7b6d68,Daniel Frunza,9-4-0
"Oct 04, 1978","6' 0""",--,2.36,1.13,Orthodox,35%,48%,0.7,53%,2.67,12%,145 lbs.,7cf20446453f852b,Milton Vieira,13-8-2
"Jan 08, 1983","6' 2""",--,2.97,3.10,Orthodox,34%,62%,0.0,0%,0.00,27%,155 lbs.,7d09200f6a77b20e,Colin Fletcher,14-8-0
"Jan 31, 1997","5' 4""","63""",3.93,4.37,Orthodox,40%,59%,0.0,50%,0.84,100%,125 lbs.,7d0a1968b38ca439,Ramazan Temirov,19-3-0
"Mar 31, 1976","5' 9""","72""",2.29,1.43,Southpaw,37%,60%,1.1,42%,1.72,25%,155 lbs.,7d21de9c6d7c98b2,Rich Clementi,45-23-1
"Jun 23, 1981","6' 1""","74""",1.80,1.87,Orthodox,42%,49%,2.6,100%,1.06,35%,170 lbs.,7d3caf0f96f1b33d,Nick Thompson,38-14-1
"Jun 25, 1993","5' 7""","69""",5.66,4.40,Orthodox,49%,46%,0.2,46%,1.11,59%,135 lbs.,7d420039bbfe7c1a,Aoriqileng,26-13-0 (1 NC)
--,"6' 0""",--,0.00,0.00,,0%,0%,0.0,0%,0.00,0%,210 lbs.,7d5b12de1625984e,Scott Baker,1-1-0
"Apr 21, 1998","5' 11""","73""",4.95,7.48,Switch,54%,50%,0.0,40%,1.51,50%,145 lbs.,7d6ceff6747f2de2,Jose Delgado,11-2-0
"Aug 07, 1990","6' 3""","78""",3.95,4.28,Orthodox,38%,52%,0.0,0%,0.00,75%,239 lbs.,7d8435c56043b0ae,Ante Delija,26-8-0
"May 09, 1979","5' 9""","70""",2.64,1.92,Orthodox,32%,66%,0.7,47%,2.91,81%,155 lbs.,7d96bc577e5178b2,Gray Maynard,13-7-1 (1 NC)
"Dec 16, 1982","5' 10""","72""",2.14,1.80,Southpaw,38%,65%,0.4,80%,0.83,81%,155 lbs.,7dcf06c1967801c1,Adriano Martins,28-9-0
"May 30, 1988","5' 3""","64""",2.86,2.27,Orthodox,41%,55%,1.4,39%,3.13,72%,115 lbs.,7dda2cf308f24a02,Virna Jandiroba,23-4-0
"Apr 26, 1996","5' 8""","70""",3.71,3.67,Orthodox,43%,56%,0.6,55%,3.14,85%,135 lbs.,7debc13b36343605,Cristian Quinonez,19-5-0
"Mar 26, 1990","6' 0""","74""",3.95,3.42,Orthodox,37%,51%,1.6,33%,2.37,100%,170 lbs.,7dfb56f24fe5ddea,Bobby Nash,8-4-0
"Feb 23, 1978","6' 2""","75""",5.92,0.85,Orthodox,37%,22%,2.3,16%,0.75,33%,247 lbs.,7e208569469c8bc8,Ruan Potts,11-6-0
"Aug 21, 1982","5' 9""","73""",3.10,2.23,Orthodox,46%,58%,0.7,7%,0.36,53%,185 lbs.,7e47047d0971d566,Daniel Sarafian,10-6-0
"May 13, 1986","6' 1""","75""",3.25,2.33,Orthodox,56%,59%,0.0,75%,1.73,100%,245 lbs.,7e511f8d842a109d,Arjan Bhullar,9-1-0
"May 25, 1977","5' 10""","73""",3.59,4.55,Orthodox,35%,65%,0.7,50%,0.93,76%,170 lbs.,7e69a4b0961aa555,Brad Blackburn,18-13-1 (1 NC)
"Jan 21, 1995","6' 7""","80""",3.54,2.19,Orthodox,58%,40%,1.9,0%,0.00,50%,205 lbs.,7e9b36a9847db116,Kevin Christian,9-4-0
"Nov 29, 1984","5' 9""","70""",3.05,4.40,Orthodox,49%,54%,0.2,57%,0.67,89%,155 lbs.,7ea1f74cef32f906,Rashid Magomedov,20-2-0
"Oct 08, 1981","5' 8""","70""",3.16,4.07,Orthodox,41%,68%,0.6,63%,1.01,68%,135 lbs.,7ea4a9f07df33a45,Francisco Rivera,11-7-0 (1 NC)
"Sep 08, 1995","6' 1""","77""",3.41,2.51,Orthodox,56%,39%,1.9,35%,5.79,66%,185 lbs.,7eaa5e31c2dd86aa,Nick Klein,6-3-0
"Aug 17, 1993","6' 1""","78""",4.30,4.41,Switch,54%,47%,0.0,100%,0.18,77%,170 lbs.,7ee0fd831c0fe7c3,Carlos Prates,24-7-0
"Nov 04, 1982","6' 2""","74""",3.30,3.45,Orthodox,43%,43%,0.0,26%,1.13,42%,230 lbs.,7f0b4a75ef3039a3,Eddie Sanchez,15-8-0
"Jan 25, 1995","6' 0""","76""",4.35,2.91,Orthodox,36%,43%,0.0,50%,0.38,60%,170 lbs.,7f0f171414d0a287,Zelim Imadaev,8-3-0
"Feb 02, 1995","5' 7""","70""",4.25,2.75,Southpaw,27%,52%,0.2,31%,3.50,85%,125 lbs.,7f1bf0c255ec8756,Azat Maksum,15-3-0
"Mar 29, 1991","5' 7""","67""",3.89,3.27,Southpaw,44%,51%,0.6,48%,3.82,56%,125 lbs.,7f6ed67d3ed3c036,Cody Durden,18-11-1
"Dec 30, 1986","6' 0""","74""",3.06,1.72,Southpaw,40%,50%,0.0,0%,0.00,22%,205 lbs.,7f6ef4e1227600bc,Wagner Prado,12-3-0 (1 NC)
"Sep 02, 1981","6' 0""","72""",2.80,3.96,Orthodox,47%,59%,0.0,78%,2.18,62%,185 lbs.,7f955f71fa2ce7ac,Alessio Sakara,19-11-0 (2 NC)
"Mar 15, 1978","6' 3""",--,4.03,0.48,Orthodox,30%,41%,1.2,57%,4.84,44%,205 lbs.,7f9f528cb72a6ed1,Travis Wiuff,75-21-0 (1 NC)
"Jun 19, 1993","5' 7""","66""",3.17,2.49,Orthodox,47%,56%,0.7,7%,0.34,0%,145 lbs.,7facc9c45d792985,Kaan Ofli,15-4-1
"Oct 28, 1979","6' 2""","76""",4.43,3.73,Orthodox,49%,51%,0.9,33%,2.11,60%,205 lbs.,7ff97850e8c32bda,Glover Teixeira,33-9-0
"Aug 11, 1995","6' 2""","74""",2.27,0.67,Switch,32%,38%,0.0,0%,0.00,54%,155 lbs.,803bebcfb6d6f506,Alex Gorgees,6-1-0
"Feb 02, 1997","5' 6""","68""",4.20,4.97,Orthodox,56%,53%,0.5,37%,1.50,62%,115 lbs.,8061a3136026a673,Jeisla Chaves,8-0-0
"Sep 08, 1986","6' 6""","81""",2.46,2.82,Orthodox,34%,46%,2.2,66%,3.26,50%,260 lbs.,80779d7441af1b52,Christian Morecraft,8-3-0
"Sep 15, 1994","5' 10""","73""",4.07,6.83,Switch,55%,42%,1.8,42%,3.27,72%,155 lbs.,809bd1a871491508,Terrance McKinney,18-9-0
"Feb 15, 1973","5' 6""",--,2.10,1.17,Switch,30%,56%,0.7,0%,0.00,14%,155 lbs.,80c0bed43da0e27b,David Baron,17-4-1
"Feb 14, 1995","5' 7""","68""",3.39,2.90,Orthodox,37%,45%,0.8,33%,1.85,68%,125 lbs.,80d8aed0ca9b00f3,Montana De La Rosa,13-9-1
"May 08, 1978","5' 7""","69""",2.01,2.04,Orthodox,44%,50%,1.1,48%,3.63,63%,145 lbs.,80d918336163b80c,Tatsuya Kawajiri,36-11-2
"Sep 02, 1989","5' 6""","67""",3.18,3.45,Orthodox,35%,61%,0.3,22%,0.54,70%,135 lbs.,80daefbed11ce998,Alejandro Perez,23-9-1
"Mar 13, 1983","5' 6""","70""",6.55,4.52,Orthodox,37%,59%,0.2,18%,0.18,60%,135 lbs.,80dbeb1dd5b53e64,Nam Phan,21-17-0
"Oct 17, 1977","6' 0""",--,0.00,0.00,Orthodox,0%,0%,0.0,0%,0.00,0%,199 lbs.,80e6d71e14c1d356,Joe Slick,16-5-3
"Jul 31, 1984","5' 4""","65""",2.67,3.52,Southpaw,34%,61%,0.6,30%,1.41,62%,125 lbs.,80eacd4da0617c57,Joseph Benavidez,28-8-0
"May 30, 1988","5' 8""","69""",2.62,4.55,Orthodox,51%,57%,0.7,54%,2.73,82%,135 lbs.,80fa8218c99f9c58,Amanda Nunes,23-5-0
"Sep 07, 1987","5' 10""","75""",5.67,4.36,Orthodox,37%,47%,0.7,50%,0.33,73%,155 lbs.,813550bc53b15fb0,Yancy Medeiros,15-8-0 (1 NC)
"Jan 10, 1991","5' 9""","70""",3.88,4.54,Switch,49%,55%,0.4,16%,0.47,66%,125 lbs.,814e5233e2acf2ee,Charles Johnson,19-9-0
"Apr 12, 1989","6' 0""","70""",4.30,3.79,Southpaw,42%,51%,0.4,13%,0.72,69%,170 lbs.,814ff3018127e8fc,Ricky Glenn,22-9-2
"Nov 19, 1985","6' 0""","73""",2.06,2.79,Orthodox,44%,64%,0.0,36%,2.29,66%,170 lbs.,8163cd7de0342652,Erick Montano,7-5-0
"Jan 06, 1994","5' 4""","68""",3.46,1.91,Southpaw,38%,39%,0.8,66%,2.29,64%,135 lbs.,8173f134396cb971,Cortavious Romious,9-4-0
"Feb 13, 1971","6' 3""","77""",4.60,1.13,Orthodox,37%,53%,1.2,0%,0.00,0%,205 lbs.,817e0bdf08efce2e,Elvis Sinosic,7-11-2
"Apr 06, 1985","5' 4""","71""",3.64,3.97,Southpaw,35%,56%,0.0,100%,0.56,80%,135 lbs.,81801f57bd0a7c41,Marcus Brimage,7-7-0
"Jul 21, 1988","5' 10""",--,3.94,5.40,Orthodox,51%,43%,0.0,0%,0.00,100%,185 lbs.,81b8b3fb019dc69d,Antonio Dos Santos,6-4-0
"Jul 16, 1969","6' 0""",--,0.00,0.00,Orthodox,0%,0%,0.0,0%,0.00,0%,225 lbs.,81ca2c245b19b3c5,Melton Bowen,0-1-0
"Dec 20, 2005","5' 8""","71""",3.11,2.83,Orthodox,36%,66%,0.0,0%,0.00,75%,135 lbs.,81d2c551886bd5a1,Alice Pereira,7-1-0
"May 02, 1993","5' 3""","62""",1.66,2.12,Switch,46%,62%,0.6,57%,4.54,69%,125 lbs.,81d9df19e255b8b6,Jarred Brooks,13-2-0
"Dec 29, 1980","6' 4""",--,0.87,0.87,Southpaw,32%,58%,0.0,0%,0.00,23%,235 lbs.,821cd80aab70d5f9,Josh Shockman,6-3-0
"Jun 10, 1996","6' 4""","78""",3.42,2.45,Orthodox,42%,54%,0.0,41%,4.98,16%,205 lbs.,82529ce93cd9a2cf,Anton Turkalj,8-4-0
"Feb 22, 1992","6' 3""","80""",5.66,2.74,Orthodox,50%,39%,0.0,25%,4.47,0%,185 lbs.,826475cc758e60e6,Rob Wilkinson,11-2-0
"Sep 26, 1984","5' 5""",--,3.33,2.37,,36%,53%,1.5,31%,2.50,100%,135 lbs.,8270c00fae24c922,Dileno Lopes,19-3-0
"Aug 06, 1991","5' 7""","71""",3.56,3.60,Orthodox,45%,56%,0.2,26%,0.93,56%,145 lbs.,82a5152216251682,Dan Ige,19-11-0
"Oct 17, 1995","5' 8""","69""",5.01,4.14,Orthodox,42%,48%,0.2,23%,0.65,77%,135 lbs.,82b4e942781b1046,Raulian Paiva,21-5-0
"Jun 03, 1986","5' 6""","69""",2.48,2.54,Orthodox,37%,71%,0.2,44%,1.83,66%,125 lbs.,82cbb809d5ee565c,Mara Romero Borella,12-9-0 (2 NC)
"Aug 23, 1992","6' 2""","74""",5.92,4.09,Orthodox,49%,46%,2.0,22%,0.36,54%,170 lbs.,82d4c957649faf9b,Miguel Baeza,10-4-0
"Dec 31, 1981","5' 10""","72""",3.02,2.69,Southpaw,37%,56%,0.8,24%,1.51,46%,170 lbs.,82e7929bf6c2b689,Diego Sanchez,31-13-0
"Aug 29, 1988","6' 2""","80""",3.62,2.65,Orthodox,47%,50%,0.1,40%,1.26,67%,185 lbs.,830f60497fab345a,Jamie Pickett,13-11-0
"Aug 10, 1996","5' 8""","69""",3.90,2.40,Orthodox,39%,45%,0.2,33%,4.91,66%,135 lbs.,83455a9d17f57dae,Rafael Estevam,14-1-0
"Sep 14, 1979","6' 4""","82""",3.09,2.89,Orthodox,45%,50%,0.8,29%,0.82,66%,264 lbs.,8349d55cdecd393a,Antonio Silva,19-12-1
"Apr 16, 1985","6' 0""","76""",3.77,4.57,Southpaw,45%,52%,1.3,30%,1.05,41%,170 lbs.,8355922d564b152c,Nate Diaz,22-13-0
"Jan 18, 1970","6' 0""",--,0.00,0.00,Orthodox,0%,0%,0.0,0%,0.00,0%,205 lbs.,8377c5572cb356f3,Fabio Gurgel,3-2-0
"Dec 29, 1989","5' 5""",--,2.89,1.60,Orthodox,50%,28%,0.0,0%,0.00,20%,135 lbs.,837d30395faca41e,Sheila Gaff,9-7-0
"Aug 13, 1993","5' 11""",--,2.92,1.04,Orthodox,39%,45%,0.8,100%,1.56,50%,185 lbs.,83825fad27ab3581,Joseph Gigliotti,7-2-0
"Sep 25, 1980","6' 1""","74""",3.91,3.29,Orthodox,48%,58%,1.3,100%,0.66,68%,170 lbs.,83a477a7dba1ca58,Clay Harvison,13-6-0
"Jan 16, 1992","6' 5""","80""",4.06,7.09,Orthodox,55%,34%,0.0,66%,0.91,57%,265 lbs.,83b00f7597e5ac83,Juan Adams,5-3-0
"Nov 22, 1970","5' 4""",--,0.00,0.00,Orthodox,0%,0%,0.0,0%,0.00,0%,236 lbs.,83b743fedde154fb,Joe Son,0-4-0
--,"6' 0""",--,1.18,0.79,Orthodox,100%,50%,0.0,0%,0.00,0%,205 lbs.,83c6c3e0f8bde8ee,Cory Walmsley,8-2-0
--,"6' 0""",--,5.53,1.65,Orthodox,28%,55%,0.0,0%,0.00,0%,205 lbs.,83d0de122f2f9664,Michael Patt,12-4-0
"Jan 15, 1986","5' 9""","71""",2.30,2.92,Orthodox,44%,63%,0.8,40%,1.31,66%,155 lbs.,83fd97284f4bb4a4,Efrain Escudero,28-12-0
"Aug 03, 1988","5' 5""","65""",3.01,3.51,Switch,40%,59%,1.0,33%,0.25,63%,125 lbs.,840d2c82ea68b9aa,Ben Nguyen,16-8-0
"Oct 07, 1997","6' 2""","80""",4.49,3.28,Orthodox,44%,46%,0.3,41%,1.65,83%,185 lbs.,841695e02c99a521,Mansur Abdul-Malik,9-1-1
"Jan 22, 1997","5' 7""","69""",3.73,0.77,Switch,37%,40%,1.1,55%,5.28,0%,125 lbs.,84512339473dd300,Steven Koslow,6-1-0
"Oct 03, 1992","5' 7""","66""",4.36,4.79,Southpaw,46%,54%,0.4,48%,3.05,53%,155 lbs.,849c5d9979df5357,Mateusz Rebecki,20-5-0
"Jun 28, 1980","6' 2""",--,2.25,1.07,Orthodox,25%,57%,1.3,38%,1.12,29%,205 lbs.,84a067c46306a737,Sam Hoger,10-4-0
"Aug 04, 1978","5' 10""","70""",3.05,4.62,Orthodox,44%,57%,0.1,25%,0.43,59%,170 lbs.,84ac950d4c1722dd,Duane Ludwig,21-14-0
"Aug 03, 1987","6' 3""","80""",2.44,3.40,Orthodox,46%,51%,0.3,39%,2.17,55%,170 lbs.,84b3e7d38f2d2ec5,Neil Magny,31-15-0
"May 20, 1995","6' 0""","71""",1.61,2.27,Orthodox,57%,53%,0.7,60%,0.69,41%,125 lbs.,84f727cf0166d6f2,Jose Johnson,16-10-0
"Nov 13, 1986","5' 7""","71""",2.30,3.74,Orthodox,52%,57%,0.8,48%,6.86,100%,155 lbs.,84ff027394f7e470,Gregor Gillespie,14-1-0
"Mar 07, 1993","5' 7""","69""",3.79,4.90,Orthodox,53%,61%,0.1,52%,1.35,85%,135 lbs.,850266b3dc4e506e,Daniel Marcos,18-1-0 (1 NC)
"Jul 28, 1988","6' 5""","80""",3.31,4.79,Orthodox,50%,55%,0.0,33%,0.20,64%,265 lbs.,85073dbd1be65ed9,Greg Hardy,7-5-0 (1 NC)
"May 04, 1978","6' 1""","75""",2.03,1.82,Orthodox,45%,50%,3.8,22%,1.27,66%,170 lbs.,852454c572675334,James Wilks,7-4-0
"Nov 29, 1983","6' 1""",--,2.55,3.08,Orthodox,39%,63%,0.0,0%,0.00,66%,185 lbs.,85248da6e9e2f7e7,Jamie Yager,8-4-0
"Mar 26, 1993","5' 4""","69""",3.24,4.46,Orthodox,40%,64%,0.0,30%,0.56,83%,125 lbs.,853eb0dd5c0e2149,Kai Kara-France,25-12-0 (1 NC)
"Jan 17, 1996","5' 10""","72""",2.78,6.89,Southpaw,67%,47%,0.7,91%,7.78,100%,170 lbs.,85497ffd934ecf7e,Jacobe Smith,12-0-0
"Sep 23, 1983","6' 4""",--,2.97,3.93,Southpaw,60%,54%,2.4,40%,1.20,16%,250 lbs.,85980f5da429c0a6,Shane del Rosario,11-2-0
"Apr 23, 1989","5' 9""",--,7.17,4.91,Orthodox,23%,51%,0.0,0%,0.00,0%,145 lbs.,85d0fafb8b75d634,Juan Manuel Puig,11-4-0
"Jul 30, 1966","6' 2""",--,1.90,1.33,Orthodox,32%,60%,1.2,33%,2.46,54%,183 lbs.,85d905f7c4f5a1af,Murilo Bustamante,15-8-1
"Aug 24, 1975","5' 7""",--,1.94,2.45,Orthodox,49%,59%,0.3,69%,1.87,56%,168 lbs.,85e26e2468b4e82f,Hayato Sakurai,38-13-2
"Jul 06, 1989","6' 3""","77""",2.53,2.95,Orthodox,70%,35%,3.2,66%,3.16,100%,240 lbs.,85ff1b9471d35238,Dmitry Sosnovskiy,11-0-0
"Nov 18, 1986","5' 7""",--,3.20,3.36,Orthodox,35%,63%,0.7,27%,1.00,71%,145 lbs.,86061eaba822bfea,John Teixeira,21-2-2
"Oct 15, 1983","6' 3""","74""",5.25,3.38,Orthodox,50%,49%,0.0,16%,0.51,100%,265 lbs.,8614b7134913f5d5,Jarjis Danho,7-1-1 (1 NC)
"Dec 10, 1983","5' 8""","72""",7.40,4.55,Orthodox,31%,45%,0.0,0%,0.00,60%,135 lbs.,862b0b3375aa4b6e,Zarah Fairn,6-6-0
"Sep 22, 1973","5' 11""",--,3.72,1.40,Southpaw,42%,27%,7.0,50%,13.95,0%,205 lbs.,863d06a7ef8bc98c,James Lee,15-3-0 (1 NC)
"Jun 13, 1992","6' 5""","83""",4.58,4.96,Southpaw,46%,51%,0.2,45%,0.50,80%,236 lbs.,8667caa0451d245b,Kennedy Nzechukwu,14-6-1
"May 19, 1994","6' 1""","74""",4.40,4.73,Orthodox,57%,48%,0.3,21%,1.77,42%,185 lbs.,866fd7b1a6c90e7f,Dusko Todorovic,13-6-0
"Nov 24, 1995","5' 9""","71""",2.62,1.61,Orthodox,35%,52%,0.2,38%,1.73,78%,145 lbs.,8677e67a75d65b8e,Baergeng Jieleyisi,18-7-0
"Apr 13, 1998","5' 8""","70""",3.85,5.06,Orthodox,47%,50%,0.0,27%,0.74,82%,135 lbs.,86bace9e4ad85542,Xiao Long,27-11-0
"May 11, 1988","5' 7""","68""",3.28,2.81,Orthodox,42%,55%,0.2,37%,0.63,52%,135 lbs.,86d9dbe1bfcbade7,Julia Avila,9-4-0
"Jun 02, 1974","5' 6""","68""",2.64,1.98,Orthodox,39%,46%,0.9,20%,2.05,38%,170 lbs.,86dfed7cc24a9fa7,Matt Serra,11-7-0
"Jan 02, 1980","5' 8""","70""",3.44,3.39,Orthodox,48%,57%,0.6,37%,1.20,46%,155 lbs.,86f582852a5b240a,Mac Danzig,21-12-1
"Aug 30, 1989","5' 10""","70""",5.69,3.25,Southpaw,34%,48%,0.0,0%,0.00,45%,155 lbs.,873626e5547b5235,Kyle Prepolec,18-10-0
"May 29, 1971","6' 2""",--,0.00,0.00,Southpaw,0%,0%,0.0,0%,0.00,0%,230 lbs.,8738eacd62e82a32,Matt Andersen,14-8-1
"Apr 29, 1992","5' 7""","65""",2.44,0.99,Orthodox,55%,42%,0.0,0%,0.00,30%,135 lbs.,8765559b6a29a421,Gaetano Pirrello,15-7-1
"Feb 06, 1993","6' 0""","72""",6.38,3.57,Orthodox,42%,53%,0.0,11%,0.34,71%,170 lbs.,876f478f796495f7,Josh Quinlan,6-3-0 (1 NC)
--,"5' 11""",--,0.00,0.00,Southpaw,0%,0%,0.0,0%,0.00,0%,178 lbs.,8788beb528894f33,Donnie Chappell,0-1-0
"Mar 26, 1980","6' 4""",--,4.60,1.25,Southpaw,30%,38%,0.0,0%,0.00,40%,205 lbs.,879b8df81523d91b,Nick Penner,11-3-0
"May 15, 1990","5' 8""","67""",2.83,3.84,Orthodox,35%,67%,0.0,28%,0.72,73%,145 lbs.,879f6cae48d25baa,Justin Lawrence,10-4-0
"Nov 08, 1988","5' 10""","72""",2.98,1.33,Southpaw,44%,46%,1.1,43%,3.96,35%,145 lbs.,87a1dc546b1c5caf,Makwan Amirkhani,17-9-0
"Mar 01, 1991","6' 1""","73""",3.00,4.89,Orthodox,48%,64%,0.8,56%,5.22,77%,145 lbs.,87aa9fb63d6b51a1,Zabit Magomedsharipov,18-1-0
"May 01, 1992","6' 0""","71""",3.32,5.12,Switch,54%,54%,0.8,50%,5.02,55%,145 lbs.,87c0b1c696ddfb43,Jonathan Pearce,14-7-0
"Apr 27, 1993","6' 2""","74""",6.41,5.31,Switch,47%,40%,0.0,0%,0.00,0%,155 lbs.,87e2468b986ebb79,Cameron VanCamp,15-7-1 (1 NC)
"Mar 05, 1997","6' 0""","78""",15.79,3.61,Orthodox,38%,33%,0.0,0%,0.00,100%,238 lbs.,87e4a3a5080ee7ce,Elisha Ellison,5-3-0
"Aug 22, 1988","5' 5""","65""",1.83,3.60,Orthodox,51%,52%,0.0,40%,2.85,75%,125 lbs.,87f19d19f4cb73f8,Magomed Bibulatov,14-2-0
"Oct 12, 1984","6' 4""","79""",1.60,2.42,Southpaw,49%,53%,2.5,0%,0.00,28%,205 lbs.,87f3bbf52e6c9dc9,Daniel Spohn,15-6-0
"Apr 19, 1992","5' 3""","62""",4.97,7.00,Orthodox,46%,61%,0.2,50%,1.08,85%,115 lbs.,87f8699fdcc2c404,Alice Ardelean,12-7-0
"Mar 01, 1996","6' 3""","75""",3.17,4.28,Orthodox,54%,58%,1.0,32%,0.74,81%,185 lbs.,881bf86d4cba8578,Nassourdine Imavov,17-4-0 (1 NC)
"Mar 17, 1989","5' 1""","65""",4.00,4.51,Orthodox,51%,65%,0.0,21%,1.00,50%,115 lbs.,882d62561063a927,Jamie Moyle,4-3-0
"Feb 17, 1990","6' 1""","78""",2.46,2.08,Southpaw,48%,51%,1.1,48%,3.98,35%,185 lbs.,886264a0c9f4ea5e,Andre Muniz,24-8-0
"Feb 22, 1985","5' 10""","70""",1.33,2.38,Southpaw,50%,65%,2.2,9%,0.22,0%,145 lbs.,8866c6f509c19089,Ryan Hall,9-2-0
"Sep 09, 1986","5' 10""","71""",3.63,6.49,Orthodox,53%,62%,0.3,43%,1.32,71%,155 lbs.,887961364be5ceb3,King Green,36-17-1 (1 NC)
"Jul 02, 1984","6' 3""","75""",3.97,2.14,Orthodox,24%,68%,0.8,44%,1.55,66%,205 lbs.,88a9bc81271ccd89,Vinny Magalhaes,14-9-0 (1 NC)
"Dec 31, 2000","5' 7""","67""",2.99,5.16,Southpaw,47%,58%,0.9,25%,0.30,65%,125 lbs.,88be62d6c1e6dadb,Jose Ochoa,9-2-0 (1 NC)
"Sep 08, 1972","5' 9""",--,5.29,2.94,Southpaw,43%,47%,2.0,0%,0.00,66%,155 lbs.,88c8f47241d90040,John Halverson,16-8-0 (1 NC)
"Jul 23, 1991","5' 7""","69""",3.63,3.26,Southpaw,44%,53%,0.0,16%,0.50,30%,135 lbs.,88cd34d836b4ebcd,Teruto Ishihara,10-7-2
"Oct 14, 1986","6' 1""","78""",2.96,4.03,Orthodox,48%,47%,0.0,41%,2.52,33%,185 lbs.,88d7b6d8230e1f3f,Saparbeg Safarov,9-3-0
"Jun 09, 1987","5' 9""","71""",3.50,3.47,Southpaw,57%,57%,1.4,44%,5.20,61%,145 lbs.,893d51aaf024eddd,Jimy Hettes,11-3-0
"Jul 09, 1977","5' 10""","71""",2.52,2.61,Orthodox,27%,67%,1.6,31%,2.32,53%,155 lbs.,896c322f56b8be5a,George Sotiropoulos,14-7-0
"Jul 20, 1994","6' 4""","78""",2.87,5.82,Southpaw,53%,63%,0.0,0%,0.00,82%,250 lbs.,89839250eb25c9c1,Caio Machado,8-4-1
"May 05, 1991","6' 3""","79""",2.67,3.73,Orthodox,43%,54%,0.0,0%,0.00,66%,185 lbs.,899923ff6ab13917,Bevon Lewis,7-3-0
"Mar 18, 1983","6' 4""","78""",2.22,2.92,Orthodox,37%,57%,0.4,46%,2.32,72%,245 lbs.,89a407032911e27e,Brendan Schaub,10-5-0
"Jul 09, 1977","6' 3""","75""",3.13,3.59,Orthodox,30%,57%,3.3,100%,0.41,50%,185 lbs.,89b8d1bf1ff09d1d,Tim Credeur,12-4-0
"Oct 31, 1974","5' 3""","64""",2.61,2.58,Orthodox,37%,77%,0.5,53%,1.40,75%,135 lbs.,8a0be41c0380188d,Charlie Valencia,12-7-0
"Dec 31, 1986","6' 1""","74""",5.40,7.20,Southpaw,49%,57%,0.1,50%,0.51,64%,170 lbs.,8a1f3b5c526cd6e6,Daniel Rodriguez,20-5-0
"Aug 13, 1986","5' 3""","66""",1.66,3.43,Orthodox,54%,67%,0.5,56%,3.35,65%,125 lbs.,8a304bfd6bf04a57,Demetrious Johnson,27-3-1
"May 22, 1982","5' 11""","72""",3.63,3.63,Switch,45%,54%,0.0,100%,2.37,50%,170 lbs.,8a56ea383fd26e52,Galore Bofando,5-3-0
"Nov 08, 1984","5' 7""","70""",2.31,2.00,Orthodox,40%,62%,1.5,42%,3.83,62%,145 lbs.,8a59d346dc976a10,Thiago Tavares,21-7-1
"Aug 16, 1998","6' 2""","75""",5.55,7.01,Orthodox,58%,43%,0.0,0%,0.00,75%,205 lbs.,8a65fd9ba31fd3f7,Zhang Mingyang,19-8-0
"Jan 15, 1986","6' 1""","76""",3.01,2.39,Orthodox,40%,50%,0.0,37%,0.53,72%,170 lbs.,8a70ceb3edbe757b,Andrew Craig,9-4-0
"Dec 02, 1975","5' 9""","72""",1.96,1.12,Orthodox,44%,43%,2.1,30%,1.79,25%,155 lbs.,8a8a84b743ae7699,Dennis Hallman,53-20-2 (1 NC)
"Jun 14, 1985","5' 6""","67""",3.77,2.73,Orthodox,28%,63%,0.0,45%,3.00,36%,125 lbs.,8a9c6c4301f6d088,Danny Martinez,21-8-0
"Jun 09, 1990","5' 10""","73""",3.73,2.21,Southpaw,41%,44%,0.0,37%,0.76,60%,170 lbs.,8abac218746e04ca,Takashi Sato,16-7-0
"Jan 25, 1983","6' 2""",--,3.26,1.16,Orthodox,46%,32%,0.3,7%,0.62,66%,185 lbs.,8abf70f79e9e27c2,Tor Troeng,16-7-1
"Dec 11, 1986","5' 11""","73""",3.56,4.16,Orthodox,41%,55%,0.4,20%,0.79,67%,170 lbs.,8adcbd525fab8d9b,Elizeu Zaleski dos Santos,25-10-1
"Apr 08, 1992","5' 6""","73""",2.61,4.59,Southpaw,48%,62%,0.3,33%,0.27,77%,135 lbs.,8b1ed83b02303075,Taylor Lapilus,21-4-0
"Apr 29, 1984","5' 9""",--,3.43,2.73,Southpaw,41%,62%,0.0,50%,1.22,64%,155 lbs.,8b260672a21d1fd6,John Cofer,8-4-0
"Apr 05, 1986","6' 0""","75""",3.80,3.56,Orthodox,35%,57%,0.2,19%,1.16,82%,170 lbs.,8b5f9ea38184ded3,Nicholas Musoke,13-5-0 (1 NC)
"Apr 17, 1982","6' 0""","72""",3.28,3.22,Orthodox,42%,62%,2.0,41%,1.86,78%,170 lbs.,8b69839f3555a67b,Martin Kampmann,20-7-0
"Apr 30, 1996","6' 3""","78""",3.06,2.62,Orthodox,37%,50%,1.6,50%,0.82,33%,170 lbs.,8b6e5dc2ba1edbe7,Sam Patterson,14-3-1
"Oct 15, 1982","5' 6""","66""",2.07,3.47,Orthodox,47%,70%,1.0,33%,0.81,72%,125 lbs.,8bb6f4479685bbcc,Vaughan Lee,14-13-1
"Apr 25, 1989","5' 10""","70""",4.38,4.55,Orthodox,48%,43%,0.4,83%,2.12,69%,155 lbs.,8bbc0cfc01bc1ba1,Leonardo Mafra,13-4-0
"Aug 18, 1994","5' 3""","63""",3.89,4.11,Orthodox,57%,53%,0.2,13%,0.45,53%,115 lbs.,8bd4200561c77a62,Ketlen Souza,17-6-0
"Feb 01, 1987","5' 7""","66""",4.14,4.17,Orthodox,52%,44%,4.8,68%,6.26,50%,135 lbs.,8bdac25ce0bb874d,Ronda Rousey,12-2-0
"Sep 14, 1984","6' 1""","76""",2.66,3.29,Switch,36%,60%,0.0,100%,0.61,66%,185 lbs.,8be158ca1e5ea6a0,Dwight Grant,11-6-0
"Jun 25, 1987","5' 6""","66""",4.00,4.03,Orthodox,41%,62%,0.0,0%,0.00,100%,125 lbs.,8c020156779f7888,Melinda Fabian,4-4-2
"Oct 24, 1991","5' 9""","71""",3.52,3.65,Southpaw,42%,57%,0.1,35%,1.04,60%,185 lbs.,8c0580d4fff106c1,Kelvin Gastelum,21-11-0 (1 NC)
"Sep 17, 1990","5' 11""","69""",3.76,2.89,Orthodox,44%,46%,0.0,57%,4.65,42%,155 lbs.,8c169fbe1ac33637,Loik Radzhabov,18-6-1
"Dec 01, 1999","6' 0""","71""",5.96,3.96,Orthodox,31%,51%,0.0,0%,0.00,47%,155 lbs.,8c1ca54b5089d199,Maheshate,10-5-0
"May 29, 1991","5' 7""","70""",5.28,5.03,Orthodox,51%,47%,0.0,57%,3.87,100%,135 lbs.,8c39367b53eadf8a,Jesse Strader,5-3-0
"Apr 18, 1980","5' 11""",--,3.15,1.24,Orthodox,47%,37%,5.1,50%,1.69,33%,185 lbs.,8c3f3c43c8ceb778,Justin Levens,10-7-0
"Sep 04, 1994","6' 0""","78""",5.56,3.58,Orthodox,41%,39%,0.0,28%,1.02,62%,205 lbs.,8c57c7b8c3bab0eb,Nicolae Negumereanu,13-2-0
"May 10, 1987","5' 11""",--,2.31,2.99,Orthodox,64%,52%,0.0,60%,6.11,0%,170 lbs.,8c822811eedc11ad,Anton Zafir,7-3-0
"Mar 05, 1983","6' 0""","72""",4.82,3.96,Orthodox,26%,50%,0.0,0%,0.00,80%,170 lbs.,8c8c92a12621d7e0,Chris Cope,8-4-0
"Apr 12, 1978","5' 10""",--,3.31,1.49,Orthodox,50%,42%,0.0,0%,0.00,50%,155 lbs.,8caca5857ce0e30b,David Lee,12-10-0
"Jul 22, 1983","6' 0""","76""",2.57,2.03,Orthodox,32%,60%,0.0,83%,1.93,63%,185 lbs.,8cad40a75e5c97f5,Eddie Gordon,8-4-0
"Apr 17, 1987","5' 7""","68""",3.14,1.48,Orthodox,34%,57%,0.5,43%,2.52,54%,135 lbs.,8cb76103cd8a1562,Nick Pace,8-3-0
"Aug 21, 1992","5' 7""","71""",3.84,3.06,Southpaw,41%,52%,0.0,50%,0.51,76%,145 lbs.,8cb78f3a6c2a08f7,Leah Letson,5-3-0
"Apr 12, 1987","5' 9""","70""",4.23,3.69,Orthodox,35%,59%,0.3,11%,0.63,33%,145 lbs.,8ce87f7e3a9baed2,Tiago dos Santos e Silva,20-7-2 (1 NC)
"Sep 05, 1986","6' 4""","83""",2.16,2.33,Orthodox,41%,41%,0.3,62%,0.76,71%,250 lbs.,8d03ce87ca14e778,Francis Ngannou,17-3-0
"Aug 07, 1994","5' 9""","70""",3.35,2.51,Orthodox,40%,44%,0.2,30%,1.49,68%,145 lbs.,8d11d9c13e2ccdf7,Muhammad Naimov,13-4-0
"Jul 04, 1995","6' 4""","80""",3.08,2.88,Orthodox,53%,54%,0.8,40%,1.49,50%,185 lbs.,8d20d76af3f213ce,Joseph Holmes,8-4-0
"Aug 25, 1975","6' 1""","74""",1.99,1.19,Orthodox,39%,55%,1.1,38%,1.83,29%,185 lbs.,8d26912cd2aeb366,Jeremy Horn,91-22-5 (1 NC)
"Jan 25, 1994","5' 4""","65""",1.94,2.28,Orthodox,51%,53%,1.4,45%,4.74,44%,125 lbs.,8d3273573b85be09,Asu Almabayev,24-3-0
"Feb 22, 1984","5' 10""","71""",4.23,3.16,Orthodox,29%,60%,0.6,57%,2.21,50%,170 lbs.,8d49545dadf9b919,Edgar Garcia,14-5-0
"Feb 20, 1988","5' 10""","73""",3.47,2.40,Orthodox,31%,42%,0.0,0%,0.00,25%,243 lbs.,8d5350fa18b79e9a,James Mulheron,11-2-0
"Oct 12, 1955","6' 0""",--,0.00,0.00,Southpaw,0%,0%,0.0,0%,0.00,0%,180 lbs.,8d5daf67983b65ba,Fred Ettish,1-1-0
"Jun 15, 1981","5' 11""","77""",3.76,2.27,Southpaw,53%,46%,0.4,22%,0.79,27%,185 lbs.,8d9586726252dbf7,Kevin Casey,9-5-2 (2 NC)
"Mar 01, 1979","6' 2""",--,1.87,0.21,Orthodox,25%,60%,3.1,0%,0.00,0%,238 lbs.,8dc46e9a7895ce1a,Alexandre Dantas,0-3-0
"Feb 26, 1980","5' 8""","71""",2.04,1.75,Orthodox,51%,59%,4.1,45%,3.93,0%,170 lbs.,8ddf9c51c5fdea75,Rousimar Palhares,19-8-0
"Oct 06, 1988","5' 4""","64""",4.52,4.35,Orthodox,38%,55%,0.1,27%,0.42,58%,125 lbs.,8e1f36476ef02a6a,Jennifer Maia,21-10-1
"Jul 18, 1990","6' 3""","80""",4.15,3.51,Orthodox,49%,50%,0.2,36%,0.46,53%,170 lbs.,8e382b585a92affe,Phil Rowe,11-7-0
"Sep 16, 1983","6' 1""","73""",2.70,3.37,Orthodox,44%,50%,1.3,25%,0.94,15%,145 lbs.,8e5bfd4e82352340,Pablo Garza,12-4-0
"Sep 06, 1993","5' 2""","61""",3.94,4.43,Orthodox,49%,62%,0.8,42%,2.99,76%,115 lbs.,8e5d953bdb9ae5e7,Loopy Godinez,14-6-0
"Sep 08, 1998","5' 7""","69""",2.72,8.84,Orthodox,56%,62%,0.6,35%,2.96,83%,135 lbs.,8e6654e9f0461b8f,Cody Haddon,9-1-0
"Mar 31, 1983","5' 8""","70""",2.13,2.95,Orthodox,52%,62%,0.4,0%,0.00,54%,145 lbs.,8e893f269d5696b2,Tyler Toner,15-7-0 (1 NC)
"Mar 28, 1985","5' 9""","72""",3.45,1.62,Orthodox,47%,48%,1.1,40%,3.17,0%,155 lbs.,8e8e4487c621aa1c,Joe Ellenberger,15-2-0
"Feb 18, 1990","6' 1""","74""",5.94,5.65,Orthodox,47%,49%,0.1,28%,0.34,68%,185 lbs.,8e9eb3fc86db0f7d,Marc-Andre Barriault,17-11-0 (1 NC)
"Nov 11, 1991","6' 4""","77""",4.49,4.39,Orthodox,53%,55%,0.1,20%,0.15,93%,265 lbs.,8eb046f83e82bf26,Martin Buday,16-2-0
"Jan 19, 1995","6' 3""","78""",2.12,4.60,Orthodox,48%,52%,0.3,44%,1.34,33%,185 lbs.,8ebc3a8da015d70c,Cam Rowston,15-3-0
"Aug 08, 1980","5' 7""",--,6.36,2.49,Orthodox,30%,51%,1.3,18%,0.67,44%,135 lbs.,8ef4a91ac694b7ce,Shayna Baszler,15-11-0
"Dec 17, 1989","6' 4""","76""",3.24,2.57,Orthodox,34%,54%,0.0,10%,0.44,60%,170 lbs.,8f0d576beba1cfcd,Matt Dwyer,9-4-0
"Apr 25, 1988","5' 11""","75""",2.39,2.02,Orthodox,51%,40%,4.8,46%,3.03,40%,170 lbs.,8f2939f5fd9cca1e,TJ Waldburger,16-9-0
"Feb 11, 1971","6' 0""","74""",2.64,3.05,Orthodox,59%,56%,1.3,43%,2.55,25%,185 lbs.,8f2d9ee27f206f1f,Evan Tanner,32-8-0
"Aug 08, 1984","6' 3""",--,3.49,1.79,Orthodox,52%,45%,0.0,50%,2.83,66%,185 lbs.,8f2deefe8c5dfb5d,Alberto Uda,12-2-0
"May 08, 1982","5' 3""","63""",7.19,4.93,Orthodox,50%,53%,0.2,25%,0.94,50%,115 lbs.,8f382b3baa954d2a,Jessica Aguilar,20-8-0
"Oct 24, 1979","6' 0""","75""",2.06,1.74,Orthodox,32%,55%,2.0,50%,0.66,29%,170 lbs.,8f3df4c579cfbb69,David Mitchell,22-7-0
"Jul 26, 1989","6' 0""","75""",5.03,8.26,Orthodox,58%,54%,0.0,0%,0.00,100%,155 lbs.,8f4528c10bd34fab,Mandel Nallo,14-4-0 (1 NC)
"May 22, 1987","6' 1""","75""",3.91,2.57,Orthodox,54%,47%,1.5,25%,2.31,100%,155 lbs.,8f4eeaf7a0df7c1a,Teemu Packalen,8-3-0
"Aug 08, 1988","5' 9""","73""",3.03,2.98,Orthodox,39%,64%,0.0,63%,1.34,88%,155 lbs.,8f5c8850b2484173,Mairbek Taisumov,27-6-0
"Jun 04, 1986","6' 2""","73""",4.11,4.79,Orthodox,49%,61%,0.9,18%,0.96,59%,170 lbs.,8f6a18831a120817,James Krause,28-9-0
"Sep 28, 1991","6' 0""","74""",3.61,5.03,Orthodox,52%,54%,0.2,34%,3.91,91%,170 lbs.,8f765fd5775a8873,Rinat Fakhretdinov,24-1-1
"Aug 15, 1973","6' 6""",--,2.71,1.94,Orthodox,52%,58%,2.9,75%,8.71,0%,265 lbs.,8fa2b06572365321,Marcus Jones,4-2-0
"Jun 09, 1984","6' 0""","72""",4.72,3.18,Orthodox,50%,58%,0.0,66%,3.29,100%,170 lbs.,8fc9ae9c7527dfcb,Callan Potter,18-9-0
"Nov 19, 1976","5' 9""",--,4.05,0.98,Southpaw,40%,36%,0.0,50%,1.84,100%,170 lbs.,8fd1f27e86661ede,Alexandre Barros,22-11-0
"Jun 25, 1990","5' 11""","74""",4.55,3.89,Orthodox,37%,49%,0.2,46%,2.24,71%,145 lbs.,8fd808923cffff82,Andre Fili,25-14-0 (1 NC)
"Nov 07, 1990","6' 4""","77""",4.03,6.57,Orthodox,55%,51%,0.2,60%,0.53,85%,205 lbs.,9014c02eff8b3d62,Carlos Ulberg,15-1-0
"May 27, 1986","5' 9""","70""",3.82,2.43,Orthodox,31%,57%,0.2,45%,0.88,48%,125 lbs.,901cddcbfa079097,Will Campuzano,14-6-0
"Sep 25, 1984","6' 2""","79""",1.33,2.85,Orthodox,34%,72%,0.6,38%,2.99,72%,205 lbs.,902ab9197b83d0db,Phil Davis,17-4-0 (1 NC)
"Jul 31, 1989","6' 1""","74""",6.31,6.18,Southpaw,48%,48%,0.7,43%,1.73,61%,145 lbs.,902ec2cc48c8ae8a,Julian Erosa,31-14-0
"Feb 11, 1989","5' 6""","64""",5.66,4.48,Orthodox,42%,57%,0.4,40%,0.71,68%,125 lbs.,907e60fd13407e1e,Bec Rawlings,7-8-0
"May 19, 1992","6' 1""","74""",2.37,3.41,Orthodox,41%,60%,0.0,28%,0.76,61%,170 lbs.,90da09db03e41748,Sergey Khandozhko,28-6-1
"Dec 10, 1987","5' 7""","70""",3.89,0.90,Orthodox,27%,40%,0.0,50%,1.42,44%,135 lbs.,90e0985df05e51bc,Ray Rodriguez,16-8-0
--,"5' 7""",--,0.00,0.00,Southpaw,0%,0%,0.0,0%,0.00,0%,220 lbs.,91181b29be041f1c,Greg Stott,0-1-0
"Nov 29, 1976","6' 0""","74""",1.20,2.02,Orthodox,49%,61%,1.2,38%,3.74,31%,170 lbs.,91186547a7f3f758,Ricardo Almeida,13-5-0
"May 29, 1977","6' 0""",--,0.00,0.00,Orthodox,0%,0%,0.0,0%,0.00,0%,240 lbs.,911fb265462f0d94,Travis Fulton,253-53-10 (1 NC)
"Jul 01, 1980","6' 5""",--,4.02,2.76,Orthodox,44%,42%,0.0,0%,0.00,33%,265 lbs.,9123c54d0a2b72dd,Christian Colombo,8-3-1
"Mar 31, 1984","6' 2""",--,1.83,1.17,Orthodox,28%,67%,0.0,0%,0.00,100%,185 lbs.,9147679e1a4ad4a3,Richardson Moreira,7-4-0
"Nov 24, 1989","5' 7""","69""",1.85,1.53,Orthodox,31%,61%,0.0,0%,0.00,50%,155 lbs.,914a897455693650,Carl Deaton,17-7-0 (2 NC)
"Jul 22, 1986","5' 9""",--,5.51,2.72,Orthodox,28%,64%,0.0,0%,0.00,0%,135 lbs.,915c8d39d4a0e7d1,Ramiro Hernandez,19-9-0
"Oct 31, 1972","6' 0""",--,3.14,0.79,Orthodox,33%,42%,0.0,0%,0.00,0%,170 lbs.,91720876db0ee468,Jason Gilliam,14-9-0
"Jan 03, 1991","6' 0""","72""",3.84,2.81,Switch,46%,49%,0.0,20%,1.41,50%,205 lbs.,917a5cb9821df261,Jeremy Kimball,15-8-0
"Jul 14, 1979","5' 10""","68""",4.79,2.77,Orthodox,24%,52%,0.5,26%,0.30,42%,145 lbs.,917e53fa0adea0d3,Leonard Garcia,18-13-1
"Jul 31, 1978","5' 8""",--,7.52,3.54,Orthodox,48%,45%,2.2,0%,0.00,100%,170 lbs.,918d9d89d4d52acc,Anthony Torres,5-3-0
"Jan 13, 1976","5' 7""",--,1.36,0.75,Orthodox,41%,68%,0.0,0%,0.00,33%,155 lbs.,918db42c3637916f,Leigh Remedios,18-10-2
"Jul 16, 1974","5' 6""",--,0.00,0.00,,0%,0%,0.0,0%,0.00,0%,240 lbs.,9199e0735b83dd32,Andy Anderson,0-1-0
"Aug 18, 1974","5' 11""","68""",3.03,3.76,Orthodox,45%,58%,2.4,55%,0.70,55%,170 lbs.,91acd6910b802a9e,Chris Lytle,31-18-5
"Jul 05, 1980","6' 1""",--,2.17,1.69,Orthodox,45%,53%,0.9,50%,0.90,20%,170 lbs.,91d73ee59347ac16,Brodie Farber,16-7-0
"Dec 08, 1991","5' 7""","66""",4.09,4.88,Orthodox,49%,51%,0.1,33%,0.41,65%,135 lbs.,91dac5e69e28d5b5,Pannie Kianzad,17-9-0
"Aug 04, 1986","6' 2""","75""",1.52,2.08,Orthodox,46%,59%,0.1,41%,1.83,66%,265 lbs.,91ea901c458e95dd,Jared Rosholt,14-4-0
"Mar 20, 1984","5' 6""","66""",2.55,2.57,Orthodox,43%,56%,1.1,23%,0.62,44%,125 lbs.,92437c6775b3f7d1,John Moraga,19-7-0
"May 07, 1998","5' 6""","68""",2.91,2.86,Orthodox,45%,64%,0.7,27%,2.18,85%,135 lbs.,9256f591b30c073e,Felipe Lima,14-2-0
"Apr 13, 1988","5' 5""","64""",4.59,4.51,Orthodox,48%,57%,0.1,33%,0.87,50%,125 lbs.,928ae2e5b5f7a9ec,Justine Kish,7-4-0
"May 16, 1984","5' 10""","71""",3.34,3.40,Orthodox,38%,51%,1.1,34%,2.87,56%,145 lbs.,92a9aa9c93192871,Darren Elkins,29-12-0
"Jul 16, 1984","5' 11""","75""",3.79,2.10,Orthodox,29%,43%,1.4,0%,0.00,61%,135 lbs.,92aafa8f4b26269b,Walel Watson,14-10-0
"May 15, 1998","5' 8""","72""",5.20,3.37,Switch,34%,45%,0.0,22%,1.00,71%,145 lbs.,92aed9d16794f42b,Robert Ruchala,11-3-0
"Dec 16, 1979","6' 1""",--,8.20,2.27,,23%,33%,0.0,0%,0.00,50%,135 lbs.,92b36014314b028b,Peggy Morgan,4-4-0
"Nov 21, 1986","6' 2""","77""",3.44,3.36,Orthodox,42%,56%,0.0,35%,1.02,60%,205 lbs.,92b62174c175ce19,Clint Hester,11-6-0
"Oct 25, 1988","6' 3""","78""",5.08,5.80,Orthodox,44%,50%,0.6,33%,0.71,67%,230 lbs.,92fa1401b7927da3,Jake Collier,13-10-0
"Feb 08, 1989","6' 0""","73""",2.22,1.67,Orthodox,33%,53%,0.0,37%,1.00,70%,170 lbs.,9310418684bc896f,Pawel Pawlak,12-3-0
"Aug 28, 1980","6' 0""",--,1.01,2.91,Orthodox,62%,50%,0.0,33%,1.51,33%,185 lbs.,934de214814b8ff4,Jesse Bongfeldt,16-5-1
"Jun 13, 1994","6' 0""","74""",2.97,6.02,Orthodox,53%,56%,0.3,26%,1.05,0%,185 lbs.,9384e71bca6c409d,Marco Tulio,14-3-0
"Feb 12, 1974","5' 11""",--,0.00,0.00,Orthodox,0%,0%,0.0,0%,0.00,0%,199 lbs.,93892752c5fc23ca,Jerry Bohlander,11-4-0
"Jan 07, 1989","5' 8""","68""",2.07,2.87,Orthodox,54%,61%,0.0,42%,3.67,85%,145 lbs.,938ad489fb7a1f31,Levan Makashvili,15-2-1
"Aug 02, 1999","6' 0""","73""",4.12,5.57,Orthodox,41%,57%,0.0,0%,0.00,54%,155 lbs.,93b2b7caa457cbea,James Llontop,14-5-0
"Jun 27, 1989","5' 5""","67""",3.87,2.48,Orthodox,40%,57%,0.7,41%,1.74,31%,135 lbs.,93b62c5f2ba18e51,Gustavo Lopez,12-6-1
"Dec 03, 1979","6' 0""","76""",2.08,2.17,Orthodox,41%,55%,2.3,50%,0.46,47%,205 lbs.,93b9496275bbbf80,Seth Petruzelli,14-8-0
"Apr 27, 1980","6' 0""","74""",1.50,1.74,Orthodox,43%,59%,1.4,55%,0.89,42%,170 lbs.,93ce4ac89e3d7652,Luke Cummo,6-6-0
"Oct 06, 1977","5' 10""",--,7.00,1.28,Orthodox,35%,41%,0.0,0%,0.00,0%,185 lbs.,94070f6544c4b2a5,Rodrigo Ruas,4-5-1 (1 NC)
"May 19, 1993","5' 9""","71""",4.29,5.27,Orthodox,49%,53%,0.4,23%,0.36,62%,155 lbs.,94426bb170c88115,Sodiq Yusuff,13-5-0
"Sep 03, 1986","5' 11""","72""",2.74,3.53,Orthodox,46%,63%,0.1,42%,0.27,79%,170 lbs.,9450848a71d53776,Lorenz Larkin,18-6-0 (1 NC)
"Oct 25, 1984","6' 1""","73""",2.66,3.46,Orthodox,46%,56%,0.0,0%,0.00,66%,170 lbs.,94508d80e1f885fc,Augusto Montano,15-3-0
"Sep 12, 1984","5' 6""","67""",2.08,1.71,Orthodox,38%,50%,1.8,30%,2.73,29%,135 lbs.,94527830000ab715,Rani Yahya,28-12-1 (1 NC)
"Dec 11, 1966","6' 2""",--,1.41,0.28,Sideways,20%,52%,8.5,0%,0.00,0%,205 lbs.,94609dd91731d428,Jeff Newton,4-2-0
"Jul 05, 1995","6' 0""","74""",2.80,1.93,Southpaw,38%,40%,0.0,16%,1.00,0%,155 lbs.,946db8a378903cc3,Joe Giannetti,6-1-0
"Jan 01, 1968","6' 1""",--,1.36,2.30,Orthodox,32%,72%,0.0,50%,0.39,88%,200 lbs.,946f341df6472ee0,Guy Mezger,30-14-2
"Oct 24, 1984","6' 2""","75""",4.06,2.11,Southpaw,24%,53%,1.2,75%,1.79,66%,185 lbs.,947eccadb72f4f6f,Jesse Forbes,15-5-0
"Apr 12, 1985","5' 9""",--,4.60,6.68,Orthodox,58%,57%,0.0,0%,0.00,71%,155 lbs.,948880beac71f028,Felipe Olivieri,14-5-0 (1 NC)
"May 09, 1990","6' 0""","77""",3.05,2.92,Southpaw,46%,45%,0.0,100%,0.64,68%,185 lbs.,9508cc6184cb2450,Eric McConico,11-4-1
"May 02, 1984","6' 3""","78""",2.27,3.26,Orthodox,52%,58%,0.0,16%,0.21,66%,205 lbs.,950d0ef5c17157c5,Maxim Grishin,32-10-2
"Aug 17, 1976","5' 9""",--,1.55,0.65,Orthodox,41%,44%,0.9,70%,2.47,43%,170 lbs.,952f6fa06f25a0ec,Carlos Newton,16-14-0
"Nov 12, 1997","6' 1""","73""",5.28,9.29,Orthodox,64%,48%,0.4,47%,3.73,77%,235 lbs.,955da1675ad58a50,Josh Hokit,10-0-0
"Aug 25, 1988","6' 0""","74""",3.47,3.75,Orthodox,42%,59%,0.2,33%,0.18,65%,145 lbs.,9560ff14eb3129f7,Giga Chikadze,15-6-0
"Jan 22, 1981","5' 8""","70""",2.21,2.23,Orthodox,42%,69%,0.9,63%,3.76,67%,170 lbs.,9583662df31d943f,Luigi Fioravanti,26-15-0
"Jan 03, 2001","6' 2""","78""",2.22,8.64,Orthodox,68%,59%,7.4,75%,11.11,100%,205 lbs.,95aff2fd8d09a5f0,Abdul Rakhman Yakhyaev,10-0-0
"Nov 30, 1970","5' 9""",--,1.06,0.53,Southpaw,38%,44%,0.0,50%,0.38,56%,170 lbs.,95eb112a85601a0a,Jutaro Nakao,25-19-4
--,"6' 2""",--,0.00,0.00,,0%,0%,0.0,0%,0.00,0%,245 lbs.,96087e90d900f0ef,Robert Lucarelli,0-1-0
"Mar 14, 1986","5' 8""","71""",2.97,3.76,Orthodox,44%,53%,0.0,66%,0.59,65%,145 lbs.,960d6cae8879ba2b,Robert Peralta,18-8-0 (1 NC)
"Dec 12, 1985","5' 6""","67""",4.37,6.61,Southpaw,52%,50%,0.2,30%,0.71,72%,135 lbs.,96428b9e9bd048ea,Luke Sanders,13-5-0
"Jun 14, 1992","5' 5""","67""",2.74,2.82,Orthodox,40%,52%,1.5,33%,0.67,33%,115 lbs.,9673a497a9da119a,Polyana Viana,13-9-0
"Sep 14, 1992","5' 7""","69""",3.54,3.91,Orthodox,47%,54%,0.0,75%,0.75,50%,145 lbs.,96924b0019b3aff1,Gaston Bolanos,9-5-0
"May 11, 1989","5' 11""","73""",2.17,1.64,Orthodox,41%,54%,0.3,41%,1.75,50%,155 lbs.,96c336b463e0662c,Frankie Perez,10-4-0
--,"5' 11""",--,0.00,0.00,,0%,0%,0.0,0%,0.00,0%,200 lbs.,96d173b7f92aa520,Onassis Parungao,2-1-0
"Nov 16, 1977","5' 11""",--,4.83,0.69,Orthodox,75%,19%,0.0,0%,0.00,0%,185 lbs.,970beed85bc46b63,Delson Heleno,29-10-0
"Sep 13, 1999","6' 1""","74""",3.02,4.50,Southpaw,49%,39%,2.1,32%,2.43,55%,155 lbs.,971246648e162f0d,Chase Hooper,16-5-1
"Jan 16, 1996","5' 3""","60""",2.13,4.24,Orthodox,51%,54%,0.0,72%,1.60,35%,115 lbs.,971dba22c622af12,Josefine Knutsson,8-1-0
"Jul 17, 1992","6' 1""","77""",4.90,3.59,Orthodox,51%,30%,0.0,50%,0.56,66%,185 lbs.,972c456ff38b2015,Claudio Ribeiro,11-5-0
"Apr 26, 1965","5' 11""",--,0.00,0.00,Orthodox,0%,0%,0.0,0%,0.00,0%,323 lbs.,977081bc01197656,Scott Ferrozzo,4-2-0
"Nov 13, 1977","6' 2""",--,0.00,0.00,,0%,0%,0.0,0%,0.00,0%,170 lbs.,979f7edbb6980b0d,CJ Fernandes,14-8-3
"Dec 17, 1981","5' 9""","70""",2.42,2.65,Orthodox,42%,64%,0.0,22%,0.97,41%,155 lbs.,97a6bbe6e6566a94,Francisco Trevino,13-3-0
"Aug 02, 1978","5' 7""","68""",3.46,1.86,Orthodox,48%,47%,1.1,18%,0.86,0%,135 lbs.,97a8f39186f489db,Jeff Hougland,10-6-0
"May 22, 1992","6' 0""","75""",2.22,5.46,Southpaw,48%,59%,0.4,40%,0.77,89%,145 lbs.,97cf1a2c7c5e7889,Steve Garcia,19-6-0
"Jul 13, 1969","5' 10""",--,1.88,3.04,Orthodox,45%,59%,0.0,33%,0.72,33%,170 lbs.,980b4e712489098e,Dave Strasser,25-8-0
"Mar 18, 1981","5' 5""",--,3.18,2.90,Orthodox,36%,46%,0.0,23%,1.14,78%,135 lbs.,981ab7a0576f76a0,Julie Kedzie,16-13-0
"Jul 13, 1987","5' 4""","64""",4.12,4.41,Orthodox,38%,64%,0.8,44%,1.80,77%,115 lbs.,98215d037be5bcb7,Cynthia Calvillo,9-6-1
"Feb 13, 1989","6' 4""","81""",3.64,0.65,Orthodox,26%,21%,0.0,0%,0.00,0%,205 lbs.,984d15d5dc7bfcf9,James Bochnovic,8-3-0
"Jul 07, 1987","5' 6""","67""",4.61,2.77,Orthodox,45%,55%,0.5,33%,1.26,74%,145 lbs.,98a58c26c5b1ed17,Patricio Pitbull,37-9-0
"Sep 09, 1988","5' 11""","70""",4.10,2.84,Orthodox,41%,54%,0.0,53%,1.27,33%,155 lbs.,98a6b2361045898f,Dong Hyun Ma,16-11-3
"Oct 12, 1990","5' 4""","63""",2.08,3.64,Orthodox,47%,64%,0.1,40%,1.67,61%,125 lbs.,98aa60cf58071fd6,Kyoji Horiguchi,36-6-0 (1 NC)
"Oct 05, 1976","6' 1""","76""",3.80,3.69,Orthodox,42%,61%,0.0,34%,3.00,91%,205 lbs.,98b80a717b9bda17,Matt Hamill,12-8-0
"Jun 20, 1977","6' 2""","80""",3.80,3.29,Orthodox,48%,44%,1.9,46%,1.82,37%,240 lbs.,98c23cb6da5b3352,Aleksei Oleinik,60-17-1
"Mar 19, 1991","5' 11""","75""",6.78,7.40,Orthodox,52%,56%,0.4,44%,0.43,91%,145 lbs.,98d961097baaf308,Shane Burgos,15-3-0
"Nov 20, 1990","5' 9""","69""",7.75,4.13,Southpaw,37%,59%,0.0,0%,0.00,100%,135 lbs.,98e946879ba20c0f,Boston Salmon,6-3-0
"Mar 25, 1985","5' 11""",--,3.98,3.14,Orthodox,53%,38%,0.0,66%,1.33,50%,170 lbs.,98ec9f385cca47fc,Besam Yousef,7-4-0
"Feb 09, 1981","5' 10""","70""",1.55,1.52,Orthodox,56%,46%,0.0,42%,4.23,72%,155 lbs.,98f6da59d765ec94,Charlie Brenneman,19-8-0
"Jul 03, 1986","6' 2""","76""",3.55,3.07,Orthodox,38%,48%,0.0,40%,1.81,100%,185 lbs.,990bd63726a577f8,Tim Williams,15-5-0
"Aug 15, 1991","6' 3""","78""",5.32,3.51,Orthodox,23%,57%,0.0,0%,0.00,58%,185 lbs.,993d385f5a475375,Andy Enz,10-4-0
"Sep 26, 1984","5' 3""","66""",3.58,3.20,Orthodox,40%,61%,0.0,28%,0.71,82%,135 lbs.,99506df1af6c8b3b,John Dodson,22-12-0
"Nov 18, 1988","6' 2""","79""",2.64,3.45,Orthodox,47%,53%,1.2,42%,3.25,100%,205 lbs.,99bcdf5eac39898f,Jordan Johnson,10-0-0
"Feb 20, 1994","5' 10""","72""",2.14,3.14,Switch,51%,44%,1.4,39%,3.58,66%,155 lbs.,99bd51917728c25d,Grant Dawson,24-3-1
"Oct 04, 1988","5' 10""","71""",2.82,2.33,Southpaw,42%,47%,1.0,42%,1.02,81%,170 lbs.,99bd87a300079ed9,Erik Koch,16-6-0
"Sep 02, 1987","6' 1""","75""",3.01,2.49,Orthodox,44%,55%,0.4,23%,2.46,83%,170 lbs.,99c7610aa74995d3,Cathal Pendred,17-4-1
"Mar 08, 1978","5' 9""",--,2.23,1.55,Orthodox,39%,33%,4.2,60%,3.58,50%,155 lbs.,99dd0147dc4ef80c,Genki Sudo,15-4-2
"Feb 24, 1983","6' 2""","78""",3.14,3.55,Orthodox,50%,52%,0.4,48%,0.98,69%,205 lbs.,99df7d0a2a08a8a8,Jan Blachowicz,29-11-2
"Apr 15, 1983","5' 9""","71""",2.07,2.72,Switch,38%,66%,0.5,33%,0.49,57%,155 lbs.,9a2d3567abc02e34,Tae Hyun Bang,18-10-0
"Dec 11, 1971","6' 1""",--,4.56,0.76,Switch,14%,33%,0.0,0%,0.00,0%,155 lbs.,9a967e8e43dcef63,Joao Pierini,4-1-0
"Aug 03, 1998","5' 5""","67""",2.90,4.82,Orthodox,46%,69%,0.0,25%,0.60,100%,135 lbs.,9a97acbfd5a08bfa,David Martinez,14-1-0
"May 10, 1988","6' 3""",--,4.07,3.13,Switch,39%,42%,0.0,0%,0.00,100%,205 lbs.,9ab9912e0f8fa6d6,Cory Hendricks,3-1-0
"Jun 09, 1989","6' 0""","73""",4.38,5.88,Switch,51%,47%,0.1,50%,1.03,55%,145 lbs.,9abc648e76c4493a,Bill Algeo,18-9-0
"Jun 05, 1992","5' 5""","68""",3.29,3.48,Orthodox,43%,59%,0.2,30%,0.58,70%,125 lbs.,9ada30894bf04e19,David Dvorak,20-6-0
"Mar 13, 1982","5' 8""","70""",2.96,3.42,Southpaw,43%,68%,0.0,20%,2.43,0%,155 lbs.,9b198c73e3d0d289,Justin Salas,12-7-0
"Jun 29, 1983","6' 1""","77""",2.62,2.55,Switch,48%,46%,0.0,18%,0.95,55%,170 lbs.,9b1e3fb4f8cbd5b7,Ricky Rainey,12-6-0
"Jul 14, 1969","6' 0""",--,2.03,1.26,Southpaw,41%,51%,1.7,31%,1.26,48%,185 lbs.,9b5b5a75523728f3,Kazushi Sakuraba,26-17-1 (2 NC)
"Dec 13, 1976","5' 11""",--,3.85,2.15,Orthodox,45%,48%,0.0,0%,0.00,50%,205 lbs.,9b68bf67c5695185,Todd Brown,16-4-0 (1 NC)
"Dec 15, 1979","6' 0""","72""",4.47,4.44,Orthodox,47%,55%,0.5,25%,0.27,56%,155 lbs.,9b74de674c355425,Paul Taylor,11-6-1 (1 NC)
"Sep 06, 1987","5' 11""",--,3.17,1.70,Orthodox,36%,45%,0.5,15%,1.00,46%,185 lbs.,9b75954db8db2a08,Justin Jones,9-2-0
"Nov 04, 1986","5' 8""","73""",2.16,1.98,Orthodox,34%,65%,0.1,41%,3.95,61%,155 lbs.,9b7694d064a8a0ad,Rustam Khabilov,24-4-0
"Mar 27, 1988","5' 5""","65""",6.13,3.48,Orthodox,30%,59%,0.0,0%,0.00,71%,135 lbs.,9b7dfb3b7d99926a,Vanessa Melo,11-8-0
"Aug 12, 1980","5' 6""","66""",3.50,3.94,Orthodox,47%,52%,0.1,31%,1.74,61%,135 lbs.,9ba2226646046b63,Frankie Saenz,13-7-0
"Jul 16, 1973","5' 7""",--,0.00,0.00,Orthodox,0%,0%,0.0,0%,0.00,0%,200 lbs.,9bad58fa651d6196,Jermaine Andre,14-4-0
"Nov 17, 1981","6' 2""","76""",1.89,2.12,Southpaw,49%,58%,0.6,43%,2.93,71%,170 lbs.,9bcf8603ceb25680,Dong Hyun Kim,22-4-1 (1 NC)
"Dec 24, 1985","6' 0""","74""",5.82,3.35,Orthodox,39%,35%,0.9,62%,4.41,100%,247 lbs.,9be6020024133293,Cyril Asker,9-4-0
"Aug 09, 1992","5' 7""","68""",9.36,3.35,Southpaw,33%,30%,0.0,0%,0.00,30%,135 lbs.,9c27f3217891f3f0,Kris Moutinho,14-8-0
"Jun 17, 1996","5' 11""","75""",3.83,4.19,Orthodox,57%,59%,0.0,0%,0.00,86%,155 lbs.,9c393e836a852f30,Mauricio Ruffy,14-2-0
"Apr 09, 1985","5' 8""",--,3.61,4.01,Orthodox,48%,52%,0.0,0%,0.00,44%,135 lbs.,9c42a0de8e012870,Kelly Faszholz,4-2-0
"Oct 23, 1993","5' 5""","65""",3.25,3.85,Switch,44%,45%,0.5,0%,0.00,47%,115 lbs.,9c442aaf149ea982,Shauna Bannon,7-3-0
"Sep 21, 1993","5' 8""","71""",5.72,7.66,Southpaw,39%,51%,0.0,35%,2.60,85%,145 lbs.,9c44f290f5726d95,Martin Bravo,11-3-0
"Feb 05, 1980","6' 0""","75""",3.40,2.82,Orthodox,46%,54%,0.2,25%,0.88,86%,155 lbs.,9c65736747ca92ec,Leonardo Santos,18-7-1
"Jun 03, 1986","5' 11""","73""",2.61,3.21,Orthodox,63%,52%,1.0,27%,1.49,44%,170 lbs.,9c669abd35b2522f,Greg Soto,9-4-0
"Jun 29, 1989","5' 4""","68""",3.90,4.03,Orthodox,40%,60%,0.1,27%,0.88,92%,135 lbs.,9c907996820d2d69,Jimmie Rivera,23-5-0
"Jul 21, 1982","6' 0""","74""",2.96,1.37,Orthodox,54%,44%,2.1,0%,0.00,28%,185 lbs.,9ca265dfe8323db3,Tim McKenzie,14-9-0
"Sep 19, 1967","6' 2""",--,2.50,1.54,Southpaw,56%,38%,2.4,50%,0.80,25%,185 lbs.,9ccdd2ce45903f34,Mark Weir,21-18-1
"Jun 17, 1993","6' 0""","75""",3.19,4.16,Orthodox,47%,62%,0.3,12%,0.32,85%,170 lbs.,9ccf8371fd80d45d,Luan Chagas,15-3-1
"Oct 12, 1991","6' 4""","78""",5.39,4.31,Switch,49%,45%,0.0,0%,0.00,0%,185 lbs.,9cd047a828dd7515,KB Bhullar,8-2-0
"Jul 27, 1991","5' 11""","72""",2.76,3.21,Orthodox,46%,44%,0.4,35%,1.87,62%,135 lbs.,9cdd2da1a9104a0b,Macy Chiasson,11-6-0
"Dec 24, 1992","6' 0""","74""",3.31,2.30,Southpaw,46%,56%,0.0,46%,0.55,69%,185 lbs.,9ce6d5a03af801b7,Darren Till,18-5-1
"Sep 30, 1991","5' 7""","72""",2.62,3.67,Orthodox,52%,50%,0.0,45%,3.00,59%,135 lbs.,9cfbfae5fa1fdd93,Geraldo de Freitas,12-6-0
"Nov 16, 1984","5' 11""","74""",3.51,3.88,Orthodox,43%,52%,0.1,26%,0.90,59%,170 lbs.,9d19d9e4aa2662e8,Nicolas Dalby,24-6-1 (2 NC)
"Jun 17, 1976","5' 10""","70""",3.01,1.98,Orthodox,40%,54%,0.6,30%,1.91,25%,168 lbs.,9d4522df6fc49a47,Kuniyoshi Hironaka,23-9-0
"Jul 29, 2002","5' 9""","72""",2.63,3.50,Switch,48%,51%,0.0,40%,8.76,50%,145 lbs.,9d51798e61f2e0c7,Kurtis Campbell,8-1-0
"Dec 02, 1993","5' 5""","67""",2.74,2.24,Orthodox,38%,52%,1.6,50%,1.93,26%,125 lbs.,9d62c2d8ee151f08,Karine Silva,19-7-0
"May 04, 1992","6' 0""","75""",5.08,4.54,Southpaw,50%,53%,0.0,50%,1.12,88%,185 lbs.,9d83f6da776ff7d6,Roman Kopylov,15-5-0
"Sep 23, 1979","5' 5""","63""",3.15,2.69,Orthodox,33%,58%,0.4,62%,1.62,86%,135 lbs.,9ddfb3369a3b0394,Antonio Banuelos,20-11-1
"Feb 16, 1990","5' 5""","64""",4.81,3.22,Orthodox,38%,47%,0.0,27%,1.57,71%,125 lbs.,9dedfdd91070ddd8,Victoria Leonardo,9-7-0
"Mar 14, 1988","6' 3""","79""",2.47,2.08,Orthodox,52%,34%,0.4,33%,1.09,33%,185 lbs.,9deff9e3e8d94d47,Josh Samman,13-4-0
"Jan 22, 1992","6' 2""","74""",4.72,3.50,Switch,49%,49%,1.6,32%,1.15,37%,170 lbs.,9e50097a89442158,Mickey Gall,7-7-0
"Nov 14, 1988","5' 11""","70""",6.83,6.29,Orthodox,57%,50%,0.0,26%,0.30,73%,155 lbs.,9e8f6c728eb01124,Justin Gaethje,28-5-0
"Apr 12, 1992","5' 7""","67""",3.79,2.04,Orthodox,34%,48%,0.6,50%,0.28,50%,135 lbs.,9e92e1ca498d7244,Fernie Garcia,10-5-0
"May 17, 1988","5' 6""",--,2.53,2.57,Orthodox,47%,67%,0.0,0%,0.00,60%,125 lbs.,9eb069062a0cfc13,Nolan Ticman,4-3-0
"Jul 10, 1988","5' 11""","76""",2.17,3.12,Switch,55%,48%,0.0,0%,0.00,73%,170 lbs.,9edf2c9082cc2cd8,Blood Diamond,3-3-0
"Nov 18, 1995","6' 4""","74""",8.45,6.10,Orthodox,52%,33%,0.0,50%,1.41,0%,170 lbs.,9eed2bcc9e0b92af,Leon Shahbazyan,12-5-0
"Oct 26, 1984","5' 7""",--,3.40,3.13,Orthodox,32%,58%,0.0,55%,5.00,0%,135 lbs.,9eef6584fab21fbb,Cindy Dandois,8-3-0
"Dec 30, 1981","5' 10""","71""",1.88,1.25,Orthodox,39%,58%,3.4,27%,2.13,50%,155 lbs.,9f1641c08cf8fbe2,Shannon Gugerty,15-7-0
"Jul 11, 1976","6' 0""",--,1.93,0.30,Orthodox,46%,38%,0.3,0%,0.00,10%,170 lbs.,9f488f520ed25bbf,Kenichi Yamamoto,5-12-2
"Oct 19, 2004","5' 7""","66""",7.00,7.60,Southpaw,47%,57%,0.0,33%,1.00,50%,135 lbs.,9f5609dba6584ab2,Regina Tarin,8-0-0
"Dec 30, 1998","5' 8""","69""",5.50,7.27,Orthodox,48%,56%,0.0,12%,0.41,40%,135 lbs.,9f5e3c20ce40b344,Klaudia Sygula,8-2-0
"Jun 08, 1984","5' 9""","69""",1.47,2.79,Orthodox,46%,63%,2.4,26%,2.37,16%,145 lbs.,9f755fb04cc21499,Noad Lahat,11-2-0
"Mar 11, 1984","5' 11""",--,4.80,2.40,Orthodox,27%,46%,0.0,0%,0.00,100%,155 lbs.,9f7787e56a6bc0f4,Sako Chivitchian,8-1-0
"Dec 19, 1975","5' 6""","68""",3.06,2.01,Orthodox,39%,64%,1.5,36%,1.19,49%,145 lbs.,9f842be1a5337be6,Michihiro Omigawa,17-14-1
"Feb 29, 1980","5' 11""","75""",3.21,2.81,Orthodox,48%,48%,0.2,20%,0.68,43%,170 lbs.,9fa3bd637edd9aa2,Patrick Cote,23-11-0
"May 02, 1992","5' 7""","66""",2.16,3.56,Southpaw,51%,55%,0.5,63%,3.42,82%,125 lbs.,9fa568ad2bf2cb0b,Justin Scoggins,11-5-0
--,"6' 2""",--,0.00,0.00,Orthodox,0%,0%,0.0,0%,0.00,0%,250 lbs.,9fd1f08dd4aec14a,Dave Beneteau,6-5-1
"Jul 15, 1995","5' 11""","71""",3.25,3.54,Orthodox,51%,54%,2.3,36%,3.46,71%,170 lbs.,9fe7af8b3fbe00a0,Preston Parsons,11-6-0
"Jun 19, 1979","6' 1""","77""",2.29,2.36,Orthodox,37%,54%,0.6,50%,1.06,61%,170 lbs.,9fe85152f351e737,Mike Swick,15-6-0
"Jul 16, 1981","5' 9""",--,2.00,3.53,Orthodox,51%,48%,0.3,16%,1.33,57%,145 lbs.,a00ec21cfbba17b6,Yui Chul Nam,18-8-1
"Jan 12, 1989","6' 1""","77""",5.33,4.88,Southpaw,46%,51%,0.0,22%,1.63,50%,170 lbs.,a01a62132460a98d,Adam Fugitt,10-6-0
"Apr 19, 1987","6' 1""",--,3.88,5.45,Orthodox,47%,59%,0.9,50%,1.53,60%,170 lbs.,a01e84abefd85ec0,Pascal Krauss,11-2-0
"Jul 07, 1986","6' 1""",--,4.33,1.13,Orthodox,20%,45%,0.0,7%,1.00,20%,170 lbs.,a0602dd050bebefc,Jon Manley,9-4-0
"Jul 07, 1980","6' 2""","77""",2.39,1.93,Orthodox,27%,67%,0.9,33%,0.47,79%,205 lbs.,a08d909a5be6f410,Eliot Marshall,10-4-0
"Apr 07, 1997","5' 6""","68""",3.62,4.43,Southpaw,54%,52%,0.8,66%,0.55,45%,125 lbs.,a08ddd04eaffd81d,Mariya Agapova,10-5-0
"Aug 02, 1997","5' 8""","71""",3.24,4.46,Orthodox,54%,60%,0.3,37%,3.57,54%,135 lbs.,a09ed60aa67a3f67,Farid Basharat,16-0-0
"Dec 27, 1986","6' 1""",--,10.00,3.16,Orthodox,27%,72%,0.0,0%,0.00,0%,185 lbs.,a0b91014e9d16a76,Cale Yarbrough,8-3-0
"Jan 05, 1979","5' 9""","69""",1.71,1.04,Orthodox,27%,58%,2.0,33%,1.67,11%,155 lbs.,a0c139b34f11421a,John Gunderson,35-16-2
"Feb 02, 1991","5' 6""","68""",1.88,2.57,Orthodox,42%,63%,0.2,51%,2.83,46%,125 lbs.,a0c64f272b65d441,Eric Shelton,12-6-0
"Oct 17, 1985","5' 11""","73""",3.18,3.42,Orthodox,40%,58%,0.0,100%,0.46,63%,155 lbs.,a0e6753c42698f13,Omar Morales,11-4-0
"Feb 11, 1990","6' 0""","72""",3.35,1.76,Orthodox,46%,37%,0.5,25%,0.52,53%,145 lbs.,a0e75f4a13eb73f1,Megan Anderson,11-5-0
"Apr 16, 1990","5' 5""","67""",3.88,4.38,Orthodox,50%,49%,1.0,47%,2.79,69%,125 lbs.,a0f0004aadf10b71,Alexandre Pantoja,30-6-0
"May 31, 1994","5' 7""","69""",4.44,5.26,Orthodox,60%,60%,6.8,0%,0.00,77%,145 lbs.,a112097ad877a48f,Alberto Montes,12-1-0
"Feb 27, 1993","6' 1""","71""",3.73,3.31,Orthodox,34%,54%,0.0,26%,0.83,48%,185 lbs.,a12a8314adc1c1c9,Laureano Staropoli,9-5-0
"Mar 07, 2000","5' 9""","70""",5.38,6.05,Orthodox,51%,53%,0.1,62%,1.34,84%,155 lbs.,a13d755965a4ec9f,Rongzhu,28-6-0
"Apr 29, 1986","6' 1""","76""",3.51,2.24,Orthodox,40%,46%,4.1,50%,0.55,25%,170 lbs.,a149d6bc670cdb60,Dustin Hazelett,12-7-0
"Apr 20, 1982","6' 1""","75""",4.40,1.42,Orthodox,21%,47%,0.0,33%,1.60,14%,170 lbs.,a17322f99ddfd8e9,Bristol Marunde,16-10-0
"Dec 30, 1990","6' 0""","74""",3.29,3.05,Orthodox,45%,48%,0.1,45%,1.75,67%,205 lbs.,a17ad5a5048e8c3f,Darren Stewart,12-8-0 (2 NC)
"Aug 04, 1996","5' 7""","72""",3.32,3.72,Orthodox,39%,60%,0.0,40%,5.30,100%,135 lbs.,a1ad35b98a9136e5,Lawrence Lui,8-1-0
"Apr 07, 1990","5' 6""",--,4.75,1.24,Orthodox,21%,53%,0.0,25%,1.69,0%,125 lbs.,a1b0715c4fd2dbd3,Azamat Gashimov,8-3-0
"Jul 03, 1976","5' 11""","74""",2.19,2.79,Orthodox,40%,60%,0.6,53%,0.97,62%,205 lbs.,a1f6999fe57236e0,Wanderlei Silva,35-13-1 (1 NC)
"Feb 03, 1980","5' 7""","71""",5.61,3.50,Orthodox,36%,57%,0.3,16%,0.44,80%,155 lbs.,a20d7dfaba74c067,Rodrigo Damm,13-9-0
"Oct 18, 1989","5' 7""","72""",5.41,5.37,Orthodox,36%,56%,0.1,0%,0.00,50%,125 lbs.,a20f234df70f2182,Ji Yeon Kim,9-7-2
"Jul 22, 1968","6' 4""",--,0.00,0.00,Orthodox,0%,0%,0.0,0%,0.00,0%,230 lbs.,a220be6d41d6f97d,Carlos Barreto,14-9-0
"Nov 07, 1962","5' 8""",--,0.00,0.00,Orthodox,0%,0%,0.0,0%,0.00,0%,194 lbs.,a24e080000fa7a35,Darrel Gholar,5-6-0
"Feb 26, 1984","5' 10""","72""",3.21,3.95,Orthodox,54%,56%,0.6,43%,1.63,36%,155 lbs.,a26198ba5093147e,TJ Grant,21-5-0
"Oct 17, 1993","6' 0""","71""",5.82,5.11,Orthodox,55%,44%,1.2,22%,1.77,72%,155 lbs.,a264d4e9a4d6bfe4,Sangwook Kim,13-4-0
"Sep 30, 1991","5' 9""","71""",3.19,3.70,Southpaw,52%,58%,0.5,58%,5.03,41%,155 lbs.,a29db9cd4f9ccea5,Natan Levy,8-2-0
--,"6' 2""",--,0.00,0.00,Orthodox,0%,0%,0.0,0%,0.00,0%,240 lbs.,a2b06ca02bca14c0,Harold Howard,1-3-0
"Jul 14, 1987","5' 9""","72""",3.03,1.81,Orthodox,31%,59%,0.1,52%,3.72,66%,170 lbs.,a2b12c3f3d60ff69,Alex Garcia,15-6-0
"Jan 20, 1992","5' 11""","75""",8.08,2.40,Orthodox,36%,40%,0.0,55%,6.00,50%,155 lbs.,a2ccf35a88346a91,Erick Gonzalez,14-8-0
"Jan 03, 1998","5' 7""","70""",2.16,3.41,Orthodox,59%,57%,0.7,38%,3.37,50%,135 lbs.,a2d342ffc83913ed,Nathan Fletcher,9-3-0
"Jan 12, 1995","6' 0""","75""",5.60,4.88,Orthodox,45%,50%,0.0,0%,0.00,72%,245 lbs.,a2ea77e974c5889f,Carlos Felipe,11-2-0
"May 03, 1989","6' 0""","72""",4.59,5.35,Southpaw,48%,44%,0.3,22%,0.13,50%,185 lbs.,a331233f597090a5,Bryan Barberena,18-12-0
"Aug 10, 1985","5' 10""","72""",3.93,3.39,Orthodox,36%,59%,1.8,0%,0.00,70%,155 lbs.,a36556bb1565e32d,Joe Proctor,11-5-0
"Dec 17, 1969","6' 2""","76""",2.71,2.97,Orthodox,35%,56%,0.0,75%,0.44,81%,205 lbs.,a390eb8a9b2df298,Chuck Liddell,21-8-0
"Nov 18, 1992","5' 2""","62""",4.06,3.29,Orthodox,39%,60%,0.2,37%,2.33,71%,115 lbs.,a3a542074109b347,Luana Pinheiro,11-5-0
"Aug 25, 1987","5' 9""","71""",3.17,3.98,Orthodox,45%,58%,0.4,44%,2.55,70%,155 lbs.,a3be148af5c7b088,Piotr Hallmann,18-6-0
"Jan 27, 1999","5' 11""","72""",3.72,4.77,Switch,61%,53%,1.9,30%,2.79,0%,170 lbs.,a3dda21be645be93,Jean-Paul Lebosnoyani,10-2-0
"Feb 02, 1980","6' 0""",--,6.06,1.51,Orthodox,23%,36%,1.0,0%,0.00,80%,245 lbs.,a421465acbe59c77,Denis Stojnic,13-3-0 (1 NC)
"Jan 21, 1994","5' 7""","71""",4.99,6.36,Orthodox,58%,56%,0.0,0%,0.00,50%,145 lbs.,a44020ea2e8cd026,JooSang Yoo,9-1-0
"Dec 11, 1995","5' 6""","65""",2.01,2.15,Orthodox,47%,68%,0.4,47%,4.26,66%,135 lbs.,a474aade8eb3a8f0,SuYoung You,16-4-0 (2 NC)
"Oct 18, 1987","6' 0""","76""",3.81,3.84,Orthodox,53%,51%,0.2,31%,0.48,78%,205 lbs.,a495f599e787614f,Alonzo Menifield,18-6-1
"May 02, 1996","5' 5""","69""",2.67,3.47,Orthodox,49%,54%,0.4,27%,1.77,58%,125 lbs.,a4a80dd7336ffd59,Melissa Gatto,9-3-2
"Oct 08, 1997","5' 7""","68""",4.23,2.58,Orthodox,39%,52%,0.0,0%,0.00,59%,135 lbs.,a4dc0f2b95df4cc1,Bekzat Almakhan,12-4-0
"Mar 12, 1991","5' 7""",--,5.50,1.29,Orthodox,33%,32%,1.3,36%,2.66,0%,155 lbs.,a4dc47001f202bcd,Rodrigo de Lima,8-3-1
"Aug 04, 1993","5' 4""","63""",1.93,1.52,Orthodox,52%,48%,1.0,50%,3.89,46%,135 lbs.,a4de54ea806fb525,Ray Borg,13-5-0
"Mar 22, 1987","5' 6""","65""",5.37,3.36,Orthodox,41%,67%,1.9,21%,0.85,70%,135 lbs.,a4e85a58fbce64b2,Joe Soto,18-7-0
"Jan 28, 1992","5' 9""","70""",3.15,4.98,Southpaw,58%,56%,0.0,0%,0.00,70%,145 lbs.,a52bc1e62cf0b7c6,Melsik Baghdasaryan,8-4-0
"Jul 09, 1987","6' 0""","76""",3.50,3.34,Orthodox,42%,51%,0.5,20%,1.13,55%,170 lbs.,a53d30163304aa6e,Carlston Harris,19-8-0
"May 17, 1996","5' 7""","68""",2.51,3.36,Orthodox,47%,55%,0.0,28%,1.57,70%,135 lbs.,a54660deb6a8489c,Muin Gafurov,20-7-0
"Feb 24, 1965","6' 2""",--,0.00,0.00,Orthodox,0%,0%,0.0,0%,0.00,0%,345 lbs.,a54a35a670d8e852,Andre Roberts,14-2-1
"Oct 30, 2002","5' 7""","68""",5.73,5.47,Orthodox,43%,35%,0.0,0%,0.00,77%,135 lbs.,a54b961a1f8be1d5,John Garza,6-2-0
"Oct 12, 1984","5' 8""","71""",2.55,2.92,Orthodox,34%,58%,0.8,53%,3.49,66%,155 lbs.,a54fc2d6fc224dc3,Jamie Varner,21-11-1 (2 NC)
"Jun 07, 1977","6' 1""","75""",1.36,2.32,Orthodox,50%,55%,1.6,50%,1.31,60%,170 lbs.,a56607a451e4c70d,Chris Wilson,18-10-0 (1 NC)
"Sep 21, 1978","5' 10""","71""",2.12,2.59,Orthodox,47%,64%,1.3,39%,1.92,54%,155 lbs.,a566371ba2ad7152,Josh Thomson,22-9-0 (1 NC)
"Jul 04, 1996","5' 7""","71""",1.65,2.99,Orthodox,63%,40%,1.8,50%,4.57,0%,145 lbs.,a57cb948c4c70a47,Isaac Dulgarian,7-2-0
"Apr 08, 1986","6' 0""","72""",3.53,1.66,Orthodox,34%,37%,0.5,0%,0.00,37%,155 lbs.,a66395395b5f1394,Danny Downes,8-3-0
"Apr 07, 1987","6' 3""","79""",1.51,2.28,Switch,58%,62%,0.0,16%,0.19,70%,185 lbs.,a67d071163962af8,Michael Page,25-3-0
"Aug 24, 1991","6' 5""","79""",3.92,3.11,Orthodox,39%,43%,1.7,34%,1.21,59%,264 lbs.,a67f5afa8d6a1b80,Ryan Spann,24-11-0
"Dec 04, 1975","6' 0""",--,0.00,0.00,,0%,0%,0.0,0%,0.00,0%,175 lbs.,a683f9ddb70aa4bd,Sean Daugherty,0-2-0
"Nov 03, 1992","6' 0""","74""",3.16,3.56,Orthodox,38%,47%,0.0,54%,0.83,70%,145 lbs.,a68575214ecad140,SeungWoo Choi,11-8-0
"Aug 19, 1982","5' 9""","71""",3.45,1.99,Orthodox,40%,58%,0.0,50%,0.65,40%,155 lbs.,a6959da32f0e6b5d,Kyle Bradley,19-12-0 (1 NC)
"Oct 02, 1996","5' 11""","72""",0.00,15.65,Orthodox,54%,100%,0.0,0%,0.00,0%,170 lbs.,a69a7120cf26669d,Levan Chokheli,15-3-0 (1 NC)
"Jul 07, 1969","5' 11""",--,0.00,0.00,Orthodox,0%,0%,0.0,0%,0.00,0%,205 lbs.,a6a9ab5a824e8f66,Joel Sutton,2-4-1
"Sep 26, 1981","6' 4""","79""",1.79,1.78,Orthodox,35%,61%,1.9,53%,1.87,60%,185 lbs.,a6bbd3df469c6bea,Roger Gracie,8-2-0
"Mar 15, 1989","6' 1""","72""",5.44,6.69,Switch,53%,52%,0.0,100%,0.72,70%,170 lbs.,a6c20202c701e5ca,Sasha Palatnikov,6-4-0
"Oct 24, 1965","5' 10""",--,0.00,0.00,Southpaw,0%,0%,0.0,0%,0.00,0%,170 lbs.,a6c2f5381d575920,Orlando Wiet,1-5-0
"Jul 14, 1987","6' 1""","74""",3.73,3.18,Southpaw,39%,50%,0.2,9%,0.24,57%,170 lbs.,a6cba6bb66c1a8c9,Danny Roberts,18-8-0
"Mar 03, 1980","5' 10""","74""",4.30,2.74,Orthodox,38%,52%,0.8,50%,0.28,47%,170 lbs.,a6d8bfe9e0c8153b,Kevin Burns,12-7-0
"Aug 13, 1993","5' 6""","66""",5.31,3.51,Southpaw,46%,53%,0.2,18%,0.42,68%,125 lbs.,a6eb54ae17a551be,Gabriella Fernandes,11-4-0
"Jul 03, 1992","5' 10""","72""",4.66,9.31,Orthodox,40%,51%,0.0,0%,0.00,100%,170 lbs.,a6f3d15cb84334bb,Dean Barry,4-2-0
"May 19, 1981","6' 0""","72""",3.46,3.61,Orthodox,54%,47%,0.0,100%,1.13,0%,185 lbs.,a6fd2173d5e2d7f0,Jason Day,19-12-0
"Sep 08, 1986","5' 11""","70""",4.24,4.58,Orthodox,44%,49%,0.8,33%,0.65,38%,155 lbs.,a7151778b3381036,Kurt Holobaugh,22-10-0 (1 NC)
"Jan 13, 1995","6' 0""","69""",5.72,6.42,Switch,46%,50%,0.4,18%,0.81,63%,155 lbs.,a72a2a769fa5a2be,Anshul Jubli,7-2-0
"May 24, 1992","5' 10""","73""",4.62,2.02,Orthodox,34%,39%,0.0,0%,0.00,0%,135 lbs.,a75a48bfe776b2c2,Jesse Butler,12-6-0
"Dec 08, 1973","6' 2""",--,3.47,0.99,Orthodox,22%,34%,1.9,50%,1.86,50%,185 lbs.,a780d16cf7eed44d,Lucio Linhares,19-8-0
"Sep 09, 1987","5' 9""","73""",3.32,3.13,Orthodox,47%,54%,0.8,50%,1.97,68%,135 lbs.,a7897d200692ab64,Kyung Ho Kang,19-11-0 (1 NC)
"Apr 08, 1993","5' 7""","66""",4.45,2.74,Orthodox,38%,46%,1.4,20%,0.78,54%,125 lbs.,a78a87d8c2bbb1cb,Julija Stoliarenko,11-10-2
"May 30, 1995","5' 6""","67""",3.82,3.82,Orthodox,40%,52%,0.0,0%,0.00,0%,125 lbs.,a78f7a9135eb6249,Terrance Saeteurn,8-2-0
"Dec 21, 1968","6' 3""",--,0.89,0.28,Switch,41%,28%,0.4,77%,2.92,0%,266 lbs.,a7b48e18ca27795d,Mark Kerr,15-11-0 (1 NC)
"Mar 03, 1983","6' 2""","74""",2.54,2.83,Orthodox,60%,51%,3.2,0%,0.00,26%,265 lbs.,a7d687e6ecb30981,Rob Broughton,16-7-1
"Jun 24, 1986","5' 11""","73""",4.43,4.83,Orthodox,53%,57%,1.9,36%,1.27,50%,135 lbs.,a7ddae0be8b78147,Jessamyn Duke,3-5-0 (1 NC)
"Nov 28, 1983","5' 8""",--,2.55,1.27,Orthodox,32%,42%,0.0,0%,0.00,20%,125 lbs.,a7de976620f2ed13,Shane Howell,13-10-0
"Sep 08, 1983","5' 11""","70""",4.57,2.37,Orthodox,25%,47%,0.5,0%,0.00,77%,145 lbs.,a7e3f02fe2b2fe30,Danyelle Wolf,1-1-0
"Sep 12, 1978","6' 2""","75""",3.86,2.03,Orthodox,48%,35%,0.5,0%,0.00,36%,205 lbs.,a7f4d0902bb64092,James Irvin,17-10-0 (2 NC)
"Jan 14, 2000","6' 0""","75""",1.80,1.06,Switch,38%,42%,0.4,38%,1.93,76%,185 lbs.,a817e238b2747404,Dylan Budka,7-5-0
"Aug 24, 1978","5' 9""","70""",2.67,3.13,Southpaw,45%,60%,0.5,42%,0.98,60%,170 lbs.,a8283a4f415e1eb9,Francisco Trinaldo,28-9-0
"Aug 19, 1994","5' 11""","73""",2.58,3.36,Orthodox,44%,60%,0.7,41%,1.36,66%,170 lbs.,a845f0735bc67405,Jake Matthews,23-8-0
"Feb 08, 1989","5' 4""","66""",7.22,5.40,Orthodox,44%,58%,0.3,0%,0.00,83%,115 lbs.,a851c35f58199231,Syuri Kondo,6-3-0
"Jun 18, 1973","6' 2""",--,4.73,2.14,Orthodox,48%,45%,0.0,0%,0.00,0%,205 lbs.,a85998eb79650b2c,Wes Combs,20-6-0
--,"5' 9""","72""",2.76,2.46,Orthodox,51%,41%,1.6,53%,3.28,30%,170 lbs.,a8aba6fd8a463043,Jess Liaudin,20-11-0
"Oct 26, 1978","6' 1""","73""",4.87,1.10,Orthodox,23%,40%,0.0,11%,0.87,0%,170 lbs.,a8c9d16fe2a14d72,CM Punk,0-1-0 (1 NC)
--,"6' 0""",--,3.35,0.00,Orthodox,0%,47%,0.0,0%,0.00,0%,170 lbs.,a8d521d913df4e31,Ryan Madigan,5-3-0
"Apr 20, 1979","6' 0""","74""",2.32,2.71,Orthodox,49%,55%,0.8,51%,1.87,70%,185 lbs.,a8e6a69796280f17,Nate Marquardt,35-19-2
"Sep 02, 1977","5' 6""","69""",2.48,1.54,Orthodox,31%,60%,1.2,12%,0.35,35%,135 lbs.,a8ea84cbe1655f0a,Jeff Curran,36-18-1
"Oct 22, 1968","5' 2""",--,1.80,1.20,Southpaw,66%,50%,0.0,0%,0.00,50%,170 lbs.,a8fa0c4e95512806,Phil Johns,30-14-1
"Jul 24, 1995","6' 2""","79""",2.59,4.43,Switch,57%,52%,0.0,16%,0.33,63%,185 lbs.,a93f94c923c3a9cb,Christian Leroy Duncan,14-2-0
"Feb 09, 1975","6' 3""",--,2.14,4.29,Orthodox,86%,0%,0.0,0%,0.00,75%,245 lbs.,a9a314cc77d90b6e,Wade Shipp,11-5-0
"Dec 05, 1983","6' 1""",--,5.62,2.99,Orthodox,39%,63%,2.3,83%,3.87,44%,170 lbs.,a9bcf8717dd12532,Mats Nilsson,11-4-1
"Nov 08, 1989","6' 3""","76""",2.95,2.95,Orthodox,51%,56%,1.2,33%,1.85,100%,245 lbs.,a9d6e047ce48ab63,Allen Crowder,10-4-0 (1 NC)
"Nov 03, 1993","5' 7""","68""",2.95,4.48,Switch,61%,59%,0.2,60%,1.98,71%,145 lbs.,a9da3158dd2c2b5a,Jack Jenkins,14-4-0
"Mar 01, 1989","5' 7""","68""",3.46,3.47,Orthodox,44%,51%,0.5,46%,2.63,75%,125 lbs.,a9e260472d321361,Jasmine Jasudavicius,15-4-0
"Jan 26, 1981","6' 0""","73""",2.04,0.84,Orthodox,34%,54%,0.9,36%,3.21,36%,205 lbs.,aa03a3ca00ac6827,Carmelo Marrero,16-6-0 (1 NC)
"May 07, 1996","5' 7""","66""",4.14,2.65,Orthodox,39%,44%,1.2,29%,2.16,44%,125 lbs.,aa0c573da7119292,Juliana Miller,5-4-0
"Dec 08, 1988","5' 10""","70""",5.83,7.44,Orthodox,54%,42%,1.0,24%,1.47,61%,145 lbs.,aa171d55d4b5208f,Billy Quarantillo,18-7-0
"May 07, 1979","5' 8""","70""",1.94,2.45,Orthodox,43%,63%,0.8,54%,2.90,69%,155 lbs.,aa1952ec0b3dd8e1,Kurt Pellegrino,16-7-0
"Apr 12, 1982","5' 9""","73""",2.53,3.44,Orthodox,33%,63%,0.2,41%,1.64,71%,145 lbs.,aa5b4eff51bdc7d1,Gilbert Melendez,22-8-0
"Apr 27, 1984","5' 11""",--,3.98,3.79,Orthodox,31%,68%,0.7,42%,2.13,100%,185 lbs.,aa6e591c2a2cdecd,Ricardo Abreu,5-1-0
"Dec 18, 1987","5' 5""","68""",3.43,2.57,Orthodox,53%,49%,1.2,34%,1.61,57%,135 lbs.,aa72b0f831d0bfe5,Deiveson Figueiredo,25-7-1
"Oct 18, 1975","5' 9""",--,10.91,0.47,Orthodox,33%,19%,0.0,0%,0.00,0%,170 lbs.,aa79d5399571068e,Brandon Wolff,7-5-0
"Sep 12, 1984","5' 9""","70""",2.61,3.22,Orthodox,37%,59%,1.5,60%,1.34,30%,155 lbs.,aac5ac38148f0528,Paul Kelly,14-5-0
"Oct 14, 1987","5' 9""",--,4.07,3.47,,43%,43%,0.0,25%,3.00,33%,155 lbs.,aac6edb0d5e0b7e9,Marcin Wrzosek,12-4-0
"Mar 11, 1967","5' 10""",--,1.67,1.71,Orthodox,41%,55%,0.8,20%,1.13,40%,185 lbs.,aae0897825336b1a,Renzo Gracie,13-7-1 (1 NC)
"Sep 20, 1977","6' 1""","76""",2.99,2.84,Orthodox,39%,59%,1.9,50%,1.55,31%,185 lbs.,aae99701b21554e4,Ryan Jensen,21-8-0
"Oct 20, 1991","6' 2""","74""",7.47,5.47,Orthodox,31%,38%,0.0,10%,1.00,0%,265 lbs.,ab2a4b5e04dc5fe9,Alvin Hines,7-1-0
"Mar 21, 1992","5' 6""","65""",3.24,4.22,Orthodox,45%,58%,0.8,45%,2.07,74%,125 lbs.,ab2b4ff41d6ebe0f,Alex Perez,26-10-0 (1 NC)
"Jan 26, 1976","5' 11""",--,0.00,0.67,Open Stance,16%,0%,0.0,0%,0.00,0%,183 lbs.,ab35634d1a8c7a11,Flavio Luiz Moura,19-7-0
"Jun 25, 1987","5' 10""","74""",4.02,4.24,Orthodox,32%,60%,0.0,33%,0.14,68%,170 lbs.,ab850a77a0fa487d,Sean Spencer,12-6-0
"May 10, 1974","5' 11""","70""",3.67,0.85,Southpaw,36%,36%,2.8,28%,1.41,25%,170 lbs.,ab8900ae1f1dfd4c,Yoshiyuki Yoshida,18-9-0
"Jun 25, 1985","6' 1""","75""",2.90,3.70,Orthodox,57%,51%,0.5,45%,1.40,59%,253 lbs.,ab943cd2c3c17825,Marcos Rogerio de Lima,22-10-1
"Mar 05, 1998","5' 2""","63""",5.18,6.22,Orthodox,56%,59%,0.3,80%,0.62,57%,115 lbs.,abb68e3c7ca128f2,Julia Polastri,14-6-0
--,--,--,0.00,0.00,,0%,0%,0.0,0%,0.00,0%,--,abbc4fc02e0d84b3,Eric Martin,0-1-0
"Oct 03, 1978","6' 4""","80""",1.61,3.57,Orthodox,46%,70%,0.0,80%,3.02,100%,155 lbs.,abbc737317f66b81,Corey Hill,6-9-0
"Jan 08, 2002","5' 3""","66""",2.80,3.22,Orthodox,45%,62%,0.1,55%,2.28,68%,115 lbs.,abcf2cc6efc42031,Iasmin Lucindo,18-6-0
"Dec 22, 1982","5' 4""",--,1.73,1.30,Orthodox,18%,79%,0.0,0%,0.00,75%,125 lbs.,abd2109bc4cb0291,Bentley Syler,5-1-0
"May 23, 1987","5' 10""","76""",2.14,2.53,Southpaw,45%,65%,0.7,29%,2.37,66%,170 lbs.,abd5fb12437eda21,Ramazan Emeev,20-6-0
"Jun 02, 1995","5' 9""","71""",1.57,2.18,Southpaw,58%,59%,1.2,30%,2.97,30%,145 lbs.,ac026518a9b4dc0f,Jordan Leavitt,13-4-0
"Oct 10, 1992","6' 4""","77""",3.27,2.07,Orthodox,38%,37%,0.0,0%,0.00,0%,265 lbs.,ac0874309da489b9,Marek Bujlo,6-1-0
"Sep 15, 1992","6' 3""","75""",4.30,4.27,Orthodox,58%,45%,0.5,50%,0.45,87%,249 lbs.,ac29d508d78384c9,Marcelo Golm,6-3-0
"Apr 22, 1985","6' 0""","75""",6.32,6.55,Orthodox,50%,51%,0.5,26%,1.35,66%,265 lbs.,ac40f7e3cbecdda4,Parker Porter,14-9-0
"Sep 13, 1992","5' 5""","67""",5.05,1.59,Southpaw,27%,50%,1.4,14%,0.68,33%,125 lbs.,ac5a7400da3a9a41,Elias Garcia,6-2-0
"Dec 17, 1978","6' 1""",--,1.81,5.13,Orthodox,60%,45%,0.0,0%,0.00,0%,265 lbs.,ac70a4f1db1b8c40,Scott Junk,8-3-1 (1 NC)
"Dec 05, 1992","5' 3""","63""",3.26,3.41,Orthodox,53%,51%,0.0,60%,0.46,53%,115 lbs.,ac7c765882f2c68c,Elise Reed,8-5-0
"Feb 28, 1989","6' 4""","76""",5.07,3.15,Orthodox,59%,43%,1.3,18%,1.97,0%,205 lbs.,acb36c908d415c4a,Vinicius Moreira,9-5-0
"Feb 19, 1984","6' 5""",--,1.80,1.03,Orthodox,22%,52%,0.0,0%,0.00,42%,205 lbs.,acd9513399a8b09b,Ednaldo Oliveira,17-3-1 (1 NC)
"Jan 15, 1991","5' 8""","68""",3.07,3.17,Orthodox,39%,63%,0.0,39%,2.13,100%,155 lbs.,aceffa19749c4dc0,Zubaira Tukhugov,20-6-1
"Jul 21, 1981","6' 2""","75""",2.25,2.06,Southpaw,38%,60%,0.5,39%,1.98,84%,170 lbs.,acff437707625fc7,Yushin Okami,34-12-0
"Sep 23, 1963","5' 10""",--,0.00,0.00,Orthodox,0%,0%,0.0,0%,0.00,0%,215 lbs.,ad047e3073a775f3,Steve Jennum,2-3-0
"Dec 17, 1981","5' 10""",--,7.37,0.69,Orthodox,29%,18%,0.0,0%,0.00,0%,170 lbs.,ad3041e61896b975,Jason Tan,5-3-0
"Sep 19, 1982","5' 10""",--,2.03,0.71,Orthodox,27%,25%,0.0,40%,1.52,58%,170 lbs.,ad32471f01e7b1a5,Jeremy Jackson,9-5-0
"Nov 10, 1977","6' 3""","78""",2.11,3.20,Orthodox,50%,57%,1.4,55%,1.26,55%,250 lbs.,ad3f53c454cbbead,Josh Barnett,35-8-0
"Nov 22, 1983","6' 4""","77""",3.30,3.97,Orthodox,53%,54%,0.0,0%,0.00,28%,240 lbs.,ad56b3f00ca38dfd,Mark Godbeer,13-4-0
"Jan 25, 1999","5' 8""","74""",2.00,3.11,Southpaw,48%,61%,0.7,100%,2.00,75%,185 lbs.,ad5cb64af10fc946,Donte Johnson,8-0-0
"Dec 26, 1996","5' 6""","64""",2.69,2.69,Orthodox,42%,65%,0.0,27%,1.02,74%,125 lbs.,adccbc19b22e19af,SeungGuk Choi,7-3-0
--,"6' 1""",--,0.00,0.00,,0%,0%,0.0,0%,0.00,0%,230 lbs.,adea9f0090aa8e14,Jason Fairn,4-5-0
"Nov 25, 1991","5' 9""","72""",4.04,2.54,Switch,37%,48%,0.0,0%,0.00,60%,170 lbs.,ae071698e1a3ccd4,Christian Aguilera,14-8-0
"Feb 01, 1967","6' 3""",--,3.59,1.54,Orthodox,85%,17%,3.9,0%,0.00,0%,200 lbs.,ae58685caf8e4a0d,Bill Mahood,20-7-1 (1 NC)
"Feb 05, 1989","5' 8""","69""",4.17,3.43,Southpaw,43%,53%,0.8,50%,0.34,70%,155 lbs.,ae7fe94f117f98cf,Joaquim Silva,14-6-0
"Dec 15, 1989","5' 9""","69""",1.74,1.84,Orthodox,46%,50%,0.0,60%,2.30,50%,155 lbs.,ae81a3ac7b260411,Tofiq Musayev,23-6-0
"Apr 21, 1995","5' 9""","71""",6.20,3.85,Orthodox,32%,52%,0.5,25%,1.07,100%,155 lbs.,aebaa8cec15b083d,Kody Steele,8-1-0
"Aug 25, 1974","5' 8""",--,0.92,0.92,Orthodox,80%,33%,3.4,100%,6.87,0%,155 lbs.,aebfb84d1f6d2d8c,Allen Berube,4-3-0
"Apr 17, 1984","5' 11""","73""",3.23,2.91,Orthodox,40%,49%,0.3,61%,1.32,62%,170 lbs.,aec185309b4843d0,Siyar Bahadurzada,24-8-1
"Dec 07, 1984","5' 10""","73""",3.21,3.55,Southpaw,51%,63%,0.5,41%,1.70,61%,185 lbs.,aed06011bf62237b,Dongi Yang,13-3-0
"Dec 16, 1969","6' 2""",--,1.38,0.99,Orthodox,39%,65%,1.3,78%,3.98,64%,205 lbs.,aee8eecfc4bfb1e7,Bobby Southworth,10-6-0 (1 NC)
"Jan 31, 1972","6' 0""",--,2.49,0.75,Open Stance,50%,41%,0.0,0%,0.00,0%,205 lbs.,af49a6c491ca22a3,Kristian Rothaermel,4-3-0
"Oct 03, 1978","6' 1""","76""",4.06,3.02,Orthodox,39%,56%,2.2,66%,0.90,57%,185 lbs.,af5b208e97f5d382,Wilson Gouveia,14-8-0
"Nov 19, 1989","5' 8""","68""",2.09,3.16,Orthodox,40%,66%,0.2,55%,3.16,69%,135 lbs.,af62f99eb7606308,Erik Perez,17-6-0
"Aug 27, 1993","5' 9""","70""",1.85,1.97,Orthodox,53%,50%,1.4,48%,2.06,14%,155 lbs.,af65aa688d13eedf,Joe Solecki,13-6-0
"Jul 06, 1981","5' 10""","70""",2.99,1.68,Orthodox,39%,53%,1.0,27%,2.58,0%,155 lbs.,af90b10c785ced3e,Mike Rio,10-5-0
"Feb 09, 1987","5' 11""","70""",4.21,2.08,Orthodox,55%,40%,1.4,36%,5.08,0%,205 lbs.,af997f7611673880,Gadzhimurad Antigulov,20-8-0
"Nov 23, 1990","5' 8""","68""",4.27,3.52,Southpaw,45%,40%,0.3,60%,0.81,25%,135 lbs.,af9efbfd63d39734,Chelsea Chandler,7-4-0
"Aug 17, 1994","6' 0""","74""",4.28,4.10,Orthodox,46%,54%,0.1,30%,2.46,70%,155 lbs.,af9f42e6894047fc,Jamie Mullarkey,18-9-0
"Oct 28, 1968","6' 2""",--,1.32,2.02,Orthodox,70%,19%,1.2,50%,1.17,0%,245 lbs.,afaad7d6a581e307,Bobby Hoffman,36-10-1 (2 NC)
"Jan 09, 1984","5' 11""",--,1.40,2.93,Southpaw,52%,26%,0.0,0%,0.00,50%,155 lbs.,afc2a7ce0c763bd5,Yoislandy Izquierdo,10-4-0
"Nov 22, 1982","6' 0""",--,6.79,4.12,Orthodox,32%,61%,0.0,0%,0.00,0%,170 lbs.,afdb76fbd86f6d11,Edilberto de Oliveira,29-15-2
"Aug 27, 1995","5' 9""","71""",5.35,4.31,Orthodox,45%,47%,0.5,20%,1.04,50%,170 lbs.,afe8d5b39ff7fca2,Louis Cosce,7-2-0
"Jul 16, 1979","5' 11""","70""",1.83,1.56,Orthodox,37%,59%,0.6,36%,1.73,42%,205 lbs.,b034747dc1d15491,Kazuhiro Nakamura,21-13-0
"Apr 27, 1980","6' 1""",--,3.36,0.32,Orthodox,100%,12%,0.0,16%,2.40,0%,185 lbs.,b05086131c6f5dc5,Derek Downey,11-4-0
"Jul 29, 1975","5' 10""","75""",3.62,3.10,Orthodox,41%,57%,1.0,67%,2.29,92%,170 lbs.,b0550072e5f0afa7,Yoshihiro Akiyama,14-6-0 (2 NC)
"Dec 07, 1992","6' 0""","76""",4.01,5.56,Southpaw,60%,45%,0.7,68%,3.82,100%,185 lbs.,b07aed698fba8624,Ikram Aliskerov,18-2-0
"Dec 19, 1990","5' 5""","66""",1.63,2.86,Southpaw,60%,44%,0.7,45%,4.52,57%,115 lbs.,b08012bbe542592a,Tatiana Suarez,13-1-0
"Aug 13, 1985","6' 0""","74""",3.63,2.69,Southpaw,39%,56%,0.3,17%,1.94,80%,145 lbs.,b0a6124751a56bc4,Jonathan Brookins,16-10-0
"Sep 01, 1989","6' 3""","76""",5.28,3.89,Orthodox,60%,40%,0.2,14%,0.25,22%,205 lbs.,b0bd0c5425668b8f,Henrique da Silva,14-5-0
"Nov 29, 1985","5' 11""","76""",3.69,3.70,Orthodox,47%,58%,0.2,41%,1.44,69%,170 lbs.,b0d6a1d8ac3d563d,Max Griffin,20-13-0
"May 13, 1988","5' 5""",--,4.18,2.13,Orthodox,43%,32%,0.0,11%,0.59,54%,125 lbs.,b0f316c60f8d3b47,Josh Ferguson,10-5-0
"Apr 14, 1985","5' 5""","67""",2.34,1.42,Orthodox,39%,64%,0.6,35%,1.82,87%,125 lbs.,b102c26727306ab6,Jussier Formiga,23-8-0
"Jun 04, 1981","5' 7""","70""",4.02,1.16,Orthodox,42%,38%,0.9,30%,0.93,33%,135 lbs.,b12a1d19ee383b7c,Tonya Evinger,19-8-0 (1 NC)
"Apr 05, 1996","6' 3""","75""",4.62,5.57,Orthodox,56%,44%,0.7,44%,2.86,0%,185 lbs.,b12fb759e02378de,Gilbert Urbina,7-5-0
"Jun 24, 1991","5' 6""","68""",2.82,3.22,Orthodox,36%,63%,0.4,71%,0.95,51%,135 lbs.,b12fc8a41e82d3a2,Joby Sanchez,11-4-0
"Feb 10, 1979","6' 0""","74""",3.48,3.52,Southpaw,42%,62%,0.3,36%,1.36,52%,185 lbs.,b13da0b1a3aed3e7,Nick Ring,14-4-0
"Apr 19, 1972","5' 7""",--,1.22,1.06,Southpaw,41%,52%,1.4,40%,2.47,25%,155 lbs.,b14a68c533f4a4aa,Dokonjonosuke Mishima,21-7-2
"Apr 15, 1995","5' 4""","69""",1.13,0.80,Orthodox,41%,54%,1.0,0%,0.00,50%,125 lbs.,b15862fcd6ded451,Carlos Mota,8-2-0
"Jun 21, 1981","5' 10""",--,2.83,2.60,Orthodox,26%,50%,0.7,0%,0.00,87%,155 lbs.,b18fb36a4aa00093,John Polakowski,2-2-0
"Oct 12, 1971","5' 8""",--,0.97,0.60,Orthodox,40%,50%,2.1,0%,0.00,25%,170 lbs.,b19fc66613dc75b9,Chris Brennan,21-13-1
"Jan 04, 1984","6' 1""","77""",3.05,3.51,Southpaw,47%,51%,0.6,33%,3.14,85%,185 lbs.,b1a3e0aca758b322,Derek Brunson,23-9-0
"Jul 09, 1988","5' 11""","72""",3.92,4.36,Orthodox,42%,55%,0.1,35%,1.98,90%,170 lbs.,b1b0729d27936f2f,Belal Muhammad,24-6-0 (1 NC)
"Oct 09, 1992","5' 6""","67""",2.80,3.05,Orthodox,54%,57%,0.4,24%,2.60,66%,125 lbs.,b1d19449397541dc,Askar Askarov,14-1-1
"Jun 30, 1999","5' 9""","69""",3.86,6.67,Orthodox,58%,61%,0.0,0%,0.00,37%,145 lbs.,b1de86d835638319,Luke Riley,14-0-0
"Aug 19, 1988","5' 7""","65""",7.45,4.35,Orthodox,44%,45%,0.0,50%,0.37,69%,135 lbs.,b1e5bcaad32a3cac,Priscila Cachoeira,13-9-0
"Feb 04, 1999","5' 7""","67""",2.66,3.94,Orthodox,56%,58%,0.9,60%,1.11,75%,125 lbs.,b1f21ce050035d58,Andre Lima,11-1-0
--,"6' 0""",--,5.33,0.86,Orthodox,26%,29%,0.0,0%,0.00,0%,205 lbs.,b23fca14c7b79935,Ivan Serati,12-4-0
"Jun 22, 1980","5' 7""","70""",2.98,2.36,Orthodox,26%,64%,1.4,70%,1.39,54%,135 lbs.,b26d3e3746fb4024,Brian Bowles,10-3-0
"Aug 06, 1992","6' 0""","74""",2.39,3.17,Orthodox,54%,58%,0.3,50%,1.07,72%,170 lbs.,b27a1fcb56a3035a,Trevin Giles,16-7-0
"Jun 26, 1985","6' 2""",--,2.61,1.91,,42%,51%,1.3,75%,3.92,50%,170 lbs.,b27b8881d7444114,Adam Cella,6-8-0
"Oct 17, 1982","6' 2""",--,2.08,2.17,Orthodox,34%,70%,0.7,0%,0.00,76%,185 lbs.,b2a2da86546ddb19,Buddy Roberts,12-3-0
"Jul 14, 2000","5' 9""","70""",5.12,6.32,Orthodox,52%,49%,0.0,30%,0.75,76%,155 lbs.,b2a78df161bd67f9,Gauge Young,11-3-0
"Oct 07, 1974","5' 7""","68""",2.67,2.18,Switch,48%,63%,0.5,84%,1.01,46%,170 lbs.,b2acebbef8da14ea,Akihiro Gono,35-21-8
"May 27, 1981","5' 3""","64""",2.23,3.35,Southpaw,43%,61%,0.8,39%,1.11,57%,125 lbs.,b2e3aca4cd363477,Chris Cariaso,17-8-0
"Jul 15, 1972","5' 8""",--,2.60,1.06,Orthodox,47%,45%,6.2,33%,0.48,28%,155 lbs.,b2f743746e8dcfa2,Jason Black,23-4-1
"Dec 24, 1980","6' 1""",--,2.30,1.83,Orthodox,43%,49%,1.3,28%,1.31,43%,185 lbs.,b2f88c04c4dd43ce,Jason Miller,23-10-0 (1 NC)
"Mar 11, 1986","5' 8""",--,2.96,1.48,,22%,75%,0.0,100%,3.70,0%,155 lbs.,b35a159f525764eb,Chris Saunders,16-8-0
"Jan 04, 1982","5' 5""",--,3.98,3.20,Orthodox,53%,52%,2.3,27%,2.32,33%,125 lbs.,b35ba64b6a2bbcb3,Jose Maria,37-7-0 (2 NC)
"Apr 26, 1965","6' 0""",--,3.55,1.35,Switch,30%,38%,0.0,33%,1.07,66%,265 lbs.,b361180739bed4b0,David Abbott,10-15-0
"Apr 26, 1972","6' 8""",--,3.88,4.23,Orthodox,51%,54%,1.1,0%,0.00,37%,265 lbs.,b369533a577fa97c,Dan Christison,20-7-0
"Jul 03, 1995","6' 0""","72""",4.17,5.23,Orthodox,51%,55%,0.0,36%,2.45,62%,155 lbs.,b39f7a6c2be17ee8,Charlie Campbell,9-3-0
--,--,--,0.00,0.00,,0%,0%,0.0,0%,0.00,0%,--,b3bbe88fecd6a0d2,Dave Berry,0-1-0
"May 24, 1991","5' 5""","63""",2.98,2.50,Orthodox,31%,54%,0.5,66%,1.90,70%,125 lbs.,b3d21b2610dcfaeb,Emily Whitmire,4-5-0
"Jun 27, 1983","5' 8""","70""",3.89,2.79,Orthodox,40%,59%,0.0,33%,0.89,50%,145 lbs.,b406da701c479076,Ernest Chavez,10-2-0
"Sep 08, 1991","5' 7""","67""",4.89,4.42,Orthodox,33%,51%,0.6,24%,0.70,42%,125 lbs.,b4192a975027aab6,Maryna Moroz,11-6-0
"Aug 09, 1996","6' 1""","77""",3.11,2.91,Orthodox,46%,43%,3.6,21%,2.39,0%,185 lbs.,b4443fae47e7eb9d,Wes Schultz,9-3-0
"May 03, 1974","6' 1""",--,3.02,1.93,Orthodox,34%,50%,0.0,28%,0.26,78%,241 lbs.,b44f39a5c6596953,Pedro Rizzo,20-11-0
"Feb 15, 1992","5' 5""","69""",4.12,2.64,Orthodox,32%,46%,0.2,0%,0.00,61%,135 lbs.,b4537562f88ac582,Khalid Taha,13-5-0 (1 NC)
"Nov 09, 1981","5' 11""","73""",4.57,2.52,Orthodox,33%,51%,0.0,0%,0.00,74%,155 lbs.,b45d6b73f4ca4467,Andre Winner,21-11-2
"Dec 06, 1984","5' 3""","65""",4.04,4.26,Orthodox,32%,61%,0.0,0%,0.00,30%,115 lbs.,b4880ef2f838d4e1,Silvana Gomez Juarez,11-5-0
"May 17, 1980","6' 4""","80""",2.44,3.67,Orthodox,64%,57%,0.8,55%,1.42,73%,265 lbs.,b4ad3a06ee4d660c,Alistair Overeem,47-19-0 (1 NC)
"Nov 07, 1997","6' 4""","79""",2.62,6.24,Orthodox,54%,58%,0.0,26%,0.86,71%,205 lbs.,b4b496ec2197ee3e,Navajo Stirling,10-0-0
"Nov 10, 1966","5' 11""",--,3.11,2.54,Orthodox,48%,44%,0.7,40%,1.44,80%,225 lbs.,b4bc2e3353a770b5,Ian Freeman,20-7-1
"Aug 15, 1996","5' 10""","70""",4.93,4.00,Orthodox,39%,52%,0.0,12%,0.50,57%,155 lbs.,b4c57a8c2b773e82,Michal Figlak,8-2-0
"Oct 20, 1987","5' 7""","69""",4.13,3.42,Southpaw,39%,47%,0.6,27%,1.09,66%,115 lbs.,b4c6c904a9ffc5e8,Ashley Yoder,8-9-0
"Nov 28, 1988","5' 11""",--,2.83,2.03,,19%,64%,1.5,54%,3.00,100%,185 lbs.,b4c96c3d9139bf0e,Patrick Walsh,10-3-0
"May 30, 1979","5' 7""","68""",2.93,3.06,Orthodox,41%,62%,0.1,60%,1.94,82%,135 lbs.,b4eeac608fc82f88,Yves Jabouin,20-11-0
"Oct 24, 1994","5' 11""","72""",3.40,5.98,Switch,60%,59%,0.2,42%,0.23,60%,135 lbs.,b50a426a33da0012,Sean O'Malley,20-3-0 (1 NC)
"Dec 02, 1977","6' 0""",--,6.43,1.82,Orthodox,56%,22%,0.0,50%,6.29,0%,260 lbs.,b51841e7c594090d,Mike Wessel,15-8-0
"Aug 04, 1993","5' 0""","62""",3.23,3.53,Southpaw,41%,57%,0.0,45%,2.50,66%,115 lbs.,b53c46f613f6f248,Brianna Fortino,9-3-0
"Jan 07, 1987","5' 10""","70""",4.27,3.23,Southpaw,42%,52%,0.0,44%,3.66,50%,135 lbs.,b57edace7b647f07,Matt Hobar,9-3-0
"Aug 22, 1981","6' 3""","76""",5.53,7.69,Orthodox,48%,59%,0.0,100%,0.35,58%,185 lbs.,b59037262c8fe060,Ryan Janes,10-3-0
"May 01, 1985","5' 6""","66""",2.35,2.78,Orthodox,49%,67%,0.3,55%,4.13,100%,145 lbs.,b5b684eac99ae0a3,Chad Mendes,18-5-0
"Nov 10, 1991","6' 1""","77""",3.40,2.45,Southpaw,56%,50%,0.0,0%,0.00,50%,265 lbs.,b5c19c34f12c917e,Denzel Freeman,7-2-0
"Jun 28, 1989","6' 4""","79""",4.88,4.55,Orthodox,48%,41%,0.2,33%,0.98,46%,265 lbs.,b5da8f7d05e85a55,Josh Parisian,15-8-0
--,"6' 3""",--,7.25,2.75,Southpaw,34%,40%,0.0,0%,0.00,100%,205 lbs.,b5ea750025697880,Rex Holman,4-2-0
"Apr 30, 1970","5' 10""",--,0.00,0.00,Southpaw,0%,0%,0.0,0%,0.00,0%,193 lbs.,b60391da771deefe,Todd Medina,11-9-0 (1 NC)
"Aug 23, 1991","5' 9""","74""",6.96,6.84,Orthodox,46%,62%,1.1,0%,0.00,78%,135 lbs.,b60c980f79b87ce8,Bea Malecki,4-1-0
"Mar 05, 1993","5' 0""","64""",5.08,1.47,Southpaw,41%,31%,0.4,33%,1.90,25%,115 lbs.,b6203e0492a9336c,Marnic Mann,6-3-0
"Jun 09, 1996","5' 6""","66""",4.47,3.88,Orthodox,50%,49%,1.0,35%,1.75,50%,125 lbs.,b62d5280966b2460,Clayton Carpenter,8-3-0
"Dec 19, 1969","6' 1""",--,0.00,0.00,Orthodox,0%,0%,0.0,0%,0.00,0%,275 lbs.,b63e800c18e011b5,Tedd Williams,7-1-0
"May 21, 1989","5' 11""","72""",3.55,4.10,Orthodox,49%,59%,0.6,40%,1.68,64%,155 lbs.,b6452706b373eea1,Renato Moicano,21-7-1
"Nov 04, 1995","5' 7""","66""",3.14,3.38,Orthodox,41%,55%,1.8,31%,1.50,47%,125 lbs.,b671bdf981ad527d,HyunSung Park,10-2-0
"Mar 12, 1995","5' 7""","67""",5.38,5.15,Orthodox,40%,50%,0.0,33%,2.60,73%,145 lbs.,b67d6bacc68d4c92,Daniel Santos,14-3-0
"Sep 18, 1984","5' 4""","65""",5.19,3.84,Orthodox,37%,48%,0.8,28%,1.08,75%,115 lbs.,b6850671a008bf9a,Felice Herrig,14-10-0
"Feb 28, 1980","6' 1""","75""",3.07,2.77,Orthodox,52%,59%,0.0,24%,2.22,83%,205 lbs.,b69f24c500d783e7,Francimar Barroso,19-7-0 (1 NC)
"Sep 15, 1970","6' 0""",--,2.23,0.83,Orthodox,42%,40%,0.4,100%,0.43,54%,265 lbs.,b6b12014698cc345,John Marsh,8-7-0
"Sep 25, 2000","5' 6""","66""",4.69,4.39,Orthodox,58%,52%,0.8,60%,2.43,76%,135 lbs.,b6c37948cb226e8c,Benardo Sopaj,13-3-0
"Feb 16, 1989","5' 8""","69""",2.23,2.24,Orthodox,44%,50%,0.0,26%,1.44,58%,145 lbs.,b6c4451cb13c9303,Andy Ogle,9-6-0
"Oct 08, 1986","5' 10""","72""",2.54,4.26,Orthodox,59%,56%,0.3,51%,2.08,82%,155 lbs.,b6e6c3b1dcaae0a1,Will Brooks,18-4-0
"Dec 28, 2000","6' 0""","71""",7.90,3.23,Orthodox,30%,45%,0.0,0%,0.00,0%,145 lbs.,b701f095e6ccb149,Ollie Schmid,4-3-0
"Mar 21, 1984","5' 7""","73""",3.14,2.04,Orthodox,44%,53%,0.8,30%,0.59,36%,145 lbs.,b71ce838b01f2cad,Rony Jason,14-7-0 (1 NC)
"Aug 28, 1984","5' 3""","63""",6.42,2.34,Orthodox,37%,48%,1.1,40%,0.57,31%,125 lbs.,b72a60a0cadff408,Louis Gaudinot,8-4-0 (1 NC)
"Nov 05, 1984","6' 0""",--,4.17,2.01,Orthodox,36%,30%,2.2,33%,5.59,0%,170 lbs.,b732b326c362fb62,Ryan Thomas,20-8-0
"Oct 25, 1989","5' 0""","60""",3.31,2.75,Orthodox,29%,71%,0.2,20%,0.20,70%,115 lbs.,b76c6268dc1d3c05,Danielle Taylor,9-4-0
"Mar 06, 1970","5' 11""",--,4.41,1.88,Orthodox,38%,54%,0.4,20%,1.32,33%,225 lbs.,b76ed59283d3559c,Tsuyoshi Kohsaka,27-19-2
"Dec 05, 1989","5' 10""","70""",6.70,6.23,Switch,63%,53%,0.0,30%,1.50,92%,145 lbs.,b788862dd1c11eac,Brendan Loughnane,17-3-0
"Dec 04, 1989","6' 1""","74""",4.13,3.20,Orthodox,39%,64%,0.5,33%,0.96,75%,170 lbs.,b7ad576b8ae115e6,Mike Rhodes,10-5-0
"Aug 22, 1995","5' 10""","72""",6.00,6.36,Southpaw,45%,63%,0.0,20%,0.34,86%,155 lbs.,b7b84ccd221be298,Nasrat Haqparast,18-6-0
"Aug 02, 1995","6' 2""","79""",4.65,5.81,Southpaw,51%,52%,0.0,0%,0.00,100%,185 lbs.,b7c5eb7cdbac6a63,Danny Barlow,9-2-0
"Aug 24, 1973","5' 10""","70""",2.79,2.72,Southpaw,39%,65%,1.4,48%,1.60,47%,170 lbs.,b7d524c77c27389b,Marcus Davis,22-11-0 (1 NC)
"Jun 07, 1989","6' 0""","73""",3.62,3.28,Orthodox,54%,54%,0.0,55%,2.30,79%,185 lbs.,b7f38813485745da,Michael Kuiper,15-5-0
"Dec 07, 1982","5' 10""","70""",3.78,3.68,Orthodox,35%,65%,0.0,20%,0.08,68%,155 lbs.,b7ffa72aa148599a,KJ Noons,13-9-0 (1 NC)
"Oct 10, 1984","5' 5""","65""",2.21,2.76,Southpaw,46%,61%,1.9,25%,1.16,65%,135 lbs.,b8592b4a383696cd,Mitch Gagnon,12-5-0
"Feb 06, 1995","5' 8""","71""",2.31,3.60,Orthodox,58%,56%,0.6,39%,3.22,74%,145 lbs.,b8a85389d115e35a,Jack Shore,17-3-0
"Feb 01, 1986","5' 8""","67""",3.55,2.46,Orthodox,33%,59%,0.9,43%,1.45,70%,145 lbs.,b8aef0faf4ce9b31,Sam Sicilia,15-8-0
"Nov 09, 1990","5' 8""","70""",1.16,1.69,Orthodox,54%,54%,1.3,41%,4.27,50%,145 lbs.,b8bbdeff718dbb7d,Pat Sabatini,22-5-0
"Feb 24, 1982","5' 6""",--,1.78,1.75,,39%,48%,0.5,22%,2.02,56%,145 lbs.,b8c0f30ee9a98b69,Fernando Bruno,15-4-0
"Mar 25, 1990","5' 11""","71""",6.01,3.23,Orthodox,43%,37%,1.9,38%,4.75,0%,145 lbs.,b909a9a9688b5284,Gabriel Miranda,17-8-0
"Apr 09, 1998","5' 9""","70""",4.20,4.20,Orthodox,68%,49%,0.0,36%,4.50,85%,145 lbs.,b9124c308671e303,Otari Tanzilovi,10-2-0
"May 29, 1990","5' 10""","70""",5.94,4.76,Orthodox,40%,53%,0.7,26%,1.42,64%,145 lbs.,b93c06d09d1c4ac0,Steven Peterson,19-11-0
"Nov 21, 1981","5' 9""","72""",3.44,1.13,Switch,46%,45%,1.0,54%,6.00,28%,205 lbs.,b9415726dc3ec526,Rodney Wallace,26-15-1
"Apr 27, 1994","5' 10""","76""",3.10,3.62,Southpaw,36%,58%,0.1,45%,1.43,70%,170 lbs.,b9437600497350f3,Joaquin Buckley,21-8-0
"Mar 22, 1982","6' 4""","79""",3.81,2.97,Orthodox,40%,51%,0.0,41%,2.64,52%,205 lbs.,b959e8c7fd8390d2,Kyle Kingsbury,11-6-0 (1 NC)
"Aug 18, 1986","5' 6""","65""",3.05,2.62,Orthodox,44%,51%,1.2,30%,1.97,56%,135 lbs.,b96619b3acd7d9da,Miesha Tate,20-10-0
"Sep 29, 1986","6' 1""","73""",5.72,3.71,Orthodox,45%,55%,1.0,20%,1.31,75%,185 lbs.,b9664eae2ac75262,Eric Spicely,12-6-0
"Sep 16, 1990","5' 6""","66""",4.31,4.44,Southpaw,34%,64%,0.0,0%,0.00,0%,125 lbs.,b96939f2b8d88e82,Ariel Beck,4-5-0
"Aug 26, 1991","5' 8""","68""",3.73,2.71,Orthodox,40%,50%,0.5,42%,1.31,90%,135 lbs.,b9706f80d005036c,Ketlen Vieira,16-5-0
"Aug 28, 1990","5' 11""","75""",5.50,5.02,Southpaw,50%,57%,0.1,45%,0.54,87%,170 lbs.,b997be68943010fc,Geoff Neal,16-8-0
"Nov 15, 1986","5' 7""","67""",2.45,1.10,Orthodox,60%,49%,0.0,81%,3.38,0%,135 lbs.,b9c03e7a4557e542,Royston Wee,4-1-0
"Oct 31, 1975","6' 2""","76""",2.98,3.25,Orthodox,36%,59%,0.7,45%,1.18,62%,185 lbs.,b9d0fd83bb8a147a,Keith Jardine,17-11-2
"Sep 21, 1970","5' 11""",--,3.01,1.45,Orthodox,57%,50%,0.0,100%,1.81,100%,170 lbs.,b9e871af730f826c,Ronald Jhun,24-26-2
"May 01, 1987","5' 7""","67""",4.24,4.65,Orthodox,51%,60%,0.7,31%,2.51,87%,135 lbs.,b9f28e7045fdfce7,Raoni Barcelos,22-5-0
"Sep 04, 1983","5' 4""","65""",3.16,2.34,Orthodox,26%,68%,0.0,21%,1.76,60%,125 lbs.,ba043b03eb799063,Phil Harris,22-12-0 (2 NC)
"Apr 20, 1994","6' 6""","81""",2.03,2.70,Orthodox,61%,51%,0.0,0%,0.00,100%,265 lbs.,ba15006c804a8de0,Guilherme Pat,6-1-0
"Sep 28, 1988","6' 4""","80""",4.82,3.35,Orthodox,39%,49%,0.2,50%,0.23,42%,205 lbs.,ba1e6cb3d43f7430,Justin Ledet,9-4-0 (1 NC)
"Jul 15, 1978","6' 3""","82""",2.79,3.55,Switch,50%,64%,0.7,0%,0.00,55%,265 lbs.,ba280572acfba13f,Matt Mitrione,12-5-0
"Mar 31, 1986","5' 8""","71""",6.07,4.02,Orthodox,32%,50%,0.0,22%,0.50,44%,135 lbs.,ba5e253af86db1a8,Terrion Ware,17-9-0
--,"5' 9""",--,0.00,0.00,Orthodox,0%,0%,0.0,0%,0.00,0%,226 lbs.,baa5358456803df8,Alex Hunter,2-0-0
"May 17, 1991","6' 0""","74""",5.34,2.13,Orthodox,36%,46%,0.0,33%,0.39,27%,185 lbs.,baa9be02c3e3e038,Jose Daniel Medina,11-7-0
"Jan 06, 1963","6' 3""",--,0.00,0.00,Orthodox,0%,0%,0.0,0%,0.00,0%,300 lbs.,bad28b7b34f334de,Tony Halme,0-4-0
"Nov 24, 1987","5' 9""",--,2.67,1.08,Orthodox,45%,52%,0.7,50%,3.39,100%,155 lbs.,bad8be5827ea1bf1,Chris Heatherly,9-4-0 (1 NC)
"Sep 24, 1981","6' 0""","76""",2.57,2.69,Orthodox,45%,54%,0.0,55%,2.88,38%,170 lbs.,baed16f18348908e,Kris McCray,8-5-0
"Mar 23, 1964","6' 4""",--,0.00,0.00,Orthodox,0%,0%,0.0,0%,0.00,0%,230 lbs.,baf942f4bcb09894,Moti Horenstein,1-6-0
"Jul 14, 1992","5' 10""","71""",3.02,2.95,Orthodox,33%,51%,1.7,31%,1.31,47%,145 lbs.,bb1a2cdad6ff34db,Jason Knight,20-5-0
"Jun 09, 1999","5' 6""","67""",3.94,4.13,Orthodox,50%,53%,0.4,46%,1.12,82%,125 lbs.,bb2c3c3a466224af,Lone'er Kavanagh,10-2-0
"Jan 31, 1989","6' 0""","76""",2.42,1.41,Orthodox,35%,43%,0.0,20%,1.32,60%,170 lbs.,bb61823f76361297,Kyle Stewart,11-3-0
"Mar 22, 1967","5' 8""",--,0.00,0.00,Orthodox,0%,0%,0.0,0%,0.00,0%,155 lbs.,bba678d312590087,Andre Pederneiras,1-1-2
"Sep 07, 1995","5' 9""","69""",2.75,5.18,Orthodox,54%,63%,0.1,40%,1.83,83%,135 lbs.,bbab3baf66128ae2,Javid Basharat,15-2-0 (1 NC)
"Jul 24, 1985","5' 5""","70""",5.37,2.70,Orthodox,25%,49%,0.7,14%,0.98,66%,135 lbs.,bbc9ab95fa766493,Anderson Dos Santos,21-9-0
"Jul 31, 1984","5' 7""","69""",3.06,2.57,Orthodox,39%,51%,0.6,100%,0.20,37%,135 lbs.,bbfca6d5c27d9cd8,Edwin Figueroa,9-5-0
"Nov 27, 1981","6' 1""","73""",2.77,3.12,Orthodox,66%,46%,0.0,28%,0.45,87%,205 lbs.,bc3ec52ef70fc155,Ryan Jimmo,19-5-0
"Jul 28, 1989","5' 10""","69""",3.58,3.44,Orthodox,49%,36%,1.1,50%,2.66,53%,145 lbs.,bc656db347f31e19,Mike Santiago,19-12-0
"Jul 01, 1993","5' 9""","69""",4.17,5.52,Switch,50%,54%,1.1,38%,2.49,57%,135 lbs.,bc711b6dd95c1af6,Mario Bautista,18-3-0
"Jan 25, 1984","5' 6""","70""",4.28,3.51,Southpaw,37%,61%,0.0,22%,0.75,66%,135 lbs.,bc7230f231701d66,Mike Easton,13-6-0
"Jun 24, 1995","5' 3""","68""",2.06,2.26,Orthodox,49%,54%,4.3,33%,2.01,0%,115 lbs.,bc7d1ad49fcb2d08,Jaqueline Amorim,11-2-0
"Jul 04, 1990","6' 0""","75""",3.13,2.00,Orthodox,50%,57%,0.0,60%,3.00,100%,259 lbs.,bc7f4b2d4c2724a2,Tyrell Fortune,18-3-0 (2 NC)
"Dec 08, 1981","5' 8""","66""",2.89,1.02,Southpaw,31%,50%,0.8,16%,0.83,46%,155 lbs.,bc8f6b42767e28df,Naoyuki Kotani,34-14-7
"Apr 25, 1985","6' 1""",--,5.91,2.02,,38%,38%,0.0,0%,0.00,0%,155 lbs.,bcad7223af3c19da,Martin Svensson,15-6-0
"Apr 21, 1988","6' 1""","75""",2.43,2.17,Orthodox,53%,45%,0.5,40%,3.13,100%,185 lbs.,bd21a1e3d41c97ee,Ronny Markes,17-5-0
"Jul 23, 1991","5' 7""","68""",4.15,3.67,Orthodox,49%,53%,0.0,46%,2.20,85%,135 lbs.,bd532e9a2b93870c,Melissa Mullins,7-3-0
"Oct 06, 1989","5' 9""","70""",2.14,3.18,Orthodox,61%,56%,0.0,55%,1.33,52%,145 lbs.,bd5403efbaa445c0,Sean Soriano,14-8-0
"Oct 17, 1981","6' 4""","78""",4.63,3.71,Orthodox,42%,47%,0.4,34%,0.68,70%,265 lbs.,bd58d34e39b7b12a,Ben Rothwell,39-14-0
"Aug 02, 1983","5' 1""","65""",4.92,1.53,Orthodox,28%,42%,0.4,25%,0.40,28%,115 lbs.,bd878a638e0e3be3,Angela Magana,11-9-0
"Dec 06, 1985","6' 3""","78""",2.87,5.93,Orthodox,37%,56%,0.0,25%,0.72,90%,260 lbs.,bda04c573563cc2e,Todd Duffee,9-3-0 (1 NC)
"Oct 31, 1977","6' 0""","70""",4.64,3.62,Southpaw,38%,61%,0.3,34%,1.86,78%,185 lbs.,bdcbb976816fd256,Daniel Kelly,13-4-0
"Apr 28, 1989","5' 7""","70""",2.97,3.91,Orthodox,41%,68%,0.3,45%,4.20,66%,145 lbs.,be0b310a12eb80b4,Enrique Barzola,17-5-2
"Jan 15, 1986","5' 11""",--,2.60,0.83,Orthodox,36%,48%,1.0,5%,0.50,50%,170 lbs.,be4076c9e8d791e3,Joao Zeferino,21-9-0
"Jul 16, 1977","5' 7""","69""",1.99,2.43,Southpaw,36%,72%,1.5,52%,2.56,57%,145 lbs.,be5cfd73617a5b1a,Javier Vazquez,16-5-0
"May 06, 1993","5' 8""","71""",3.85,2.55,Switch,54%,30%,0.5,36%,3.34,57%,145 lbs.,be68b375707dcb85,Spike Carlyle,9-3-0
"Nov 09, 1987","6' 6""","80""",2.45,2.70,Orthodox,50%,39%,0.0,28%,1.50,33%,205 lbs.,be9bdec19b7e9ffe,Austen Lane,13-8-0 (1 NC)
--,"5' 10""",--,0.00,0.00,Orthodox,0%,0%,0.0,0%,0.00,0%,210 lbs.,be9d259be012e8a4,Scott Morris,2-1-0
"Jun 06, 1992","5' 8""","68""",2.70,2.01,Orthodox,32%,46%,1.3,46%,2.59,44%,145 lbs.,bebb4ae55ac2bf6f,Chris Fishgold,18-4-1
"Aug 26, 1993","5' 4""","66""",3.29,4.26,Orthodox,39%,60%,0.6,52%,2.05,82%,115 lbs.,beecb672a279223e,Amanda Ribas,13-7-0
"Oct 22, 1991","6' 0""","72""",6.38,4.52,Orthodox,41%,62%,0.2,18%,0.44,57%,145 lbs.,bf0e700106d00e55,Austin Arnett,16-6-0
"Apr 15, 1958","5' 11""",--,0.00,0.00,Sideways,0%,0%,0.0,0%,0.00,0%,200 lbs.,bf12aca029bfcc47,Keith Hackney,2-2-0
"Feb 10, 1998","5' 10""","74""",2.70,2.78,Orthodox,50%,51%,0.5,59%,8.77,40%,170 lbs.,bf2c8e01b07d3eb1,Myktybek Orolbai,16-2-1
"Nov 10, 1975","6' 0""",--,2.36,1.55,Orthodox,44%,47%,0.0,0%,0.00,42%,185 lbs.,bf41b5131545da12,Crafton Wallace,18-6-1
"Jan 18, 1992","5' 9""","71""",2.02,1.41,Orthodox,34%,47%,1.3,46%,2.46,37%,155 lbs.,bf43fed8f29e1671,Marcin Held,23-7-0
"Nov 09, 1989","5' 6""","64""",3.91,4.32,Orthodox,46%,60%,0.0,37%,2.17,76%,135 lbs.,bf7ad5628363eec9,Cody Stamann,21-8-1
"Jul 21, 1982","5' 11""",--,2.53,2.48,Orthodox,41%,64%,0.0,0%,0.00,64%,155 lbs.,bf9bc96336922271,Alex Ricci,10-5-0
"Jul 29, 1981","5' 8""","70""",2.69,4.09,Orthodox,53%,56%,0.5,37%,2.19,82%,145 lbs.,bfc2fc38a0e20211,Matt Grice,15-5-0
"Nov 03, 1987","5' 6""","67""",5.38,1.92,Southpaw,25%,52%,1.4,25%,0.72,33%,125 lbs.,bffeb123b21c9aad,Darrell Montague,13-5-0
"Jan 10, 1991","5' 6""","68""",2.80,4.42,Orthodox,41%,54%,0.3,35%,5.97,76%,135 lbs.,c03520b5c88ed6b4,Merab Dvalishvili,21-5-0
"Mar 25, 1996","5' 10""","70""",4.94,4.33,Orthodox,48%,50%,0.5,42%,0.72,25%,135 lbs.,c0386644627a7ee5,Mana Martinez,10-4-0
"Jul 23, 1986","5' 10""","71""",3.59,4.78,Orthodox,42%,65%,0.0,54%,1.05,78%,170 lbs.,c03a5022f8439f2a,Chad Laprise,13-4-0
"Mar 13, 1996","5' 4""","62""",2.29,2.54,Orthodox,38%,61%,1.1,29%,1.52,45%,125 lbs.,c051c2e12d692b8a,Jesus Aguilar,12-4-0
"Nov 11, 1977","6' 2""",--,0.00,0.00,,0%,0%,0.0,0%,0.00,0%,200 lbs.,c058823a2595ab09,Joey Roberts,4-3-0
"Apr 10, 1988","5' 10""","71""",3.86,2.39,Switch,48%,40%,0.2,0%,0.00,79%,170 lbs.,c06a9b48d4132c8e,James Moontasri,9-5-0
"Aug 08, 1986","6' 2""",--,2.53,2.53,Orthodox,49%,52%,3.0,0%,0.00,100%,170 lbs.,c06d554ce1713fd3,Danny Mitchell,19-9-1
"Dec 11, 1997","5' 9""","71""",8.76,2.25,Orthodox,27%,42%,0.0,25%,3.37,66%,170 lbs.,c06d6b18862f9a53,Rodrigo Sezinando,9-2-0
"Sep 25, 1987","5' 10""","72""",2.32,1.56,Orthodox,35%,59%,1.2,35%,1.45,20%,145 lbs.,c07efc18b231f170,Jordan Rinaldi,14-7-0
"Jun 07, 1983","6' 2""","74""",1.39,2.82,Orthodox,43%,71%,0.4,44%,3.37,80%,205 lbs.,c0ab242c40decc55,Ryan Bader,23-5-0
"May 07, 1990","5' 8""","69""",3.64,5.44,Orthodox,43%,56%,0.2,11%,0.24,90%,135 lbs.,c0ac37a4a1133da9,Marcus McGhee,11-2-0
"Dec 11, 1990","6' 2""","75""",2.13,3.78,Southpaw,51%,54%,0.9,55%,4.49,28%,262 lbs.,c0badf3243907e59,Alexandr Romanov,18-3-0
"Aug 01, 1986","5' 10""",--,8.85,3.34,,43%,47%,0.8,25%,1.59,33%,170 lbs.,c0c36a5b3d5bbdd5,Mike Stumpf,11-4-0
"Nov 17, 1992","5' 2""","61""",4.69,2.68,Orthodox,38%,43%,0.2,50%,1.06,22%,115 lbs.,c0d5c0c95c59050b,Ariane Carnelossi,15-5-0
"Aug 09, 1986","6' 0""",--,1.82,0.86,Orthodox,50%,50%,0.0,0%,0.00,62%,155 lbs.,c0eecd851dbf3146,CJ Keith,8-4-0
"Sep 17, 1996","6' 2""","75""",3.22,3.52,Orthodox,44%,52%,0.9,30%,1.45,62%,185 lbs.,c1085e1701b13eca,Joe Pyfer,16-3-0
"Apr 29, 1983","5' 5""",--,5.57,2.73,Southpaw,31%,46%,0.0,9%,1.00,33%,135 lbs.,c10eb2f12c489f6d,Tim Gorman,9-4-0
"Aug 14, 1985","6' 0""",--,1.67,0.25,Orthodox,19%,47%,2.3,100%,0.76,60%,155 lbs.,c11f50e9c1513ce9,Mark Holst,12-6-0
"Jun 18, 1989","5' 5""",--,3.45,3.29,Switch,41%,47%,0.0,100%,0.78,26%,135 lbs.,c13042265355a290,Kwan Ho Kwak,9-2-0
"Jan 14, 1983","5' 10""","71""",4.01,2.32,Southpaw,45%,56%,0.4,100%,1.07,33%,155 lbs.,c136b2a8852da5bd,Akbarh Arreola,23-11-1
"Sep 21, 1996","6' 3""","75""",2.70,3.53,Orthodox,52%,52%,0.0,0%,0.00,72%,205 lbs.,c15fa95b9a12fde4,Junior Tafa,7-6-0
"Oct 26, 1960","5' 9""",--,0.00,0.00,Orthodox,0%,0%,0.0,0%,0.00,0%,200 lbs.,c1684f00c626f4c0,Mark Schultz,1-1-0
"May 27, 1990","5' 5""","66""",5.07,1.51,Orthodox,31%,52%,0.6,37%,0.83,38%,125 lbs.,c169545ab0825f44,Geane Herrera,9-3-0
"Oct 22, 1988","6' 0""","71""",3.07,3.76,Southpaw,42%,60%,0.5,28%,0.92,71%,155 lbs.,c17041f1bb5768d8,Alex White,13-6-0
"Dec 14, 1987","5' 10""",--,3.51,5.39,Orthodox,69%,51%,0.0,50%,2.82,66%,170 lbs.,c1a5d3843596df92,Thiago Perpetuo,9-4-1
"Jul 14, 1981","5' 3""",--,5.29,2.60,,36%,38%,0.0,14%,1.86,50%,115 lbs.,c1ea9d56cd953586,Emily Kagan,3-3-0
"May 03, 1985","5' 8""","68""",4.15,5.52,Orthodox,49%,68%,0.0,0%,0.00,86%,155 lbs.,c21a036b4e012f1c,John Makdessi,18-9-0
"Mar 30, 1992","6' 6""","82""",2.99,3.90,Orthodox,54%,46%,0.7,50%,0.36,57%,205 lbs.,c21f26bbde777573,Johnny Walker,22-10-0 (1 NC)
"Dec 18, 1995","5' 11""","73""",4.09,5.58,Southpaw,58%,41%,1.7,35%,4.15,72%,155 lbs.,c2299ec916bc7c56,Benoit Saint Denis,17-4-0 (1 NC)
"Jul 25, 1978","5' 8""","69""",2.14,1.23,Orthodox,36%,51%,3.4,58%,1.95,75%,155 lbs.,c23e3d4875340d8d,Zhang Tiequan,15-4-0
"Aug 03, 1973","6' 1""",--,1.87,0.92,Orthodox,48%,47%,2.5,30%,1.46,50%,170 lbs.,c24b1db4b809d41b,Renato Verissimo,7-5-0 (1 NC)
"Jun 12, 1990","5' 3""","67""",4.27,5.36,Orthodox,40%,56%,0.6,58%,0.56,67%,135 lbs.,c268b2cfebccf652,John Lineker,31-9-0
"Apr 08, 1978","5' 8""","70""",5.60,5.56,Orthodox,47%,45%,0.0,12%,0.20,58%,155 lbs.,c295de4e10acd4c9,Isaac Vallie-Flagg,16-7-1
"Sep 25, 1995","6' 1""","74""",4.26,4.73,Orthodox,57%,54%,0.0,22%,0.46,50%,205 lbs.,c2a670b22d2e196f,Aleksa Camur,6-3-0
"Sep 22, 1973","6' 2""",--,0.00,0.00,Orthodox,0%,0%,0.0,0%,0.00,0%,200 lbs.,c2a7623f398d9bd7,David Dodd,4-7-0
"May 27, 1987","5' 7""","64""",3.38,2.94,Orthodox,47%,62%,0.6,68%,3.21,80%,145 lbs.,c2e3e67b5911bfb7,Diego Brandao,22-11-0
"May 21, 1995","6' 3""","78""",4.26,3.55,Orthodox,49%,47%,0.3,30%,0.97,80%,205 lbs.,c3218c810959d279,Khadis Ibragimov,8-4-0
"Jun 24, 1999","6' 0""","79""",3.26,5.68,Orthodox,49%,53%,0.0,41%,1.04,89%,170 lbs.,c32aeb1a59e6272d,Michael Morales,19-0-0
"Sep 10, 1974","6' 2""","73""",1.89,2.11,Southpaw,50%,63%,0.3,40%,0.19,78%,230 lbs.,c32fb8c0f6471a4d,Mirko Filipovic,35-11-2 (1 NC)
"Sep 08, 1976","5' 5""",--,4.71,3.47,Southpaw,39%,65%,0.0,0%,0.00,80%,125 lbs.,c34e5849184b08c3,Yasuhiro Urushitani,21-8-6
"May 18, 1984","5' 10""","70""",5.75,4.87,Orthodox,48%,57%,0.0,33%,2.49,0%,145 lbs.,c3bd649a9194e50c,Jeremy Larsen,8-5-0
--,--,--,0.00,0.00,,0%,0%,0.0,0%,0.00,0%,--,c3c23c99477c041b,Frank Hamaker,1-0-0
"Jul 08, 1996","5' 4""","65""",5.31,5.65,Orthodox,52%,42%,0.0,50%,1.68,50%,125 lbs.,c3d2b9bcb4cead6b,Yuneisy Duben,6-2-0 (1 NC)
"Feb 04, 1996","5' 8""","73""",2.52,2.14,Orthodox,46%,56%,0.3,43%,1.97,76%,155 lbs.,c3ded6f7155f9ea4,Alex Da Silva,21-4-0
"Jan 09, 1971","5' 9""",--,1.33,1.63,Orthodox,48%,55%,0.3,100%,0.30,46%,170 lbs.,c3ea8deeba00462b,Pete Spratt,25-23-0
"Jul 21, 1994","6' 0""","74""",4.79,1.52,Southpaw,61%,41%,0.0,100%,3.50,50%,155 lbs.,c3f6db17cea09ca7,Danilo Belluardo,12-5-0
"Jun 16, 1989","5' 5""","63""",3.23,4.69,Orthodox,45%,60%,0.0,73%,0.84,64%,115 lbs.,c41d426cc7326d1b,Yan Xiaonan,19-5-0 (1 NC)
"Mar 17, 1987","5' 7""","72""",4.52,3.93,Orthodox,41%,52%,0.6,44%,0.70,72%,145 lbs.,c451d67c09c55418,Chan Sung Jung,17-8-0
"Jan 29, 1987","5' 5""",--,1.00,1.13,Orthodox,36%,62%,0.0,33%,2.00,33%,145 lbs.,c4731f43693b96b8,Rodolfo Rubio Perez,10-16-1
"Dec 08, 1981","5' 7""","70""",3.00,2.63,Orthodox,33%,61%,0.6,35%,3.10,66%,155 lbs.,c47df9303d318c67,Clay Guida,38-22-0
"Mar 15, 1991","6' 3""","74""",6.08,3.98,Orthodox,51%,52%,0.0,37%,1.54,100%,264 lbs.,c482c8605455a213,Junior Albini,14-6-0
"Aug 17, 1988","5' 11""","72""",5.08,3.59,Orthodox,38%,59%,0.0,100%,0.93,0%,170 lbs.,c487223b0289bda9,Hector Aldana,4-3-0
"Mar 04, 1987","5' 11""","73""",3.63,2.26,Southpaw,41%,53%,0.0,38%,2.00,78%,155 lbs.,c4af2feb4b58bc3b,Kazuki Tokudome,18-7-1
"Jan 26, 1977","5' 9""",--,2.41,3.33,Orthodox,57%,39%,1.2,50%,2.50,50%,170 lbs.,c4b6099f0d25f75e,Jared Rollins,8-4-0
"Nov 19, 1979","5' 11""","77""",1.58,1.41,Southpaw,29%,62%,0.0,54%,2.96,72%,185 lbs.,c4b81cdecd5d6abe,Gerald Harris,23-5-0
"Aug 01, 1975","6' 0""",--,3.23,1.89,Orthodox,36%,52%,1.5,16%,0.62,58%,170 lbs.,c4b9296214f4c09c,Jason Von Flue,14-12-1
"Oct 01, 1997","5' 9""","70""",4.79,4.21,Switch,43%,48%,0.2,27%,0.62,75%,145 lbs.,c4d039123e62f6a9,Dennis Buzukja,12-6-0
"Feb 19, 1981","5' 11""","76""",1.90,1.28,Orthodox,49%,59%,0.0,50%,0.62,26%,170 lbs.,c4fe2e9a06ea5bcb,Ben Alloway,18-8-0
"Nov 24, 1990","5' 10""","75""",3.93,4.10,Orthodox,44%,55%,0.8,52%,2.24,50%,185 lbs.,c549573c0df4d676,Maki Pitolo,13-9-0
"Aug 16, 1987","5' 11""","73""",2.98,2.60,Orthodox,34%,54%,0.0,0%,0.00,60%,155 lbs.,c575ab451e3c5b1d,Mickael Lebout,16-7-1 (1 NC)
"Dec 07, 1987","6' 1""","75""",1.73,2.02,Southpaw,40%,57%,1.0,47%,3.11,65%,170 lbs.,c58f51dedb310998,Michael Chiesa,20-7-0
"May 16, 1986","5' 8""","69""",3.67,3.93,Orthodox,36%,56%,0.5,14%,0.48,61%,135 lbs.,c5a126ace82a6025,Anthony Birchak,16-8-0
"Feb 05, 1987","5' 7""","70""",5.11,2.63,Orthodox,31%,58%,0.0,15%,1.14,62%,145 lbs.,c5af5750e8bae4f0,Kyle Bochniak,8-5-0
"Jan 09, 1994","5' 8""","70""",6.45,4.07,Southpaw,43%,54%,0.0,0%,0.00,72%,145 lbs.,c5ccd878231c5407,Ramon Taveras,10-4-0
"Nov 08, 1966","5' 11""",--,0.00,0.00,Orthodox,0%,0%,0.0,0%,0.00,0%,196 lbs.,c61f66d8c3fd5f07,Tony Petarra,2-3-1
"Mar 16, 1993","6' 2""","75""",4.61,3.37,Southpaw,48%,42%,0.0,0%,0.00,58%,264 lbs.,c62fbc117d57b943,Tai Tuivasa,15-10-0
"Jun 08, 1958","6' 2""",--,0.00,0.00,Southpaw,0%,0%,0.0,0%,0.00,0%,250 lbs.,c670aa48827d6be6,Dan Severn,101-19-1
"Dec 31, 1988","6' 3""","80""",3.32,5.16,Orthodox,61%,57%,0.1,0%,0.00,75%,170 lbs.,c68c68efaa5ca6ef,Chidi Njokuani,25-12-0 (1 NC)
"Apr 04, 1977","6' 4""","79""",3.01,2.76,Orthodox,38%,52%,1.0,40%,1.32,60%,205 lbs.,c6a33ff198aaaeeb,Stephan Bonnar,15-9-0
"Jul 08, 1990","6' 3""","78""",3.35,4.39,Orthodox,47%,53%,0.5,34%,0.71,74%,170 lbs.,c6aee362c7a7d482,Randy Brown,20-8-0
"Nov 09, 1977","5' 7""",--,5.55,0.00,Orthodox,0%,27%,0.0,0%,0.00,0%,155 lbs.,c6d8ae3b016d5ad5,Joe Veres,4-3-0
--,"6' 3""",--,0.00,0.00,Orthodox,0%,0%,0.0,0%,0.00,0%,300 lbs.,c6da1c24fe473418,Julian Sanchez,0-1-0
--,--,--,0.00,0.00,,0%,0%,0.0,0%,0.00,0%,--,c6e6926a81adcd00,Adriano Santos,0-1-0
"Jun 13, 1983","5' 9""",--,4.13,2.26,Orthodox,32%,56%,0.0,16%,1.12,100%,170 lbs.,c7011de4765d2497,Paul Bradley,23-8-0 (2 NC)
"Apr 14, 1980","6' 5""","76""",3.02,3.91,Orthodox,65%,45%,0.0,42%,2.62,78%,260 lbs.,c727c7d31c50c4cf,Anthony Hamilton,15-9-0
"Dec 05, 1993","6' 0""","77""",6.74,4.40,Orthodox,48%,45%,0.4,45%,0.91,65%,170 lbs.,c730a0be691dc081,Jared Gooden,23-10-0
"Mar 31, 1995","5' 9""","69""",4.78,2.88,Orthodox,50%,50%,0.0,38%,3.24,64%,155 lbs.,c739c2995a275314,Yanal Ashmouz,8-2-0
"Jan 30, 1983","5' 5""","67""",5.05,2.63,Orthodox,33%,45%,0.5,18%,1.29,36%,115 lbs.,c742287ed86a09bc,Jessica Penne,14-9-0
"Aug 28, 1965","6' 0""",--,0.21,1.13,Orthodox,73%,66%,4.6,75%,4.63,100%,185 lbs.,c75b99887c8c3f5a,Keith Rockel,12-4-1
"Nov 24, 1985","5' 10""","73""",3.27,2.35,Orthodox,34%,47%,0.4,15%,0.64,50%,155 lbs.,c76ec2bc3a57666a,Mitch Clarke,11-5-0
"Nov 23, 1982","5' 10""","72""",3.17,3.78,Orthodox,46%,54%,0.2,51%,2.50,31%,155 lbs.,c77a953488e5607d,Vinc Pichel,14-5-0
"Nov 08, 1985","5' 7""","69""",3.00,5.00,Orthodox,58%,64%,0.0,100%,7.50,0%,125 lbs.,c7be22a47a58365a,Christina Marks,8-9-0
"Dec 01, 1986","5' 6""","64""",2.76,3.11,Orthodox,46%,53%,0.5,30%,0.68,38%,135 lbs.,c7c39e2fb70248b3,Chad Anheliger,13-8-0
"Jun 20, 1977","5' 6""","68""",3.52,3.20,Orthodox,41%,59%,0.8,63%,0.62,50%,135 lbs.,c7d297714d9ab1a4,Marion Reneau,9-8-1
"Apr 13, 1994","5' 10""","75""",5.87,3.22,Switch,50%,40%,1.2,26%,1.50,47%,155 lbs.,c7d7fda69ec410d3,Kamuela Kirk,12-6-0
"Jun 21, 1965","6' 1""",--,0.00,0.00,Orthodox,0%,0%,0.0,0%,0.00,0%,225 lbs.,c7e9d15cfce52f1d,Tim Lajcik,7-6-1
"Jan 28, 1981","6' 0""","74""",2.90,2.93,Orthodox,50%,57%,0.8,34%,1.45,59%,185 lbs.,c80095f6092271a7,Tim Boetsch,21-13-0
"Sep 30, 1987","5' 10""","70""",1.75,1.70,Orthodox,53%,51%,1.1,51%,2.60,55%,155 lbs.,c8097968da5e5f13,Chris Wade,12-3-0
"Jan 06, 1975","6' 3""","74""",4.43,2.71,Orthodox,48%,53%,0.6,33%,1.46,25%,185 lbs.,c8136ab8aa32c974,Kalib Starnes,17-11-1
"Mar 05, 1993","5' 8""","71""",4.81,4.71,Switch,52%,50%,0.0,71%,1.00,90%,155 lbs.,c814b4c899793af6,Rafael Fiziev,14-5-0
"Feb 07, 1986","5' 6""","67""",3.47,5.09,Orthodox,41%,62%,0.8,30%,1.56,77%,135 lbs.,c849740a3ff51931,TJ Dillashaw,18-5-0
"May 22, 1998","5' 6""","70""",6.65,7.01,Orthodox,47%,52%,0.0,0%,0.00,100%,145 lbs.,c85bad793cd14e28,Marcio Barbosa,18-2-0
"Oct 07, 1991","6' 2""","77""",6.03,4.10,Orthodox,56%,31%,0.4,45%,2.09,100%,205 lbs.,c878270af633eb11,Jordan Wright,12-5-0 (1 NC)
"Aug 01, 1995","5' 11""","74""",1.00,1.40,Orthodox,51%,70%,0.0,62%,17.00,0%,170 lbs.,c88f8a9c1ea7165d,Farman Hasanov,6-0-0
"Aug 05, 1973","5' 8""",--,3.14,1.33,Orthodox,30%,53%,0.0,25%,0.54,50%,170 lbs.,c8cca8f3de5be4b4,Jorge Patino,38-19-2 (2 NC)
--,"6' 2""",--,0.00,0.00,Orthodox,0%,0%,0.0,0%,0.00,0%,400 lbs.,c933d423ebdbbbdb,John Matua,1-4-0
"Oct 27, 2001","5' 6""","67""",1.67,4.30,Southpaw,49%,66%,0.0,100%,0.67,63%,115 lbs.,c940b42df95bbd28,Feng Xiaocan,11-5-0
"Sep 24, 1978","5' 6""","68""",4.63,3.02,Orthodox,31%,55%,0.4,44%,2.47,58%,135 lbs.,c945adc22c2bfe8f,Brad Pickett,25-14-0
"Apr 22, 1995","5' 10""","72""",2.60,3.21,Southpaw,33%,51%,0.0,0%,0.00,40%,125 lbs.,c9587d81e1d33925,Jerome Rivera,10-6-0
--,"6' 3""",--,0.00,0.00,Orthodox,0%,0%,0.0,0%,0.00,0%,200 lbs.,c96518b7f6881004,Bob Gilstrap,5-7-0
"Dec 24, 1986","5' 7""","66""",3.00,3.51,Southpaw,43%,56%,1.1,45%,3.61,59%,125 lbs.,c96d9178c9ed9e62,Tim Elliott,22-14-1
"Sep 30, 1982","5' 6""","66""",2.47,2.05,Orthodox,38%,51%,0.9,64%,2.63,23%,135 lbs.,c96e2ae6021144a1,Damacio Page,19-10-0
"Feb 01, 1988","6' 3""","79""",4.82,5.36,Orthodox,58%,46%,0.0,0%,0.00,62%,243 lbs.,c9a94278df042f46,Alan Baudot,8-3-0 (2 NC)
"Aug 02, 1968","5' 10""",--,1.69,0.56,Orthodox,25%,33%,0.0,50%,4.23,80%,155 lbs.,c9bbf1a0285a8076,Jeff Cox,10-7-0
"Nov 09, 1985","6' 3""","78""",3.26,3.56,Orthodox,48%,55%,0.1,33%,1.30,70%,249 lbs.,c9cf753cfdf77fc2,Marcin Tybura,27-11-0
"Jun 30, 1978","5' 11""",--,3.15,2.80,Southpaw,55%,48%,1.3,57%,3.47,50%,185 lbs.,c9f6385af6df66d7,Papy Abedi,10-4-0
"Dec 08, 2000","5' 10""","72""",1.63,2.72,Orthodox,44%,58%,0.3,43%,2.12,80%,155 lbs.,ca28cdf526d6b6e9,Nurullo Aliev,11-0-0
"Oct 21, 1984","6' 0""","75""",3.30,2.87,Southpaw,50%,47%,0.1,38%,1.97,76%,260 lbs.,ca2efc9d7d523c43,Shawn Jordan,19-8-0
"Apr 04, 1991","6' 0""","73""",5.71,5.67,Orthodox,50%,46%,2.1,100%,2.74,75%,155 lbs.,ca36633b80be4a78,Kaynan Kruschewsky,15-3-0 (1 NC)
"Jan 15, 1994","6' 4""","76""",2.23,2.52,Orthodox,44%,47%,1.1,25%,0.66,30%,185 lbs.,ca43de99b07b6b40,Josh Fremd,11-6-0
"Nov 25, 1993","5' 9""","68""",2.47,2.77,Southpaw,48%,41%,0.0,53%,3.50,0%,135 lbs.,ca80d72da81d7224,Michelle Montague,8-0-0
"Oct 24, 1980","6' 4""","77""",4.33,3.94,Switch,55%,42%,1.1,33%,0.52,100%,230 lbs.,cac08b8685387ca5,James McSweeney,15-15-0
"Apr 21, 1987","6' 1""","75""",4.03,3.44,Southpaw,47%,50%,0.1,25%,1.83,80%,185 lbs.,cad24459b28592ca,Eryk Anders,18-9-0 (1 NC)
"May 26, 1976","5' 10""","74""",1.85,2.41,Southpaw,40%,63%,1.3,33%,2.22,60%,145 lbs.,cb139171ed1b69fe,Kenny Florian,14-6-0
"Feb 28, 1972","6' 1""","73""",2.64,3.16,Orthodox,48%,54%,0.1,50%,0.84,63%,185 lbs.,cb46dface0e28a2c,Jorge Rivera,20-9-0
"Sep 02, 1983","6' 1""","74""",6.77,5.46,Orthodox,48%,45%,0.5,0%,0.00,30%,205 lbs.,cb52f9490c2dc069,Sean O'Connell,17-9-0
"Feb 09, 1977","5' 10""",--,2.94,2.78,Orthodox,46%,58%,0.0,50%,0.41,61%,170 lbs.,cb6783c39c01d896,Tiki Ghosn,10-7-1
"Jul 31, 1989","5' 7""","71""",2.15,4.26,Orthodox,52%,59%,0.6,32%,2.54,44%,145 lbs.,cb696ebfb6598724,Aljamain Sterling,26-5-0
"Jan 27, 1987","5' 10""","72""",3.44,3.05,Orthodox,47%,54%,1.1,50%,0.61,60%,155 lbs.,cbb682f5fcc44bfc,Anthony Pettis,24-10-0
"Feb 16, 1991","5' 8""","70""",1.80,2.43,Orthodox,41%,57%,0.4,52%,3.98,92%,145 lbs.,cbd3e590a85b18c5,Mirsad Bektic,13-4-0
"Jul 22, 1989","6' 0""","76""",2.80,3.75,Orthodox,42%,62%,0.4,47%,1.77,88%,170 lbs.,cbd5d3cdd862e90e,Rory MacDonald,19-4-0
"Oct 03, 1984","6' 4""","77""",3.78,4.98,Orthodox,60%,48%,0.0,100%,1.49,58%,242 lbs.,cbd6f1abf955e628,Dave Herman,22-6-0
"Jul 16, 1982","5' 9""","68""",1.29,1.57,Southpaw,50%,51%,1.2,50%,1.24,25%,155 lbs.,cbe79765d44bd172,Alvin Robinson,15-9-0
"Sep 28, 1989","5' 10""","72""",2.87,2.60,Orthodox,46%,58%,0.0,0%,0.00,83%,170 lbs.,cbf1c7ba5408a66f,Salim Touahri,10-4-0
"Oct 06, 1992","5' 11""","71""",3.78,4.65,Orthodox,46%,52%,0.6,29%,0.71,59%,145 lbs.,cbf5e6f231b55443,Yair Rodriguez,21-6-0 (1 NC)
"Jul 28, 1980","6' 2""",--,4.11,1.81,Orthodox,40%,59%,2.1,0%,0.00,0%,185 lbs.,cbf94e4c4af4ff6d,Nate Loughran,11-2-0
"Jan 18, 1971","5' 9""","74""",2.87,0.97,Orthodox,30%,59%,0.7,12%,1.06,66%,247 lbs.,cbfd1d34356a004c,Jeff Monson,60-26-1
"Apr 24, 1992","5' 10""","75""",1.40,3.02,Southpaw,52%,60%,0.3,63%,2.71,67%,135 lbs.,cc1a8b4b38b92c6d,Montel Jackson,15-4-0
"May 19, 1977","6' 0""",--,3.28,2.79,Orthodox,43%,60%,0.0,0%,0.00,60%,205 lbs.,cc300e9aa3063431,Andre Gusmao,6-3-0
"Nov 17, 1980","6' 1""",--,4.42,2.97,Orthodox,46%,37%,0.0,100%,0.78,100%,170 lbs.,cc3147b49c7d7d92,Dan Stittgen,12-5-0
"May 08, 1990","5' 10""","72""",4.62,4.68,Orthodox,35%,58%,0.1,42%,0.74,57%,135 lbs.,cc351e408bbb7d43,Brandon Davis,14-10-0
"May 08, 1981","5' 5""","67""",2.83,2.13,Orthodox,41%,55%,0.7,34%,3.26,69%,135 lbs.,cc6f9d1e89f3449a,Manvel Gamburyan,15-10-0 (1 NC)
"Apr 12, 1990","6' 0""","75""",3.24,3.03,Orthodox,54%,44%,0.1,32%,2.17,58%,205 lbs.,cc7040fe76f0ef91,Devin Clark,14-9-0
"Sep 23, 1986","5' 10""",--,7.07,3.53,Southpaw,26%,43%,0.0,11%,1.00,0%,170 lbs.,cc81c92fe2254935,Tom Gallicchio,19-10-0
"Mar 23, 1979","5' 7""",--,5.77,3.13,Orthodox,30%,42%,1.0,0%,0.00,62%,145 lbs.,cc84b68f862b466f,Eddie Yagin,16-7-1
"Aug 22, 1991","5' 6""","66""",4.71,3.52,Orthodox,56%,51%,1.3,23%,0.46,64%,135 lbs.,cc8c623cca88f54f,Mayra Bueno Silva,10-7-1 (1 NC)
"Mar 13, 1985","6' 3""","77""",3.08,3.43,Southpaw,45%,44%,0.0,24%,1.09,69%,265 lbs.,cc900af167fbedfd,Timothy Johnson,12-4-0
"Mar 10, 1993","5' 11""","73""",5.00,4.22,Orthodox,32%,50%,0.5,39%,2.81,71%,145 lbs.,cc900c6a71ed23f3,Clay Collard,14-7-0 (1 NC)
"Apr 15, 1982","6' 0""",--,2.99,2.35,Orthodox,56%,44%,1.0,0%,0.00,52%,185 lbs.,cc98d857b148e33a,Leonardo Guimaraes,11-5-0 (1 NC)
"Aug 29, 1977","5' 10""",--,5.16,1.70,Orthodox,31%,41%,0.0,11%,2.04,28%,155 lbs.,ccba80d4820ef557,Gabe Ruediger,18-8-0
"Mar 30, 1983","5' 9""","71""",1.85,2.96,Orthodox,40%,66%,0.2,63%,1.30,61%,155 lbs.,ccd1299e0345e0ce,Melvin Guillard,32-18-2 (3 NC)
"Jan 04, 1971","6' 0""","74""",1.62,1.90,Orthodox,44%,59%,0.1,46%,3.25,70%,205 lbs.,ccdd90bd1fc7dab6,Vladimir Matyushenko,27-8-0
"Aug 13, 1975","5' 7""",--,1.93,0.87,Orthodox,26%,57%,0.5,47%,4.00,16%,155 lbs.,cce79e827569f26e,Ronys Torres,35-5-0
"Oct 09, 1980","6' 3""","80""",1.95,2.38,Orthodox,70%,40%,2.4,78%,8.93,50%,255 lbs.,ccf5dc41417e9daf,Juan Espino,11-2-0
"Jul 17, 1987","6' 2""","75""",5.65,2.92,Southpaw,48%,56%,0.0,100%,0.37,80%,205 lbs.,cd01f0b768a32475,Jonathan Wilson,7-3-0
"Jan 21, 1992","6' 2""","74""",2.96,1.69,Southpaw,66%,46%,0.0,0%,0.00,0%,185 lbs.,cd0dfd9846bd03b9,Julien Leblanc,10-3-0
"Oct 25, 1981","6' 0""",--,4.86,2.32,Orthodox,52%,42%,0.3,40%,1.57,78%,170 lbs.,cd12227edd3f134b,Keith Wisniewski,28-15-1
"Dec 14, 1993","6' 1""","75""",3.42,4.13,Southpaw,43%,46%,0.3,51%,4.02,76%,205 lbs.,cd13728ae1151f46,Ion Cutelaba,20-12-1 (1 NC)
"Apr 29, 1987","5' 6""","65""",3.01,4.51,Orthodox,46%,55%,0.3,50%,0.27,61%,115 lbs.,cd2c4d30c6e13b47,Marina Rodriguez,17-6-2
"Oct 15, 1997","5' 6""","66""",2.64,1.49,Orthodox,50%,38%,0.0,33%,1.44,40%,145 lbs.,cd2e5a390821fb48,TJ Laramie,12-5-0
"Jun 05, 1993","5' 9""","71""",3.84,4.68,Orthodox,39%,51%,0.3,17%,0.85,44%,145 lbs.,cd3d7e37ff2d679c,Ricky Turcios,13-6-0
"Jul 19, 1983","5' 11""","74""",2.95,1.82,Southpaw,40%,43%,0.3,33%,3.01,43%,155 lbs.,cd7763bcadb5d4c8,Alan Patrick,15-4-0 (1 NC)
"Nov 30, 1981","5' 11""",--,3.17,2.32,Orthodox,60%,43%,0.0,50%,1.16,40%,170 lbs.,cd7bafbeee1f29a0,War Machine,14-5-0
"Sep 15, 1990","5' 10""",--,2.91,0.86,,26%,46%,0.0,0%,0.00,50%,145 lbs.,cd85b48dc880fabd,Horacio Gutierrez,4-3-0
"Jan 16, 1992","5' 9""","72""",7.16,4.08,Orthodox,30%,48%,0.4,44%,1.54,36%,155 lbs.,cda1099995b46cc2,Genaro Valdez,10-3-0
"Oct 23, 1989","5' 6""","68""",2.59,2.04,Southpaw,61%,61%,0.4,75%,2.51,76%,125 lbs.,cdadae5363b66eef,Francisco Figueiredo,13-5-1 (1 NC)
"Feb 08, 1994","6' 3""","76""",2.03,1.81,Orthodox,68%,30%,0.0,42%,4.95,0%,264 lbs.,cdb7b38b1b357f26,Louie Sutherland,11-5-0
"Aug 16, 1990","5' 11""","72""",4.88,4.90,Orthodox,39%,55%,0.3,24%,0.32,47%,170 lbs.,cdb96af67d096b1e,Alex Morono,24-13-0 (1 NC)
"Mar 28, 1987","5' 11""","72""",3.02,2.04,Orthodox,57%,43%,0.0,0%,0.00,50%,170 lbs.,ce175eaafe867d1f,Micheal Gillmore,6-5-0
"Jul 19, 1987","6' 1""","78""",2.57,3.37,Southpaw,59%,57%,0.0,66%,0.96,36%,264 lbs.,ce1e867808ef5fce,Justin Willis,8-2-0
"Mar 17, 1977","6' 0""",--,2.12,1.18,Orthodox,52%,35%,3.5,0%,0.00,50%,170 lbs.,ce47f49e5c386a9c,Kit Cope,6-7-0
"Jan 12, 1976","5' 9""",--,1.66,0.88,Orthodox,40%,49%,1.9,41%,1.82,5%,181 lbs.,ce6065baef021cf3,Ikuhisa Minowa,60-42-8
"Jul 31, 1987","5' 8""","76""",3.93,3.07,Orthodox,45%,52%,0.0,45%,2.14,77%,185 lbs.,ce632027bf2a871b,Dalcha Lungiambula,11-6-0
"Sep 23, 1966","5' 8""",--,3.44,2.19,Orthodox,33%,32%,2.3,71%,1.91,16%,185 lbs.,ce783bf73b5131f9,Eugene Jackson,15-9-1
"Mar 09, 1968","5' 10""",--,1.66,1.79,Orthodox,45%,63%,1.0,100%,1.96,54%,170 lbs.,cedfdf8d423d500c,Pat Miletich,29-7-2
"Nov 12, 1974","6' 3""",--,5.71,3.49,Orthodox,42%,57%,0.0,0%,0.00,0%,205 lbs.,cf1a88371c8cb690,Aaron Brink,26-26-0 (2 NC)
"Oct 20, 1982","5' 10""",--,3.16,2.11,,46%,48%,0.0,0%,0.00,25%,170 lbs.,cf615eb4b7862c76,Hayder Hassan,6-3-0
"Nov 25, 1981","6' 0""","73""",3.77,5.67,Southpaw,50%,60%,0.3,44%,0.51,58%,170 lbs.,cf65d56b0755ed3b,Alan Jouban,17-7-0
"Sep 07, 1988","5' 7""","73""",4.81,3.96,Orthodox,40%,52%,0.0,16%,0.16,78%,155 lbs.,cf946e03ba2e7666,Kevin Aguilar,17-5-0
"Oct 24, 1981","5' 8""","75""",2.32,2.34,Orthodox,43%,60%,1.3,36%,3.65,31%,155 lbs.,cf9d24e4bd0cf2ce,Mark Bocek,12-5-0
"Sep 15, 1987","5' 7""","66""",3.70,2.35,Orthodox,38%,35%,0.9,14%,0.92,55%,145 lbs.,cfaf010d5b389c09,Mike Wilkinson,9-4-0
"Sep 06, 1981","6' 1""","78""",2.99,2.13,Orthodox,40%,52%,1.1,27%,2.10,30%,185 lbs.,cfb65863d5099327,Thales Leites,28-9-0
"Apr 23, 2001","5' 6""","65""",6.72,7.71,Orthodox,46%,51%,0.0,8%,0.70,100%,115 lbs.,cfbb3edab781dfd2,Shanelle Dyer,7-1-0
"Nov 14, 1989","5' 11""","72""",3.49,3.20,Orthodox,50%,55%,0.7,32%,1.89,100%,155 lbs.,cfc3e7bb44685289,Trey Ogden,18-7-0 (1 NC)
"Dec 30, 1999","5' 2""","63""",3.16,4.43,Orthodox,49%,51%,0.7,34%,1.45,66%,115 lbs.,cffb87059e645bd1,Denise Gomes,12-3-0
"Nov 13, 1995","5' 10""","73""",3.82,3.38,Orthodox,49%,50%,0.3,66%,0.63,72%,145 lbs.,d008d785f6347dc2,JeongYeong Lee,11-3-0
"Jan 14, 1986","6' 1""","76""",2.74,3.01,Southpaw,42%,54%,0.5,50%,3.51,89%,170 lbs.,d023ae89a2a4a41e,Matthew Riddle,8-3-0 (2 NC)
"Dec 25, 1984","5' 10""","68""",4.86,3.66,Orthodox,38%,50%,0.7,27%,0.68,53%,155 lbs.,d024ed963e8bf7ea,Damien Brown,17-12-0
"Jan 15, 1991","5' 9""","70""",2.76,2.69,Orthodox,42%,57%,1.4,66%,1.09,52%,135 lbs.,d0314416a7f26527,Michael McDonald,17-4-0
"Dec 19, 1979","5' 6""","68""",2.84,3.44,Southpaw,55%,51%,0.4,55%,2.27,64%,135 lbs.,d05412b513b19621,Guido Cannetti,10-8-0
"May 20, 1985","5' 3""","65""",4.23,2.97,Southpaw,43%,52%,0.3,36%,1.02,90%,115 lbs.,d05cb1e8d1b885d8,Jinh Yu Frey,11-10-0
"Jul 18, 1984","6' 3""","74""",2.41,1.74,Southpaw,47%,58%,0.1,35%,1.66,72%,155 lbs.,d06f8869449ba7bd,Alexander Yakovlev,24-10-1
"Mar 14, 1982","5' 10""",--,3.58,4.25,Orthodox,42%,57%,0.4,100%,0.36,60%,145 lbs.,d0a5ef38a7778ac2,Estevan Payan,16-12-0 (1 NC)
"Sep 25, 1989","6' 3""","76""",4.64,6.05,Orthodox,50%,55%,0.0,0%,0.00,100%,205 lbs.,d0aaedcf7ccd0b45,Chris Daukaus,12-7-0
"Jun 30, 1981","6' 1""","74""",3.06,2.03,Orthodox,36%,49%,1.8,54%,1.67,47%,185 lbs.,d0c29452d3272603,Dan Miller,14-8-0 (1 NC)
"Jun 24, 1981","5' 9""","72""",2.06,3.31,Orthodox,62%,44%,0.7,24%,2.43,66%,145 lbs.,d0d7160824278840,Junior Assuncao,16-6-0
"May 08, 1990","6' 2""","72""",5.35,5.06,Orthodox,45%,50%,2.6,0%,0.00,54%,185 lbs.,d0e1b42d41dab603,Julian Marquez,9-6-0
"Oct 23, 1988","5' 9""","70""",4.31,2.77,Orthodox,44%,49%,0.2,53%,1.25,58%,135 lbs.,d0e50a3d1b250708,Andre Soukhamthath,13-8-0
"Sep 09, 1986","5' 7""","70""",3.81,3.65,Orthodox,46%,60%,0.1,51%,0.47,92%,135 lbs.,d0f3959b4a9747e6,Jose Aldo,32-10-0
"Aug 03, 1994","6' 5""","79""",4.26,11.00,Orthodox,57%,58%,0.0,0%,0.00,71%,245 lbs.,d0fd0d9ee560dae7,Brando Pericic,7-1-0
"Sep 07, 1994","5' 10""","71""",6.31,4.22,Orthodox,29%,48%,0.5,0%,0.00,46%,135 lbs.,d1053e55f00e53fe,AJ Cunningham,11-5-0
"Aug 24, 1968","5' 9""",--,2.41,0.00,Orthodox,0%,27%,0.0,0%,0.00,0%,220 lbs.,d10b35152277cf98,James Toney,0-1-0
"Apr 18, 1984","5' 10""","78""",2.61,2.26,Orthodox,45%,56%,0.9,47%,1.93,78%,205 lbs.,d1152823307d7e7c,Rameau Thierry Sokoudjou,18-18-0
"Nov 27, 1981","5' 11""","76""",6.68,4.82,Orthodox,56%,50%,0.0,0%,0.00,62%,205 lbs.,d1528ac5675558b1,Rashad Coulter,9-4-0
"May 06, 1986","6' 2""","75""",3.63,3.28,Southpaw,44%,52%,0.1,14%,0.06,82%,185 lbs.,d156513a19acf856,Sam Alvey,33-18-1 (1 NC)
"Mar 28, 1976","6' 0""",--,4.60,2.27,Orthodox,41%,56%,0.5,55%,2.30,66%,205 lbs.,d1759b2b7be9be56,Hector Ramirez,10-6-1
"Feb 15, 1987","5' 11""","70""",2.96,3.21,Orthodox,41%,54%,1.6,21%,0.47,55%,145 lbs.,d188a3b817860ec6,Steven Siler,29-16-0
"Feb 15, 1984","5' 8""",--,5.02,2.95,Southpaw,25%,59%,0.0,30%,2.82,0%,135 lbs.,d18dbcb0f8e2b55d,Alex Soto,8-3-1
"Aug 30, 1983","5' 8""","71""",3.43,2.92,Southpaw,42%,56%,1.7,45%,1.49,47%,155 lbs.,d1941565abf50b16,Jim Miller,39-19-0 (1 NC)
"Mar 24, 1983","5' 11""","72""",3.63,3.29,Orthodox,46%,58%,1.3,34%,1.09,46%,170 lbs.,d1a1314976c50bef,Josh Neer,36-16-1
"Feb 17, 1992","6' 3""","75""",4.78,5.53,Orthodox,51%,50%,0.4,34%,1.90,75%,185 lbs.,d1c65d2cf2925ddd,Gregory Rodrigues,19-6-0
"Aug 16, 1977","6' 0""",--,5.52,0.69,Southpaw,50%,46%,0.0,0%,0.00,0%,205 lbs.,d1dcd4e96464a53d,Jules Bruchez,1-2-0
"Sep 19, 1983","5' 7""","69""",3.17,2.08,Orthodox,37%,58%,1.2,22%,2.38,50%,135 lbs.,d1e1fdcea7c8a90a,Leandro Issa,13-6-0
"Jul 14, 1972","5' 9""",--,0.00,0.00,Orthodox,0%,0%,0.0,0%,0.00,0%,185 lbs.,d1e6a6536ee62517,Tyrone Roberts,43-12-1
"Aug 25, 1979","5' 9""","71""",1.96,2.57,Orthodox,42%,62%,0.2,38%,2.95,63%,155 lbs.,d1e7fc58d4225cdf,Danny Castillo,17-10-0
"Jan 08, 2001","6' 2""","79""",4.45,5.74,Orthodox,54%,58%,0.8,26%,2.09,100%,185 lbs.,d1feea7a4bdcd503,Baisangur Susurkaev,12-0-0
"Aug 02, 1992","5' 4""","65""",9.84,4.37,Orthodox,36%,50%,0.0,33%,1.28,75%,125 lbs.,d2036f31c035e0d1,Jose Torres,8-1-0
"Aug 10, 1986","5' 10""","73""",4.32,4.18,Southpaw,61%,42%,0.0,22%,1.39,66%,145 lbs.,d21113c9ff3788ae,Peter Barrett,11-5-0
"Mar 08, 1984","5' 11""","75""",2.77,3.26,Orthodox,42%,63%,0.3,50%,1.93,66%,170 lbs.,d221ee27afc7a60e,Viscardi Andrade,19-6-0
"Jul 03, 1985","6' 0""","75""",2.13,1.67,Orthodox,44%,37%,1.7,25%,1.93,31%,185 lbs.,d23ccf4a6c221284,Karlos Vemola,17-5-0
"Nov 02, 1983","5' 8""","70""",3.99,4.84,Orthodox,51%,59%,0.4,50%,1.00,63%,145 lbs.,d247691a6c0e9034,Cub Swanson,31-14-0
"Feb 21, 1995","5' 1""","61""",4.83,4.00,Orthodox,37%,57%,0.1,37%,2.51,65%,115 lbs.,d25240135aee03e5,Tabatha Ricci,12-4-0
"Jan 01, 1987","6' 2""",--,4.78,3.77,Orthodox,46%,57%,0.0,100%,0.94,0%,155 lbs.,d25b93992f285953,TJ O'Brien,20-8-0
"Aug 25, 1977","6' 1""",--,6.26,2.91,Orthodox,54%,26%,0.0,40%,2.57,33%,250 lbs.,d26934530dc5b248,Gilbert Aldana,6-2-0
"Aug 19, 1982","6' 4""","80""",4.01,4.67,Orthodox,52%,52%,0.0,34%,1.74,65%,240 lbs.,d28dee5c705991df,Stipe Miocic,20-5-0
"Jun 30, 1976","6' 2""","77""",1.78,1.05,Orthodox,47%,50%,1.0,0%,0.00,25%,225 lbs.,d29b5c4f22c6357d,Gilbert Yvel,39-16-1 (1 NC)
"Oct 05, 1981","6' 3""",--,0.00,0.00,Orthodox,0%,0%,21.9,100%,7.32,0%,205 lbs.,d2a9be6bf2de624c,Robert Drysdale,7-0-0 (1 NC)
"May 19, 1968","6' 1""",--,0.00,0.00,Orthodox,0%,0%,0.0,0%,0.00,0%,205 lbs.,d2b1c1317a39f6c6,Satoshi Honma,4-6-3
"Jul 16, 1991","5' 9""","68""",4.11,4.67,Orthodox,47%,53%,1.8,35%,1.69,32%,135 lbs.,d2bc285ead803db0,Louis Smolka,17-9-0
"Sep 26, 1981","6' 1""","78""",1.91,1.66,Orthodox,39%,56%,0.0,32%,2.55,43%,185 lbs.,d2c55d1d2e67773b,David Branch,22-6-0
"Dec 22, 1991","5' 10""","71""",4.10,3.97,Orthodox,42%,55%,0.1,28%,1.63,68%,155 lbs.,d2cd7a69cc55e7ed,Austin Hubbard,17-10-0
"May 07, 1972","5' 9""","71""",1.90,2.79,Southpaw,46%,56%,0.8,47%,2.35,75%,170 lbs.,d2d37e8eeb3abc8d,Frank Trigg,21-9-0
"Dec 15, 1996","6' 1""","76""",5.74,6.07,Orthodox,40%,52%,0.6,0%,0.00,100%,145 lbs.,d2f43cfaf8ca3560,Fernando Padilla,16-6-0
"Jan 04, 1991","5' 11""","72""",3.95,3.04,Orthodox,48%,50%,0.8,50%,1.22,62%,185 lbs.,d317a5e2b3f88c5f,Warlley Alves,15-8-0
"Nov 26, 1992","6' 2""","80""",4.34,3.71,Orthodox,47%,44%,0.5,37%,1.02,60%,246 lbs.,d31a5546c0e9b213,Rodrigo Nascimento,11-3-0 (1 NC)
"May 22, 1990","5' 9""","72""",2.89,3.37,Switch,44%,49%,1.3,57%,3.41,36%,145 lbs.,d31cbcdd7d69536d,TJ Brown,17-11-0
"Oct 31, 1993","5' 8""","69""",3.34,2.53,Orthodox,34%,52%,0.0,0%,0.00,50%,135 lbs.,d33da8a3d82bdb62,Kai Asakura,22-6-0
"Dec 03, 1985","5' 5""","64""",3.47,4.39,Orthodox,45%,55%,0.5,33%,0.24,73%,125 lbs.,d343df8ba11f4c4e,Nina Nunes,11-7-0
"Aug 29, 1987","5' 7""",--,2.80,0.87,Southpaw,23%,51%,0.5,11%,1.50,0%,135 lbs.,d34636a85f0f4c90,Motonobu Tezuka,28-12-7
"Oct 17, 1990","5' 1""","58""",3.67,3.09,Orthodox,36%,51%,0.5,29%,3.01,66%,115 lbs.,d35298b6df168456,Talita Alencar,8-1-1
"Jan 01, 1983","6' 0""",--,5.71,1.43,Orthodox,42%,38%,0.0,20%,1.07,0%,185 lbs.,d35c3ed553b71fa2,Joe Vedepo,18-9-0
"Jan 06, 1990","6' 3""","79""",2.15,2.68,Orthodox,48%,55%,0.2,48%,4.20,100%,235 lbs.,d35f734c56a89103,Karl Williams,10-2-0
--,"6' 5""",--,0.00,0.00,Orthodox,0%,0%,0.0,0%,0.00,0%,250 lbs.,d3711d3784b76255,Zane Frazier,4-11-0
"May 16, 1986","5' 8""",--,3.27,3.87,,34%,69%,0.0,33%,1.00,0%,155 lbs.,d38e8c6ae2dfc051,Nazareno Malegarie,28-4-0
--,--,--,0.00,0.00,,0%,0%,0.0,0%,0.00,0%,--,d3b5ad3b15a64a18,Francesco Maturi,0-1-0
"Nov 27, 1988","5' 7""",--,2.07,1.40,Orthodox,26%,65%,0.0,25%,1.00,33%,145 lbs.,d3c554d6e11fc9d6,Jianping Yang,11-4-1
"Oct 10, 1980","5' 9""",--,2.55,1.79,Orthodox,35%,55%,0.6,83%,3.19,69%,155 lbs.,d3de4a24f7eefac8,Doug Evans,13-10-0
"Feb 07, 1985","6' 3""","79""",2.79,2.41,Orthodox,48%,38%,0.0,25%,0.53,51%,260 lbs.,d3df1add9d9a7efb,Derrick Lewis,29-14-0 (1 NC)
"Oct 01, 1990","5' 7""","67""",2.33,3.85,Orthodox,50%,64%,0.0,54%,1.43,71%,135 lbs.,d3f5d33d61cd00c9,Norma Dumont,13-3-0
"Sep 29, 2001","5' 6""","70""",2.34,1.75,Orthodox,47%,48%,1.7,41%,7.81,62%,145 lbs.,d3f89fa685bd8420,Austin Bashi,14-1-0
"Apr 18, 1984","5' 7""","68""",4.20,3.63,Switch,37%,55%,0.0,0%,0.00,45%,135 lbs.,d3fa5c5955397532,Grigory Popov,13-3-0
"Jun 06, 1982","5' 10""","73""",4.50,2.64,Orthodox,42%,48%,1.9,33%,1.40,50%,155 lbs.,d403b1a6f278c95e,Vagner Rocha,14-4-0
--,"5' 11""",--,0.00,0.00,Orthodox,0%,0%,0.0,0%,0.00,0%,205 lbs.,d41937647eae9a34,Reza Nasri,0-1-0
"Aug 26, 1995","5' 9""","73""",2.33,4.23,Orthodox,56%,55%,0.8,42%,5.39,55%,185 lbs.,d4270315cbcf2569,Jacob Malkoun,10-3-0
"Aug 26, 1999","5' 9""","70""",2.07,4.83,Orthodox,48%,81%,5.2,50%,5.17,0%,145 lbs.,d436f5d55156a521,Murtazali Magomedov,11-0-0
"Jul 21, 1980","5' 11""","73""",2.87,2.87,Southpaw,42%,52%,0.8,41%,1.14,53%,185 lbs.,d43a048a880efdff,Chris Leben,22-11-0
"Sep 07, 1975","6' 1""","75""",1.53,2.23,Orthodox,45%,57%,2.6,42%,2.48,65%,205 lbs.,d468288756ae3982,Renato Sobral,37-11-0
"Mar 01, 1995","5' 6""","66""",4.65,3.78,Orthodox,47%,47%,0.6,47%,1.56,62%,135 lbs.,d4691518d012b9e7,Aspen Ladd,9-3-0
"Oct 22, 1991","5' 3""","64""",3.20,3.55,Switch,44%,51%,1.8,38%,1.53,28%,115 lbs.,d4a31850a7457f1b,Amanda Cooper,3-5-0
"Jul 26, 1988","6' 4""","76""",5.04,3.19,Orthodox,49%,44%,0.6,22%,0.44,50%,205 lbs.,d4c9dcd330403612,Anthony Smith,38-22-0
"May 25, 1972","5' 9""","70""",2.98,4.36,Southpaw,48%,66%,0.3,71%,1.37,88%,185 lbs.,d4f364dd076bb0e2,Cung Le,9-3-0
"Aug 28, 1993","5' 1""","63""",4.48,2.70,Orthodox,30%,58%,0.2,100%,0.25,28%,115 lbs.,d50382dc0565a9e1,Viviane Pereira,13-2-0
"Sep 23, 1982","6' 0""","70""",1.69,2.41,Southpaw,51%,57%,0.6,55%,2.45,62%,185 lbs.,d512d9f204059f57,Joe Riggs,44-17-0 (1 NC)
"May 05, 1989","6' 0""","75""",2.89,1.61,Southpaw,45%,42%,0.7,20%,0.35,66%,185 lbs.,d53482bef23235ba,Marcio Alexandre Junior,17-4-0
"Sep 07, 1990","6' 4""","78""",2.36,2.47,Southpaw,48%,46%,0.6,29%,2.56,40%,185 lbs.,d549cefc7c54ab78,Reinier de Ridder,21-4-0
"Jul 11, 1975","5' 9""",--,0.00,0.00,Orthodox,0%,0%,0.0,0%,0.00,0%,198 lbs.,d56caaa5e123f518,Masutatsu Yano,2-4-1
"Mar 08, 1981","5' 11""",--,0.53,1.67,Orthodox,55%,86%,3.0,100%,1.00,71%,185 lbs.,d58478ded5534695,Maiquel Falcao,37-10-0 (1 NC)
"Apr 22, 1987","5' 10""",--,4.32,1.31,,30%,43%,1.5,50%,0.75,50%,170 lbs.,d5b7fac960e58920,Chris Indich,6-4-0
"Jun 05, 1991","6' 2""","76""",2.46,5.10,Southpaw,69%,50%,1.4,14%,1.37,100%,185 lbs.,d5bab53a1a603aac,Ryan Loder,8-3-0
"Oct 27, 1973","6' 10""",--,1.31,1.20,Orthodox,50%,53%,1.1,0%,0.00,47%,265 lbs.,d5ed14b2153c6ed2,Semmy Schilt,26-14-1
"Jul 20, 1974","6' 0""","73""",2.53,3.60,Orthodox,52%,56%,0.5,34%,3.78,83%,170 lbs.,d5f820c11a121050,Aaron Simpson,12-5-0
"Dec 15, 1990","5' 8""","73""",4.40,3.33,Orthodox,42%,44%,0.0,9%,1.00,50%,155 lbs.,d61316139d68dbe3,Roman Bogatov,10-1-0
"Mar 30, 1980","5' 11""","73""",5.95,1.23,Orthodox,35%,47%,0.0,0%,0.00,33%,205 lbs.,d6285cba1d1052e0,Bojan Mihajlovic,10-6-0
"Oct 13, 1973","5' 9""",--,0.40,0.90,Southpaw,47%,42%,4.5,50%,3.00,0%,205 lbs.,d62bb4d84a7267ba,Mark Hughes,6-2-0
"Jun 29, 1995","6' 1""","76""",10.17,8.14,Orthodox,58%,36%,0.0,0%,0.00,0%,205 lbs.,d62e280d0f7b6d6f,Luke Fernandez,6-1-0
"May 01, 1981","6' 2""",--,2.90,3.15,Orthodox,58%,41%,1.3,12%,0.63,42%,185 lbs.,d632d156c0549e07,Nissen Osterneck,12-4-0
"Feb 11, 1993","5' 7""","67""",4.24,5.16,Switch,54%,59%,0.1,49%,1.70,86%,135 lbs.,d661ce4da776fc20,Petr Yan,20-5-0
"Oct 30, 1986","5' 9""","74""",1.28,2.35,Switch,46%,48%,1.3,46%,3.06,50%,170 lbs.,d66a46de8d705353,Jeremiah Wells,13-4-1
"Nov 14, 1994","5' 2""","60""",2.92,3.09,Orthodox,37%,52%,0.2,36%,1.02,60%,115 lbs.,d683f4870742b273,Shi Ming,18-6-0
"Mar 20, 2003","6' 2""","74""",5.81,2.77,Orthodox,36%,35%,1.6,33%,2.40,100%,205 lbs.,d6a8edb7410223a0,Rafael Tobias,14-2-0
"Feb 27, 1993","6' 2""","76""",2.94,3.16,Southpaw,53%,42%,2.0,25%,1.97,79%,185 lbs.,d6c0cdd7e467c440,Kyle Daukaus,17-5-0 (1 NC)
"Mar 23, 1986","6' 0""",--,4.40,3.27,Orthodox,29%,70%,0.0,0%,0.00,0%,185 lbs.,d6d5da3c209884bc,Guilherme Vasconcelos,9-4-0
"Jan 10, 1996","5' 7""","73""",2.72,6.01,Orthodox,39%,73%,0.0,60%,6.44,0%,145 lbs.,d6ead04919a894b1,Duda Santana,3-1-0
"Aug 15, 1972","6' 0""",--,4.43,4.00,Orthodox,50%,64%,2.1,25%,2.14,50%,205 lbs.,d71d968dc6ecfdaf,Katsuhisa Fujii,9-18-1
"Nov 20, 1984","5' 8""","67""",2.93,3.86,Southpaw,55%,52%,0.4,42%,0.43,53%,125 lbs.,d7338bcb141abd2c,Antonina Shevchenko,10-4-0
"Apr 21, 1996","5' 10""","72""",2.62,1.54,Southpaw,46%,48%,1.0,33%,3.29,60%,155 lbs.,d747eb273a40a920,Claudio Puelles,13-5-0
"May 12, 1984","5' 9""",--,1.76,3.76,Orthodox,48%,66%,3.5,66%,3.53,0%,155 lbs.,d74cba8566291bfa,Junie Browning,5-6-0
"Oct 22, 1985","6' 1""","74""",4.52,3.83,Orthodox,46%,64%,0.5,8%,0.45,75%,205 lbs.,d761b3766e38c5db,Marcel Fortuna,9-3-0
"Jun 01, 1990","5' 10""","73""",3.15,3.41,Orthodox,39%,61%,1.4,66%,2.74,66%,145 lbs.,d76ad9a08c4408ff,Bobby Moffett,13-5-0 (1 NC)
"Feb 19, 1996","5' 6""","69""",4.53,7.44,Orthodox,55%,63%,0.0,60%,1.68,100%,135 lbs.,d776b5814f2400b4,Ethyn Ewing,10-2-0
"Nov 19, 1986","5' 5""",--,7.36,0.11,Orthodox,7%,31%,12.1,0%,0.00,0%,135 lbs.,d7adfcfdf7c6c1f8,Ian Entwistle,9-3-0
"Aug 09, 1979","6' 0""",--,3.25,3.67,Southpaw,35%,62%,0.0,0%,0.00,100%,155 lbs.,d7b2c0b53883ee80,Kyle Watson,13-8-1
"Oct 15, 1985","5' 3""","64""",5.77,5.54,Orthodox,42%,56%,0.2,23%,0.36,74%,115 lbs.,d7c3816669784109,Karolina Kowalkiewicz,16-10-0
"Sep 11, 1996","5' 8""","70""",3.50,8.43,Orthodox,64%,68%,0.0,0%,0.00,75%,145 lbs.,d7c4956d61ae76a9,Jose Delano,17-3-0
"Jun 26, 1996","5' 7""","68""",6.55,6.45,Orthodox,41%,51%,0.0,62%,0.86,64%,125 lbs.,d7e40dca3ae125be,Diana Belbita,15-10-0
"Jan 12, 1996","5' 9""","70""",5.70,0.41,Orthodox,50%,28%,0.0,0%,0.00,0%,145 lbs.,d7fe8c6b7d2872e5,Brendon Marotte,8-3-0
"Jun 02, 1992","6' 3""","75""",2.59,3.65,Orthodox,52%,56%,0.0,22%,0.79,87%,205 lbs.,d802174b0c0c1f4e,Magomed Ankalaev,21-2-1 (1 NC)
"Jun 29, 1981","5' 11""",--,1.97,0.53,Orthodox,20%,46%,2.0,33%,0.99,25%,170 lbs.,d8022d5526b1d937,Chad Reiner,33-18-0
"Apr 21, 1989","5' 10""","70""",7.28,5.75,Orthodox,45%,42%,0.0,30%,0.98,67%,155 lbs.,d80ee110748171ac,Mike Breeden,11-6-0
"Dec 14, 1979","5' 10""","70""",2.29,2.33,Orthodox,41%,57%,2.2,35%,1.30,30%,155 lbs.,d814f5192e58fb2f,Drew Fickett,42-21-0
"Mar 28, 1985","5' 9""","71""",2.83,2.47,Orthodox,39%,60%,0.4,47%,2.04,86%,170 lbs.,d81ac739417d7f53,Jake Ellenberger,31-15-0
"Oct 05, 1974","6' 1""","76""",2.07,4.10,Southpaw,44%,62%,0.7,66%,1.31,63%,185 lbs.,d897897060f10a3a,Rich Franklin,29-7-0 (1 NC)
"Jul 07, 1991","5' 8""","65""",3.69,2.82,Orthodox,40%,58%,0.0,22%,0.84,81%,135 lbs.,d8c7c61b176e3994,Cody Garbrandt,15-8-0
"Mar 23, 1995","5' 7""","68""",1.72,3.27,Southpaw,52%,63%,1.4,81%,2.58,100%,135 lbs.,d8c811df0386d5e8,Rinya Nakamura,10-1-0
"Feb 07, 1985","5' 11""",--,2.60,1.00,Orthodox,41%,71%,0.0,0%,0.00,0%,170 lbs.,d8d7b24d276c8cb0,Albert Cheng,7-4-0
"Sep 29, 1989","6' 0""","76""",5.57,5.11,Orthodox,43%,48%,0.6,30%,1.06,50%,170 lbs.,d8da10db80131bec,Niko Price,16-11-0 (2 NC)
"Nov 20, 1976","6' 10""",--,2.31,2.20,Orthodox,29%,59%,0.0,25%,0.65,83%,265 lbs.,d90b630e0561818b,Gan McGee,13-5-0
"Oct 10, 1987","5' 1""","63""",2.87,2.19,Orthodox,39%,54%,0.3,36%,3.28,47%,115 lbs.,d910665038efc639,Carla Esparza,20-8-0
"Mar 23, 1995","5' 9""","70""",4.40,2.52,Orthodox,42%,52%,1.1,29%,1.37,52%,155 lbs.,d945aae53e3e54e6,Thiago Moises,19-10-0
"Jan 30, 1997","5' 7""","69""",7.10,6.35,Switch,54%,61%,0.2,36%,2.06,75%,145 lbs.,d964a59c48381cb6,Danny Silva,11-2-0
"Mar 20, 1979","5' 11""","72""",2.92,4.25,Orthodox,52%,54%,0.4,44%,1.83,80%,235 lbs.,d967f0128c323de6,Daniel Cormier,22-3-0 (1 NC)
"Apr 11, 1997","5' 10""","72""",4.94,5.66,Switch,50%,57%,0.5,15%,0.48,40%,155 lbs.,d9a56ecb6e94f02e,Evan Elder,10-2-0
"Oct 04, 1994","5' 10""","70""",1.51,2.19,Southpaw,59%,58%,1.3,36%,3.12,38%,135 lbs.,d9c6f19f958643e9,Bryce Mitchell,19-4-0
"Sep 23, 1984","5' 8""","72""",3.97,3.56,Orthodox,49%,52%,0.0,66%,2.86,62%,155 lbs.,da0995f19b749cfa,Mark Madsen,12-2-0
"Jul 17, 1987","5' 9""",--,2.27,1.18,Orthodox,46%,56%,0.3,37%,3.00,66%,185 lbs.,da1d8d76404bb6b5,Bruno Santos,15-2-0
"Aug 12, 1994","5' 10""","72""",4.19,4.33,Switch,45%,52%,1.5,33%,1.48,71%,135 lbs.,da22387a0407a2dc,Da'Mon Blackshear,17-8-1
"Sep 16, 1990","5' 6""","67""",5.87,3.42,Orthodox,50%,31%,1.9,25%,0.97,20%,145 lbs.,da4628f173337902,Don Shainis,12-5-0
"Feb 23, 1968","5' 7""",--,0.83,0.92,Orthodox,31%,44%,0.5,28%,1.85,0%,205 lbs.,da6dfd09cca1d705,Wallid Ismail,9-3-0
"Apr 01, 1989","6' 2""","79""",4.27,3.85,Orthodox,39%,51%,0.0,14%,0.56,66%,239 lbs.,da7f113b5ea39c43,Mohammed Usman,12-4-0
"Jun 17, 1986","5' 6""","66""",4.18,4.29,Southpaw,44%,57%,1.5,44%,3.13,53%,145 lbs.,da816417a579a0bd,Gavin Tucker,13-3-0
"Aug 06, 1980","5' 10""","71""",4.03,0.18,Orthodox,12%,56%,2.7,60%,2.67,0%,185 lbs.,da97d6c97d09c030,Charles McCarthy,10-5-0
"Mar 11, 1991","5' 3""","63""",3.60,1.75,Orthodox,45%,56%,1.4,45%,2.54,40%,115 lbs.,dab8cfbb6b1db10a,Livinha Souza,14-4-0
"May 20, 1983","5' 9""","70""",2.33,3.64,Orthodox,36%,56%,0.5,46%,2.13,52%,155 lbs.,daf1b84aebd6602b,Roger Huerta,23-9-1 (1 NC)
"Feb 02, 1978","5' 9""","71""",3.35,3.02,Southpaw,46%,53%,0.5,48%,1.69,77%,185 lbs.,db1f2ed63b54b9a7,Hector Lombard,34-10-1 (2 NC)
"Sep 08, 1990","6' 4""",--,9.93,4.43,Switch,27%,46%,0.0,0%,0.00,0%,145 lbs.,db5dc7cb80d7d418,Will Chope,34-13-0
"Jul 31, 1981","5' 6""",--,2.53,1.54,Southpaw,41%,51%,0.0,100%,2.71,0%,145 lbs.,db6d5f691aea3fd3,Wagner Campos,12-10-0
"Oct 09, 1977","6' 0""","75""",2.79,1.43,Orthodox,42%,50%,2.3,33%,2.02,33%,185 lbs.,dbaaf42313af90fa,Joe Doerksen,51-16-0
"Mar 31, 1994","5' 8""","69""",4.65,2.17,Orthodox,45%,36%,0.5,24%,1.88,43%,145 lbs.,dbac0a413af64bbe,Felipe Colares,10-4-0
"Feb 15, 1985","6' 1""","78""",2.44,1.90,Southpaw,42%,53%,0.5,53%,2.69,84%,185 lbs.,dbc17725b887860a,Cezar Ferreira,13-8-0
"Dec 06, 1980","6' 1""","77""",2.86,1.52,Orthodox,42%,49%,0.6,15%,0.86,22%,170 lbs.,dbea8c1cb327ab3d,Igor Araujo,25-9-0 (1 NC)
"Oct 02, 1986","5' 11""","73""",6.92,4.46,Orthodox,46%,48%,0.0,28%,1.50,0%,155 lbs.,dc07493a87dc0a6e,Alex Reyes,13-5-0
"Jul 30, 1981","5' 9""","70""",2.83,2.50,Orthodox,30%,64%,0.4,52%,2.02,65%,155 lbs.,dc0f07928009a127,Rob Emerson,18-12-0 (1 NC)
"Jun 16, 1996","5' 8""","69""",4.40,3.37,Orthodox,36%,58%,0.7,66%,2.93,75%,135 lbs.,dc3b9cf7641b7ab6,Drako Rodriguez,7-3-0
"Aug 08, 1988","6' 0""",--,2.02,0.50,Southpaw,46%,30%,0.0,0%,0.00,53%,170 lbs.,dc5a6b2fdb27e7dc,Amilcar Alves,15-12-0
"Jan 23, 1991","5' 8""","70""",3.82,4.58,Switch,53%,53%,0.0,38%,2.88,63%,125 lbs.,dc7927cd622676a7,Victor Altamirano,12-5-0
"Apr 14, 1969","6' 0""",--,0.42,2.42,Orthodox,50%,71%,0.6,0%,0.00,90%,199 lbs.,dc950d59dc590aca,Ebenezer Fontes Braga,13-7-2
"Feb 22, 1988","5' 11""","72""",3.09,3.81,Orthodox,38%,54%,0.2,42%,3.64,68%,170 lbs.,dc9572dd6ec74859,Colby Covington,17-5-0
"Aug 20, 1986","5' 6""","65""",3.07,2.60,Orthodox,33%,58%,0.2,25%,0.75,53%,135 lbs.,dcbf01d605681ad1,Elizabeth Phillips,6-6-0
"Jun 11, 1990","5' 9""","71""",3.76,3.30,Orthodox,39%,56%,0.8,41%,2.34,40%,155 lbs.,dccb63727f2f5f74,Matt Frevola,11-6-1
"Jan 02, 1980","6' 1""","75""",5.31,1.66,Orthodox,46%,46%,0.5,0%,0.00,50%,242 lbs.,dcdd511ff757f15c,Oli Thompson,17-10-0
"Mar 14, 1986","5' 9""","71""",3.27,4.73,Orthodox,43%,60%,0.0,0%,0.00,0%,145 lbs.,dd12382f28296f7b,Wang Guan,20-1-1
"Nov 30, 1977","5' 10""","73""",2.27,1.79,Orthodox,36%,63%,0.4,48%,2.46,64%,170 lbs.,dd37fd509af89f15,Josh Koscheck,17-11-0
"Sep 19, 1980","5' 6""","64""",5.62,3.69,Orthodox,49%,50%,0.3,4%,0.33,80%,115 lbs.,dd4c16777fb2ccf9,Heather Clark,7-6-0
"Nov 07, 1991","6' 1""","73""",3.09,4.02,Orthodox,48%,56%,0.7,50%,1.63,57%,170 lbs.,dd6103dd7127db1d,Mike Malott,14-2-1
"Jun 01, 1974","6' 3""",--,3.86,0.27,Orthodox,10%,38%,4.0,0%,0.00,0%,250 lbs.,dd8aec6de7035943,Dan Evensen,11-4-0
"Jan 02, 1983","6' 0""","73""",0.55,1.94,Orthodox,65%,38%,3.1,50%,7.28,100%,170 lbs.,dd992d569aaebee6,Jesse Taylor,31-15-0
"May 02, 1993","6' 2""","75""",6.49,6.61,Orthodox,51%,50%,0.3,40%,0.69,100%,170 lbs.,dda15dbfafb792df,Kevin Jousset,10-4-0
"May 25, 1986","6' 0""",--,5.94,2.08,Orthodox,70%,16%,0.0,25%,4.46,0%,185 lbs.,ddbe4fa2ea573393,Jimmy Quinlan,3-1-1
"Jan 22, 1980","5' 8""",--,4.84,1.26,Orthodox,31%,48%,0.0,0%,0.00,22%,155 lbs.,ddf3e0ea10ea6d8c,Jorge de Oliveira,9-2-0
"Aug 28, 1988","5' 8""",--,8.24,1.87,Orthodox,26%,52%,0.0,0%,0.00,0%,145 lbs.,de12bd65e2f46478,Pat Schilling,5-2-0
"Sep 03, 1994","6' 0""","74""",1.73,1.33,Orthodox,58%,58%,0.0,40%,4.00,100%,170 lbs.,de26d906f2874dd4,Saygid Izagakhmaev,22-3-0
"Jun 11, 1963","5' 11""",--,0.00,0.00,Orthodox,0%,0%,0.0,0%,0.00,0%,230 lbs.,de3ed2e152520c8d,Cal Worsham,13-10-0
"Jan 23, 1990","5' 10""","71""",3.21,3.03,Orthodox,41%,50%,0.4,36%,2.84,52%,155 lbs.,de45aaae23dfa392,Christos Giagos,20-12-0
"Feb 28, 1994","5' 6""","67""",2.50,2.57,Orthodox,37%,58%,0.4,34%,3.58,80%,125 lbs.,de594b35c45c2e9a,Eduarda Moura,12-2-0
"Sep 01, 1982","5' 10""","72""",2.01,1.62,Orthodox,47%,58%,5.3,36%,2.12,100%,170 lbs.,de62052b2ede65ba,Matt Arroyo,3-3-0
"Aug 18, 1993","5' 6""","69""",2.91,3.88,Orthodox,37%,65%,0.4,40%,0.85,67%,125 lbs.,de75d1c45a39e221,Sergio Pettis,18-5-0
"Jan 09, 1993","5' 11""","76""",0.85,2.92,Orthodox,75%,43%,1.4,36%,11.29,100%,155 lbs.,de83f920fd302871,Tommy Gantt,12-0-0 (1 NC)
"Jan 07, 1984","6' 2""","76""",2.57,3.72,Orthodox,48%,53%,0.1,33%,0.88,65%,205 lbs.,dea070ed4a2a8281,Thiago Santos,22-11-0
"Feb 09, 1969","5' 9""",--,0.00,0.00,Switch,0%,0%,0.0,0%,0.00,0%,185 lbs.,dedc3bb440d09554,Anthony Macias,26-18-0
"May 19, 1990","5' 7""","71""",2.00,2.50,Switch,45%,43%,1.0,35%,1.72,26%,125 lbs.,dee294e9717012c2,Malcolm Gordon,14-8-0
"Feb 21, 1991","5' 8""","69""",6.38,3.84,Switch,37%,49%,0.9,25%,0.93,54%,155 lbs.,def8166ff24bd237,Brian Ortega,16-5-0 (1 NC)
"Sep 08, 1975","6' 2""","76""",3.17,1.35,Orthodox,31%,47%,0.6,18%,1.19,0%,258 lbs.,df05aa15b2d66f57,Chris Tuchscherer,21-4-0 (1 NC)
"Sep 30, 1983","5' 9""","69""",3.66,4.32,Orthodox,47%,55%,0.2,56%,1.88,67%,155 lbs.,df1eb4354d18a906,Scott Holtzman,14-6-0
"Jul 12, 1979","6' 3""","74""",2.46,1.96,Orthodox,54%,36%,0.0,60%,1.02,54%,185 lbs.,df2bf09c99594848,Mario Miranda,14-7-0
--,--,--,0.00,0.00,Orthodox,0%,0%,0.0,0%,0.00,0%,--,df2cf66d8c0123db,Noe Hernandez,5-5-0
"Dec 26, 1976","6' 2""",--,1.45,1.77,Southpaw,42%,52%,0.7,66%,0.35,66%,205 lbs.,df5a77121ba84a5d,Alex Stiebling,19-11-1 (1 NC)
"Jul 03, 1961","5' 11""",--,0.00,0.00,Southpaw,0%,0%,0.0,0%,0.00,0%,195 lbs.,df85d6ec3493d120,Joe Moreira,2-2-0
"Sep 08, 1987","5' 10""","72""",2.82,2.25,Orthodox,32%,65%,0.0,23%,2.64,16%,185 lbs.,dfae5da5676e4194,Chris Dempsey,11-5-0
"Jul 24, 1989","5' 10""","74""",3.92,5.10,Orthodox,49%,57%,0.3,53%,2.59,81%,145 lbs.,e00a3dee329a51f7,Jamall Emmers,22-8-0
"Jul 29, 1981","5' 11""","72""",5.38,5.99,Orthodox,52%,50%,0.0,33%,0.92,100%,205 lbs.,e023fa2e648ea0f1,Steve Bosse,12-2-0
"Feb 02, 1997","5' 8""","73""",2.42,2.56,Orthodox,42%,51%,0.0,33%,2.07,100%,170 lbs.,e047d3b541afd4a7,Tahir Abdullayev,20-3-0
"Sep 27, 1994","6' 2""","73""",4.33,3.80,Orthodox,45%,51%,0.0,50%,0.50,0%,170 lbs.,e0664abaa023fd6f,Ding Meng,35-10-0
"Mar 28, 1967","5' 11""",--,3.13,0.00,Orthodox,0%,25%,0.0,0%,0.00,0%,205 lbs.,e06fd1260ac865a7,Yoji Anjo,0-5-1
"Jun 18, 1974","5' 10""",--,4.20,1.42,Orthodox,46%,54%,1.8,34%,2.66,25%,241 lbs.,e091482fa6648261,Assuerio Silva,16-8-0 (1 NC)
"Nov 07, 1973","6' 1""",--,3.20,0.69,Southpaw,67%,29%,0.0,0%,0.00,20%,185 lbs.,e09dbbd5fe3f0fe2,Curtis Stout,11-12-1
"Aug 10, 1993","5' 1""","62""",2.40,2.15,Orthodox,56%,53%,0.8,56%,3.38,100%,115 lbs.,e0b0cf71e0d69dd0,Kanako Murata,12-3-0
"Sep 08, 1975","5' 6""","70""",2.45,2.98,Orthodox,44%,60%,0.6,40%,3.23,66%,145 lbs.,e0b74df14f52cd15,Mike Brown,26-9-0
"Oct 27, 1992","5' 7""","69""",2.66,4.14,Orthodox,55%,52%,0.2,39%,2.34,59%,145 lbs.,e0c6edcb5b5d0b90,Chepe Mariscal,18-7-0 (1 NC)
"Aug 12, 2000","5' 3""","64""",3.67,5.09,Orthodox,49%,56%,0.0,75%,1.64,76%,125 lbs.,e0d3d9b564f95635,Lucas Rocha,18-2-0
"Aug 26, 1974","5' 6""","71""",2.85,1.78,Orthodox,39%,55%,2.4,36%,1.53,37%,155 lbs.,e0ec3c3b6b611f7e,Hermes Franca,24-17-0 (1 NC)
"Aug 04, 1979","6' 10""",--,2.95,0.98,Orthodox,51%,37%,2.3,0%,0.00,40%,260 lbs.,e0f7c4f3f67bc808,Wes Sims,24-14-1 (2 NC)
"Sep 04, 1991","5' 3""","64""",2.07,1.00,Orthodox,35%,50%,1.0,66%,2.00,0%,125 lbs.,e0f959f65d0406b4,Isabela de Padua,5-2-0
"Dec 20, 1990","6' 0""","73""",3.40,4.41,Orthodox,43%,59%,0.0,38%,0.71,80%,205 lbs.,e1147d3d2dabe1ce,Robert Whittaker,28-9-0
"Sep 29, 1988","5' 6""","71""",3.31,5.99,Orthodox,57%,58%,0.2,34%,1.63,68%,145 lbs.,e1248941344b3288,Alexander Volkanovski,28-4-0
"Aug 05, 1994","5' 7""","70""",4.42,4.28,Orthodox,44%,61%,0.4,45%,3.22,77%,155 lbs.,e132d47bd9efbbe0,Rafa Garcia,19-4-0
"Dec 13, 1993","6' 0""","74""",5.11,4.05,Southpaw,54%,47%,0.0,0%,0.00,53%,264 lbs.,e13abac8089a801a,Justin Tafa,7-5-0 (1 NC)
"Sep 18, 1983","5' 8""","70""",2.31,2.65,Orthodox,41%,59%,0.4,45%,2.18,40%,155 lbs.,e14b5aa06eea9653,Abel Trujillo,15-8-0 (1 NC)
"Apr 26, 1986","6' 0""","75""",1.46,2.23,Orthodox,68%,51%,0.0,70%,7.10,80%,170 lbs.,e17ac6410c8377f4,Bartosz Fabinski,15-5-0
"Mar 27, 1986","5' 5""","65""",5.72,3.81,Orthodox,32%,59%,0.0,58%,4.21,75%,125 lbs.,e18a19001a3f7c7d,Alptekin Ozkilic,9-5-0
"Jun 13, 1997","6' 0""","73""",2.60,3.20,Southpaw,48%,61%,0.3,38%,0.73,77%,145 lbs.,e1d40e8782d80bc2,William Gomis,15-4-0
"Jun 20, 1978","5' 11""","73""",3.31,2.51,Orthodox,46%,66%,0.5,33%,3.17,89%,155 lbs.,e25bcbcdaf6537a1,Reza Madadi,14-6-0
"Jul 24, 1979","5' 8""",--,4.84,2.48,Orthodox,36%,40%,0.6,11%,1.18,0%,145 lbs.,e26882820f9e8df5,Mike Lullo,8-3-0
"Oct 13, 1990","6' 1""","75""",5.46,5.83,Southpaw,50%,35%,0.0,50%,1.11,85%,185 lbs.,e26bd53b751d61d9,Jordan Williams,9-6-0 (1 NC)
"Sep 22, 1982","5' 9""","75""",3.91,1.56,Southpaw,20%,69%,0.0,33%,1.50,37%,155 lbs.,e2b8186b618b00c4,Shamar Bailey,16-11-0
"Nov 30, 1996","5' 10""","69""",4.58,5.46,Orthodox,58%,52%,0.0,8%,0.23,82%,155 lbs.,e2be0c1a9b886d92,MarQuel Mederos,11-1-1
"May 02, 1984","5' 8""","70""",2.83,3.67,Orthodox,44%,63%,0.0,33%,0.25,80%,170 lbs.,e2ccd9a9ace60de7,Aleksei Kunchenko,20-2-0
"Jan 24, 1995","6' 3""","78""",4.23,3.57,Orthodox,47%,52%,0.5,59%,3.82,63%,260 lbs.,e2f6b2769aaedd6c,Serghei Spivac,18-6-0
"Sep 20, 1977","5' 8""","66""",2.39,2.57,Orthodox,42%,54%,0.9,45%,2.70,86%,155 lbs.,e361e5c858af6ff1,Alex Karalexis,10-6-0
"Dec 05, 1979","5' 9""",--,2.91,1.93,Orthodox,49%,47%,0.5,0%,0.00,25%,125 lbs.,e363b21261814830,Marcos Vinicius,23-11-1
"Nov 11, 1992","5' 3""","63""",3.13,4.04,Orthodox,46%,53%,0.0,50%,4.04,81%,115 lbs.,e375cb5caf4717b6,Piera Rodriguez,12-2-0
"Nov 14, 1985","6' 0""",--,4.81,3.58,Orthodox,36%,62%,0.0,40%,1.76,0%,205 lbs.,e3779ef06e98f185,Keith Berish,5-1-0 (1 NC)
"Aug 29, 1997","5' 8""","70""",2.98,5.30,Orthodox,46%,68%,0.0,0%,0.00,85%,135 lbs.,e3964ece586e0635,Jacqueline Cavalcanti,10-2-0
"Aug 20, 1995","5' 8""","71""",9.30,8.80,Orthodox,58%,47%,0.0,33%,2.00,100%,135 lbs.,e3b30b573e7f0d19,Adrian Luna Martinetti,17-2-0
"Apr 04, 1988","6' 3""","76""",3.92,5.40,Orthodox,48%,57%,0.0,25%,0.32,62%,205 lbs.,e4277e87a789d687,Dustin Jacoby,22-9-1
"Feb 28, 1990","6' 2""","74""",3.13,3.06,Southpaw,39%,58%,1.0,0%,0.00,30%,155 lbs.,e45cfa47f504033a,Jason Gonzalez,11-5-0
"May 08, 1995","6' 1""","74""",2.30,11.71,Orthodox,50%,73%,0.0,0%,0.00,100%,185 lbs.,e463ce0a2ca474f4,Ryan Gandra,10-1-0
"Aug 07, 1972","6' 1""",--,3.65,0.34,Orthodox,26%,44%,0.0,0%,0.00,42%,170 lbs.,e4770d5ed44a3970,Brian Gassaway,29-20-2 (1 NC)
"Aug 27, 1997","6' 3""","75""",4.07,5.99,Orthodox,46%,55%,0.6,0%,0.00,70%,155 lbs.,e4a47b07044ddd72,Ignacio Bahamondes,17-7-0
"Jul 14, 1978","6' 4""",--,3.38,2.30,Orthodox,32%,55%,0.0,10%,2.30,0%,242 lbs.,e4a9dbade7c7e1a7,Rolles Gracie,8-4-0
"Oct 11, 1983","5' 7""",--,5.42,6.54,Orthodox,53%,36%,0.0,100%,2.80,80%,135 lbs.,e4aaaa34535e32b6,Nick Denis,11-3-0
"Aug 13, 1993","5' 7""","68""",3.44,2.48,Southpaw,43%,50%,1.4,35%,4.36,55%,135 lbs.,e4ba58725825412d,Dan Argueta,9-3-0 (2 NC)
"Sep 10, 1971","5' 9""",--,0.90,0.70,Orthodox,45%,52%,1.8,63%,1.60,25%,200 lbs.,e4bde462b043d3e1,Sanae Kikuta,31-9-3 (1 NC)
"Apr 13, 1985","6' 1""",--,4.56,3.13,Orthodox,30%,46%,0.0,0%,0.00,33%,155 lbs.,e4d2564ea0e34e2b,Mehdi Baghdad,11-5-0
"May 29, 1988","5' 10""",--,2.73,2.47,Orthodox,37%,69%,0.0,22%,2.00,50%,145 lbs.,e4e0f310b3cf23a8,Alex Torres,5-4-0
"Jul 05, 1998","5' 9""","71""",6.47,7.28,Orthodox,42%,49%,0.0,60%,0.75,81%,125 lbs.,e4faa79383c9f214,Ernesta Kareckaite,6-2-1
"Apr 25, 1984","5' 11""","70""",3.44,3.70,Orthodox,44%,48%,0.2,28%,0.29,64%,155 lbs.,e5010b1b94ca5755,Paul Felder,17-6-0
"Sep 12, 1986","5' 9""","69""",2.66,2.08,,32%,56%,1.7,0%,0.00,0%,145 lbs.,e503aa5c252a1b4d,Dustin Neace,25-21-1 (1 NC)
"Dec 24, 1987","5' 2""","64""",1.40,2.92,Orthodox,52%,55%,0.9,41%,2.15,33%,115 lbs.,e50cd77732d39967,Aisling Daly,16-6-0
"Nov 16, 1980","6' 2""","76""",3.35,4.26,Orthodox,50%,55%,0.1,41%,4.49,28%,205 lbs.,e51e5cb722bd47a8,Patrick Cummins,10-7-0
"May 15, 1979","6' 3""","80""",6.37,4.08,Orthodox,45%,43%,1.0,30%,2.02,33%,250 lbs.,e51ee8ded927fc51,Chris de la Rocha,5-3-0
"Jul 25, 1981","5' 6""","67""",2.51,2.38,Orthodox,47%,57%,0.6,36%,3.94,47%,170 lbs.,e51fcd9cd84c0b93,Michel Prazeres,26-4-0
"Dec 18, 1994","5' 10""","69""",8.20,6.03,Orthodox,57%,52%,0.0,0%,0.00,66%,145 lbs.,e530df53922f413e,Luis Pajuelo,8-2-0
"Jul 07, 1987","6' 4""","79""",3.72,5.01,Orthodox,61%,52%,0.2,50%,0.11,80%,205 lbs.,e5549c82bfb5582d,Alex Pereira,13-4-0
"Jan 22, 2001","6' 1""","76""",2.55,1.81,Orthodox,50%,38%,0.0,37%,3.02,87%,205 lbs.,e564146b9cf6dbef,Felipe Franco,10-2-0
"Jul 16, 1998","6' 5""","78""",6.64,10.05,Orthodox,51%,50%,0.0,0%,0.00,100%,260 lbs.,e56cee1ad697db04,Steven Asplund,7-2-0
"Jan 26, 1983","5' 10""","70""",3.32,2.68,Orthodox,42%,51%,1.0,26%,2.14,27%,155 lbs.,e56daf7725a0b5ab,Justin Edwards,9-5-0
"Nov 27, 1971","5' 10""",--,0.68,0.68,Orthodox,50%,0%,0.0,66%,5.07,0%,205 lbs.,e56df3c1d8b4b1cc,Homer Moore,26-9-2
"Feb 09, 1984","6' 0""","73""",2.76,3.26,Orthodox,47%,56%,0.0,37%,2.04,40%,170 lbs.,e57fdbea1b828202,Jake Hecht,11-4-0
"Nov 13, 1998","5' 7""","68""",10.94,2.32,Southpaw,50%,29%,0.0,0%,0.00,0%,170 lbs.,e5864a42c80294f6,Josiah Harrell,11-1-0
"Aug 21, 1993","6' 2""","74""",2.22,1.81,Orthodox,43%,47%,1.0,36%,3.09,50%,243 lbs.,e5bda12faabfc850,Luis Henrique,10-5-0 (1 NC)
"Sep 12, 1976","6' 2""",--,1.20,1.09,Orthodox,43%,57%,0.0,100%,0.43,66%,185 lbs.,e5c38954c006f15c,Yuki Sasaki,25-22-2
"Dec 18, 1981","5' 10""","70""",3.54,5.33,Southpaw,39%,61%,1.0,33%,1.82,79%,155 lbs.,e5c9de15bb58b1c6,Evan Dunham,18-9-1
"May 28, 1988","5' 2""",--,4.67,1.93,Orthodox,20%,57%,0.0,0%,0.00,16%,115 lbs.,e5ca2bc2451a5956,Tina Lahdemaki,5-1-0
"Oct 12, 1981","5' 8""","73""",1.56,1.28,Southpaw,42%,48%,2.8,63%,2.36,37%,155 lbs.,e5d03e4d966126bd,Jason High,21-6-0
"Feb 09, 1976","5' 10""","70""",2.37,3.20,Orthodox,49%,44%,0.3,0%,0.00,32%,170 lbs.,e5ecaf884b6da2bc,Chris Clements,12-6-0 (1 NC)
"Jan 04, 1980","5' 9""",--,3.85,1.81,,37%,46%,1.7,0%,0.00,57%,135 lbs.,e6147d5ab3685899,Donny Walker,15-10-0
"Apr 20, 1971","6' 0""",--,1.35,0.64,Orthodox,52%,41%,2.6,40%,1.75,0%,205 lbs.,e62b36885ecdac27,Allan Goes,10-5-2
"Mar 20, 1988","6' 0""","71""",3.95,4.46,Orthodox,42%,56%,0.0,41%,1.19,60%,170 lbs.,e64b96c07d7ce999,Li Jingliang,19-9-0
"Jan 01, 2000","6' 0""","72""",5.73,2.73,Orthodox,40%,47%,0.0,0%,0.00,0%,185 lbs.,e6666480a830f764,YiSak Lee,8-2-0
"Jun 28, 1994","5' 7""","66""",7.73,2.21,Orthodox,25%,38%,0.0,0%,0.00,0%,135 lbs.,e6679e38e7fab7a8,Jamie Siraj,14-4-0
"Aug 01, 1967","6' 1""",--,3.08,1.23,Orthodox,36%,16%,0.0,100%,4.62,0%,235 lbs.,e670f8cc2969a789,Sherman Pendergarst,11-18-0 (1 NC)
"Jun 11, 1977","6' 4""","82""",2.54,5.39,Orthodox,55%,55%,0.6,66%,0.61,54%,240 lbs.,e6c5908910cc26e4,Lavar Johnson,18-10-0
"Sep 17, 1984","5' 11""","74""",2.20,1.41,Orthodox,45%,56%,0.0,38%,1.76,100%,170 lbs.,e70de1859b7ee78e,Sultan Aliev,15-3-0
"Jul 14, 1971","6' 0""",--,3.25,0.89,Orthodox,37%,47%,0.0,0%,0.00,0%,235 lbs.,e741536153227386,Sean Alvarez,4-3-0
"Jul 14, 1990","5' 2""","63""",5.56,4.83,Orthodox,47%,38%,0.4,50%,2.27,77%,115 lbs.,e76d9f656ceb82ab,Aleksandra Albu,3-2-0
--,--,--,0.00,0.00,,0%,0%,0.0,0%,0.00,0%,--,e780ccc79a209985,John Dowdy,0-1-0
"Apr 27, 1987","6' 2""",--,2.07,3.43,Orthodox,35%,64%,0.0,0%,0.00,100%,265 lbs.,e78f601035d677f2,Justin Wren,13-2-0
"Mar 20, 1991","5' 7""","68""",4.67,4.85,Southpaw,42%,58%,0.4,35%,1.09,61%,135 lbs.,e7bba7ce4d6c7b07,Casey Kenney,16-4-1
"Jun 13, 1992","5' 8""","68""",1.75,2.78,Switch,56%,52%,0.2,77%,6.75,45%,135 lbs.,e7e01e266a9d4342,Ronnie Lawrence,8-2-0 (1 NC)
"Dec 23, 1963","5' 8""",--,0.00,0.00,,0%,0%,0.0,0%,0.00,0%,170 lbs.,e7ec11096eac0282,Adrian Serrano,56-29-4
"Jul 26, 1992","6' 1""","75""",6.45,3.97,Orthodox,37%,37%,0.0,33%,0.50,33%,155 lbs.,e7f51d9f9e9259e7,Thomas Gifford,14-9-0 (2 NC)
"May 29, 1986","6' 3""",--,2.92,4.13,Orthodox,66%,54%,0.7,33%,0.67,66%,205 lbs.,e7fe5315b1efeb92,Guto Inocente,7-4-0
"Aug 02, 1998","6' 3""","75""",4.24,8.78,Orthodox,54%,50%,0.0,100%,2.20,100%,170 lbs.,e803242fb2e41112,Islam Dulatov,12-1-0
"Dec 17, 1980","5' 11""",--,7.21,1.64,Orthodox,19%,53%,0.0,0%,0.00,0%,170 lbs.,e81dd0bb8a64b550,Charlie Ward,3-3-0
"Mar 07, 1984","6' 0""",--,0.73,1.53,Orthodox,58%,66%,0.0,0%,0.00,68%,170 lbs.,e82d5f54daa85a7e,Joe Merritt,7-2-0
"Sep 22, 1975","5' 9""","71""",2.20,2.27,Orthodox,29%,57%,0.0,100%,1.30,66%,170 lbs.,e86bc32f5997a8f7,Forrest Petz,26-10-0
"Dec 28, 1988","5' 9""","68""",4.48,4.58,Orthodox,34%,62%,0.3,15%,0.31,50%,125 lbs.,e872e9a9a902c045,Katlyn Cerminara,18-6-0
"Sep 23, 1990","5' 6""","68""",1.97,2.43,Orthodox,42%,56%,1.0,29%,3.50,60%,135 lbs.,e87a13e02c01331d,Ali AlQaisi,8-5-0
"Aug 09, 1993","5' 5""","66""",3.71,4.11,Orthodox,41%,58%,0.7,35%,0.40,54%,125 lbs.,e8b731feff72294b,Alexa Grasso,17-5-1
--,--,--,0.00,0.00,,0%,0%,0.0,0%,0.00,0%,180 lbs.,e8c170a64dc920ac,Tulio Palhares,2-16-0
--,--,--,0.00,0.00,,0%,0%,0.0,0%,0.00,0%,--,e8efeb9cf33b1941,Cesar Marscucci,3-2-0
--,"6' 1""",--,0.00,0.00,Orthodox,0%,0%,0.0,0%,0.00,0%,215 lbs.,e8fb8e53bc2e29d6,Marcus Bossett,1-3-0
"Dec 10, 1988","5' 6""","66""",6.93,4.60,Orthodox,48%,50%,0.5,29%,1.71,80%,125 lbs.,e8fe9c15d348e778,Daniel Barez,17-8-0
"Apr 12, 1989","5' 10""","71""",3.20,4.40,Southpaw,56%,56%,0.2,20%,0.68,88%,205 lbs.,e90a2f22417af68e,Azamat Murzakanov,16-1-0
"Jan 31, 1989","6' 2""","75""",3.88,3.12,Orthodox,39%,58%,0.6,34%,1.26,73%,170 lbs.,e9213f53ddeca978,Dhiego Lima,17-9-0
"Oct 26, 1994","6' 3""","74""",4.07,0.43,Orthodox,18%,13%,0.0,0%,0.00,33%,205 lbs.,e92901944ce91909,Askar Mozharov,19-13-0
"Apr 10, 1991","5' 10""","70""",4.43,5.00,Orthodox,55%,57%,0.5,53%,1.26,59%,145 lbs.,e93b04e308913c2e,Dooho Choi,17-4-1
"Jun 28, 1992","5' 5""","64""",4.69,4.41,Orthodox,47%,58%,0.2,29%,1.12,63%,115 lbs.,e94085e821bd81de,Sam Hughes,11-7-0
"Jun 21, 1993","5' 7""","68""",5.30,3.83,Orthodox,45%,62%,0.0,25%,0.42,46%,135 lbs.,e979c76341f19b22,Tom Duquesnoy,16-2-0 (1 NC)
"Feb 13, 1986","5' 5""",--,9.16,1.37,,30%,35%,0.0,0%,0.00,0%,135 lbs.,e983c62faf677ab2,Pedro Nobre,18-4-2 (1 NC)
"Nov 14, 1995","5' 4""","67""",6.50,5.64,Orthodox,58%,47%,0.3,47%,3.15,50%,125 lbs.,e99821959a840bb8,Lara Procopio,7-2-0
"Nov 03, 1992","5' 11""","70""",3.98,3.51,Orthodox,44%,37%,0.0,33%,0.59,25%,155 lbs.,e99eb0ef25885de5,Mitch Ramirez,8-3-0
"Jul 28, 1982","5' 10""","73""",2.93,2.05,Orthodox,45%,56%,0.3,35%,2.11,100%,230 lbs.,e9a3aeb207578eea,Ilir Latifi,17-9-0 (1 NC)
"Jun 09, 1985","5' 11""","75""",4.03,1.72,Southpaw,34%,49%,0.0,0%,0.00,7%,185 lbs.,e9ac7bfb65c25497,John Phillips,22-11-0 (1 NC)
"Sep 15, 1985","5' 6""","67""",3.66,1.95,Southpaw,43%,43%,0.0,16%,0.54,33%,125 lbs.,e9bc5748e6a76bb6,Ashkan Mokhtarian,13-3-0
"Aug 14, 1980","5' 10""","74""",3.57,2.61,Southpaw,65%,40%,0.0,18%,1.24,60%,170 lbs.,e9e1acc96536bb4f,Ricardo Funch,9-6-0
"Nov 03, 1984","5' 10""",--,2.19,1.71,,50%,62%,0.0,25%,1.43,0%,145 lbs.,e9e7e1c8ff289e1b,Humberto Brown Morrison,4-6-0
--,--,--,0.00,0.00,,0%,0%,0.0,0%,0.00,0%,--,ea0ad155451ed1f5,Ray Wizard,0-1-0
--,"6' 1""",--,0.00,0.00,Sideways,0%,0%,0.0,0%,0.00,0%,410 lbs.,ea398c802d9998ee,Thomas Ramirez,0-1-0
"Nov 10, 1988","5' 10""","73""",3.79,3.97,Orthodox,45%,53%,0.5,60%,0.72,65%,145 lbs.,ea3dcc417c322064,Martin Day,8-6-0
"May 27, 1973","5' 10""",--,2.58,2.08,Southpaw,40%,53%,0.0,100%,1.49,0%,185 lbs.,ea3ef6206c7907d5,Gideon Ray,17-15-1
"Feb 08, 1990","6' 2""","75""",2.57,4.21,Orthodox,43%,61%,0.2,66%,3.03,77%,185 lbs.,ea7e5bc78d9de658,Makhmud Muradov,26-8-0 (1 NC)
"Jan 01, 1990","5' 11""","72""",11.54,6.46,Orthodox,48%,32%,0.0,0%,0.00,100%,257 lbs.,eaa9402e5a7990ad,Braxton Smith,5-2-0
"Nov 27, 1987","6' 3""","76""",3.04,2.50,Orthodox,45%,43%,1.3,18%,1.43,35%,205 lbs.,eabf206b162b3b83,Paul Craig,17-10-1 (1 NC)
"Aug 11, 1985","5' 10""","73""",4.01,3.64,Orthodox,49%,54%,0.2,33%,0.84,51%,185 lbs.,eae431e70064e046,Abdul Razak Alhassan,12-7-0 (1 NC)
"Oct 11, 1996","5' 7""","72""",1.80,3.85,Orthodox,50%,54%,0.1,37%,3.26,75%,155 lbs.,eae48ff31db420c2,Arman Tsarukyan,23-3-0
--,"5' 11""",--,3.91,0.00,Orthodox,0%,50%,0.0,0%,0.00,28%,170 lbs.,eae4aec1a5a8ff01,Tom Egan,7-5-0
"Sep 17, 1974","6' 0""","74""",0.79,2.75,Orthodox,65%,66%,1.2,37%,1.87,54%,170 lbs.,eaea0fc7b76525a8,Mike Guymon,15-6-1
"Jan 06, 1986","5' 3""","62""",4.25,3.42,Orthodox,46%,48%,0.6,33%,1.39,69%,115 lbs.,eb04b9d31e938edb,Michelle Waterson-Gomez,18-13-0
"May 08, 1975","5' 7""","70""",1.90,1.91,Southpaw,49%,50%,0.5,31%,1.95,37%,155 lbs.,eb1723480fa2f96c,Caol Uno,33-19-5
"Sep 19, 1983","5' 10""","68""",3.57,3.17,Orthodox,50%,51%,1.5,37%,2.13,56%,155 lbs.,eb29176b03dfa888,Matt Wiman,16-10-0
"Dec 28, 1995","5' 8""","71""",3.71,5.51,Orthodox,54%,65%,0.0,33%,1.06,76%,155 lbs.,eb393afdbe3293d5,Ismael Bonfim,20-6-0
"Jan 24, 1995","5' 9""","69""",5.14,2.29,Orthodox,38%,35%,0.0,0%,0.00,0%,135 lbs.,eb70e786bbdf1d16,Yanis Ghemmouri,12-3-0
"May 04, 1987","5' 7""","68""",5.19,7.17,Switch,53%,48%,0.3,42%,1.04,81%,135 lbs.,eb8d8c2a95cfccb8,Victor Henry,25-7-0 (1 NC)
"Feb 18, 1988","6' 11""","84""",4.04,3.12,Orthodox,47%,46%,1.7,46%,0.56,55%,265 lbs.,ebc1f40e00e0c481,Stefan Struve,33-13-0
"Jan 13, 1979","5' 8""",--,4.56,0.69,Orthodox,11%,42%,0.0,0%,0.00,0%,155 lbs.,ebc5af72ad5a28cb,Nick Agallar,24-6-0
"Feb 28, 1990","5' 10""","73""",3.02,2.52,Southpaw,46%,50%,1.9,35%,1.45,42%,145 lbs.,ebef46976554f975,Jordan Griffin,18-9-0
"Jul 27, 1996","5' 5""","67""",3.95,1.99,Orthodox,42%,36%,0.5,58%,3.60,25%,125 lbs.,ec0dcceace7d25a3,Liang Na,19-8-0
"Mar 17, 1995","5' 9""","73""",1.42,4.28,Orthodox,55%,62%,0.0,100%,1.18,76%,155 lbs.,ec13c393d029297d,Kaue Fernandes,11-2-0
"Aug 15, 1985","5' 8""","71""",1.77,3.65,Southpaw,53%,57%,0.4,25%,0.40,30%,155 lbs.,ec18eb918121787c,Kazula Vargas,12-5-0
"Aug 04, 1990","5' 7""","70""",4.29,2.13,Southpaw,37%,39%,0.2,15%,0.62,60%,135 lbs.,ec23c1be628d8057,Trevin Jones,13-10-0 (1 NC)
"Aug 20, 1984","6' 1""","71""",3.73,2.26,Southpaw,40%,37%,0.0,37%,3.23,14%,170 lbs.,ec2d13a87d3d9541,Sheldon Westcott,10-3-1
"Jul 03, 1982","6' 1""",--,2.50,1.47,Open Stance,43%,49%,0.0,0%,0.00,16%,185 lbs.,ec33146e43e58933,Xavier Foupa-Pokam,32-22-0
"Dec 07, 1988","5' 4""","63""",4.57,3.31,Orthodox,41%,57%,0.7,42%,3.03,58%,115 lbs.,ec34349e7dffcde7,Claudia Gadelha,18-5-0
"Aug 25, 1995","5' 9""","70""",2.50,4.53,Orthodox,47%,61%,1.0,36%,2.00,69%,135 lbs.,ec3bd30378d63dd1,Hecher Sosa,15-1-0
"Feb 21, 1992","5' 7""","71""",3.84,2.86,Orthodox,49%,53%,1.0,49%,4.92,58%,135 lbs.,ec52462a1b41f714,Brett Johns,17-2-0
"Aug 01, 1988","5' 5""","68""",3.53,1.44,Orthodox,42%,53%,0.8,66%,0.55,51%,125 lbs.,ec664422b22d9787,Jenel Lausa,7-5-0
"May 18, 1986","5' 8""","69""",1.93,2.07,Orthodox,37%,63%,0.2,50%,0.70,46%,125 lbs.,ec71a892fada28c7,Marco Beltran,8-6-0
"Aug 16, 1983","5' 8""",--,5.18,1.82,Orthodox,28%,50%,0.0,0%,0.00,0%,135 lbs.,ecdf14f4f8643d39,Byron Bloodworth,6-3-0
"Aug 27, 1972","5' 8""","68""",2.99,3.06,Orthodox,32%,70%,0.0,50%,2.07,80%,155 lbs.,ece280745f8727b8,Kamal Shalorus,9-5-2
"Jun 16, 1984","5' 8""","69""",3.31,2.08,Orthodox,41%,55%,0.5,39%,2.50,76%,155 lbs.,ed209f6618c82e41,Hacran Dias,23-6-1
"Nov 07, 1989","5' 6""","68""",6.51,3.29,Orthodox,45%,43%,0.5,0%,0.00,18%,145 lbs.,ed2a8cc402173781,Vince Cachero,7-4-0
"Jun 04, 1970","5' 6""",--,4.65,0.72,Southpaw,75%,30%,0.0,37%,5.37,0%,155 lbs.,ed73c85164a5f5a4,Paul Creighton,3-1-0
"Jul 01, 1991","5' 11""","75""",3.96,4.92,Orthodox,54%,65%,0.0,45%,1.85,78%,170 lbs.,ed74afc8b5b47a61,William Macario,9-3-0
"Jun 23, 1999","5' 7""","69""",2.93,3.24,Orthodox,41%,54%,1.7,7%,0.67,33%,135 lbs.,ed7d329d7c29428d,Colby Thicknesse,9-1-0
"Mar 01, 1996","6' 0""","71""",1.96,3.58,Orthodox,52%,58%,0.6,34%,1.81,41%,170 lbs.,ed9d8ee3a4239b1c,Sage Northcutt,11-2-0
"Feb 01, 1988","5' 8""","67""",3.81,3.33,Southpaw,39%,44%,0.0,0%,0.00,50%,135 lbs.,edad57b3dddf2168,Jared Papazian,20-13-0 (1 NC)
"Nov 07, 1984","5' 11""","71""",5.52,6.00,Orthodox,37%,59%,0.0,0%,0.00,46%,155 lbs.,edd02825c29028fe,Marco Polo Reyes,8-7-0
"Jun 10, 1984","5' 11""",--,3.82,2.18,Orthodox,36%,53%,0.0,0%,0.00,0%,170 lbs.,edd8d5d8089a35f8,Frank Lester,11-6-0 (1 NC)
"Feb 20, 1990","5' 8""","71""",4.11,4.43,Switch,44%,52%,0.0,0%,0.00,100%,155 lbs.,ee18ff42063174df,Ottman Azaitar,13-3-0
--,"5' 8""",--,0.20,0.50,Orthodox,55%,33%,0.0,100%,3.00,0%,170 lbs.,ee457ef1e1c326c1,Ben Earwood,12-3-0
"Aug 20, 1977","6' 3""",--,0.00,0.00,Southpaw,0%,0%,0.0,0%,0.00,0%,170 lbs.,ee4b670e159f4a33,Dorian Price,8-5-0
"Jul 16, 1964","5' 11""",--,0.00,0.00,,0%,0%,0.0,0%,0.00,0%,180 lbs.,ee5df903f80c6816,Eldo Xavier Dias,0-1-0
"Nov 21, 1988","5' 10""",--,2.57,2.47,Orthodox,59%,50%,0.0,41%,3.50,81%,170 lbs.,ee624ee2a18f2a43,Jorge Lopez,11-5-0
"Sep 25, 1979","6' 0""","75""",2.42,2.14,Orthodox,37%,63%,0.0,44%,2.98,73%,205 lbs.,ee779c43a8926d52,Rashad Evans,19-8-1
"Jun 02, 1976","6' 3""","77""",2.40,1.95,Orthodox,42%,55%,2.4,29%,1.30,36%,240 lbs.,ee9d73f4fee9cbdd,Antonio Rodrigo Nogueira,34-10-1 (1 NC)
"Sep 04, 1992","5' 9""","77""",3.60,3.88,Orthodox,42%,50%,0.8,43%,3.18,75%,170 lbs.,ee9ebceabfd16fa7,Kevin Lee,18-8-0
"Sep 07, 1983","5' 8""",--,2.36,2.71,Orthodox,40%,64%,0.3,37%,1.00,69%,145 lbs.,eea0274e153256a0,Ian Loveland,18-10-0
"Sep 03, 1984","6' 1""","75""",3.39,1.32,Orthodox,46%,44%,0.0,33%,2.83,50%,205 lbs.,eeabcd4dc6619129,Daniel Jolly,5-3-0
"Mar 22, 1995","5' 4""","62""",5.32,2.42,Orthodox,30%,54%,1.3,66%,1.71,50%,125 lbs.,eebc23626e38f5dc,Liana Jojua,8-5-0
"Jan 05, 1995","5' 7""","69""",6.03,5.49,Orthodox,59%,55%,0.2,53%,1.45,55%,145 lbs.,eee0ef3e2b14816b,Kai Kamaka III,18-8-1
"May 28, 1982","5' 8""",--,3.64,4.18,Orthodox,49%,64%,0.0,100%,2.02,66%,170 lbs.,eee7dafac7d672b5,Brian Melancon,7-3-0
"Mar 23, 1974","5' 10""","72""",2.90,2.81,Orthodox,43%,51%,0.2,55%,0.51,64%,265 lbs.,eef9b891edbd4604,Mark Hunt,13-14-1 (1 NC)
"Jun 23, 1988","5' 8""","70""",4.07,1.40,Southpaw,45%,40%,0.0,0%,0.00,66%,145 lbs.,ef1182eb28c17d4e,Mark Striegl,18-4-0 (1 NC)
"Sep 11, 1990","5' 8""","72""",4.15,1.50,Orthodox,41%,44%,0.0,100%,0.72,44%,155 lbs.,ef44e4ea9050f2ea,Te Edwards,6-3-0
"Sep 12, 1992","6' 3""","76""",4.09,4.57,Orthodox,55%,44%,0.7,0%,0.00,57%,205 lbs.,ef5dcb10d2bd4b0f,Bogdan Guskov,18-3-1
"Jul 18, 1983","5' 11""","73""",2.12,2.42,Orthodox,42%,65%,0.6,56%,2.55,54%,145 lbs.,ef7fa30364cbe7f2,Hatsu Hioki,29-10-2
"Feb 05, 1992","6' 5""","81""",1.87,1.68,Orthodox,38%,48%,0.4,33%,0.41,58%,250 lbs.,efa1f6b42c86793c,Adam Wieczorek,10-2-0
"Nov 23, 1965","6' 2""",--,1.37,0.84,Orthodox,50%,42%,2.8,69%,4.19,50%,280 lbs.,efaf544314bb5c2e,Ron Waterman,16-6-2
"Dec 02, 1997","5' 8""","67""",3.81,4.34,Orthodox,43%,55%,0.2,41%,0.82,73%,135 lbs.,efb96bf3e9ada36f,Song Yadong,23-9-1 (1 NC)
"Jan 14, 1986","6' 0""",--,2.27,3.17,Southpaw,46%,53%,0.0,0%,0.00,77%,170 lbs.,efb9a43415a56d34,Sai Wang,20-6-1
"Jul 23, 1992","5' 4""","66""",4.07,4.28,Orthodox,47%,59%,0.0,0%,0.00,47%,115 lbs.,efc67b07eed39794,Istela Nunes,6-6-0 (1 NC)
"Jun 20, 1987","5' 7""","72""",1.88,0.70,Orthodox,10%,72%,0.0,0%,0.00,0%,135 lbs.,efd2b3e9bb7965a4,Bharat Kandare,5-3-0
"Nov 05, 1986","6' 4""","76""",1.60,2.07,Switch,49%,46%,2.5,50%,2.28,33%,185 lbs.,eff47295daf721a6,Tamdan McCrory,14-5-0
"Apr 07, 1991","5' 4""","67""",1.27,4.52,Orthodox,57%,71%,3.6,75%,3.57,0%,135 lbs.,eff9074bc066f0f2,Bia Mesquita,8-0-0
"Apr 07, 1982","5' 9""","74""",2.76,2.36,Orthodox,48%,54%,0.4,40%,1.06,87%,170 lbs.,effd9de9937996f8,Tyron Woodley,19-7-1
"Aug 07, 1991","5' 7""","70""",3.44,3.01,Southpaw,48%,50%,1.5,39%,2.73,63%,125 lbs.,f00ac08ab056af5d,Tagir Ulanbekov,17-3-0
"Aug 18, 1975","5' 10""",--,17.05,0.63,Orthodox,33%,32%,0.0,0%,0.00,0%,185 lbs.,f0264252e191da22,Jason Thacker,0-1-0
"Oct 11, 1989","5' 10""","73""",2.51,3.70,Southpaw,46%,69%,0.0,50%,1.62,75%,155 lbs.,f046d724d2a84ac5,Desmond Green,23-8-0
"Jan 16, 1974","6' 2""","77""",3.83,3.29,Orthodox,45%,52%,0.4,33%,0.19,39%,245 lbs.,f0abbb6f3444dae7,Paul Buentello,35-17-0
"Sep 11, 1992","5' 6""","70""",1.92,0.79,Orthodox,21%,74%,0.0,0%,0.00,50%,135 lbs.,f0fad0e9f3b65752,Jamey Simmons,7-4-0
"Jan 12, 1985","5' 3""","64""",5.00,5.46,Orthodox,50%,60%,0.2,30%,0.76,72%,115 lbs.,f0feeb2192937424,Angela Hill,19-16-0
"Apr 07, 1995","6' 3""","72""",5.09,3.35,Orthodox,48%,35%,0.4,0%,0.00,33%,185 lbs.,f1175ea3aafbf351,Hu Yaozong,3-3-0
"Dec 23, 1980","5' 9""",--,1.20,0.80,Orthodox,70%,28%,0.0,8%,1.00,0%,170 lbs.,f12f979b657ab876,Dan Barrera,3-1-0
"Sep 09, 1993","6' 0""","75""",1.38,2.65,Orthodox,53%,60%,3.2,53%,11.11,0%,170 lbs.,f139d6836efd43dd,Yaroslav Amosov,30-1-0
"May 13, 1992","6' 3""","84""",3.58,4.49,Southpaw,44%,56%,0.0,25%,0.47,75%,257 lbs.,f14cf73e51b29254,Sergei Pavlovich,21-3-0
"May 16, 1994","6' 0""","72""",2.95,2.50,Orthodox,51%,50%,0.5,41%,1.80,66%,185 lbs.,f14f644d41ade29f,Cody Brundage,12-9-1 (1 NC)
"Dec 30, 1994","5' 11""","72""",4.65,3.79,Orthodox,47%,46%,1.3,46%,0.82,68%,145 lbs.,f166e93d04a8c274,Diego Lopes,28-8-0
"Dec 01, 1987","6' 2""","76""",2.95,3.86,Orthodox,46%,61%,0.0,100%,0.43,57%,170 lbs.,f1928a52590c5532,Curtis Millender,17-5-0
"Mar 02, 1999","5' 7""","68""",6.62,9.32,Southpaw,50%,57%,0.0,25%,0.52,80%,115 lbs.,f1ab6f37492c630a,Carli Judice,6-2-0
"Sep 13, 1975","6' 2""","77""",3.04,3.12,Orthodox,27%,56%,1.2,42%,1.22,45%,234 lbs.,f1b2a4365799c48b,Christian Wellisch,8-5-0
"May 11, 1987","6' 0""","76""",2.67,4.16,Switch,51%,55%,0.1,44%,2.79,89%,185 lbs.,f1b2aa7853d1ed6e,Kamaru Usman,21-4-0
"Nov 27, 1995","5' 9""","69""",4.11,5.36,Switch,49%,56%,0.6,21%,0.38,46%,135 lbs.,f1d64ae34e088832,Charles Jourdain,18-8-1
"Jul 28, 1987","5' 8""",--,0.93,1.53,Orthodox,37%,62%,0.0,100%,0.50,73%,155 lbs.,f1f37d667bcd0d27,Willamy Freire,26-6-0
"Dec 08, 1986","6' 2""","75""",5.76,3.63,Orthodox,34%,55%,0.7,30%,0.65,80%,185 lbs.,f1f9e48a0d150757,Steve Cantwell,7-6-0
"Aug 25, 1991","6' 2""","74""",2.44,2.60,Southpaw,54%,52%,0.4,37%,1.25,63%,170 lbs.,f1fac969a1d70b08,Leon Edwards,22-6-0 (1 NC)
"Feb 03, 1994","5' 6""","66""",2.20,4.94,Orthodox,41%,65%,0.0,20%,0.51,84%,145 lbs.,f201f21cf2c79eb2,Sebastian Szalay,10-2-0
"Sep 01, 1982","6' 1""","72""",2.94,3.56,Southpaw,54%,45%,0.9,22%,1.15,34%,185 lbs.,f215cfbd4ba3c270,Garreth McLellan,13-6-0
"Apr 20, 1994","5' 8""","70""",4.09,4.44,Southpaw,49%,56%,0.1,35%,0.38,68%,135 lbs.,f2477cf43c4975cc,Jonathan Martinez,19-6-0
"Nov 22, 1992","5' 7""","71""",2.95,3.27,Orthodox,44%,56%,1.2,33%,0.81,73%,135 lbs.,f264ba50b007f39e,Victor Hugo,25-5-0
"Oct 16, 1981","5' 6""","68""",2.82,3.77,Orthodox,40%,65%,0.3,31%,2.29,65%,135 lbs.,f2688492b9a525a3,Frankie Edgar,23-11-1
"May 07, 1999","5' 6""","65""",3.80,2.71,Orthodox,43%,44%,0.8,36%,1.09,64%,125 lbs.,f2900678e98f6d6a,Ronaldo Rodriguez,17-3-0
"Mar 20, 1982","5' 11""","74""",4.67,3.85,Southpaw,47%,59%,0.0,64%,0.65,65%,170 lbs.,f2925e6db404bf1d,Robbie Lawler,30-16-0 (1 NC)
"Jul 01, 1997","5' 3""","65""",2.25,3.22,Southpaw,44%,61%,0.4,40%,2.16,45%,125 lbs.,f29a6350c69f4a33,Miranda Maverick,17-6-0
"Sep 14, 1988","5' 10""",--,2.21,3.49,Orthodox,55%,64%,0.0,42%,1.69,66%,145 lbs.,f2ad06f1007c481a,Alan Omer,20-5-0
"Dec 06, 1989","5' 7""","67""",2.04,2.73,Orthodox,55%,56%,0.2,11%,0.22,47%,135 lbs.,f2b3f4ef3f780168,Nora Cornolle,9-4-0
"Sep 15, 1991","5' 10""","71""",5.16,4.32,Orthodox,47%,52%,0.2,40%,0.81,78%,170 lbs.,f2b6fdb20675b11c,Mike Perry,14-8-0
"Dec 09, 1980","5' 8""","69""",3.78,3.45,Southpaw,34%,61%,0.1,34%,1.18,60%,155 lbs.,f2c8ebbeafd45f2b,Aaron Riley,30-14-1
"Nov 28, 1996","5' 9""","70""",4.31,4.35,Orthodox,60%,45%,1.2,54%,3.80,87%,145 lbs.,f2f140ce7532e327,Gabriel Santos,12-2-0
"Oct 24, 1991","5' 4""","65""",2.58,2.70,Orthodox,30%,74%,0.0,0%,0.00,0%,125 lbs.,f300763147320d12,Liliya Shakirova,8-2-0
"Sep 05, 1978","6' 3""","78""",2.04,1.80,Orthodox,50%,46%,5.4,80%,7.19,80%,205 lbs.,f3388d2cf7ab3f64,Rob MacDonald,5-4-0
"Jun 16, 1963","5' 9""",--,0.00,0.00,Orthodox,0%,0%,0.0,0%,0.00,0%,199 lbs.,f341f9551ba744e2,Paul Jones,11-1-1
"May 09, 1976","5' 7""","68""",3.03,3.17,Southpaw,43%,64%,0.8,30%,0.67,60%,155 lbs.,f34312c2ccfa0e00,Spencer Fisher,24-9-0
"Jan 26, 1970","6' 2""",--,1.74,2.06,Southpaw,44%,34%,1.6,42%,2.44,0%,345 lbs.,f348d05403fad037,Dan Bobish,17-9-0
"Nov 19, 1982","5' 7""","67""",1.63,1.88,Orthodox,49%,62%,0.9,50%,1.44,63%,135 lbs.,f3a078277b3b8ff4,Masanori Kanehara,26-12-5
"Feb 13, 1980","5' 9""",--,0.58,0.53,Southpaw,34%,66%,0.0,0%,0.00,20%,170 lbs.,f3a853544e4413c4,Anthony Lapsley,23-7-0 (2 NC)
"Dec 30, 1989","5' 10""","74""",8.85,2.21,Orthodox,34%,41%,0.0,50%,3.69,0%,135 lbs.,f3ca6908f78efebe,Terrence Mitchell,14-4-0
"Apr 28, 1989","5' 10""",--,2.27,1.47,Orthodox,30%,64%,1.0,31%,2.50,40%,170 lbs.,f40ec51dd4de47c3,Jonavin Webb,9-2-0 (1 NC)
"Dec 01, 1995","6' 3""","77""",3.97,3.57,Orthodox,46%,49%,0.0,46%,2.00,70%,205 lbs.,f41b9f5efc7162d6,Jamal Pogues,11-5-0
"Jul 14, 1988","5' 9""","74""",4.71,5.27,Southpaw,49%,53%,0.1,55%,0.66,66%,155 lbs.,f4c49976c75c5ab2,Conor McGregor,22-7-0
"Jan 31, 1992","5' 11""","72""",5.68,3.71,Orthodox,38%,41%,0.0,24%,2.21,50%,170 lbs.,f4d92416da98804b,Bassil Hafez,9-4-1
"Aug 13, 1986","5' 7""","70""",1.68,1.75,Orthodox,40%,53%,0.8,45%,2.11,52%,135 lbs.,f50d95223751e6ca,Russell Doane,15-8-0
"Dec 25, 1988","5' 5""","65""",2.17,2.94,Orthodox,44%,56%,0.1,36%,3.01,52%,125 lbs.,f53c1f4ceeed8c08,Dustin Ortiz,19-8-0
"Jan 18, 1985","5' 9""","74""",3.46,4.70,Orthodox,39%,55%,0.6,30%,0.82,57%,155 lbs.,f53d4f21d1b5f2dc,Diego Ferreira,19-7-0
"Sep 29, 1981","6' 2""","75""",2.99,4.04,Orthodox,51%,62%,0.2,37%,2.75,58%,185 lbs.,f5431394fb284bb9,James Te Huna,16-9-0
"Dec 14, 1997","6' 6""","78""",2.85,2.00,Orthodox,52%,42%,2.5,69%,5.74,0%,244 lbs.,f5779a2303ed76ec,Valter Walker,15-1-0
"Aug 02, 1983","6' 1""","76""",3.84,5.71,Southpaw,42%,59%,1.0,32%,1.28,60%,170 lbs.,f57a8a52ca401ed9,Nick Diaz,26-10-0 (2 NC)
"Aug 31, 1994","5' 6""","65""",5.00,3.13,Orthodox,35%,48%,0.2,13%,0.54,40%,135 lbs.,f57dd0bfa8c17813,Mark De La Rosa,11-5-0
"Sep 18, 1975","6' 0""","74""",2.84,2.74,Orthodox,45%,60%,1.5,35%,1.80,70%,170 lbs.,f5990c11974d8e9c,Mike Pyle,27-14-1
"Jun 28, 1986","5' 9""","73""",3.20,2.97,Orthodox,37%,50%,0.0,66%,1.98,55%,145 lbs.,f59e9e49ef85b469,Jason Young,9-6-0
"Sep 20, 1977","6' 3""","76""",3.38,1.89,Orthodox,34%,56%,1.8,36%,1.81,50%,185 lbs.,f59f1d3a2ff13edd,Eric Schafer,14-8-2
"Nov 05, 1998","6' 5""","78""",2.40,2.40,Southpaw,50%,55%,0.0,0%,0.00,0%,205 lbs.,f5d82eccdea4e2dd,Christian Edwards,8-5-0
"Mar 18, 1991","5' 7""","69""",2.53,3.40,Orthodox,47%,44%,0.0,75%,3.00,70%,145 lbs.,f5f6419c5f00abad,Tyler Diamond,9-1-0
"Aug 24, 1972","6' 1""","75""",2.02,2.59,Orthodox,60%,48%,1.0,55%,3.38,74%,185 lbs.,f5ff7bcdcfeba3ad,Trevor Prangley,34-11-2
"Sep 21, 1994","6' 1""","77""",4.11,5.12,Orthodox,52%,44%,0.4,17%,0.77,53%,185 lbs.,f626118b6da0e020,Bryan Battle,13-2-0 (1 NC)
--,"5' 8""",--,0.00,0.00,,0%,0%,0.0,0%,0.00,0%,185 lbs.,f62850b3c7480db9,Keith Mielke,0-5-0
"Jul 24, 1984","5' 4""","64""",2.96,1.99,Orthodox,36%,55%,2.1,33%,1.06,40%,125 lbs.,f65dcb22dada2223,Josh Sampo,11-5-0
"Apr 26, 1995","5' 10""","74""",4.45,5.98,Orthodox,42%,50%,0.2,55%,3.48,73%,155 lbs.,f6ad6a1e4d600e0d,Mason Jones,18-2-0 (1 NC)
"Feb 16, 1993","5' 9""","71""",2.66,2.44,Orthodox,36%,55%,1.8,25%,2.40,45%,135 lbs.,f6bcbd91b114ff58,Johnny Munoz,12-4-0
"Sep 05, 1992","5' 5""","67""",6.11,1.59,Switch,37%,50%,0.0,0%,0.00,0%,125 lbs.,f6e5972c9d16c40e,Victor Rodriguez,7-4-0
"Aug 17, 1963","5' 8""",--,0.00,0.00,Orthodox,0%,0%,0.0,0%,0.00,0%,160 lbs.,f70144caea5c4c80,Eugenio Tadeu,2-3-0 (1 NC)
"Jan 03, 1989","6' 2""","75""",6.53,3.54,Orthodox,52%,42%,2.0,0%,0.00,0%,205 lbs.,f703250471acaf96,Harry Hunsucker,7-6-0
"Dec 09, 1964","6' 3""",--,0.00,0.00,Orthodox,0%,0%,0.0,0%,0.00,0%,242 lbs.,f717b6002486f73f,Marcus Silveira,6-4-0 (1 NC)
"Jul 27, 1986","5' 6""","66""",4.19,3.86,Orthodox,37%,55%,0.5,40%,0.58,57%,125 lbs.,f72465a784c1b084,Jessica Eye,15-11-0 (1 NC)
"Jun 22, 1993","5' 6""","68""",2.64,3.39,Orthodox,48%,58%,1.1,76%,2.00,86%,125 lbs.,f7467152fd9f18a2,Taila Santos,19-3-0
"Sep 10, 1995","6' 2""","78""",7.15,4.71,Orthodox,40%,47%,0.0,0%,0.00,47%,170 lbs.,f748267c4ab6c127,Rhys McKee,14-7-1
"Jan 06, 1978","5' 11""",--,7.08,1.20,Orthodox,27%,39%,0.0,0%,0.00,0%,170 lbs.,f74e037b97917027,James Giboo,13-5-0
"Aug 17, 1991","5' 9""","68""",2.26,1.98,Orthodox,77%,65%,0.0,66%,8.49,0%,155 lbs.,f75c5ca0d91b9115,Richie Smullen,3-1-1
"Apr 30, 1977","6' 0""","73""",3.05,3.44,Southpaw,49%,60%,0.0,30%,1.57,78%,185 lbs.,f77c68bb4be8516d,Yoel Romero,13-5-0
"Mar 05, 1999","6' 0""","77""",3.64,3.85,Southpaw,43%,56%,0.7,42%,1.08,66%,170 lbs.,f782f953bfe7b5f2,Jonathan Micallef,10-1-0
"Jan 05, 1981","6' 3""","75""",3.31,3.29,Orthodox,55%,51%,0.7,32%,1.70,60%,185 lbs.,f797f0c57a83353e,Trevor Smith,15-10-0
"May 30, 1978","6' 1""","74""",1.57,2.59,Southpaw,53%,61%,0.4,65%,1.21,75%,185 lbs.,f7a7f7118d4b01b6,Lyoto Machida,24-8-0
"Jul 30, 1992","5' 6""","66""",3.39,3.21,Orthodox,48%,50%,0.0,25%,2.73,66%,135 lbs.,f7be1db194e03d7e,Pedro Falcao,16-5-0
"Jul 17, 1988","6' 0""","73""",4.16,5.20,Orthodox,51%,45%,2.2,33%,0.74,50%,145 lbs.,f7d73e452b064bf2,Danny Henry,12-4-0
"May 31, 2000","5' 11""","74""",5.17,16.29,Orthodox,71%,60%,0.0,0%,0.00,0%,249 lbs.,f7e856a73c96048e,Gable Steveson,4-0-0
"Jul 31, 1990","6' 7""","82""",5.30,2.60,Orthodox,35%,46%,0.0,66%,0.74,0%,245 lbs.,f86cb5f25d545e0e,Daniel Spitz,6-3-0
"Oct 09, 1980","6' 1""","75""",2.62,1.69,Orthodox,35%,56%,0.8,30%,0.58,52%,170 lbs.,f8dc544e7077d014,Jorge Santiago,25-12-0
"Feb 27, 1990","5' 9""","72""",4.73,3.70,Switch,42%,55%,0.0,40%,3.00,100%,155 lbs.,f8f1ec513bcfef43,Alexander Munoz,7-2-0
"Sep 01, 1981","6' 0""","72""",2.32,2.11,Southpaw,44%,63%,0.5,44%,3.71,83%,185 lbs.,f8fe2053d73d7bcf,Nick Catone,10-4-0
"Nov 26, 1982","5' 7""","65""",2.89,3.76,Orthodox,40%,59%,0.8,27%,1.97,25%,135 lbs.,f9081770e28ea2e1,Reginaldo Vieira,13-5-0
"Nov 15, 1991","5' 5""","67""",3.77,4.08,Orthodox,41%,58%,0.0,50%,0.70,71%,125 lbs.,f923e012414c883e,Lauren Mueller,5-3-0
"Sep 26, 1982","5' 6""","67""",3.20,3.05,Orthodox,38%,57%,0.0,6%,0.22,50%,135 lbs.,f95381efb3051d81,Hugo Viana,8-4-0
"Jul 04, 1990","6' 0""","75""",4.51,2.80,Orthodox,37%,55%,0.4,100%,0.36,71%,185 lbs.,f96856f9d69fd7e4,Robert Bryczek,18-7-0
"Mar 01, 1994","5' 10""","71""",2.63,1.32,Orthodox,34%,52%,0.0,50%,0.71,37%,135 lbs.,f97c5433c77522d3,Nohelin Hernandez,9-4-0
"Aug 14, 1992","6' 1""","76""",3.38,2.22,Orthodox,41%,58%,0.5,28%,0.94,72%,170 lbs.,f998f5c102250d6e,Yohan Lainesse,9-3-0
"Dec 15, 1983","6' 0""","73""",5.34,0.31,Orthodox,27%,23%,0.0,0%,0.00,25%,170 lbs.,f9a20a17d712ef7c,Cole Williams,11-3-0
"Sep 29, 1995","5' 8""","70""",3.26,4.61,Orthodox,53%,50%,0.6,36%,1.29,62%,135 lbs.,f9ab66e67240db7b,Joselyne Edwards,18-6-0
"Oct 22, 1986","5' 1""",--,3.90,1.57,Orthodox,33%,60%,0.5,18%,3.00,75%,135 lbs.,f9ae6914f604aa9f,Rin Nakai,19-2-1
"Mar 14, 1992","5' 9""","71""",4.71,4.52,Orthodox,45%,54%,0.3,36%,1.24,66%,155 lbs.,f9b200db02b488d9,Lando Vannata,12-8-2
"Apr 04, 1984","6' 1""","73""",7.24,3.66,Orthodox,38%,36%,0.0,50%,0.60,100%,205 lbs.,f9d0cae37dabfafc,Ike Villanueva,18-14-0
"Apr 26, 1984","6' 2""","75""",2.67,3.66,Orthodox,39%,55%,1.0,46%,0.59,38%,170 lbs.,f9f07bb5a43535ed,Carlos Condit,32-14-0
"Jun 18, 1998","5' 10""","72""",5.02,7.51,Switch,46%,59%,0.0,16%,1.75,66%,170 lbs.,fa07345cc9db5cc9,Billy Ray Goff,9-4-0
"Oct 10, 1977","6' 3""","78""",2.81,3.03,Orthodox,56%,52%,0.2,53%,0.70,59%,230 lbs.,fa315e6c77eee106,Brandon Vera,15-7-0 (1 NC)
"Jul 02, 1987","5' 7""","73""",3.23,2.32,Orthodox,38%,47%,1.5,7%,0.37,35%,145 lbs.,fa37628269132d1a,Godofredo Pepey,13-6-0
"Feb 18, 1991","6' 4""","80""",2.76,4.18,Orthodox,52%,53%,0.0,47%,5.12,35%,265 lbs.,fa6796c55d6c5440,Curtis Blaydes,19-6-0 (1 NC)
"Jun 12, 1980","5' 10""","71""",3.70,2.01,Orthodox,39%,62%,1.4,0%,0.00,26%,155 lbs.,fa8b9e6b0c2269f8,Jason Dent,22-13-0
"Oct 29, 1987","6' 3""","77""",3.92,1.36,Orthodox,33%,45%,0.5,37%,3.07,0%,185 lbs.,fae67903c4fe636b,Antonio Braga Neto,9-3-0 (1 NC)
"Aug 06, 2004","5' 9""","74""",2.76,4.74,Orthodox,53%,67%,0.9,71%,2.30,57%,135 lbs.,faf317c665546a36,Santiago Luna,8-1-0
"Jul 13, 1979","6' 0""","73""",2.01,1.61,Orthodox,41%,46%,0.6,70%,4.17,45%,170 lbs.,fb1538b46877a695,Jonathan Goulet,23-12-0 (1 NC)
"Sep 28, 1995","5' 8""","70""",5.06,4.06,Orthodox,51%,49%,0.0,40%,4.22,75%,145 lbs.,fb37795db81f93f3,Bogdan Grad,15-4-0
"Oct 07, 1992","6' 0""","72""",5.23,4.73,Orthodox,53%,54%,0.8,44%,2.40,60%,155 lbs.,fb3e61720be4690c,Mike Davis,12-3-0
"Nov 27, 1990","5' 8""","71""",3.88,2.06,Orthodox,35%,57%,0.0,25%,1.01,66%,155 lbs.,fb41432b622992a9,Lukasz Sajewski,13-3-0
"Feb 07, 1987","6' 0""",--,2.87,1.69,Orthodox,29%,65%,0.0,0%,0.00,58%,170 lbs.,fb79582c410d049e,Wagner Silva,6-3-0
"Apr 26, 1979","6' 0""","74""",5.84,4.01,Orthodox,35%,42%,0.0,50%,1.04,66%,170 lbs.,fb8a3025ae722e64,Bobby Voelker,19-13-0
"Mar 04, 1985","5' 6""","70""",4.52,3.67,Orthodox,35%,59%,0.1,36%,1.07,43%,145 lbs.,fba03cd6cc28dc41,Josh Emmett,19-7-0
"Oct 24, 1998","5' 8""","75""",3.34,1.78,Orthodox,54%,40%,0.8,59%,6.86,75%,185 lbs.,fbb60f24af5d5a02,Torrez Finney,11-1-0
"Jan 17, 1966","6' 3""",--,2.14,1.84,Orthodox,56%,48%,0.8,100%,0.40,53%,249 lbs.,fbbde91f7bc2d3c5,Gary Goodridge,23-22-1
"Feb 03, 1988","5' 5""","69""",3.93,3.08,Orthodox,46%,56%,0.3,18%,0.56,60%,145 lbs.,fbf0537e420e698e,Daniel Teymur,7-4-0
"Oct 08, 1982","5' 8""","71""",2.90,3.85,Southpaw,49%,48%,0.6,33%,1.24,60%,135 lbs.,fbf0947399d14323,Ken Stone,11-4-0
"Oct 03, 1991","6' 4""","78""",3.63,5.34,Orthodox,48%,54%,0.1,50%,0.40,73%,260 lbs.,fc08099550072fe4,Waldo Cortes Acosta,17-3-0
"Nov 04, 1996","5' 3""","62""",5.59,2.88,Orthodox,39%,52%,1.0,29%,3.38,50%,115 lbs.,fc0a4053eb8a3a59,Nicolle Caliari,9-4-0
"Sep 05, 1988","5' 7""","67""",3.32,4.10,Orthodox,49%,61%,0.6,27%,0.83,62%,135 lbs.,fc169c387b4b465d,Raquel Pennington,16-10-0
"Mar 01, 1983","5' 7""","72""",3.08,2.15,Orthodox,50%,51%,0.4,49%,2.70,53%,170 lbs.,fc31f896cde2bc2e,John Howard,24-13-0
"Oct 24, 1987","5' 11""",--,1.94,1.85,,29%,58%,2.0,62%,3.38,100%,135 lbs.,fc60ecf0671b9489,Chris Holdsworth,6-0-0
"Jul 09, 1987","5' 8""","67""",4.59,4.03,Orthodox,34%,53%,0.0,22%,0.95,50%,135 lbs.,fc6e681bf6658faf,Ashlee Evans-Smith,6-6-0
"Jun 26, 1984","5' 7""","69""",3.76,3.40,Orthodox,29%,68%,0.1,33%,0.34,86%,135 lbs.,fc9a9559a05f2704,Eddie Wineland,24-16-1
"Dec 08, 1972","5' 10""",--,4.66,4.75,Orthodox,53%,57%,1.1,50%,0.35,37%,185 lbs.,fcaae0385b514f11,Frank Shamrock,23-10-2
"Dec 18, 1988","6' 0""","76""",2.31,2.18,Southpaw,34%,57%,0.5,25%,0.67,55%,170 lbs.,fcce75a25c14a804,Bojan Velickovic,15-6-1
"Apr 08, 1988","6' 1""","74""",5.10,4.30,Orthodox,43%,50%,0.0,36%,2.55,100%,185 lbs.,fccf811c1e8b01c7,Andrew Sanchez,13-7-0
"Aug 18, 1985","6' 3""","76""",5.47,4.38,Orthodox,44%,55%,0.0,23%,0.45,83%,230 lbs.,fcd448a2fe1a23cc,Gian Villante,17-14-0
"Mar 16, 1979","6' 3""","77""",2.81,4.38,Orthodox,36%,61%,0.7,48%,1.05,57%,205 lbs.,fcffee71cff5530e,Forrest Griffin,19-7-0
"May 10, 1993","5' 10""","71""",4.57,4.83,Orthodox,45%,50%,0.6,40%,2.92,55%,155 lbs.,fd406a32a6fb3a29,Chris Duncan,15-3-0
"Jul 28, 1988","5' 11""","72""",3.06,1.77,Switch,61%,48%,1.0,52%,2.00,68%,170 lbs.,fd55393021a8c255,Gunnar Nelson,19-6-1
"Oct 26, 1981","6' 3""","75""",3.14,3.08,Orthodox,31%,51%,0.8,16%,0.89,48%,170 lbs.,fd5b6598a3b70c0a,Seth Baczynski,20-14-0
"Oct 22, 1996","5' 8""","68""",12.82,3.72,Orthodox,28%,45%,0.0,0%,0.00,0%,145 lbs.,fd7ab338e4953644,Manolo Zecchini,11-5-0
"May 08, 1983","6' 1""",--,2.40,2.86,Orthodox,37%,68%,1.7,66%,1.71,33%,185 lbs.,fd87b1bbfcde9d5e,Danillo Villefort,15-5-0
"Apr 18, 1996","5' 8""","66""",4.95,4.23,Orthodox,41%,49%,0.2,30%,0.62,63%,135 lbs.,fdbefee0827e1567,Wu Yanan,13-6-0
"Mar 12, 2002","6' 1""","79""",5.89,6.33,Orthodox,63%,39%,0.0,0%,0.00,85%,185 lbs.,fdd22e895a70e4a8,Damian Pinas,10-1-0
"May 15, 1978","6' 1""","73""",2.22,2.67,Orthodox,50%,46%,0.0,66%,1.51,41%,205 lbs.,fdf18227faa596dd,Chad Griggs,11-3-0
"May 05, 1976","6' 3""",--,2.27,1.22,Orthodox,40%,42%,4.9,0%,0.00,22%,185 lbs.,fdfef29ba17ee525,Alex Schoenauer,15-10-0
"Oct 08, 2004","5' 9""","67""",1.24,1.34,Switch,42%,52%,0.9,54%,6.10,25%,135 lbs.,fe2babf95de24fb1,Raul Rosas Jr.,12-1-0
"Jan 09, 1979","6' 0""","72""",1.80,2.45,Orthodox,36%,56%,1.2,29%,2.83,35%,170 lbs.,fe435e440b5de0ff,Jake Shields,31-9-1 (1 NC)
"Oct 14, 1986","5' 9""","71""",4.38,2.90,Orthodox,40%,56%,0.3,41%,2.26,80%,145 lbs.,fe5a9547479396ab,Jim Alers,13-3-0 (1 NC)
"May 09, 1986","5' 11""",--,2.13,2.60,Southpaw,51%,36%,1.4,0%,0.00,81%,170 lbs.,fe5ca7ef93c3f6a7,Roger Zapata,4-2-0
"May 21, 1989","5' 7""","71""",3.82,1.33,Orthodox,21%,51%,2.2,37%,0.93,50%,135 lbs.,fe91d254db77a7fc,Dustin Kimura,11-3-0
"Apr 26, 1988","5' 6""","67""",4.53,3.37,Orthodox,40%,54%,0.3,41%,0.87,46%,135 lbs.,fea79f9bc8c68769,Marlon Moraes,23-10-1
"Mar 14, 1984","6' 1""","79""",3.85,3.85,Orthodox,43%,64%,1.7,40%,1.12,50%,170 lbs.,fea8acf9bfcf09ec,Simeon Thoresen,17-6-1
"Jun 16, 1986","5' 8""","68""",4.96,6.18,Orthodox,57%,52%,0.0,50%,0.21,65%,155 lbs.,feaf00f3373435d6,Chris Gruetzemacher,15-5-0
"Jul 09, 1990","5' 9""","72""",2.45,2.50,Orthodox,53%,54%,0.5,44%,1.99,100%,170 lbs.,feedf3053472fe56,Charles Radtke,12-5-0
"Apr 09, 2000","5' 11""","75""",10.78,3.49,Switch,35%,33%,0.0,0%,0.00,0%,170 lbs.,feef5f8f5629e5e7,Theodor Berggren,8-4-0
"May 30, 1979","5' 9""","70""",3.62,3.03,Orthodox,29%,64%,0.0,0%,0.00,100%,145 lbs.,fef3d17e27e916e7,Antonio Carvalho,15-6-0
"Jan 06, 1981","6' 0""",--,3.60,0.60,Orthodox,33%,50%,9.0,0%,0.00,0%,170 lbs.,ff2c606c8bc365e3,Josh Rafferty,9-8-0
"Dec 03, 1977","5' 9""","72""",3.61,2.56,Orthodox,33%,58%,0.9,11%,0.44,20%,155 lbs.,ff4c3ab594c7fac3,Cristiano Marcello,13-6-0
"May 16, 1994","5' 10""","69""",5.42,4.69,Southpaw,48%,49%,0.2,45%,1.08,72%,155 lbs.,ff62013d2fce6d13,Nazim Sadykhov,11-3-1
"Dec 26, 1991","5' 11""","73""",3.34,3.76,Orthodox,42%,58%,0.0,20%,0.20,75%,170 lbs.,ff6a1f63c254127e,Albert Tumenov,18-4-0
"Jun 20, 1978","6' 1""","73""",2.51,3.25,Orthodox,54%,55%,0.1,56%,1.52,73%,205 lbs.,ffc088e64fab57e9,Quinton Jackson,37-12-0
"Jan 06, 1983","5' 10""","71""",1.75,4.53,Orthodox,50%,63%,0.0,62%,1.83,62%,135 lbs.,ffc3e6daaa6da0b7,Johnny Bedford,21-13-1 (1 NC)
"Sep 09, 1999","5' 6""","68""",5.29,5.35,Orthodox,38%,49%,0.5,42%,2.85,56%,135 lbs.,ffd3224638c01b57,Jean Matsumoto,18-2-0
"Apr 14, 1977","5' 7""",--,3.55,2.50,Orthodox,44%,64%,0.8,20%,0.75,0%,115 lbs.,ffdeb4fbea09ce75,Jessica Rakoczy,1-5-0 (1 NC)
"Jun 07, 1994","5' 11""","74""",4.89,5.07,Orthodox,50%,51%,0.5,30%,1.05,52%,145 lbs.,ffe9703408fb5964,David Onama,14-3-0
"May 20, 1997","5' 4""","68""",1.23,0.49,Orthodox,33%,28%,0.0,0%,0.00,50%,125 lbs.,40a7ec5d1ad6ffa8,Anna Melisano,6-2-0
"Oct 15, 1996","6' 0""","76""",4.60,2.60,Orthodox,50%,29%,0.0,0%,0.00,57%,205 lbs.,9ac4e43ed56429ed,Levi Rodrigues Jr.,5-1-0 (1 NC)
"May 18, 2000","5' 9""","72""",0.47,0.40,Orthodox,54%,65%,3.0,66%,12.00,100%,145 lbs.,b852ad2b35354fcb,Ezra Elliott,8-0-0
"Jan 04, 1997","5' 8""","69""",0.40,0.47,Southpaw,35%,45%,1.0,0%,0.00,33%,145 lbs.,df619b9a86ce0a9a,Damien Anderson,5-1-0
"Oct 01, 1998","6' 3""","78""",6.60,9.00,Orthodox,57%,56%,0.0,0%,0.00,0%,258 lbs.,e03187ec8b5b6abc,RJ Harris,6-0-0
